variant,type,side,dim,value,period,n,per_day,win_rate,mean_r,p_pos,net_usdt,net_usdt_day,profit_factor,max_dd_usdt,mfe24_r,mfe_capture,mae_r,hold_min,live_conv,live_per_day
FIXED,TREND_TRANS,SHORT,ALL,ALL,TRAIN,24712,134.3,0.451,-0.0248,0.78432,-11094.1,-60.29,0.974,-39056.2,1.603,-0.015,-0.785,727.9,0.053,7.08
FIXED,TREND_TRANS,SHORT,ALL,ALL,VALID,12542,140.92,0.455,-0.0177,0.66782,-9640.7,-108.32,0.952,-25280.9,1.439,-0.012,-0.772,748.0,0.05,7.09
FIXED,TREND_TRANS,SHORT,ALL,ALL,TEST,13482,146.54,0.425,-0.11,0.99805,-31732.1,-344.91,0.855,-35241.5,1.413,-0.078,-0.804,715.9,0.053,7.7
FIXED,TREND_TRANS,SHORT,ALL,ALL,HOLDOUT,8790,146.5,0.398,-0.1922,1.0,-34178.8,-569.65,0.779,-38934.5,1.387,-0.139,-0.814,718.6,0.052,7.55
TRAIL_A0.5_D0.5,TREND_TRANS,SHORT,ALL,ALL,TRAIN,24712,134.3,0.558,-0.0636,0.99895,-34689.3,-188.53,0.875,-42459.1,1.603,-0.04,-0.581,414.4,0.088,11.82
TRAIL_A0.5_D0.5,TREND_TRANS,SHORT,ALL,ALL,VALID,12542,140.92,0.54,-0.0771,0.99884,-22685.0,-254.89,0.829,-27327.6,1.439,-0.054,-0.571,424.1,0.084,11.84
TRAIL_A0.5_D0.5,TREND_TRANS,SHORT,ALL,ALL,TEST,13482,146.54,0.521,-0.1408,1.0,-38923.5,-423.08,0.731,-40595.3,1.413,-0.1,-0.592,395.7,0.095,13.96
TRAIL_A0.5_D0.5,TREND_TRANS,SHORT,ALL,ALL,HOLDOUT,8790,146.5,0.494,-0.2011,1.0,-34863.8,-581.06,0.666,-37808.5,1.387,-0.145,-0.612,407.9,0.089,13.08
TRAIL_A0.5_D1,TREND_TRANS,SHORT,ALL,ALL,TRAIN,24712,134.3,0.399,-0.0525,0.97908,-27980.0,-152.07,0.917,-42718.9,1.603,-0.033,-0.626,564.9,0.065,8.71
TRAIL_A0.5_D1,TREND_TRANS,SHORT,ALL,ALL,VALID,12542,140.92,0.401,-0.0455,0.91277,-14913.7,-167.57,0.908,-24811.5,1.439,-0.032,-0.62,583.0,0.063,8.9
TRAIL_A0.5_D1,TREND_TRANS,SHORT,ALL,ALL,TEST,13482,146.54,0.365,-0.1294,0.99998,-38275.2,-416.04,0.786,-40489.0,1.413,-0.092,-0.643,547.6,0.064,9.32
TRAIL_A0.5_D1,TREND_TRANS,SHORT,ALL,ALL,HOLDOUT,8790,146.5,0.339,-0.2002,1.0,-34538.8,-575.65,0.728,-39057.8,1.387,-0.144,-0.657,558.7,0.066,9.7
TRAIL_A1_D0.5,TREND_TRANS,SHORT,ALL,ALL,TRAIN,24712,134.3,0.525,-0.0364,0.91029,-17123.5,-93.06,0.955,-38531.5,1.603,-0.023,-0.722,602.3,0.062,8.35
TRAIL_A1_D0.5,TREND_TRANS,SHORT,ALL,ALL,VALID,12542,140.92,0.523,-0.0434,0.89568,-15731.9,-176.76,0.913,-24996.2,1.439,-0.03,-0.711,616.6,0.061,8.65
TRAIL_A1_D0.5,TREND_TRANS,SHORT,ALL,ALL,TEST,13482,146.54,0.495,-0.1207,0.9999,-34053.0,-370.14,0.828,-36463.5,1.413,-0.085,-0.741,589.9,0.061,8.97
TRAIL_A1_D0.5,TREND_TRANS,SHORT,ALL,ALL,HOLDOUT,8790,146.5,0.466,-0.1925,1.0,-33458.0,-557.63,0.762,-37603.8,1.387,-0.139,-0.758,602.1,0.059,8.67
TRAIL_A1_D1,TREND_TRANS,SHORT,ALL,ALL,TRAIN,24712,134.3,0.48,-0.0313,0.85967,-15726.9,-85.47,0.959,-39787.7,1.603,-0.019,-0.724,657.5,0.057,7.67
TRAIL_A1_D1,TREND_TRANS,SHORT,ALL,ALL,VALID,12542,140.92,0.478,-0.0298,0.78699,-12351.6,-138.78,0.932,-23960.4,1.439,-0.021,-0.714,674.8,0.054,7.61
TRAIL_A1_D1,TREND_TRANS,SHORT,ALL,ALL,TEST,13482,146.54,0.449,-0.1152,0.99947,-33124.6,-360.05,0.834,-36985.1,1.413,-0.082,-0.745,644.1,0.057,8.34
TRAIL_A1_D1,TREND_TRANS,SHORT,ALL,ALL,HOLDOUT,8790,146.5,0.42,-0.1937,1.0,-33330.8,-555.51,0.764,-37985.2,1.387,-0.14,-0.76,653.2,0.055,8.05
BE0.5_TRAIL,TREND_TRANS,SHORT,ALL,ALL,TRAIN,24712,134.3,0.35,-0.06,0.99132,-31642.3,-171.97,0.889,-46994.3,1.603,-0.037,-0.586,497.1,0.073,9.75
BE0.5_TRAIL,TREND_TRANS,SHORT,ALL,ALL,VALID,12542,140.92,0.341,-0.0799,0.99744,-25521.4,-286.76,0.814,-30879.3,1.439,-0.056,-0.576,518.8,0.067,9.49
BE0.5_TRAIL,TREND_TRANS,SHORT,ALL,ALL,TEST,13482,146.54,0.311,-0.154,1.0,-44676.7,-485.62,0.701,-46195.7,1.413,-0.109,-0.598,472.3,0.075,10.92
BE0.5_TRAIL,TREND_TRANS,SHORT,ALL,ALL,HOLDOUT,8790,146.5,0.289,-0.2154,1.0,-36875.0,-614.58,0.656,-40614.4,1.387,-0.155,-0.615,477.9,0.071,10.47
BE1_TRAIL,TREND_TRANS,SHORT,ALL,ALL,TRAIN,24712,134.3,0.389,-0.0335,0.84884,-13047.6,-70.91,0.966,-45026.4,1.603,-0.021,-0.727,718.3,0.051,6.83
BE1_TRAIL,TREND_TRANS,SHORT,ALL,ALL,VALID,12542,140.92,0.389,-0.058,0.93358,-23201.4,-260.69,0.874,-32343.5,1.439,-0.04,-0.716,745.9,0.049,6.9
BE1_TRAIL,TREND_TRANS,SHORT,ALL,ALL,TEST,13482,146.54,0.361,-0.1378,0.9998,-40258.0,-437.59,0.8,-44069.3,1.413,-0.098,-0.747,696.5,0.053,7.76
BE1_TRAIL,TREND_TRANS,SHORT,ALL,ALL,HOLDOUT,8790,146.5,0.34,-0.2255,1.0,-38659.1,-644.32,0.729,-43055.6,1.387,-0.163,-0.762,700.6,0.048,7.1
ATR_TRAIL2,TREND_TRANS,SHORT,ALL,ALL,TRAIN,24712,134.3,0.306,-0.0945,1.0,-51335.3,-279.0,0.706,-51606.2,1.603,-0.059,-0.283,132.7,0.226,30.3
ATR_TRAIL2,TREND_TRANS,SHORT,ALL,ALL,VALID,12542,140.92,0.318,-0.0932,1.0,-27746.3,-311.76,0.66,-28616.6,1.439,-0.065,-0.283,140.7,0.226,31.87
ATR_TRAIL2,TREND_TRANS,SHORT,ALL,ALL,TEST,13482,146.54,0.293,-0.1388,1.0,-34208.6,-371.83,0.609,-34674.3,1.413,-0.098,-0.287,128.6,0.238,34.89
ATR_TRAIL2,TREND_TRANS,SHORT,ALL,ALL,HOLDOUT,8790,146.5,0.27,-0.1749,1.0,-27349.1,-455.82,0.553,-28321.0,1.387,-0.126,-0.284,124.0,0.25,36.68
ATR_TRAIL3,TREND_TRANS,SHORT,ALL,ALL,TRAIN,24712,134.3,0.327,-0.0669,0.98286,-28611.1,-155.49,0.876,-47236.9,1.603,-0.042,-0.392,266.7,0.13,17.45
ATR_TRAIL3,TREND_TRANS,SHORT,ALL,ALL,VALID,12542,140.92,0.335,-0.0825,0.99996,-23787.1,-267.27,0.772,-28414.2,1.439,-0.057,-0.387,286.9,0.131,18.48
ATR_TRAIL3,TREND_TRANS,SHORT,ALL,ALL,TEST,13482,146.54,0.301,-0.1559,1.0,-41344.0,-449.39,0.645,-41774.5,1.413,-0.11,-0.396,252.5,0.134,19.68
ATR_TRAIL3,TREND_TRANS,SHORT,ALL,ALL,HOLDOUT,8790,146.5,0.276,-0.2068,1.0,-35610.6,-593.51,0.564,-37545.5,1.387,-0.149,-0.394,243.4,0.143,20.92
ATR_TRAIL4,TREND_TRANS,SHORT,ALL,ALL,TRAIN,24712,134.3,0.332,-0.046,0.87274,-23621.2,-128.38,0.916,-58858.0,1.603,-0.029,-0.494,423.1,0.086,11.61
ATR_TRAIL4,TREND_TRANS,SHORT,ALL,ALL,VALID,12542,140.92,0.341,-0.0764,0.99501,-22261.2,-250.13,0.828,-33534.1,1.439,-0.053,-0.483,449.7,0.086,12.12
ATR_TRAIL4,TREND_TRANS,SHORT,ALL,ALL,TEST,13482,146.54,0.312,-0.1652,1.0,-46668.7,-507.27,0.679,-47863.3,1.413,-0.117,-0.506,405.7,0.088,12.95
ATR_TRAIL4,TREND_TRANS,SHORT,ALL,ALL,HOLDOUT,8790,146.5,0.282,-0.238,1.0,-42287.1,-704.79,0.581,-45007.8,1.387,-0.172,-0.504,385.0,0.091,13.27
MFE_LOCK0.3,TREND_TRANS,SHORT,ALL,ALL,TRAIN,24712,134.3,0.525,-0.0353,0.89599,-13898.3,-75.53,0.963,-37240.3,1.603,-0.022,-0.722,599.1,0.061,8.24
MFE_LOCK0.3,TREND_TRANS,SHORT,ALL,ALL,VALID,12542,140.92,0.522,-0.0539,0.94298,-19247.6,-216.27,0.894,-28560.5,1.439,-0.037,-0.711,614.3,0.06,8.42
MFE_LOCK0.3,TREND_TRANS,SHORT,ALL,ALL,TEST,13482,146.54,0.495,-0.1327,0.99999,-37691.7,-409.69,0.81,-39930.0,1.413,-0.094,-0.741,583.7,0.064,9.34
MFE_LOCK0.3,TREND_TRANS,SHORT,ALL,ALL,HOLDOUT,8790,146.5,0.466,-0.2042,1.0,-34122.4,-568.71,0.758,-37685.0,1.387,-0.147,-0.758,595.6,0.059,8.68
MFE_LOCK0.5,TREND_TRANS,SHORT,ALL,ALL,TRAIN,24712,134.3,0.524,-0.0263,0.78365,-7719.1,-41.95,0.98,-42240.5,1.603,-0.016,-0.722,678.1,0.056,7.48
MFE_LOCK0.5,TREND_TRANS,SHORT,ALL,ALL,VALID,12542,140.92,0.522,-0.06,0.94977,-22786.7,-256.03,0.874,-29934.6,1.439,-0.042,-0.713,705.3,0.055,7.69
MFE_LOCK0.5,TREND_TRANS,SHORT,ALL,ALL,TEST,13482,146.54,0.494,-0.159,1.0,-46421.3,-504.58,0.766,-48848.6,1.413,-0.113,-0.742,652.5,0.056,8.18
MFE_LOCK0.5,TREND_TRANS,SHORT,ALL,ALL,HOLDOUT,8790,146.5,0.464,-0.2335,1.0,-39579.7,-659.66,0.719,-43648.5,1.387,-0.168,-0.759,656.6,0.056,8.2
NOTP_TRAIL0.5,TREND_TRANS,SHORT,ALL,ALL,TRAIN,24712,134.3,0.311,-0.0945,1.0,-54072.1,-293.87,0.716,-55679.5,1.603,-0.059,-0.302,172.2,0.186,24.96
NOTP_TRAIL0.5,TREND_TRANS,SHORT,ALL,ALL,VALID,12542,140.92,0.316,-0.091,1.0,-26160.1,-293.93,0.709,-27152.4,1.439,-0.063,-0.304,184.9,0.185,26.02
NOTP_TRAIL0.5,TREND_TRANS,SHORT,ALL,ALL,TEST,13482,146.54,0.295,-0.1394,1.0,-36360.5,-395.22,0.621,-36394.0,1.413,-0.099,-0.306,164.0,0.195,28.64
NOTP_TRAIL0.5,TREND_TRANS,SHORT,ALL,ALL,HOLDOUT,8790,146.5,0.272,-0.1753,1.0,-27175.2,-452.92,0.603,-28278.6,1.387,-0.126,-0.307,176.7,0.185,27.05
NOTP_TRAIL1,TREND_TRANS,SHORT,ALL,ALL,TRAIN,24712,134.3,0.363,-0.0606,0.97753,-27008.6,-146.79,0.916,-52961.7,1.603,-0.038,-0.559,562.1,0.064,8.55
NOTP_TRAIL1,TREND_TRANS,SHORT,ALL,ALL,VALID,12542,140.92,0.371,-0.0607,0.96599,-18745.1,-210.62,0.877,-28117.0,1.439,-0.042,-0.555,596.6,0.064,8.98
NOTP_TRAIL1,TREND_TRANS,SHORT,ALL,ALL,TEST,13482,146.54,0.333,-0.1563,1.0,-45891.7,-498.82,0.727,-47570.8,1.413,-0.111,-0.571,538.8,0.063,9.28
NOTP_TRAIL1,TREND_TRANS,SHORT,ALL,ALL,HOLDOUT,8790,146.5,0.308,-0.2287,1.0,-38061.5,-634.36,0.681,-41821.7,1.387,-0.165,-0.583,537.0,0.063,9.3
NOTP_TRAIL1.5,TREND_TRANS,SHORT,ALL,ALL,TRAIN,24712,134.3,0.384,-0.0138,0.62293,3118.3,16.95,1.008,-50205.2,1.603,-0.009,-0.719,814.1,0.047,6.27
NOTP_TRAIL1.5,TREND_TRANS,SHORT,ALL,ALL,VALID,12542,140.92,0.39,-0.0568,0.89912,-20463.4,-229.93,0.893,-33576.1,1.439,-0.039,-0.709,846.7,0.047,6.65
NOTP_TRAIL1.5,TREND_TRANS,SHORT,ALL,ALL,TEST,13482,146.54,0.355,-0.1608,0.99997,-49405.5,-537.02,0.764,-54029.7,1.413,-0.114,-0.737,787.9,0.046,6.76
NOTP_TRAIL1.5,TREND_TRANS,SHORT,ALL,ALL,HOLDOUT,8790,146.5,0.335,-0.2385,1.0,-38916.0,-648.6,0.734,-44370.9,1.387,-0.172,-0.75,779.4,0.048,7.02
TIME15m,TREND_TRANS,SHORT,ALL,ALL,TRAIN,24712,134.3,0.387,-0.0425,1.0,-23625.0,-128.4,0.636,-23651.1,1.603,-0.026,-0.133,15.0,0.769,103.33
TIME15m,TREND_TRANS,SHORT,ALL,ALL,VALID,12542,140.92,0.383,-0.0437,1.0,-11653.9,-130.94,0.615,-11725.0,1.439,-0.03,-0.13,15.0,0.794,111.93
TIME15m,TREND_TRANS,SHORT,ALL,ALL,TEST,13482,146.54,0.366,-0.0543,1.0,-13899.9,-151.09,0.573,-13925.1,1.413,-0.038,-0.13,15.0,0.814,119.34
TIME15m,TREND_TRANS,SHORT,ALL,ALL,HOLDOUT,8790,146.5,0.353,-0.0657,1.0,-10217.0,-170.28,0.547,-10278.6,1.387,-0.047,-0.13,15.0,0.846,124.0
TIME30m,TREND_TRANS,SHORT,ALL,ALL,TRAIN,24712,134.3,0.416,-0.0407,1.0,-22802.8,-123.93,0.732,-22846.5,1.603,-0.025,-0.189,29.9,0.58,77.86
TIME30m,TREND_TRANS,SHORT,ALL,ALL,VALID,12542,140.92,0.417,-0.0412,1.0,-11488.6,-129.09,0.704,-12112.2,1.439,-0.029,-0.186,29.9,0.609,85.89
TIME30m,TREND_TRANS,SHORT,ALL,ALL,TEST,13482,146.54,0.398,-0.0565,1.0,-14013.6,-152.32,0.676,-14346.9,1.413,-0.04,-0.186,29.9,0.627,91.84
TIME30m,TREND_TRANS,SHORT,ALL,ALL,HOLDOUT,8790,146.5,0.383,-0.0723,1.0,-11993.9,-199.9,0.598,-11995.4,1.387,-0.052,-0.189,29.9,0.657,96.28
TIME1h,TREND_TRANS,SHORT,ALL,ALL,TRAIN,24712,134.3,0.439,-0.0419,1.0,-23829.0,-129.51,0.792,-23944.9,1.603,-0.026,-0.27,59.3,0.401,53.84
TIME1h,TREND_TRANS,SHORT,ALL,ALL,VALID,12542,140.92,0.453,-0.0348,0.99999,-9548.8,-107.29,0.811,-10597.4,1.439,-0.024,-0.258,59.4,0.421,59.33
TIME1h,TREND_TRANS,SHORT,ALL,ALL,TEST,13482,146.54,0.428,-0.0585,1.0,-15531.5,-168.82,0.734,-15991.5,1.413,-0.041,-0.266,59.3,0.428,62.75
TIME1h,TREND_TRANS,SHORT,ALL,ALL,HOLDOUT,8790,146.5,0.407,-0.0839,1.0,-13077.9,-217.96,0.68,-13110.9,1.387,-0.06,-0.272,59.3,0.447,65.43
TIME2h,TREND_TRANS,SHORT,ALL,ALL,TRAIN,24712,134.3,0.454,-0.0457,0.99963,-26121.4,-141.96,0.834,-26176.8,1.603,-0.028,-0.375,115.9,0.259,34.74
TIME2h,TREND_TRANS,SHORT,ALL,ALL,VALID,12542,140.92,0.478,-0.0253,0.9607,-6524.4,-73.31,0.904,-10045.3,1.439,-0.018,-0.356,116.7,0.266,37.43
TIME2h,TREND_TRANS,SHORT,ALL,ALL,TEST,13482,146.54,0.437,-0.0706,1.0,-19836.5,-215.61,0.757,-20737.8,1.413,-0.05,-0.375,115.8,0.266,38.93
TIME2h,TREND_TRANS,SHORT,ALL,ALL,HOLDOUT,8790,146.5,0.428,-0.1033,1.0,-15932.8,-265.55,0.717,-16677.3,1.387,-0.074,-0.383,115.5,0.274,40.12
TIME4h,TREND_TRANS,SHORT,ALL,ALL,TRAIN,24712,134.3,0.47,-0.0412,0.98088,-27929.1,-151.79,0.872,-29099.1,1.603,-0.026,-0.5,217.9,0.159,21.42
TIME4h,TREND_TRANS,SHORT,ALL,ALL,VALID,12542,140.92,0.49,-0.0196,0.79368,-6620.0,-74.38,0.932,-13301.1,1.439,-0.014,-0.481,220.9,0.161,22.67
TIME4h,TREND_TRANS,SHORT,ALL,ALL,TEST,13482,146.54,0.446,-0.0967,1.0,-27387.1,-297.69,0.759,-27949.9,1.413,-0.068,-0.511,217.4,0.159,23.25
TIME4h,TREND_TRANS,SHORT,ALL,ALL,HOLDOUT,8790,146.5,0.428,-0.1393,1.0,-23356.8,-389.28,0.707,-25777.7,1.387,-0.1,-0.522,216.0,0.16,23.45
SIG_OFF,TREND_TRANS,SHORT,ALL,ALL,TRAIN,24712,134.3,0.343,-0.0457,0.91099,-29157.3,-158.46,0.908,-46458.2,1.603,-0.028,-0.635,597.5,0.07,9.43
SIG_OFF,TREND_TRANS,SHORT,ALL,ALL,VALID,12542,140.92,0.363,-0.0285,0.77811,-9356.0,-105.12,0.935,-19953.7,1.439,-0.02,-0.612,615.5,0.068,9.53
SIG_OFF,TREND_TRANS,SHORT,ALL,ALL,TEST,13482,146.54,0.335,-0.1045,0.99648,-29342.3,-318.94,0.82,-37244.9,1.413,-0.074,-0.645,595.6,0.067,9.83
SIG_OFF,TREND_TRANS,SHORT,ALL,ALL,HOLDOUT,8790,146.5,0.297,-0.2159,1.0,-37046.3,-617.44,0.678,-41843.8,1.387,-0.156,-0.65,560.0,0.067,9.75
MOM_OFF,TREND_TRANS,SHORT,ALL,ALL,TRAIN,24712,134.3,0.309,-0.0376,0.99999,-23399.5,-127.17,0.752,-23430.3,1.603,-0.023,-0.177,45.6,0.481,64.66
MOM_OFF,TREND_TRANS,SHORT,ALL,ALL,VALID,12542,140.92,0.316,-0.0458,1.0,-14061.1,-157.99,0.673,-15054.6,1.439,-0.032,-0.174,44.8,0.505,71.22
MOM_OFF,TREND_TRANS,SHORT,ALL,ALL,TEST,13482,146.54,0.296,-0.0599,1.0,-15579.9,-169.35,0.661,-16216.9,1.413,-0.042,-0.172,43.6,0.514,75.37
MOM_OFF,TREND_TRANS,SHORT,ALL,ALL,HOLDOUT,8790,146.5,0.276,-0.0822,1.0,-14358.2,-239.3,0.56,-14358.2,1.387,-0.059,-0.172,41.3,0.556,81.4
FIXED,ANY,SHORT,ALL,ALL,TRAIN,187521,1019.14,0.44,-0.0513,0.99188,-249418.8,-1355.54,0.926,-355882.9,1.615,-0.032,-0.791,711.6,0.008,7.9
FIXED,ANY,SHORT,ALL,ALL,VALID,95252,1070.25,0.444,-0.0507,0.96268,-146699.2,-1648.31,0.911,-267577.5,1.439,-0.035,-0.792,724.9,0.008,8.08
FIXED,ANY,SHORT,ALL,ALL,TEST,98897,1074.97,0.44,-0.0733,0.99738,-124616.7,-1354.53,0.924,-173934.2,1.454,-0.05,-0.795,706.8,0.007,7.78
FIXED,ANY,SHORT,ALL,ALL,HOLDOUT,64873,1081.22,0.396,-0.19,1.0,-311445.8,-5190.76,0.75,-342194.7,1.399,-0.136,-0.829,708.7,0.008,8.2
TRAIL_A0.5_D0.5,ANY,SHORT,ALL,ALL,TRAIN,187521,1019.14,0.55,-0.0758,1.0,-347693.6,-1889.64,0.843,-387170.9,1.615,-0.047,-0.584,394.8,0.013,13.67
TRAIL_A0.5_D0.5,ANY,SHORT,ALL,ALL,VALID,95252,1070.25,0.538,-0.0974,1.0,-227951.8,-2561.26,0.79,-281959.6,1.439,-0.068,-0.59,399.8,0.013,14.08
TRAIL_A0.5_D0.5,ANY,SHORT,ALL,ALL,TEST,98897,1074.97,0.541,-0.1003,1.0,-185176.8,-2012.79,0.826,-194549.2,1.454,-0.069,-0.584,377.9,0.013,13.68
TRAIL_A0.5_D0.5,ANY,SHORT,ALL,ALL,HOLDOUT,64873,1081.22,0.507,-0.1815,1.0,-267898.9,-4464.98,0.675,-282922.7,1.399,-0.13,-0.614,384.0,0.013,14.03
TRAIL_A0.5_D1,ANY,SHORT,ALL,ALL,TRAIN,187521,1019.14,0.388,-0.0698,0.99997,-334124.4,-1815.89,0.877,-397157.1,1.615,-0.043,-0.63,545.9,0.01,10.04
TRAIL_A0.5_D1,ANY,SHORT,ALL,ALL,VALID,95252,1070.25,0.39,-0.0651,0.99716,-149982.5,-1685.2,0.887,-247501.5,1.439,-0.045,-0.637,558.1,0.01,10.3
TRAIL_A0.5_D1,ANY,SHORT,ALL,ALL,TEST,98897,1074.97,0.378,-0.0982,1.0,-198719.5,-2159.99,0.849,-213609.7,1.454,-0.068,-0.633,528.9,0.01,10.37
TRAIL_A0.5_D1,ANY,SHORT,ALL,ALL,HOLDOUT,64873,1081.22,0.337,-0.1962,1.0,-307894.9,-5131.58,0.694,-330092.4,1.399,-0.14,-0.662,535.9,0.01,10.3
TRAIL_A1_D0.5,ANY,SHORT,ALL,ALL,TRAIN,187521,1019.14,0.512,-0.0619,0.99968,-289233.3,-1571.92,0.905,-365186.3,1.615,-0.038,-0.73,587.4,0.009,9.23
TRAIL_A1_D0.5,ANY,SHORT,ALL,ALL,VALID,95252,1070.25,0.513,-0.0695,0.99815,-166863.4,-1874.87,0.887,-264446.8,1.439,-0.048,-0.732,598.6,0.008,8.85
TRAIL_A1_D0.5,ANY,SHORT,ALL,ALL,TEST,98897,1074.97,0.511,-0.0878,0.99995,-157479.1,-1711.73,0.893,-186503.0,1.454,-0.06,-0.732,575.1,0.009,9.3
TRAIL_A1_D0.5,ANY,SHORT,ALL,ALL,HOLDOUT,64873,1081.22,0.467,-0.189,1.0,-298268.9,-4971.15,0.737,-321885.7,1.399,-0.135,-0.768,582.4,0.009,9.57
TRAIL_A1_D1,ANY,SHORT,ALL,ALL,TRAIN,187521,1019.14,0.469,-0.0576,0.99843,-281912.1,-1532.13,0.908,-372896.8,1.615,-0.036,-0.732,640.7,0.009,8.67
TRAIL_A1_D1,ANY,SHORT,ALL,ALL,VALID,95252,1070.25,0.468,-0.0542,0.98005,-134688.3,-1513.35,0.909,-247090.1,1.439,-0.038,-0.735,653.5,0.008,8.61
TRAIL_A1_D1,ANY,SHORT,ALL,ALL,TEST,98897,1074.97,0.463,-0.0855,0.99981,-159472.3,-1733.39,0.892,-190156.8,1.454,-0.059,-0.735,629.7,0.008,8.65
TRAIL_A1_D1,ANY,SHORT,ALL,ALL,HOLDOUT,64873,1081.22,0.419,-0.1936,1.0,-309477.6,-5157.96,0.728,-336839.7,1.399,-0.138,-0.771,636.1,0.008,8.65
BE0.5_TRAIL,ANY,SHORT,ALL,ALL,TRAIN,187521,1019.14,0.337,-0.0707,0.99997,-336463.0,-1828.6,0.852,-415455.9,1.615,-0.044,-0.588,479.4,0.011,11.13
BE0.5_TRAIL,ANY,SHORT,ALL,ALL,VALID,95252,1070.25,0.331,-0.0996,1.0,-236524.8,-2657.58,0.789,-300448.9,1.439,-0.069,-0.594,493.3,0.01,11.15
BE0.5_TRAIL,ANY,SHORT,ALL,ALL,TEST,98897,1074.97,0.329,-0.1166,1.0,-239924.5,-2607.88,0.782,-251460.3,1.454,-0.08,-0.589,458.5,0.01,11.08
BE0.5_TRAIL,ANY,SHORT,ALL,ALL,HOLDOUT,64873,1081.22,0.287,-0.2012,1.0,-303107.4,-5051.79,0.642,-319045.8,1.399,-0.144,-0.618,457.5,0.01,11.23
BE1_TRAIL,ANY,SHORT,ALL,ALL,TRAIN,187521,1019.14,0.376,-0.0546,0.99082,-272564.2,-1481.33,0.912,-427798.3,1.615,-0.034,-0.735,701.6,0.007,7.63
BE1_TRAIL,ANY,SHORT,ALL,ALL,VALID,95252,1070.25,0.382,-0.0837,0.99897,-219096.1,-2461.75,0.854,-315294.3,1.439,-0.058,-0.737,721.6,0.007,7.54
BE1_TRAIL,ANY,SHORT,ALL,ALL,TEST,98897,1074.97,0.37,-0.1124,0.99999,-223778.3,-2432.37,0.85,-244998.6,1.454,-0.077,-0.737,686.3,0.007,7.67
BE1_TRAIL,ANY,SHORT,ALL,ALL,HOLDOUT,64873,1081.22,0.331,-0.2205,1.0,-339171.7,-5652.86,0.704,-363334.1,1.399,-0.158,-0.773,684.1,0.008,8.23
ATR_TRAIL2,ANY,SHORT,ALL,ALL,TRAIN,187521,1019.14,0.303,-0.0953,1.0,-422375.5,-2295.52,0.701,-424236.0,1.615,-0.059,-0.294,130.0,0.041,41.41
ATR_TRAIL2,ANY,SHORT,ALL,ALL,VALID,95252,1070.25,0.298,-0.1183,1.0,-266873.6,-2998.58,0.615,-271020.0,1.439,-0.082,-0.298,132.7,0.038,41.01
ATR_TRAIL2,ANY,SHORT,ALL,ALL,TEST,98897,1074.97,0.304,-0.1216,1.0,-230431.8,-2504.69,0.664,-232265.2,1.454,-0.084,-0.295,128.0,0.039,42.18
ATR_TRAIL2,ANY,SHORT,ALL,ALL,HOLDOUT,64873,1081.22,0.278,-0.1642,1.0,-214627.8,-3577.13,0.569,-217933.6,1.399,-0.117,-0.299,122.8,0.041,44.58
ATR_TRAIL3,ANY,SHORT,ALL,ALL,TRAIN,187521,1019.14,0.322,-0.072,0.99944,-301753.6,-1639.97,0.839,-317692.2,1.615,-0.045,-0.406,265.2,0.02,20.77
ATR_TRAIL3,ANY,SHORT,ALL,ALL,VALID,95252,1070.25,0.322,-0.1149,1.0,-250399.5,-2813.48,0.721,-284345.8,1.439,-0.08,-0.412,275.5,0.019,20.03
ATR_TRAIL3,ANY,SHORT,ALL,ALL,TEST,98897,1074.97,0.323,-0.1338,1.0,-269804.8,-2932.66,0.701,-273157.5,1.454,-0.092,-0.408,256.3,0.02,21.32
ATR_TRAIL3,ANY,SHORT,ALL,ALL,HOLDOUT,64873,1081.22,0.288,-0.1924,1.0,-273146.1,-4552.43,0.588,-281980.4,1.399,-0.138,-0.415,245.0,0.021,22.82
ATR_TRAIL4,ANY,SHORT,ALL,ALL,TRAIN,187521,1019.14,0.333,-0.0555,0.96795,-267588.6,-1454.29,0.883,-360780.7,1.615,-0.034,-0.512,423.4,0.013,12.94
ATR_TRAIL4,ANY,SHORT,ALL,ALL,VALID,95252,1070.25,0.335,-0.1064,1.0,-231791.8,-2604.4,0.788,-316003.2,1.439,-0.074,-0.516,440.1,0.012,12.62
ATR_TRAIL4,ANY,SHORT,ALL,ALL,TEST,98897,1074.97,0.33,-0.1448,1.0,-310708.2,-3377.26,0.72,-316437.6,1.454,-0.1,-0.515,408.9,0.013,13.59
ATR_TRAIL4,ANY,SHORT,ALL,ALL,HOLDOUT,64873,1081.22,0.295,-0.2186,1.0,-325554.9,-5425.92,0.601,-337229.2,1.399,-0.156,-0.526,390.7,0.013,14.03
MFE_LOCK0.3,ANY,SHORT,ALL,ALL,TRAIN,187521,1019.14,0.512,-0.0607,0.99939,-278459.7,-1513.37,0.908,-375935.9,1.615,-0.038,-0.729,584.2,0.009,9.1
MFE_LOCK0.3,ANY,SHORT,ALL,ALL,VALID,95252,1070.25,0.513,-0.081,0.99973,-197559.4,-2219.77,0.866,-287716.6,1.439,-0.056,-0.732,595.8,0.008,8.92
MFE_LOCK0.3,ANY,SHORT,ALL,ALL,TEST,98897,1074.97,0.511,-0.1007,1.0,-182654.9,-1985.38,0.876,-198428.1,1.454,-0.069,-0.732,569.8,0.009,9.85
MFE_LOCK0.3,ANY,SHORT,ALL,ALL,HOLDOUT,64873,1081.22,0.467,-0.1941,1.0,-287567.7,-4792.79,0.746,-309597.2,1.399,-0.139,-0.768,575.5,0.009,9.33
MFE_LOCK0.5,ANY,SHORT,ALL,ALL,TRAIN,187521,1019.14,0.511,-0.0501,0.98402,-250526.4,-1361.56,0.918,-359708.1,1.615,-0.031,-0.731,664.5,0.008,7.98
MFE_LOCK0.5,ANY,SHORT,ALL,ALL,VALID,95252,1070.25,0.512,-0.0873,0.99969,-218758.8,-2457.96,0.852,-299810.0,1.439,-0.061,-0.734,680.0,0.008,8.06
MFE_LOCK0.5,ANY,SHORT,ALL,ALL,TEST,98897,1074.97,0.51,-0.124,1.0,-244553.3,-2658.19,0.834,-263998.1,1.454,-0.085,-0.733,644.8,0.008,8.53
MFE_LOCK0.5,ANY,SHORT,ALL,ALL,HOLDOUT,64873,1081.22,0.466,-0.2288,1.0,-346646.1,-5777.43,0.694,-368404.7,1.399,-0.164,-0.769,635.6,0.008,8.27
NOTP_TRAIL0.5,ANY,SHORT,ALL,ALL,TRAIN,187521,1019.14,0.308,-0.0969,1.0,-435124.4,-2364.81,0.709,-447453.4,1.615,-0.06,-0.306,163.1,0.033,33.27
NOTP_TRAIL0.5,ANY,SHORT,ALL,ALL,VALID,95252,1070.25,0.3,-0.116,1.0,-263369.1,-2959.2,0.643,-270349.3,1.439,-0.081,-0.311,166.7,0.029,31.52
NOTP_TRAIL0.5,ANY,SHORT,ALL,ALL,TEST,98897,1074.97,0.307,-0.1148,1.0,-222344.2,-2416.79,0.692,-222906.3,1.454,-0.079,-0.306,158.2,0.031,33.32
NOTP_TRAIL0.5,ANY,SHORT,ALL,ALL,HOLDOUT,64873,1081.22,0.278,-0.162,1.0,-214673.0,-3577.88,0.594,-217837.1,1.399,-0.116,-0.311,157.5,0.032,34.33
NOTP_TRAIL1,ANY,SHORT,ALL,ALL,TRAIN,187521,1019.14,0.354,-0.0708,0.99962,-327701.1,-1780.98,0.872,-411619.1,1.615,-0.044,-0.563,542.1,0.01,9.74
NOTP_TRAIL1,ANY,SHORT,ALL,ALL,VALID,95252,1070.25,0.357,-0.0882,0.99992,-203298.2,-2284.25,0.837,-290983.7,1.439,-0.061,-0.569,564.7,0.009,10.15
NOTP_TRAIL1,ANY,SHORT,ALL,ALL,TEST,98897,1074.97,0.346,-0.1317,1.0,-284693.3,-3094.49,0.772,-298008.0,1.454,-0.091,-0.565,522.7,0.009,10.18
NOTP_TRAIL1,ANY,SHORT,ALL,ALL,HOLDOUT,64873,1081.22,0.305,-0.2184,1.0,-321299.2,-5354.99,0.656,-340520.7,1.399,-0.156,-0.585,516.1,0.009,10.12
NOTP_TRAIL1.5,ANY,SHORT,ALL,ALL,TRAIN,187521,1019.14,0.374,-0.0395,0.90588,-196428.3,-1067.55,0.938,-358944.9,1.615,-0.024,-0.725,794.0,0.007,6.64
NOTP_TRAIL1.5,ANY,SHORT,ALL,ALL,VALID,95252,1070.25,0.38,-0.0757,0.98987,-189767.5,-2132.22,0.878,-314552.2,1.439,-0.053,-0.729,813.2,0.006,6.94
NOTP_TRAIL1.5,ANY,SHORT,ALL,ALL,TEST,98897,1074.97,0.368,-0.1323,1.0,-270055.8,-2935.39,0.826,-295702.1,1.454,-0.091,-0.728,782.0,0.007,7.15
NOTP_TRAIL1.5,ANY,SHORT,ALL,ALL,HOLDOUT,64873,1081.22,0.33,-0.24,1.0,-362070.5,-6034.51,0.693,-395156.6,1.399,-0.172,-0.76,763.2,0.006,6.98
TIME15m,ANY,SHORT,ALL,ALL,TRAIN,187521,1019.14,0.386,-0.0468,1.0,-206090.1,-1120.06,0.631,-206871.7,1.615,-0.029,-0.148,15.0,0.311,316.65
TIME15m,ANY,SHORT,ALL,ALL,VALID,95252,1070.25,0.373,-0.0502,1.0,-108764.0,-1222.07,0.604,-109291.5,1.439,-0.035,-0.146,15.0,0.31,332.26
TIME15m,ANY,SHORT,ALL,ALL,TEST,98897,1074.97,0.373,-0.0549,1.0,-102261.0,-1111.53,0.622,-102279.0,1.454,-0.038,-0.143,15.0,0.313,336.75
TIME15m,ANY,SHORT,ALL,ALL,HOLDOUT,64873,1081.22,0.368,-0.06,1.0,-72505.7,-1208.43,0.62,-72557.6,1.399,-0.043,-0.145,15.0,0.32,345.63
TIME30m,ANY,SHORT,ALL,ALL,TRAIN,187521,1019.14,0.417,-0.0464,1.0,-211094.9,-1147.25,0.714,-212061.8,1.615,-0.029,-0.208,29.8,0.174,177.45
TIME30m,ANY,SHORT,ALL,ALL,VALID,95252,1070.25,0.405,-0.0518,1.0,-115289.2,-1295.38,0.678,-116560.0,1.439,-0.036,-0.208,29.9,0.17,181.51
TIME30m,ANY,SHORT,ALL,ALL,TEST,98897,1074.97,0.406,-0.0555,1.0,-101647.6,-1104.87,0.709,-101719.4,1.454,-0.038,-0.202,29.9,0.17,182.53
TIME30m,ANY,SHORT,ALL,ALL,HOLDOUT,64873,1081.22,0.392,-0.0708,1.0,-92398.4,-1539.97,0.645,-92400.2,1.399,-0.051,-0.211,29.8,0.17,183.65
TIME1h,ANY,SHORT,ALL,ALL,TRAIN,187521,1019.14,0.44,-0.0462,1.0,-220141.0,-1196.42,0.775,-222217.2,1.615,-0.029,-0.29,59.1,0.092,93.44
TIME1h,ANY,SHORT,ALL,ALL,VALID,95252,1070.25,0.438,-0.051,1.0,-111467.9,-1252.45,0.762,-116143.5,1.439,-0.035,-0.288,59.2,0.088,94.4
TIME1h,ANY,SHORT,ALL,ALL,TEST,98897,1074.97,0.439,-0.0549,1.0,-102352.6,-1112.53,0.782,-103243.6,1.454,-0.038,-0.284,59.2,0.088,94.52
TIME1h,ANY,SHORT,ALL,ALL,HOLDOUT,64873,1081.22,0.413,-0.08,1.0,-108730.6,-1812.18,0.69,-109281.9,1.399,-0.057,-0.297,59.0,0.088,94.78
TIME2h,ANY,SHORT,ALL,ALL,TRAIN,187521,1019.14,0.457,-0.0472,1.0,-227034.3,-1233.88,0.828,-233049.5,1.615,-0.029,-0.395,115.0,0.048,48.72
TIME2h,ANY,SHORT,ALL,ALL,VALID,95252,1070.25,0.458,-0.0543,1.0,-121029.4,-1359.88,0.807,-136215.6,1.439,-0.038,-0.393,115.5,0.046,49.01
TIME2h,ANY,SHORT,ALL,ALL,TEST,98897,1074.97,0.453,-0.0628,1.0,-117511.9,-1277.3,0.818,-121262.0,1.454,-0.043,-0.394,115.0,0.046,49.07
TIME2h,ANY,SHORT,ALL,ALL,HOLDOUT,64873,1081.22,0.434,-0.0967,1.0,-130825.3,-2180.42,0.724,-135294.0,1.399,-0.069,-0.409,114.7,0.046,49.2
TIME4h,ANY,SHORT,ALL,ALL,TRAIN,187521,1019.14,0.469,-0.0482,0.99976,-242381.4,-1317.29,0.864,-257531.1,1.615,-0.03,-0.515,215.2,0.026,26.32
TIME4h,ANY,SHORT,ALL,ALL,VALID,95252,1070.25,0.473,-0.0534,0.99925,-125250.1,-1407.3,0.852,-162621.8,1.439,-0.037,-0.515,216.9,0.025,26.58
TIME4h,ANY,SHORT,ALL,ALL,TEST,98897,1074.97,0.471,-0.0667,0.99997,-127302.3,-1383.72,0.854,-133379.2,1.454,-0.046,-0.521,214.5,0.025,26.7
TIME4h,ANY,SHORT,ALL,ALL,HOLDOUT,64873,1081.22,0.443,-0.1214,1.0,-167599.3,-2793.32,0.74,-178595.2,1.399,-0.087,-0.54,214.4,0.024,26.35
SIG_OFF,ANY,SHORT,ALL,ALL,TRAIN,187521,1019.14,0.379,-0.0424,1.0,-172394.9,-936.93,0.76,-178416.8,1.615,-0.026,-0.19,61.6,0.083,85.02
SIG_OFF,ANY,SHORT,ALL,ALL,VALID,95252,1070.25,0.367,-0.0488,1.0,-109587.4,-1231.32,0.686,-111306.7,1.439,-0.034,-0.187,64.4,0.083,88.53
SIG_OFF,ANY,SHORT,ALL,ALL,TEST,98897,1074.97,0.366,-0.0602,1.0,-112320.9,-1220.88,0.682,-113145.9,1.454,-0.041,-0.189,64.4,0.078,84.27
SIG_OFF,ANY,SHORT,ALL,ALL,HOLDOUT,64873,1081.22,0.361,-0.0733,1.0,-94892.2,-1581.54,0.628,-97478.5,1.399,-0.052,-0.193,63.8,0.084,91.35
MOM_OFF,ANY,SHORT,ALL,ALL,TRAIN,187521,1019.14,0.326,-0.0426,1.0,-198027.5,-1076.24,0.756,-198377.4,1.615,-0.026,-0.201,48.0,0.141,144.15
MOM_OFF,ANY,SHORT,ALL,ALL,VALID,95252,1070.25,0.32,-0.0543,1.0,-132902.9,-1493.29,0.661,-134347.6,1.439,-0.038,-0.201,48.3,0.131,140.56
MOM_OFF,ANY,SHORT,ALL,ALL,TEST,98897,1074.97,0.316,-0.0604,1.0,-120629.7,-1311.19,0.691,-120932.4,1.454,-0.042,-0.197,47.8,0.133,142.85
MOM_OFF,ANY,SHORT,ALL,ALL,HOLDOUT,64873,1081.22,0.302,-0.0837,1.0,-117675.2,-1961.25,0.581,-117760.3,1.399,-0.06,-0.2,44.6,0.135,146.32
FIXED,ANY,SHORT,sym_funding,base,TRAIN,127382,692.29,0.44,-0.0443,0.97264,-121897.4,-662.49,0.943,-195134.6,1.657,-0.027,-0.79,703.8,0.011,7.88
FIXED,ANY,SHORT,sym_funding,base,VALID,56380,633.48,0.451,-0.0337,0.87423,-60878.0,-684.02,0.935,-139180.5,1.451,-0.023,-0.788,725.9,0.012,7.73
FIXED,ANY,SHORT,sym_funding,base,TEST,70755,769.08,0.439,-0.0759,0.99784,-81752.9,-888.62,0.927,-134849.4,1.456,-0.052,-0.799,704.7,0.01,7.84
FIXED,ANY,SHORT,sym_funding,base,HOLDOUT,26150,435.83,0.402,-0.1891,1.0,-109788.9,-1829.82,0.746,-117419.9,1.399,-0.135,-0.833,702.8,0.01,4.33
TRAIL_A0.5_D0.5,ANY,SHORT,sym_funding,base,TRAIN,127382,692.29,0.55,-0.0732,1.0,-199448.1,-1083.96,0.857,-223621.6,1.657,-0.044,-0.581,388.4,0.02,13.82
TRAIL_A0.5_D0.5,ANY,SHORT,sym_funding,base,VALID,56380,633.48,0.545,-0.0882,1.0,-119750.1,-1345.51,0.804,-151614.7,1.451,-0.061,-0.586,396.4,0.022,13.75
TRAIL_A0.5_D0.5,ANY,SHORT,sym_funding,base,TEST,70755,769.08,0.54,-0.1048,1.0,-128211.4,-1393.6,0.822,-136453.1,1.456,-0.072,-0.587,374.9,0.019,14.43
TRAIL_A0.5_D0.5,ANY,SHORT,sym_funding,base,HOLDOUT,26150,435.83,0.492,-0.1917,1.0,-102718.1,-1711.97,0.648,-104894.9,1.399,-0.137,-0.62,378.4,0.018,7.88
TRAIL_A0.5_D1,ANY,SHORT,sym_funding,base,TRAIN,127382,692.29,0.389,-0.0636,0.99968,-179893.8,-977.68,0.895,-220618.5,1.657,-0.038,-0.628,538.8,0.014,9.98
TRAIL_A0.5_D1,ANY,SHORT,sym_funding,base,VALID,56380,633.48,0.396,-0.052,0.98322,-70418.6,-791.22,0.906,-131663.8,1.451,-0.036,-0.632,557.6,0.016,10.09
TRAIL_A0.5_D1,ANY,SHORT,sym_funding,base,TEST,70755,769.08,0.377,-0.1035,1.0,-140807.8,-1530.52,0.843,-156381.9,1.456,-0.071,-0.636,526.7,0.013,10.03
TRAIL_A0.5_D1,ANY,SHORT,sym_funding,base,HOLDOUT,26150,435.83,0.34,-0.2007,1.0,-115822.1,-1930.37,0.672,-119897.9,1.399,-0.144,-0.669,530.9,0.013,5.58
TRAIL_A1_D0.5,ANY,SHORT,sym_funding,base,TRAIN,127382,692.29,0.514,-0.0575,0.99856,-155916.2,-847.37,0.919,-206879.8,1.657,-0.035,-0.728,579.2,0.014,9.39
TRAIL_A1_D0.5,ANY,SHORT,sym_funding,base,VALID,56380,633.48,0.519,-0.0546,0.98742,-76213.6,-856.33,0.909,-136639.7,1.451,-0.038,-0.727,597.3,0.014,9.1
TRAIL_A1_D0.5,ANY,SHORT,sym_funding,base,TEST,70755,769.08,0.509,-0.092,0.99997,-105564.6,-1147.44,0.895,-141096.6,1.456,-0.063,-0.736,571.7,0.012,9.36
TRAIL_A1_D0.5,ANY,SHORT,sym_funding,base,HOLDOUT,26150,435.83,0.472,-0.188,1.0,-104774.8,-1746.25,0.733,-109618.1,1.399,-0.134,-0.771,574.0,0.012,5.2
TRAIL_A1_D1,ANY,SHORT,sym_funding,base,TRAIN,127382,692.29,0.471,-0.0508,0.99248,-143570.0,-780.27,0.926,-203540.8,1.657,-0.031,-0.73,633.1,0.012,8.58
TRAIL_A1_D1,ANY,SHORT,sym_funding,base,VALID,56380,633.48,0.476,-0.0381,0.91932,-55901.1,-628.1,0.933,-127753.7,1.451,-0.026,-0.73,653.6,0.014,8.62
TRAIL_A1_D1,ANY,SHORT,sym_funding,base,TEST,70755,769.08,0.462,-0.0906,0.99989,-110979.6,-1206.3,0.89,-149652.3,1.456,-0.062,-0.739,627.0,0.011,8.52
TRAIL_A1_D1,ANY,SHORT,sym_funding,base,HOLDOUT,26150,435.83,0.421,-0.1922,1.0,-110137.2,-1835.62,0.721,-115570.6,1.399,-0.137,-0.774,629.6,0.011,4.75
BE0.5_TRAIL,ANY,SHORT,sym_funding,base,TRAIN,127382,692.29,0.338,-0.0701,0.99996,-188434.9,-1024.1,0.869,-234008.3,1.657,-0.042,-0.586,472.8,0.017,11.46
BE0.5_TRAIL,ANY,SHORT,sym_funding,base,VALID,56380,633.48,0.333,-0.0857,0.99998,-118696.4,-1333.67,0.811,-158053.5,1.451,-0.059,-0.59,493.9,0.017,10.9
BE0.5_TRAIL,ANY,SHORT,sym_funding,base,TEST,70755,769.08,0.327,-0.1224,1.0,-168268.9,-1829.01,0.774,-179107.7,1.456,-0.084,-0.592,455.6,0.015,11.22
BE0.5_TRAIL,ANY,SHORT,sym_funding,base,HOLDOUT,26150,435.83,0.29,-0.2137,1.0,-117021.1,-1950.35,0.609,-118941.3,1.399,-0.153,-0.625,450.0,0.015,6.33
BE1_TRAIL,ANY,SHORT,sym_funding,base,TRAIN,127382,692.29,0.377,-0.0509,0.98283,-134544.7,-731.22,0.931,-229920.4,1.657,-0.031,-0.733,695.6,0.011,7.6
BE1_TRAIL,ANY,SHORT,sym_funding,base,VALID,56380,633.48,0.387,-0.0645,0.98871,-100559.1,-1129.88,0.881,-162686.1,1.451,-0.044,-0.732,725.1,0.012,7.54
BE1_TRAIL,ANY,SHORT,sym_funding,base,TEST,70755,769.08,0.367,-0.1192,1.0,-154660.9,-1681.1,0.848,-184661.4,1.456,-0.082,-0.741,684.1,0.01,7.61
BE1_TRAIL,ANY,SHORT,sym_funding,base,HOLDOUT,26150,435.83,0.334,-0.228,1.0,-125402.7,-2090.05,0.685,-129816.4,1.399,-0.163,-0.776,675.0,0.01,4.15
ATR_TRAIL2,ANY,SHORT,sym_funding,base,TRAIN,127382,692.29,0.303,-0.0978,1.0,-276688.8,-1503.74,0.695,-279202.8,1.657,-0.059,-0.293,129.8,0.06,41.68
ATR_TRAIL2,ANY,SHORT,sym_funding,base,VALID,56380,633.48,0.304,-0.1123,1.0,-148270.7,-1665.96,0.625,-151523.5,1.451,-0.077,-0.298,134.7,0.065,41.09
ATR_TRAIL2,ANY,SHORT,sym_funding,base,TEST,70755,769.08,0.302,-0.1268,1.0,-167841.4,-1824.36,0.644,-167874.2,1.456,-0.087,-0.296,127.4,0.055,42.65
ATR_TRAIL2,ANY,SHORT,sym_funding,base,HOLDOUT,26150,435.83,0.267,-0.1764,1.0,-82539.0,-1375.65,0.536,-82671.3,1.399,-0.126,-0.3,122.0,0.052,22.65
ATR_TRAIL3,ANY,SHORT,sym_funding,base,TRAIN,127382,692.29,0.324,-0.0654,0.99404,-153502.3,-834.25,0.871,-185032.3,1.657,-0.039,-0.406,265.7,0.03,20.74
ATR_TRAIL3,ANY,SHORT,sym_funding,base,VALID,56380,633.48,0.329,-0.105,1.0,-135059.9,-1517.53,0.737,-156364.4,1.451,-0.072,-0.411,280.2,0.032,19.99
ATR_TRAIL3,ANY,SHORT,sym_funding,base,TEST,70755,769.08,0.32,-0.1414,1.0,-201322.3,-2188.29,0.675,-202286.9,1.456,-0.097,-0.41,254.8,0.028,21.25
ATR_TRAIL3,ANY,SHORT,sym_funding,base,HOLDOUT,26150,435.83,0.283,-0.2067,1.0,-105618.6,-1760.31,0.551,-106024.0,1.399,-0.148,-0.418,242.6,0.029,12.63
ATR_TRAIL4,ANY,SHORT,sym_funding,base,TRAIN,127382,692.29,0.335,-0.0397,0.86334,-100485.2,-546.12,0.931,-206070.1,1.657,-0.024,-0.511,424.5,0.019,13.24
ATR_TRAIL4,ANY,SHORT,sym_funding,base,VALID,56380,633.48,0.345,-0.0866,0.99986,-113054.8,-1270.28,0.819,-171675.3,1.451,-0.06,-0.515,449.5,0.02,12.57
ATR_TRAIL4,ANY,SHORT,sym_funding,base,TEST,70755,769.08,0.328,-0.1509,1.0,-224017.0,-2434.97,0.705,-230421.4,1.456,-0.104,-0.518,407.6,0.017,13.3
ATR_TRAIL4,ANY,SHORT,sym_funding,base,HOLDOUT,26150,435.83,0.297,-0.2392,1.0,-126839.5,-2113.99,0.557,-128070.4,1.399,-0.171,-0.528,385.6,0.017,7.5
MFE_LOCK0.3,ANY,SHORT,sym_funding,base,TRAIN,127382,692.29,0.514,-0.0599,0.99894,-156457.4,-850.31,0.919,-217612.8,1.657,-0.036,-0.727,575.8,0.013,9.34
MFE_LOCK0.3,ANY,SHORT,sym_funding,base,VALID,56380,633.48,0.519,-0.0662,0.99723,-93496.3,-1050.52,0.888,-150338.3,1.451,-0.046,-0.727,595.1,0.014,8.99
MFE_LOCK0.3,ANY,SHORT,sym_funding,base,TEST,70755,769.08,0.509,-0.1054,1.0,-122806.9,-1334.86,0.877,-147394.7,1.456,-0.072,-0.736,566.7,0.012,9.14
MFE_LOCK0.3,ANY,SHORT,sym_funding,base,HOLDOUT,26150,435.83,0.473,-0.1968,1.0,-101752.8,-1695.88,0.741,-105975.0,1.399,-0.141,-0.77,566.5,0.012,5.2
MFE_LOCK0.5,ANY,SHORT,sym_funding,base,TRAIN,127382,692.29,0.513,-0.0391,0.93238,-99068.2,-538.41,0.949,-185832.5,1.657,-0.024,-0.729,658.6,0.012,7.98
MFE_LOCK0.5,ANY,SHORT,sym_funding,base,VALID,56380,633.48,0.518,-0.0658,0.99282,-96656.2,-1086.02,0.884,-152224.9,1.451,-0.045,-0.729,683.9,0.013,8.18
MFE_LOCK0.5,ANY,SHORT,sym_funding,base,TEST,70755,769.08,0.508,-0.1299,1.0,-168157.6,-1827.8,0.832,-186190.6,1.456,-0.089,-0.737,641.3,0.011,8.51
MFE_LOCK0.5,ANY,SHORT,sym_funding,base,HOLDOUT,26150,435.83,0.471,-0.2362,1.0,-130070.8,-2167.85,0.669,-132740.6,1.399,-0.169,-0.771,625.6,0.011,4.62
NOTP_TRAIL0.5,ANY,SHORT,sym_funding,base,TRAIN,127382,692.29,0.308,-0.0983,1.0,-280296.2,-1523.35,0.705,-288695.5,1.657,-0.059,-0.305,160.3,0.049,33.99
NOTP_TRAIL0.5,ANY,SHORT,sym_funding,base,VALID,56380,633.48,0.306,-0.1104,1.0,-147549.1,-1657.86,0.646,-150238.0,1.451,-0.076,-0.31,166.4,0.052,32.84
NOTP_TRAIL0.5,ANY,SHORT,sym_funding,base,TEST,70755,769.08,0.305,-0.1201,1.0,-158073.4,-1718.19,0.68,-158333.1,1.456,-0.082,-0.307,156.4,0.045,34.39
NOTP_TRAIL0.5,ANY,SHORT,sym_funding,base,HOLDOUT,26150,435.83,0.266,-0.1766,1.0,-83578.9,-1392.98,0.559,-83985.6,1.399,-0.126,-0.314,152.9,0.042,18.27
NOTP_TRAIL1,ANY,SHORT,sym_funding,base,TRAIN,127382,692.29,0.356,-0.063,0.99736,-160873.8,-874.31,0.901,-213168.3,1.657,-0.038,-0.561,538.9,0.014,9.84
NOTP_TRAIL1,ANY,SHORT,sym_funding,base,VALID,56380,633.48,0.363,-0.0706,0.99758,-95354.7,-1071.4,0.865,-154465.7,1.451,-0.049,-0.566,568.6,0.016,10.17
NOTP_TRAIL1,ANY,SHORT,sym_funding,base,TEST,70755,769.08,0.344,-0.1374,1.0,-198087.0,-2153.12,0.766,-210962.3,1.456,-0.094,-0.567,521.2,0.013,10.04
NOTP_TRAIL1,ANY,SHORT,sym_funding,base,HOLDOUT,26150,435.83,0.307,-0.234,1.0,-126371.3,-2106.19,0.615,-129229.7,1.399,-0.167,-0.592,507.9,0.013,5.8
NOTP_TRAIL1.5,ANY,SHORT,sym_funding,base,TRAIN,127382,692.29,0.375,-0.018,0.70193,-22540.6,-122.5,0.989,-206300.2,1.657,-0.011,-0.724,793.2,0.01,6.91
NOTP_TRAIL1.5,ANY,SHORT,sym_funding,base,VALID,56380,633.48,0.387,-0.0495,0.92345,-71737.7,-806.04,0.918,-161896.1,1.451,-0.034,-0.724,820.5,0.011,6.82
NOTP_TRAIL1.5,ANY,SHORT,sym_funding,base,TEST,70755,769.08,0.367,-0.1371,1.0,-185133.2,-2012.32,0.825,-208309.4,1.456,-0.094,-0.732,780.3,0.009,6.7
NOTP_TRAIL1.5,ANY,SHORT,sym_funding,base,HOLDOUT,26150,435.83,0.332,-0.2698,1.0,-150539.3,-2508.99,0.633,-155238.1,1.399,-0.193,-0.763,751.2,0.009,3.83
TIME15m,ANY,SHORT,sym_funding,base,TRAIN,127382,692.29,0.384,-0.0477,1.0,-137499.0,-747.28,0.617,-138111.7,1.657,-0.029,-0.148,15.0,0.404,279.97
TIME15m,ANY,SHORT,sym_funding,base,VALID,56380,633.48,0.374,-0.0502,1.0,-63210.5,-710.23,0.596,-63333.8,1.451,-0.035,-0.146,15.0,0.454,287.49
TIME15m,ANY,SHORT,sym_funding,base,TEST,70755,769.08,0.373,-0.0563,1.0,-73746.5,-801.59,0.602,-73753.5,1.456,-0.039,-0.143,15.0,0.403,309.57
TIME15m,ANY,SHORT,sym_funding,base,HOLDOUT,26150,435.83,0.354,-0.0659,1.0,-27480.2,-458.0,0.588,-27480.2,1.399,-0.047,-0.145,15.0,0.399,173.73
TIME30m,ANY,SHORT,sym_funding,base,TRAIN,127382,692.29,0.415,-0.0474,1.0,-140505.7,-763.62,0.703,-141156.9,1.657,-0.029,-0.208,29.9,0.242,167.5
TIME30m,ANY,SHORT,sym_funding,base,VALID,56380,633.48,0.408,-0.0505,1.0,-67664.7,-760.28,0.668,-68283.4,1.451,-0.035,-0.207,29.9,0.269,170.44
TIME30m,ANY,SHORT,sym_funding,base,TEST,70755,769.08,0.406,-0.0571,1.0,-73556.0,-799.52,0.692,-73602.8,1.456,-0.039,-0.203,29.9,0.229,176.07
TIME30m,ANY,SHORT,sym_funding,base,HOLDOUT,26150,435.83,0.38,-0.0762,1.0,-34209.0,-570.15,0.622,-34209.0,1.399,-0.054,-0.211,29.8,0.219,95.25
TIME1h,ANY,SHORT,sym_funding,base,TRAIN,127382,692.29,0.442,-0.0453,1.0,-139089.6,-755.92,0.776,-141319.2,1.657,-0.027,-0.289,59.1,0.132,91.15
TIME1h,ANY,SHORT,sym_funding,base,VALID,56380,633.48,0.443,-0.0474,1.0,-60924.5,-684.54,0.77,-62955.6,1.451,-0.033,-0.287,59.2,0.145,91.9
TIME1h,ANY,SHORT,sym_funding,base,TEST,70755,769.08,0.438,-0.0579,1.0,-75951.8,-825.56,0.764,-77038.5,1.456,-0.04,-0.286,59.1,0.121,93.25
TIME1h,ANY,SHORT,sym_funding,base,HOLDOUT,26150,435.83,0.407,-0.0858,1.0,-40796.6,-679.94,0.667,-40796.6,1.399,-0.061,-0.298,59.0,0.114,49.48
TIME2h,ANY,SHORT,sym_funding,base,TRAIN,127382,692.29,0.459,-0.0452,1.0,-137530.1,-747.45,0.837,-141998.4,1.657,-0.027,-0.395,115.1,0.07,48.24
TIME2h,ANY,SHORT,sym_funding,base,VALID,56380,633.48,0.465,-0.0484,0.99999,-66006.7,-741.65,0.815,-73379.8,1.451,-0.033,-0.391,115.6,0.076,48.38
TIME2h,ANY,SHORT,sym_funding,base,TEST,70755,769.08,0.453,-0.0658,1.0,-86004.9,-934.84,0.805,-89541.3,1.456,-0.045,-0.396,115.0,0.064,48.95
TIME2h,ANY,SHORT,sym_funding,base,HOLDOUT,26150,435.83,0.435,-0.0962,1.0,-44208.7,-736.81,0.73,-44508.7,1.399,-0.069,-0.409,114.5,0.06,26.05
TIME4h,ANY,SHORT,sym_funding,base,TRAIN,127382,692.29,0.473,-0.0429,0.99858,-133078.3,-723.25,0.882,-144010.1,1.657,-0.026,-0.514,215.2,0.038,26.21
TIME4h,ANY,SHORT,sym_funding,base,VALID,56380,633.48,0.481,-0.0437,0.9944,-65231.8,-732.94,0.865,-85993.8,1.451,-0.03,-0.512,217.3,0.041,26.28
TIME4h,ANY,SHORT,sym_funding,base,TEST,70755,769.08,0.469,-0.0706,0.99999,-94162.7,-1023.51,0.842,-99321.6,1.456,-0.048,-0.524,214.4,0.034,26.33
TIME4h,ANY,SHORT,sym_funding,base,HOLDOUT,26150,435.83,0.441,-0.1237,1.0,-63116.8,-1051.95,0.721,-64452.6,1.399,-0.088,-0.542,213.5,0.032,13.95
SIG_OFF,ANY,SHORT,sym_funding,base,TRAIN,127382,692.29,0.376,-0.0417,1.0,-110398.1,-599.99,0.762,-114591.8,1.657,-0.025,-0.191,63.1,0.124,86.01
SIG_OFF,ANY,SHORT,sym_funding,base,VALID,56380,633.48,0.37,-0.0459,1.0,-60323.9,-677.8,0.7,-63003.3,1.451,-0.032,-0.189,68.1,0.136,86.4
SIG_OFF,ANY,SHORT,sym_funding,base,TEST,70755,769.08,0.365,-0.0627,1.0,-82227.7,-893.78,0.664,-82956.5,1.456,-0.043,-0.191,66.0,0.11,84.95
SIG_OFF,ANY,SHORT,sym_funding,base,HOLDOUT,26150,435.83,0.348,-0.0838,1.0,-37694.0,-628.23,0.579,-38138.5,1.399,-0.06,-0.195,66.8,0.111,48.23
MOM_OFF,ANY,SHORT,sym_funding,base,TRAIN,127382,692.29,0.328,-0.0415,1.0,-120936.3,-657.26,0.767,-121475.8,1.657,-0.025,-0.201,48.1,0.2,138.22
MOM_OFF,ANY,SHORT,sym_funding,base,VALID,56380,633.48,0.327,-0.0504,1.0,-71325.0,-801.4,0.677,-72259.4,1.451,-0.035,-0.2,48.5,0.21,133.07
MOM_OFF,ANY,SHORT,sym_funding,base,TEST,70755,769.08,0.316,-0.0617,1.0,-86640.0,-941.74,0.677,-87518.2,1.456,-0.042,-0.197,47.8,0.182,139.61
MOM_OFF,ANY,SHORT,sym_funding,base,HOLDOUT,26150,435.83,0.291,-0.0859,1.0,-42053.4,-700.89,0.571,-42053.4,1.399,-0.061,-0.2,45.0,0.171,74.37
FIXED,ANY,SHORT,sym_oi,flat,TRAIN,155052,842.67,0.438,-0.0508,0.98612,-136319.4,-740.87,0.944,-236211.0,1.682,-0.03,-0.793,694.7,0.009,7.93
FIXED,ANY,SHORT,sym_oi,flat,VALID,79668,895.15,0.441,-0.0522,0.95571,-99873.4,-1122.17,0.916,-208306.9,1.467,-0.036,-0.795,712.7,0.009,8.11
FIXED,ANY,SHORT,sym_oi,flat,TEST,84827,922.03,0.438,-0.0757,0.99685,-90667.1,-985.51,0.926,-153141.3,1.492,-0.051,-0.799,692.6,0.009,8.08
FIXED,ANY,SHORT,sym_oi,flat,HOLDOUT,53113,885.22,0.395,-0.1937,1.0,-220881.4,-3681.36,0.74,-248080.7,1.449,-0.134,-0.831,692.5,0.009,8.15
TRAIL_A0.5_D0.5,ANY,SHORT,sym_oi,flat,TRAIN,155052,842.67,0.545,-0.0789,1.0,-231586.3,-1258.62,0.852,-266415.8,1.682,-0.047,-0.581,382.2,0.017,14.26
TRAIL_A0.5_D0.5,ANY,SHORT,sym_oi,flat,VALID,79668,895.15,0.53,-0.1041,1.0,-185240.7,-2081.36,0.761,-223693.7,1.467,-0.071,-0.59,389.2,0.016,14.61
TRAIL_A0.5_D0.5,ANY,SHORT,sym_oi,flat,TEST,84827,922.03,0.534,-0.1051,1.0,-137362.7,-1493.07,0.823,-145101.5,1.492,-0.07,-0.583,366.9,0.016,14.47
TRAIL_A0.5_D0.5,ANY,SHORT,sym_oi,flat,HOLDOUT,53113,885.22,0.494,-0.1953,1.0,-208207.5,-3470.13,0.628,-219260.6,1.449,-0.135,-0.615,372.7,0.016,14.48
TRAIL_A0.5_D1,ANY,SHORT,sym_oi,flat,TRAIN,155052,842.67,0.385,-0.0721,0.99994,-217270.3,-1180.82,0.887,-280098.0,1.682,-0.043,-0.627,528.0,0.012,10.19
TRAIL_A0.5_D1,ANY,SHORT,sym_oi,flat,VALID,79668,895.15,0.385,-0.0705,0.99741,-117663.6,-1322.06,0.877,-197256.2,1.467,-0.048,-0.637,543.2,0.012,10.37
TRAIL_A0.5_D1,ANY,SHORT,sym_oi,flat,TEST,84827,922.03,0.377,-0.1002,0.99999,-142362.6,-1547.42,0.853,-168353.3,1.492,-0.067,-0.633,514.6,0.011,10.11
TRAIL_A0.5_D1,ANY,SHORT,sym_oi,flat,HOLDOUT,53113,885.22,0.332,-0.2082,1.0,-234185.7,-3903.09,0.658,-252153.8,1.449,-0.144,-0.663,518.5,0.012,10.48
TRAIL_A1_D0.5,ANY,SHORT,sym_oi,flat,TRAIN,155052,842.67,0.513,-0.0634,0.99943,-181758.0,-987.82,0.916,-254673.4,1.682,-0.038,-0.728,569.8,0.011,9.68
TRAIL_A1_D0.5,ANY,SHORT,sym_oi,flat,VALID,79668,895.15,0.511,-0.0744,0.99807,-130839.9,-1470.11,0.878,-219451.5,1.467,-0.051,-0.734,586.1,0.011,9.55
TRAIL_A1_D0.5,ANY,SHORT,sym_oi,flat,TEST,84827,922.03,0.512,-0.0903,0.99993,-110498.5,-1201.07,0.898,-157493.8,1.492,-0.061,-0.733,560.0,0.01,9.23
TRAIL_A1_D0.5,ANY,SHORT,sym_oi,flat,HOLDOUT,53113,885.22,0.467,-0.1969,1.0,-220784.2,-3679.74,0.712,-240068.2,1.449,-0.136,-0.769,565.0,0.011,9.72
TRAIL_A1_D1,ANY,SHORT,sym_oi,flat,TRAIN,155052,842.67,0.467,-0.0582,0.99719,-171372.4,-931.37,0.922,-257239.3,1.682,-0.035,-0.731,622.4,0.01,8.76
TRAIL_A1_D1,ANY,SHORT,sym_oi,flat,VALID,79668,895.15,0.463,-0.0581,0.97973,-101543.0,-1140.93,0.905,-201583.1,1.467,-0.04,-0.737,640.1,0.01,8.81
TRAIL_A1_D1,ANY,SHORT,sym_oi,flat,TEST,84827,922.03,0.461,-0.087,0.99968,-114113.1,-1240.36,0.895,-164400.5,1.492,-0.058,-0.736,614.1,0.01,8.88
TRAIL_A1_D1,ANY,SHORT,sym_oi,flat,HOLDOUT,53113,885.22,0.415,-0.2007,1.0,-227404.0,-3790.07,0.705,-250388.4,1.449,-0.138,-0.771,617.8,0.01,8.83
BE0.5_TRAIL,ANY,SHORT,sym_oi,flat,TRAIN,155052,842.67,0.336,-0.072,0.99993,-207181.9,-1125.99,0.872,-290359.0,1.682,-0.043,-0.585,463.5,0.014,11.38
BE0.5_TRAIL,ANY,SHORT,sym_oi,flat,VALID,79668,895.15,0.327,-0.1058,1.0,-187365.6,-2105.23,0.766,-236963.8,1.467,-0.072,-0.594,478.6,0.013,11.84
BE0.5_TRAIL,ANY,SHORT,sym_oi,flat,TEST,84827,922.03,0.329,-0.1205,1.0,-179056.5,-1946.27,0.777,-188731.7,1.492,-0.081,-0.588,444.3,0.013,11.7
BE0.5_TRAIL,ANY,SHORT,sym_oi,flat,HOLDOUT,53113,885.22,0.284,-0.2161,1.0,-236403.9,-3940.07,0.59,-249316.6,1.449,-0.149,-0.619,441.1,0.013,11.6
BE1_TRAIL,ANY,SHORT,sym_oi,flat,TRAIN,155052,842.67,0.372,-0.0534,0.98326,-148606.6,-807.64,0.933,-298730.1,1.682,-0.032,-0.734,682.8,0.009,7.7
BE1_TRAIL,ANY,SHORT,sym_oi,flat,VALID,79668,895.15,0.377,-0.0875,0.99856,-165592.6,-1860.59,0.847,-249693.6,1.467,-0.06,-0.739,707.2,0.009,7.89
BE1_TRAIL,ANY,SHORT,sym_oi,flat,TEST,84827,922.03,0.366,-0.1148,0.99999,-163988.5,-1782.48,0.851,-208641.6,1.492,-0.077,-0.738,669.5,0.009,8.02
BE1_TRAIL,ANY,SHORT,sym_oi,flat,HOLDOUT,53113,885.22,0.327,-0.2308,1.0,-253813.8,-4230.23,0.674,-274872.9,1.449,-0.159,-0.773,664.4,0.009,7.87
ATR_TRAIL2,ANY,SHORT,sym_oi,flat,TRAIN,155052,842.67,0.299,-0.1021,1.0,-323557.3,-1758.46,0.686,-325486.3,1.682,-0.061,-0.293,128.2,0.05,41.89
ATR_TRAIL2,ANY,SHORT,sym_oi,flat,VALID,79668,895.15,0.293,-0.1256,1.0,-222510.5,-2500.12,0.567,-225912.7,1.467,-0.086,-0.299,130.7,0.047,41.74
ATR_TRAIL2,ANY,SHORT,sym_oi,flat,TEST,84827,922.03,0.301,-0.1282,1.0,-185148.1,-2012.48,0.641,-186099.6,1.492,-0.086,-0.294,126.2,0.046,42.5
ATR_TRAIL2,ANY,SHORT,sym_oi,flat,HOLDOUT,53113,885.22,0.27,-0.1791,1.0,-167628.1,-2793.8,0.514,-171812.5,1.449,-0.124,-0.298,120.7,0.051,44.8
ATR_TRAIL3,ANY,SHORT,sym_oi,flat,TRAIN,155052,842.67,0.319,-0.0748,0.99927,-199288.4,-1083.09,0.853,-226928.5,1.682,-0.044,-0.406,262.3,0.025,21.0
ATR_TRAIL3,ANY,SHORT,sym_oi,flat,VALID,79668,895.15,0.317,-0.122,1.0,-206892.9,-2324.64,0.687,-231397.1,1.467,-0.083,-0.413,272.7,0.023,20.71
ATR_TRAIL3,ANY,SHORT,sym_oi,flat,TEST,84827,922.03,0.321,-0.1395,1.0,-208920.7,-2270.88,0.688,-210792.1,1.492,-0.093,-0.408,253.0,0.023,21.29
ATR_TRAIL3,ANY,SHORT,sym_oi,flat,HOLDOUT,53113,885.22,0.281,-0.2059,1.0,-204635.2,-3410.59,0.55,-213427.5,1.449,-0.142,-0.415,240.8,0.026,22.58
ATR_TRAIL4,ANY,SHORT,sym_oi,flat,TRAIN,155052,842.67,0.33,-0.0543,0.9517,-143856.2,-781.83,0.913,-261621.7,1.682,-0.032,-0.512,419.1,0.016,13.33
ATR_TRAIL4,ANY,SHORT,sym_oi,flat,VALID,79668,895.15,0.328,-0.1125,1.0,-179508.5,-2016.95,0.777,-260178.9,1.467,-0.077,-0.518,436.2,0.015,13.26
ATR_TRAIL4,ANY,SHORT,sym_oi,flat,TEST,84827,922.03,0.327,-0.1488,1.0,-233219.2,-2534.99,0.715,-239180.6,1.492,-0.1,-0.516,405.3,0.014,13.25
ATR_TRAIL4,ANY,SHORT,sym_oi,flat,HOLDOUT,53113,885.22,0.289,-0.2334,1.0,-240724.6,-4012.08,0.57,-251671.5,1.449,-0.161,-0.528,384.8,0.016,14.13
MFE_LOCK0.3,ANY,SHORT,sym_oi,flat,TRAIN,155052,842.67,0.513,-0.0622,0.99895,-170507.7,-926.67,0.922,-263259.3,1.682,-0.037,-0.728,567.2,0.011,9.55
MFE_LOCK0.3,ANY,SHORT,sym_oi,flat,VALID,79668,895.15,0.511,-0.0863,0.99968,-154885.8,-1740.29,0.855,-234626.2,1.467,-0.059,-0.734,583.9,0.01,9.28
MFE_LOCK0.3,ANY,SHORT,sym_oi,flat,TEST,84827,922.03,0.513,-0.1036,1.0,-130147.0,-1414.64,0.88,-164657.1,1.492,-0.069,-0.733,554.9,0.011,9.71
MFE_LOCK0.3,ANY,SHORT,sym_oi,flat,HOLDOUT,53113,885.22,0.468,-0.2052,1.0,-217606.7,-3626.78,0.716,-235989.1,1.449,-0.142,-0.769,558.6,0.011,9.77
MFE_LOCK0.5,ANY,SHORT,sym_oi,flat,TRAIN,155052,842.67,0.512,-0.0483,0.97148,-127530.6,-693.1,0.941,-234703.9,1.682,-0.029,-0.73,648.5,0.01,8.07
MFE_LOCK0.5,ANY,SHORT,sym_oi,flat,VALID,79668,895.15,0.511,-0.0914,0.99954,-166224.4,-1867.69,0.844,-238006.8,1.467,-0.062,-0.736,668.4,0.009,8.42
MFE_LOCK0.5,ANY,SHORT,sym_oi,flat,TEST,84827,922.03,0.511,-0.1272,1.0,-181936.1,-1977.57,0.832,-205156.5,1.492,-0.085,-0.733,629.9,0.009,8.27
MFE_LOCK0.5,ANY,SHORT,sym_oi,flat,HOLDOUT,53113,885.22,0.466,-0.2403,1.0,-261617.7,-4360.29,0.659,-279627.3,1.449,-0.166,-0.769,618.0,0.009,8.25
NOTP_TRAIL0.5,ANY,SHORT,sym_oi,flat,TRAIN,155052,842.67,0.306,-0.1025,1.0,-322052.7,-1750.29,0.701,-332907.2,1.682,-0.061,-0.304,157.2,0.041,34.34
NOTP_TRAIL0.5,ANY,SHORT,sym_oi,flat,VALID,79668,895.15,0.295,-0.1233,1.0,-218662.9,-2456.89,0.596,-221450.0,1.467,-0.084,-0.311,159.6,0.037,33.33
NOTP_TRAIL0.5,ANY,SHORT,sym_oi,flat,TEST,84827,922.03,0.304,-0.1206,1.0,-171295.2,-1861.9,0.682,-171570.3,1.492,-0.081,-0.305,153.1,0.036,33.32
NOTP_TRAIL0.5,ANY,SHORT,sym_oi,flat,HOLDOUT,53113,885.22,0.271,-0.1769,1.0,-167951.6,-2799.19,0.54,-170828.1,1.449,-0.122,-0.311,151.3,0.039,34.17
NOTP_TRAIL1,ANY,SHORT,sym_oi,flat,TRAIN,155052,842.67,0.352,-0.0729,0.99934,-207994.6,-1130.41,0.886,-295271.1,1.682,-0.043,-0.561,526.3,0.012,9.7
NOTP_TRAIL1,ANY,SHORT,sym_oi,flat,VALID,79668,895.15,0.352,-0.0924,0.99987,-154778.2,-1739.08,0.828,-233316.4,1.467,-0.063,-0.569,550.1,0.012,10.79
NOTP_TRAIL1,ANY,SHORT,sym_oi,flat,TEST,84827,922.03,0.345,-0.1341,1.0,-206776.4,-2247.57,0.773,-219508.2,1.492,-0.09,-0.564,510.3,0.01,9.65
NOTP_TRAIL1,ANY,SHORT,sym_oi,flat,HOLDOUT,53113,885.22,0.3,-0.2348,1.0,-250754.8,-4179.25,0.607,-266621.5,1.449,-0.162,-0.585,498.7,0.012,10.22
NOTP_TRAIL1.5,ANY,SHORT,sym_oi,flat,TRAIN,155052,842.67,0.369,-0.0372,0.87375,-81485.8,-442.86,0.965,-272405.7,1.682,-0.022,-0.725,779.0,0.008,6.86
NOTP_TRAIL1.5,ANY,SHORT,sym_oi,flat,VALID,79668,895.15,0.374,-0.0767,0.98478,-126091.5,-1416.76,0.888,-250088.2,1.467,-0.052,-0.73,802.5,0.008,6.72
NOTP_TRAIL1.5,ANY,SHORT,sym_oi,flat,TEST,84827,922.03,0.363,-0.1372,1.0,-207882.6,-2259.59,0.82,-236262.9,1.492,-0.092,-0.729,768.6,0.007,6.86
NOTP_TRAIL1.5,ANY,SHORT,sym_oi,flat,HOLDOUT,53113,885.22,0.326,-0.251,1.0,-267788.4,-4463.14,0.666,-296495.0,1.449,-0.173,-0.761,749.3,0.008,7.13
TIME15m,ANY,SHORT,sym_oi,flat,TRAIN,155052,842.67,0.378,-0.0505,1.0,-168935.5,-918.13,0.587,-169619.3,1.682,-0.03,-0.147,15.0,0.345,290.3
TIME15m,ANY,SHORT,sym_oi,flat,VALID,79668,895.15,0.363,-0.0537,1.0,-90534.2,-1017.24,0.55,-90602.4,1.467,-0.037,-0.146,15.0,0.347,310.98
TIME15m,ANY,SHORT,sym_oi,flat,TEST,84827,922.03,0.365,-0.0587,1.0,-86132.0,-936.22,0.573,-86150.0,1.492,-0.039,-0.142,15.0,0.347,319.61
TIME15m,ANY,SHORT,sym_oi,flat,HOLDOUT,53113,885.22,0.355,-0.0669,1.0,-59779.6,-996.33,0.55,-59864.5,1.449,-0.046,-0.145,15.0,0.368,325.83
TIME30m,ANY,SHORT,sym_oi,flat,TRAIN,155052,842.67,0.411,-0.0496,1.0,-167282.5,-909.14,0.687,-168128.5,1.682,-0.029,-0.208,29.9,0.201,169.69
TIME30m,ANY,SHORT,sym_oi,flat,VALID,79668,895.15,0.398,-0.0552,1.0,-96279.7,-1081.79,0.63,-96743.0,1.467,-0.038,-0.208,29.9,0.197,176.01
TIME30m,ANY,SHORT,sym_oi,flat,TEST,84827,922.03,0.4,-0.0593,1.0,-85371.8,-927.95,0.669,-85447.6,1.492,-0.04,-0.201,29.9,0.193,178.07
TIME30m,ANY,SHORT,sym_oi,flat,HOLDOUT,53113,885.22,0.382,-0.0781,1.0,-74972.3,-1249.54,0.579,-75097.2,1.449,-0.054,-0.211,29.9,0.202,178.87
TIME1h,ANY,SHORT,sym_oi,flat,TRAIN,155052,842.67,0.436,-0.0487,1.0,-167140.6,-908.37,0.762,-169186.8,1.682,-0.029,-0.289,59.1,0.109,91.5
TIME1h,ANY,SHORT,sym_oi,flat,VALID,79668,895.15,0.432,-0.0544,1.0,-92758.0,-1042.22,0.724,-93481.1,1.467,-0.037,-0.288,59.2,0.104,93.15
TIME1h,ANY,SHORT,sym_oi,flat,TEST,84827,922.03,0.435,-0.0581,1.0,-83581.1,-908.49,0.759,-84774.0,1.492,-0.039,-0.284,59.2,0.101,93.54
TIME1h,ANY,SHORT,sym_oi,flat,HOLDOUT,53113,885.22,0.406,-0.087,1.0,-86137.7,-1435.63,0.636,-86810.0,1.449,-0.06,-0.297,59.1,0.106,93.48
TIME2h,ANY,SHORT,sym_oi,flat,TRAIN,155052,842.67,0.454,-0.0495,1.0,-165129.4,-897.44,0.826,-169784.6,1.682,-0.029,-0.396,115.0,0.057,48.32
TIME2h,ANY,SHORT,sym_oi,flat,VALID,79668,895.15,0.452,-0.059,1.0,-104762.5,-1177.11,0.769,-112812.1,1.467,-0.04,-0.394,115.5,0.054,48.47
TIME2h,ANY,SHORT,sym_oi,flat,TEST,84827,922.03,0.45,-0.065,1.0,-89531.6,-973.17,0.812,-92017.9,1.492,-0.044,-0.394,115.0,0.053,48.9
TIME2h,ANY,SHORT,sym_oi,flat,HOLDOUT,53113,885.22,0.427,-0.1047,1.0,-101786.1,-1696.44,0.68,-105194.6,1.449,-0.072,-0.409,114.8,0.055,48.85
TIME4h,ANY,SHORT,sym_oi,flat,TRAIN,155052,842.67,0.467,-0.0498,0.99959,-163843.0,-890.45,0.872,-176718.2,1.682,-0.03,-0.517,214.8,0.031,26.15
TIME4h,ANY,SHORT,sym_oi,flat,VALID,79668,895.15,0.469,-0.0573,0.99921,-107928.5,-1212.68,0.825,-131947.9,1.467,-0.039,-0.517,216.8,0.029,26.4
TIME4h,ANY,SHORT,sym_oi,flat,TEST,84827,922.03,0.471,-0.0674,0.99994,-88468.4,-961.61,0.861,-99553.7,1.492,-0.045,-0.522,214.2,0.029,26.55
TIME4h,ANY,SHORT,sym_oi,flat,HOLDOUT,53113,885.22,0.437,-0.1307,1.0,-128005.7,-2133.43,0.706,-137206.4,1.449,-0.09,-0.543,214.2,0.03,26.4
SIG_OFF,ANY,SHORT,sym_oi,flat,TRAIN,155052,842.67,0.371,-0.0461,1.0,-142916.6,-776.72,0.732,-148607.3,1.682,-0.027,-0.191,63.5,0.1,84.06
SIG_OFF,ANY,SHORT,sym_oi,flat,VALID,79668,895.15,0.358,-0.0517,1.0,-89019.9,-1000.22,0.658,-91342.6,1.467,-0.035,-0.19,66.5,0.097,86.57
SIG_OFF,ANY,SHORT,sym_oi,flat,TEST,84827,922.03,0.358,-0.0644,1.0,-95481.7,-1037.84,0.647,-95888.1,1.492,-0.043,-0.191,66.5,0.094,86.99
SIG_OFF,ANY,SHORT,sym_oi,flat,HOLDOUT,53113,885.22,0.348,-0.0809,1.0,-76756.8,-1279.28,0.577,-79181.7,1.449,-0.056,-0.195,66.9,0.095,84.47
MOM_OFF,ANY,SHORT,sym_oi,flat,TRAIN,155052,842.67,0.32,-0.0449,1.0,-150985.9,-820.58,0.745,-151076.4,1.682,-0.027,-0.201,48.3,0.167,140.43
MOM_OFF,ANY,SHORT,sym_oi,flat,VALID,79668,895.15,0.313,-0.0572,1.0,-106696.0,-1198.83,0.628,-107582.2,1.467,-0.039,-0.202,48.5,0.155,138.92
MOM_OFF,ANY,SHORT,sym_oi,flat,TEST,84827,922.03,0.309,-0.0634,1.0,-97907.3,-1064.21,0.665,-97912.3,1.492,-0.042,-0.197,48.1,0.153,141.26
MOM_OFF,ANY,SHORT,sym_oi,flat,HOLDOUT,53113,885.22,0.29,-0.0918,1.0,-96116.2,-1601.94,0.513,-96201.3,1.449,-0.063,-0.201,45.1,0.164,145.05
FIXED,BRK_4H,LONG,ALL,ALL,TRAIN,81071,440.6,0.402,-0.1252,1.0,-231061.9,-1255.77,0.843,-274527.4,1.716,-0.073,-0.816,651.1,0.02,8.93
FIXED,BRK_4H,LONG,ALL,ALL,VALID,39484,443.64,0.404,-0.1015,0.99891,-84050.6,-944.39,0.879,-90135.9,1.789,-0.057,-0.808,631.1,0.021,9.31
FIXED,BRK_4H,LONG,ALL,ALL,TEST,41563,451.77,0.385,-0.1703,1.0,-145272.8,-1579.05,0.802,-171149.1,1.662,-0.102,-0.834,638.0,0.02,8.91
FIXED,BRK_4H,LONG,ALL,ALL,HOLDOUT,29610,493.5,0.451,-0.0071,0.57335,48091.5,801.52,1.098,-51089.9,2.157,-0.003,-0.82,610.6,0.019,9.25
TRAIL_A0.5_D0.5,BRK_4H,LONG,ALL,ALL,TRAIN,81071,440.6,0.512,-0.1463,1.0,-262099.6,-1424.45,0.727,-276025.6,1.716,-0.085,-0.613,362.9,0.039,17.18
TRAIL_A0.5_D0.5,BRK_4H,LONG,ALL,ALL,VALID,39484,443.64,0.52,-0.1237,1.0,-98019.1,-1101.34,0.78,-99287.7,1.789,-0.069,-0.603,340.4,0.038,17.06
TRAIL_A0.5_D0.5,BRK_4H,LONG,ALL,ALL,TEST,41563,451.77,0.496,-0.1731,1.0,-148084.3,-1609.61,0.689,-153817.6,1.662,-0.104,-0.617,342.4,0.038,17.2
TRAIL_A0.5_D0.5,BRK_4H,LONG,ALL,ALL,HOLDOUT,29610,493.5,0.534,-0.0965,0.99999,-27768.5,-462.81,0.912,-44606.0,2.157,-0.045,-0.598,318.7,0.036,17.62
TRAIL_A0.5_D1,BRK_4H,LONG,ALL,ALL,TRAIN,81071,440.6,0.356,-0.1373,1.0,-254408.8,-1382.66,0.783,-279595.7,1.716,-0.08,-0.656,488.2,0.029,12.74
TRAIL_A0.5_D1,BRK_4H,LONG,ALL,ALL,VALID,39484,443.64,0.36,-0.1119,0.99997,-95684.5,-1075.11,0.824,-96750.6,1.789,-0.063,-0.645,450.7,0.03,13.21
TRAIL_A0.5_D1,BRK_4H,LONG,ALL,ALL,TEST,41563,451.77,0.34,-0.1738,1.0,-149707.9,-1627.26,0.742,-160767.9,1.662,-0.105,-0.662,457.2,0.029,12.9
TRAIL_A0.5_D1,BRK_4H,LONG,ALL,ALL,HOLDOUT,29610,493.5,0.385,-0.0687,0.9889,-5142.8,-85.71,0.987,-52150.7,2.157,-0.032,-0.647,429.1,0.027,13.22
TRAIL_A1_D0.5,BRK_4H,LONG,ALL,ALL,TRAIN,81071,440.6,0.477,-0.1379,1.0,-250499.4,-1361.41,0.81,-280470.2,1.716,-0.08,-0.756,540.1,0.025,10.85
TRAIL_A1_D0.5,BRK_4H,LONG,ALL,ALL,VALID,39484,443.64,0.483,-0.1186,0.99999,-96375.6,-1082.87,0.843,-97548.9,1.789,-0.066,-0.748,514.4,0.026,11.7
TRAIL_A1_D0.5,BRK_4H,LONG,ALL,ALL,TEST,41563,451.77,0.463,-0.1758,1.0,-152693.8,-1659.72,0.767,-170088.2,1.662,-0.106,-0.768,522.5,0.024,10.89
TRAIL_A1_D0.5,BRK_4H,LONG,ALL,ALL,HOLDOUT,29610,493.5,0.52,-0.0522,0.95264,14405.5,240.09,1.033,-49315.4,2.157,-0.024,-0.751,493.9,0.024,11.85
TRAIL_A1_D1,BRK_4H,LONG,ALL,ALL,TRAIN,81071,440.6,0.432,-0.1317,1.0,-243412.1,-1322.89,0.816,-276861.7,1.716,-0.077,-0.758,581.6,0.024,10.43
TRAIL_A1_D1,BRK_4H,LONG,ALL,ALL,VALID,39484,443.64,0.436,-0.1072,0.99975,-89414.7,-1004.66,0.855,-90650.2,1.789,-0.06,-0.749,551.8,0.024,10.44
TRAIL_A1_D1,BRK_4H,LONG,ALL,ALL,TEST,41563,451.77,0.415,-0.1743,1.0,-151198.8,-1643.47,0.77,-170451.6,1.662,-0.105,-0.77,560.4,0.024,10.63
TRAIL_A1_D1,BRK_4H,LONG,ALL,ALL,HOLDOUT,29610,493.5,0.472,-0.0378,0.86654,22838.6,380.64,1.052,-52404.7,2.157,-0.018,-0.755,531.4,0.022,10.67
BE0.5_TRAIL,BRK_4H,LONG,ALL,ALL,TRAIN,81071,440.6,0.307,-0.1462,1.0,-255462.7,-1388.38,0.742,-277241.0,1.716,-0.085,-0.616,421.1,0.034,15.1
BE0.5_TRAIL,BRK_4H,LONG,ALL,ALL,VALID,39484,443.64,0.314,-0.12,1.0,-98542.4,-1107.22,0.785,-99262.5,1.789,-0.067,-0.606,390.3,0.035,15.48
BE0.5_TRAIL,BRK_4H,LONG,ALL,ALL,TEST,41563,451.77,0.296,-0.1817,1.0,-154389.4,-1678.15,0.685,-160659.5,1.662,-0.109,-0.621,389.8,0.033,14.73
BE0.5_TRAIL,BRK_4H,LONG,ALL,ALL,HOLDOUT,29610,493.5,0.327,-0.0814,0.99842,-17750.5,-295.84,0.945,-47939.2,2.157,-0.038,-0.603,365.7,0.032,15.6
BE1_TRAIL,BRK_4H,LONG,ALL,ALL,TRAIN,81071,440.6,0.343,-0.1376,1.0,-238335.6,-1295.3,0.822,-275095.0,1.716,-0.08,-0.76,624.9,0.022,9.77
BE1_TRAIL,BRK_4H,LONG,ALL,ALL,VALID,39484,443.64,0.346,-0.112,0.99944,-91980.6,-1033.49,0.853,-97669.9,1.789,-0.063,-0.75,593.1,0.023,10.08
BE1_TRAIL,BRK_4H,LONG,ALL,ALL,TEST,41563,451.77,0.324,-0.1937,1.0,-164317.2,-1786.06,0.753,-184438.1,1.662,-0.117,-0.772,597.5,0.022,10.08
BE1_TRAIL,BRK_4H,LONG,ALL,ALL,HOLDOUT,29610,493.5,0.378,-0.0231,0.72378,37999.6,633.33,1.086,-50505.2,2.157,-0.011,-0.759,573.3,0.019,9.52
ATR_TRAIL2,BRK_4H,LONG,ALL,ALL,TRAIN,81071,440.6,0.277,-0.1323,1.0,-222754.0,-1210.62,0.638,-222861.8,1.716,-0.077,-0.302,114.2,0.111,49.12
ATR_TRAIL2,BRK_4H,LONG,ALL,ALL,VALID,39484,443.64,0.277,-0.1223,1.0,-101054.8,-1135.45,0.658,-101484.7,1.789,-0.068,-0.309,105.4,0.12,53.04
ATR_TRAIL2,BRK_4H,LONG,ALL,ALL,TEST,41563,451.77,0.261,-0.1627,1.0,-131378.7,-1428.03,0.576,-131470.4,1.662,-0.098,-0.308,104.2,0.118,53.33
ATR_TRAIL2,BRK_4H,LONG,ALL,ALL,HOLDOUT,29610,493.5,0.286,-0.1274,1.0,-60423.9,-1007.07,0.728,-60528.2,2.157,-0.059,-0.31,101.5,0.108,53.12
ATR_TRAIL3,BRK_4H,LONG,ALL,ALL,TRAIN,81071,440.6,0.292,-0.1301,1.0,-233085.9,-1266.77,0.714,-234761.5,1.716,-0.076,-0.422,236.5,0.058,25.41
ATR_TRAIL3,BRK_4H,LONG,ALL,ALL,VALID,39484,443.64,0.288,-0.121,1.0,-108105.9,-1214.67,0.728,-108679.0,1.789,-0.068,-0.432,226.3,0.059,26.38
ATR_TRAIL3,BRK_4H,LONG,ALL,ALL,TEST,41563,451.77,0.27,-0.1794,1.0,-147085.4,-1598.75,0.649,-147185.3,1.662,-0.108,-0.433,222.5,0.057,25.83
ATR_TRAIL3,BRK_4H,LONG,ALL,ALL,HOLDOUT,29610,493.5,0.297,-0.1159,1.0,-53332.6,-888.88,0.821,-54219.7,2.157,-0.054,-0.434,217.9,0.052,25.8
ATR_TRAIL4,BRK_4H,LONG,ALL,ALL,TRAIN,81071,440.6,0.3,-0.1258,1.0,-238774.0,-1297.69,0.762,-249415.5,1.716,-0.073,-0.537,384.7,0.036,15.85
ATR_TRAIL4,BRK_4H,LONG,ALL,ALL,VALID,39484,443.64,0.303,-0.1003,0.99915,-88294.1,-992.07,0.818,-88766.7,1.789,-0.056,-0.544,379.6,0.036,15.93
ATR_TRAIL4,BRK_4H,LONG,ALL,ALL,TEST,41563,451.77,0.275,-0.1947,1.0,-156606.7,-1702.25,0.697,-163743.6,1.662,-0.117,-0.552,369.2,0.035,15.96
ATR_TRAIL4,BRK_4H,LONG,ALL,ALL,HOLDOUT,29610,493.5,0.31,-0.0565,0.94115,-7207.3,-120.12,0.98,-47732.2,2.157,-0.026,-0.556,374.8,0.032,15.87
MFE_LOCK0.3,BRK_4H,LONG,ALL,ALL,TRAIN,81071,440.6,0.477,-0.1332,1.0,-229066.2,-1244.93,0.826,-259264.3,1.716,-0.078,-0.756,539.4,0.025,10.95
MFE_LOCK0.3,BRK_4H,LONG,ALL,ALL,VALID,39484,443.64,0.483,-0.122,0.99999,-97457.0,-1095.02,0.842,-98780.1,1.789,-0.068,-0.748,512.9,0.026,11.61
MFE_LOCK0.3,BRK_4H,LONG,ALL,ALL,TEST,41563,451.77,0.463,-0.1816,1.0,-151009.8,-1641.41,0.77,-166890.1,1.662,-0.109,-0.769,520.3,0.025,11.33
MFE_LOCK0.3,BRK_4H,LONG,ALL,ALL,HOLDOUT,29610,493.5,0.519,-0.048,0.93232,19999.6,333.33,1.046,-45741.4,2.157,-0.022,-0.751,493.8,0.022,11.1
MFE_LOCK0.5,BRK_4H,LONG,ALL,ALL,TRAIN,81071,440.6,0.476,-0.1329,1.0,-241377.0,-1311.83,0.817,-273475.2,1.716,-0.077,-0.757,596.8,0.023,10.04
MFE_LOCK0.5,BRK_4H,LONG,ALL,ALL,VALID,39484,443.64,0.482,-0.1375,1.0,-121180.6,-1361.58,0.803,-122089.0,1.789,-0.077,-0.748,568.6,0.024,10.65
MFE_LOCK0.5,BRK_4H,LONG,ALL,ALL,TEST,41563,451.77,0.462,-0.1957,1.0,-161374.0,-1754.07,0.754,-175229.6,1.662,-0.118,-0.769,568.7,0.022,10.16
MFE_LOCK0.5,BRK_4H,LONG,ALL,ALL,HOLDOUT,29610,493.5,0.518,-0.028,0.75659,23911.9,398.53,1.055,-48168.5,2.157,-0.013,-0.754,553.0,0.021,10.3
NOTP_TRAIL0.5,BRK_4H,LONG,ALL,ALL,TRAIN,81071,440.6,0.278,-0.1376,1.0,-240239.7,-1305.65,0.622,-241820.0,1.716,-0.08,-0.309,133.4,0.106,46.77
NOTP_TRAIL0.5,BRK_4H,LONG,ALL,ALL,VALID,39484,443.64,0.288,-0.1236,1.0,-99910.3,-1122.59,0.664,-100117.9,1.789,-0.069,-0.31,113.1,0.116,51.4
NOTP_TRAIL0.5,BRK_4H,LONG,ALL,ALL,TEST,41563,451.77,0.27,-0.1652,1.0,-136022.7,-1478.51,0.566,-136160.5,1.662,-0.099,-0.311,111.7,0.117,52.93
NOTP_TRAIL0.5,BRK_4H,LONG,ALL,ALL,HOLDOUT,29610,493.5,0.295,-0.1234,1.0,-53741.1,-895.68,0.757,-53749.1,2.157,-0.057,-0.309,105.8,0.108,53.52
NOTP_TRAIL1,BRK_4H,LONG,ALL,ALL,TRAIN,81071,440.6,0.324,-0.1373,1.0,-249613.1,-1356.59,0.772,-273902.6,1.716,-0.08,-0.582,464.0,0.031,13.84
NOTP_TRAIL1,BRK_4H,LONG,ALL,ALL,VALID,39484,443.64,0.329,-0.1146,0.99993,-101149.5,-1136.51,0.801,-102249.3,1.789,-0.064,-0.572,423.7,0.032,14.39
NOTP_TRAIL1,BRK_4H,LONG,ALL,ALL,TEST,41563,451.77,0.308,-0.1913,1.0,-160084.6,-1740.05,0.707,-166708.6,1.662,-0.115,-0.586,420.0,0.032,14.67
NOTP_TRAIL1,BRK_4H,LONG,ALL,ALL,HOLDOUT,29610,493.5,0.349,-0.0697,0.98403,-8742.1,-145.7,0.977,-49076.8,2.157,-0.032,-0.575,399.2,0.031,15.15
NOTP_TRAIL1.5,BRK_4H,LONG,ALL,ALL,TRAIN,81071,440.6,0.341,-0.122,0.99999,-210199.6,-1142.39,0.847,-250376.8,1.716,-0.071,-0.748,705.1,0.019,8.59
NOTP_TRAIL1.5,BRK_4H,LONG,ALL,ALL,VALID,39484,443.64,0.34,-0.1152,0.99883,-101862.8,-1144.53,0.843,-106333.4,1.789,-0.064,-0.737,681.9,0.02,8.66
NOTP_TRAIL1.5,BRK_4H,LONG,ALL,ALL,TEST,41563,451.77,0.32,-0.203,1.0,-173697.0,-1888.01,0.748,-190143.5,1.662,-0.122,-0.759,672.7,0.019,8.52
NOTP_TRAIL1.5,BRK_4H,LONG,ALL,ALL,HOLDOUT,29610,493.5,0.377,0.0242,0.31352,78626.6,1310.44,1.17,-40960.2,2.157,0.011,-0.757,667.6,0.017,8.32
TIME15m,BRK_4H,LONG,ALL,ALL,TRAIN,81071,440.6,0.363,-0.0519,1.0,-87945.8,-477.97,0.65,-88135.3,1.716,-0.03,-0.159,15.0,0.413,181.82
TIME15m,BRK_4H,LONG,ALL,ALL,VALID,39484,443.64,0.349,-0.0582,1.0,-48497.2,-544.91,0.615,-48533.5,1.789,-0.033,-0.167,15.0,0.444,196.93
TIME15m,BRK_4H,LONG,ALL,ALL,TEST,41563,451.77,0.36,-0.0585,1.0,-44184.6,-480.27,0.639,-44226.0,1.662,-0.035,-0.157,15.0,0.473,213.6
TIME15m,BRK_4H,LONG,ALL,ALL,HOLDOUT,29610,493.5,0.367,-0.0559,1.0,-25416.4,-423.61,0.723,-25520.8,2.157,-0.026,-0.161,15.0,0.481,237.58
TIME30m,BRK_4H,LONG,ALL,ALL,TRAIN,81071,440.6,0.386,-0.0512,1.0,-81163.0,-441.1,0.752,-81337.5,1.716,-0.03,-0.221,29.9,0.285,125.73
TIME30m,BRK_4H,LONG,ALL,ALL,VALID,39484,443.64,0.38,-0.0564,1.0,-49703.3,-558.46,0.697,-50134.4,1.789,-0.032,-0.231,29.8,0.303,134.56
TIME30m,BRK_4H,LONG,ALL,ALL,TEST,41563,451.77,0.383,-0.0616,1.0,-49418.0,-537.15,0.696,-49588.5,1.662,-0.037,-0.222,29.9,0.314,142.07
TIME30m,BRK_4H,LONG,ALL,ALL,HOLDOUT,29610,493.5,0.386,-0.0583,1.0,-25404.5,-423.41,0.792,-25695.5,2.157,-0.027,-0.228,29.8,0.304,150.23
TIME1h,BRK_4H,LONG,ALL,ALL,TRAIN,81071,440.6,0.404,-0.0555,1.0,-82355.7,-447.59,0.811,-82429.2,1.716,-0.032,-0.306,59.1,0.178,78.38
TIME1h,BRK_4H,LONG,ALL,ALL,VALID,39484,443.64,0.4,-0.0571,1.0,-49909.1,-560.78,0.77,-50488.6,1.789,-0.032,-0.317,59.1,0.185,81.87
TIME1h,BRK_4H,LONG,ALL,ALL,TEST,41563,451.77,0.397,-0.0676,1.0,-56164.0,-610.48,0.744,-57069.0,1.662,-0.041,-0.31,59.1,0.186,84.1
TIME1h,BRK_4H,LONG,ALL,ALL,HOLDOUT,29610,493.5,0.406,-0.0562,1.0,-23793.9,-396.57,0.854,-24261.6,2.157,-0.026,-0.32,58.9,0.175,86.18
TIME2h,BRK_4H,LONG,ALL,ALL,TRAIN,81071,440.6,0.419,-0.0646,1.0,-96148.4,-522.55,0.836,-97263.1,1.716,-0.038,-0.417,114.7,0.103,45.21
TIME2h,BRK_4H,LONG,ALL,ALL,VALID,39484,443.64,0.406,-0.0625,0.99996,-54156.1,-608.5,0.815,-55321.2,1.789,-0.035,-0.429,114.6,0.104,46.24
TIME2h,BRK_4H,LONG,ALL,ALL,TEST,41563,451.77,0.407,-0.08,1.0,-66050.2,-717.94,0.778,-68884.7,1.662,-0.048,-0.423,114.6,0.104,46.86
TIME2h,BRK_4H,LONG,ALL,ALL,HOLDOUT,29610,493.5,0.43,-0.0506,0.99891,-18460.2,-307.67,0.915,-23020.2,2.157,-0.023,-0.437,113.5,0.096,47.15
TIME4h,BRK_4H,LONG,ALL,ALL,TRAIN,81071,440.6,0.434,-0.0699,1.0,-101392.3,-551.05,0.871,-107877.4,1.716,-0.041,-0.542,212.1,0.059,25.95
TIME4h,BRK_4H,LONG,ALL,ALL,VALID,39484,443.64,0.428,-0.0546,0.99147,-40021.6,-449.68,0.894,-42692.3,1.789,-0.031,-0.553,211.0,0.06,26.43
TIME4h,BRK_4H,LONG,ALL,ALL,TEST,41563,451.77,0.404,-0.105,1.0,-83931.2,-912.3,0.791,-90681.3,1.662,-0.063,-0.555,211.6,0.059,26.62
TIME4h,BRK_4H,LONG,ALL,ALL,HOLDOUT,29610,493.5,0.439,-0.0541,0.98912,-15220.2,-253.67,0.948,-34835.4,2.157,-0.025,-0.569,208.0,0.055,26.9
SIG_OFF,BRK_4H,LONG,ALL,ALL,TRAIN,81071,440.6,0.351,-0.0511,1.0,-84877.7,-461.29,0.665,-85024.9,1.716,-0.03,-0.16,15.9,0.402,176.92
SIG_OFF,BRK_4H,LONG,ALL,ALL,VALID,39484,443.64,0.341,-0.0585,1.0,-49209.1,-552.91,0.612,-49244.2,1.789,-0.033,-0.167,15.7,0.433,192.19
SIG_OFF,BRK_4H,LONG,ALL,ALL,TEST,41563,451.77,0.35,-0.0589,1.0,-44997.0,-489.1,0.635,-45004.3,1.662,-0.035,-0.158,15.8,0.46,207.95
SIG_OFF,BRK_4H,LONG,ALL,ALL,HOLDOUT,29610,493.5,0.357,-0.0556,1.0,-25489.7,-424.83,0.726,-25594.4,2.157,-0.026,-0.161,15.8,0.466,229.85
MOM_OFF,BRK_4H,LONG,ALL,ALL,TRAIN,81071,440.6,0.293,-0.0531,1.0,-75313.9,-409.31,0.826,-75391.7,1.716,-0.031,-0.252,63.1,0.163,71.76
MOM_OFF,BRK_4H,LONG,ALL,ALL,VALID,39484,443.64,0.288,-0.0542,0.99998,-48515.5,-545.12,0.775,-50016.0,1.789,-0.03,-0.264,63.0,0.169,75.09
MOM_OFF,BRK_4H,LONG,ALL,ALL,TEST,41563,451.77,0.284,-0.0704,1.0,-61772.5,-671.44,0.715,-63474.8,1.662,-0.042,-0.256,62.1,0.173,78.17
MOM_OFF,BRK_4H,LONG,ALL,ALL,HOLDOUT,29610,493.5,0.297,-0.0479,0.99987,-22967.2,-382.79,0.862,-23342.7,2.157,-0.022,-0.267,63.9,0.162,80.12
FIXED,ANY,LONG,ALL,ALL,TRAIN,183739,998.58,0.408,-0.114,1.0,-460731.0,-2503.97,0.864,-572420.9,1.607,-0.071,-0.814,699.0,0.008,8.24
FIXED,ANY,LONG,ALL,ALL,VALID,92105,1034.89,0.415,-0.0862,0.99914,-163974.7,-1842.41,0.9,-204359.8,1.668,-0.052,-0.795,697.8,0.008,8.09
FIXED,ANY,LONG,ALL,ALL,TEST,94655,1028.86,0.403,-0.1317,1.0,-258087.7,-2805.3,0.845,-327464.4,1.57,-0.084,-0.819,693.7,0.009,8.9
FIXED,ANY,LONG,ALL,ALL,HOLDOUT,63044,1050.73,0.454,-0.0053,0.56565,94725.1,1578.75,1.089,-101081.0,1.967,-0.003,-0.805,683.7,0.008,7.98
TRAIL_A0.5_D0.5,ANY,LONG,ALL,ALL,TRAIN,183739,998.58,0.523,-0.1286,1.0,-535479.9,-2910.22,0.76,-579641.3,1.607,-0.08,-0.611,399.8,0.015,14.79
TRAIL_A0.5_D0.5,ANY,LONG,ALL,ALL,VALID,92105,1034.89,0.521,-0.1211,1.0,-253350.5,-2846.63,0.771,-257355.1,1.668,-0.073,-0.601,393.8,0.014,14.79
TRAIL_A0.5_D0.5,ANY,LONG,ALL,ALL,TEST,94655,1028.86,0.514,-0.1379,1.0,-268413.9,-2917.54,0.755,-295001.4,1.57,-0.088,-0.609,383.3,0.014,14.7
TRAIL_A0.5_D0.5,ANY,LONG,ALL,ALL,HOLDOUT,63044,1050.73,0.54,-0.0859,1.0,-49695.0,-828.25,0.928,-90045.7,1.967,-0.044,-0.591,374.0,0.015,15.75
TRAIL_A0.5_D1,ANY,LONG,ALL,ALL,TRAIN,183739,998.58,0.366,-0.1193,1.0,-489035.0,-2657.8,0.82,-562482.8,1.607,-0.074,-0.656,538.0,0.011,10.7
TRAIL_A0.5_D1,ANY,LONG,ALL,ALL,VALID,92105,1034.89,0.369,-0.1053,1.0,-223342.5,-2509.47,0.833,-227078.5,1.668,-0.063,-0.644,524.3,0.011,10.99
TRAIL_A0.5_D1,ANY,LONG,ALL,ALL,TEST,94655,1028.86,0.355,-0.138,1.0,-275351.2,-2992.95,0.794,-315786.7,1.57,-0.088,-0.654,515.2,0.011,11.43
TRAIL_A0.5_D1,ANY,LONG,ALL,ALL,HOLDOUT,63044,1050.73,0.39,-0.0581,0.98919,-3552.2,-59.2,0.996,-102672.5,1.967,-0.03,-0.641,503.3,0.01,10.95
TRAIL_A1_D0.5,ANY,LONG,ALL,ALL,TRAIN,183739,998.58,0.481,-0.1231,1.0,-493479.3,-2681.95,0.839,-575497.0,1.607,-0.077,-0.755,584.3,0.01,9.88
TRAIL_A1_D0.5,ANY,LONG,ALL,ALL,VALID,92105,1034.89,0.484,-0.1096,1.0,-217239.1,-2440.89,0.854,-230892.1,1.668,-0.066,-0.74,579.2,0.01,10.09
TRAIL_A1_D0.5,ANY,LONG,ALL,ALL,TEST,94655,1028.86,0.477,-0.1384,1.0,-274332.1,-2981.87,0.817,-323314.8,1.57,-0.088,-0.757,572.6,0.01,10.08
TRAIL_A1_D0.5,ANY,LONG,ALL,ALL,HOLDOUT,63044,1050.73,0.52,-0.0477,0.96512,27606.8,460.11,1.029,-97512.8,1.967,-0.024,-0.74,562.9,0.009,9.73
TRAIL_A1_D1,ANY,LONG,ALL,ALL,TRAIN,183739,998.58,0.439,-0.1177,1.0,-475312.0,-2583.22,0.845,-568287.8,1.607,-0.073,-0.756,630.5,0.009,9.35
TRAIL_A1_D1,ANY,LONG,ALL,ALL,VALID,92105,1034.89,0.442,-0.0991,0.99995,-197740.0,-2221.8,0.867,-220954.7,1.668,-0.059,-0.741,622.3,0.009,9.17
TRAIL_A1_D1,ANY,LONG,ALL,ALL,TEST,94655,1028.86,0.429,-0.1368,1.0,-272555.6,-2962.56,0.819,-327167.0,1.57,-0.087,-0.758,616.5,0.009,9.62
TRAIL_A1_D1,ANY,LONG,ALL,ALL,HOLDOUT,63044,1050.73,0.473,-0.0338,0.88036,46738.5,778.98,1.049,-102351.4,1.967,-0.017,-0.744,606.2,0.009,9.22
BE0.5_TRAIL,ANY,LONG,ALL,ALL,TRAIN,183739,998.58,0.315,-0.1284,1.0,-509977.4,-2771.62,0.778,-567096.8,1.607,-0.08,-0.614,467.6,0.012,12.32
BE0.5_TRAIL,ANY,LONG,ALL,ALL,VALID,92105,1034.89,0.319,-0.1169,1.0,-245119.0,-2754.15,0.785,-247961.2,1.668,-0.07,-0.604,456.0,0.012,12.58
BE0.5_TRAIL,ANY,LONG,ALL,ALL,TEST,94655,1028.86,0.31,-0.1503,1.0,-294437.1,-3200.4,0.739,-324483.7,1.57,-0.096,-0.612,442.4,0.012,12.77
BE0.5_TRAIL,ANY,LONG,ALL,ALL,HOLDOUT,63044,1050.73,0.333,-0.0707,0.99906,-16506.0,-275.1,0.977,-91907.8,1.967,-0.036,-0.596,432.0,0.012,12.63
BE1_TRAIL,ANY,LONG,ALL,ALL,TRAIN,183739,998.58,0.35,-0.1255,1.0,-467916.6,-2543.02,0.849,-568637.7,1.607,-0.078,-0.758,676.9,0.009,8.52
BE1_TRAIL,ANY,LONG,ALL,ALL,VALID,92105,1034.89,0.357,-0.1022,0.99991,-194966.7,-2190.64,0.87,-233584.2,1.668,-0.061,-0.743,669.3,0.008,8.61
BE1_TRAIL,ANY,LONG,ALL,ALL,TEST,94655,1028.86,0.34,-0.1588,1.0,-310008.0,-3369.65,0.796,-366144.5,1.57,-0.101,-0.76,658.8,0.009,8.86
BE1_TRAIL,ANY,LONG,ALL,ALL,HOLDOUT,63044,1050.73,0.383,-0.0185,0.71404,81207.8,1353.46,1.084,-98717.0,1.967,-0.009,-0.748,652.0,0.008,8.75
ATR_TRAIL2,ANY,LONG,ALL,ALL,TRAIN,183739,998.58,0.286,-0.1235,1.0,-507346.9,-2757.32,0.641,-507688.2,1.607,-0.077,-0.298,124.4,0.047,47.35
ATR_TRAIL2,ANY,LONG,ALL,ALL,VALID,92105,1034.89,0.287,-0.1176,1.0,-239916.4,-2695.69,0.653,-242043.1,1.668,-0.07,-0.298,121.0,0.046,47.43
ATR_TRAIL2,ANY,LONG,ALL,ALL,TEST,94655,1028.86,0.281,-0.1373,1.0,-255825.8,-2780.72,0.63,-256034.7,1.57,-0.087,-0.3,120.0,0.047,48.07
ATR_TRAIL2,ANY,LONG,ALL,ALL,HOLDOUT,63044,1050.73,0.295,-0.1208,1.0,-127490.7,-2124.84,0.729,-127683.0,1.967,-0.061,-0.3,117.2,0.047,48.88
ATR_TRAIL3,ANY,LONG,ALL,ALL,TRAIN,183739,998.58,0.302,-0.1237,1.0,-525690.8,-2857.02,0.716,-533169.3,1.607,-0.077,-0.414,248.1,0.024,23.83
ATR_TRAIL3,ANY,LONG,ALL,ALL,VALID,92105,1034.89,0.303,-0.1113,1.0,-238455.9,-2679.28,0.739,-240850.4,1.668,-0.067,-0.412,246.4,0.023,24.11
ATR_TRAIL3,ANY,LONG,ALL,ALL,TEST,94655,1028.86,0.293,-0.149,1.0,-281826.4,-3063.33,0.692,-283449.6,1.57,-0.095,-0.416,239.0,0.024,24.46
ATR_TRAIL3,ANY,LONG,ALL,ALL,HOLDOUT,63044,1050.73,0.308,-0.1097,1.0,-105968.5,-1766.14,0.828,-107262.7,1.967,-0.056,-0.416,235.7,0.023,24.23
ATR_TRAIL4,ANY,LONG,ALL,ALL,TRAIN,183739,998.58,0.311,-0.12,1.0,-507015.6,-2755.52,0.775,-539883.8,1.607,-0.075,-0.524,397.5,0.015,15.12
ATR_TRAIL4,ANY,LONG,ALL,ALL,VALID,92105,1034.89,0.315,-0.0946,0.99998,-203791.2,-2289.79,0.817,-205650.6,1.668,-0.057,-0.516,401.3,0.014,14.96
ATR_TRAIL4,ANY,LONG,ALL,ALL,TEST,94655,1028.86,0.296,-0.1603,1.0,-307959.9,-3347.39,0.727,-324831.7,1.57,-0.102,-0.524,384.3,0.015,14.93
ATR_TRAIL4,ANY,LONG,ALL,ALL,HOLDOUT,63044,1050.73,0.317,-0.0627,0.98576,-32631.2,-543.85,0.957,-105984.6,1.967,-0.032,-0.526,389.5,0.014,14.7
MFE_LOCK0.3,ANY,LONG,ALL,ALL,TRAIN,183739,998.58,0.481,-0.1192,1.0,-441982.9,-2402.08,0.855,-526932.3,1.607,-0.074,-0.755,582.0,0.01,9.78
MFE_LOCK0.3,ANY,LONG,ALL,ALL,VALID,92105,1034.89,0.484,-0.1137,1.0,-223501.6,-2511.25,0.849,-240192.7,1.668,-0.068,-0.74,577.0,0.01,10.12
MFE_LOCK0.3,ANY,LONG,ALL,ALL,TEST,94655,1028.86,0.477,-0.1447,1.0,-276651.3,-3007.08,0.816,-322034.3,1.57,-0.092,-0.757,569.4,0.01,9.91
MFE_LOCK0.3,ANY,LONG,ALL,ALL,HOLDOUT,63044,1050.73,0.52,-0.0416,0.94006,48019.1,800.32,1.05,-91689.6,1.967,-0.021,-0.74,561.6,0.009,9.57
MFE_LOCK0.5,ANY,LONG,ALL,ALL,TRAIN,183739,998.58,0.48,-0.1212,1.0,-473480.6,-2573.26,0.845,-556889.8,1.607,-0.075,-0.755,643.7,0.009,8.96
MFE_LOCK0.5,ANY,LONG,ALL,ALL,VALID,92105,1034.89,0.483,-0.1215,1.0,-254162.6,-2855.76,0.829,-270837.1,1.668,-0.073,-0.74,638.3,0.009,9.06
MFE_LOCK0.5,ANY,LONG,ALL,ALL,TEST,94655,1028.86,0.475,-0.1602,1.0,-311757.0,-3388.66,0.792,-352718.4,1.57,-0.102,-0.757,625.1,0.009,9.08
MFE_LOCK0.5,ANY,LONG,ALL,ALL,HOLDOUT,63044,1050.73,0.519,-0.0253,0.77828,59699.2,994.99,1.063,-90488.4,1.967,-0.013,-0.744,624.1,0.009,9.52
NOTP_TRAIL0.5,ANY,LONG,ALL,ALL,TRAIN,183739,998.58,0.285,-0.1281,1.0,-543328.5,-2952.87,0.638,-545791.4,1.607,-0.08,-0.311,155.5,0.04,40.23
NOTP_TRAIL0.5,ANY,LONG,ALL,ALL,VALID,92105,1034.89,0.293,-0.1153,1.0,-223480.9,-2511.02,0.692,-225551.4,1.668,-0.069,-0.309,147.6,0.039,40.2
NOTP_TRAIL0.5,ANY,LONG,ALL,ALL,TEST,94655,1028.86,0.285,-0.1396,1.0,-265543.5,-2886.34,0.636,-265624.1,1.57,-0.089,-0.312,142.0,0.04,40.68
NOTP_TRAIL0.5,ANY,LONG,ALL,ALL,HOLDOUT,63044,1050.73,0.302,-0.1158,1.0,-114611.1,-1910.19,0.767,-114618.5,1.967,-0.059,-0.31,139.2,0.039,41.38
NOTP_TRAIL1,ANY,LONG,ALL,ALL,TRAIN,183739,998.58,0.334,-0.1245,1.0,-500049.6,-2717.66,0.805,-567729.0,1.607,-0.077,-0.584,515.7,0.011,11.35
NOTP_TRAIL1,ANY,LONG,ALL,ALL,VALID,92105,1034.89,0.337,-0.1092,1.0,-227989.9,-2561.68,0.818,-231525.7,1.668,-0.065,-0.572,499.5,0.011,11.76
NOTP_TRAIL1,ANY,LONG,ALL,ALL,TEST,94655,1028.86,0.324,-0.1601,1.0,-316525.4,-3440.49,0.749,-348708.0,1.57,-0.102,-0.581,485.4,0.012,12.28
NOTP_TRAIL1,ANY,LONG,ALL,ALL,HOLDOUT,63044,1050.73,0.354,-0.0615,0.98723,-512.9,-8.55,0.999,-94411.5,1.967,-0.031,-0.573,476.5,0.011,11.85
NOTP_TRAIL1.5,ANY,LONG,ALL,ALL,TRAIN,183739,998.58,0.349,-0.1162,1.0,-434871.5,-2363.43,0.864,-546485.8,1.607,-0.072,-0.747,756.2,0.008,7.63
NOTP_TRAIL1.5,ANY,LONG,ALL,ALL,VALID,92105,1034.89,0.356,-0.0939,0.99888,-195156.8,-2192.77,0.874,-240767.4,1.668,-0.056,-0.732,760.4,0.008,7.83
NOTP_TRAIL1.5,ANY,LONG,ALL,ALL,TEST,94655,1028.86,0.338,-0.1682,1.0,-332031.5,-3609.04,0.79,-386690.9,1.57,-0.107,-0.749,740.9,0.008,7.99
NOTP_TRAIL1.5,ANY,LONG,ALL,ALL,HOLDOUT,63044,1050.73,0.385,0.0242,0.28192,151254.2,2520.9,1.15,-83283.2,1.967,0.012,-0.747,747.1,0.007,7.45
TIME15m,ANY,LONG,ALL,ALL,TRAIN,183739,998.58,0.374,-0.0481,1.0,-193876.7,-1053.68,0.648,-194294.0,1.607,-0.03,-0.15,15.0,0.318,317.92
TIME15m,ANY,LONG,ALL,ALL,VALID,92105,1034.89,0.366,-0.0514,1.0,-106538.3,-1197.06,0.612,-106633.7,1.668,-0.031,-0.15,15.0,0.321,332.49
TIME15m,ANY,LONG,ALL,ALL,TEST,94655,1028.86,0.371,-0.0523,1.0,-95121.8,-1033.93,0.637,-95177.3,1.57,-0.033,-0.147,15.0,0.329,338.13
TIME15m,ANY,LONG,ALL,ALL,HOLDOUT,63044,1050.73,0.375,-0.0528,1.0,-55773.0,-929.55,0.693,-55934.0,1.967,-0.027,-0.148,15.0,0.328,344.28
TIME30m,ANY,LONG,ALL,ALL,TRAIN,183739,998.58,0.4,-0.0492,1.0,-188640.0,-1025.22,0.737,-189569.3,1.607,-0.031,-0.211,29.9,0.178,177.68
TIME30m,ANY,LONG,ALL,ALL,VALID,92105,1034.89,0.396,-0.0514,1.0,-106607.4,-1197.84,0.7,-107423.8,1.668,-0.031,-0.21,29.9,0.176,181.63
TIME30m,ANY,LONG,ALL,ALL,TEST,94655,1028.86,0.402,-0.0512,1.0,-93689.2,-1018.36,0.728,-93861.3,1.57,-0.033,-0.207,29.9,0.178,182.83
TIME30m,ANY,LONG,ALL,ALL,HOLDOUT,63044,1050.73,0.404,-0.0523,1.0,-49673.8,-827.9,0.792,-50245.5,1.967,-0.027,-0.21,29.8,0.175,183.53
TIME1h,ANY,LONG,ALL,ALL,TRAIN,183739,998.58,0.422,-0.0524,1.0,-195183.1,-1060.78,0.796,-197127.7,1.607,-0.033,-0.293,59.2,0.094,93.53
TIME1h,ANY,LONG,ALL,ALL,VALID,92105,1034.89,0.416,-0.0518,1.0,-101158.7,-1136.61,0.783,-103174.7,1.668,-0.031,-0.29,59.3,0.091,94.36
TIME1h,ANY,LONG,ALL,ALL,TEST,94655,1028.86,0.422,-0.0529,1.0,-93363.7,-1014.82,0.798,-94554.2,1.57,-0.034,-0.29,59.2,0.092,94.7
TIME1h,ANY,LONG,ALL,ALL,HOLDOUT,63044,1050.73,0.427,-0.0484,1.0,-41166.2,-686.1,0.87,-42157.3,1.967,-0.025,-0.293,59.1,0.09,94.5
TIME2h,ANY,LONG,ALL,ALL,TRAIN,183739,998.58,0.437,-0.0588,1.0,-214601.3,-1166.31,0.834,-221942.3,1.607,-0.037,-0.4,115.2,0.049,48.93
TIME2h,ANY,LONG,ALL,ALL,VALID,92105,1034.89,0.428,-0.0532,1.0,-106997.2,-1202.22,0.83,-109320.7,1.668,-0.032,-0.394,115.7,0.047,48.91
TIME2h,ANY,LONG,ALL,ALL,TEST,94655,1028.86,0.433,-0.0591,1.0,-99624.2,-1082.87,0.841,-107316.8,1.57,-0.038,-0.397,115.4,0.048,49.15
TIME2h,ANY,LONG,ALL,ALL,HOLDOUT,63044,1050.73,0.442,-0.0482,0.99997,-32569.2,-542.82,0.924,-43391.1,1.967,-0.025,-0.403,114.9,0.047,49.13
TIME4h,ANY,LONG,ALL,ALL,TRAIN,183739,998.58,0.445,-0.0675,1.0,-236463.1,-1285.13,0.865,-256893.6,1.607,-0.042,-0.526,215.0,0.027,26.65
TIME4h,ANY,LONG,ALL,ALL,VALID,92105,1034.89,0.442,-0.0524,0.99916,-98372.9,-1105.31,0.884,-108816.8,1.668,-0.031,-0.516,216.7,0.025,26.33
TIME4h,ANY,LONG,ALL,ALL,TEST,94655,1028.86,0.436,-0.0721,1.0,-127575.6,-1386.69,0.852,-146469.6,1.57,-0.046,-0.526,215.8,0.026,26.73
TIME4h,ANY,LONG,ALL,ALL,HOLDOUT,63044,1050.73,0.451,-0.0475,0.99556,-18221.5,-303.69,0.969,-60825.2,1.967,-0.024,-0.531,214.3,0.025,26.28
SIG_OFF,ANY,LONG,ALL,ALL,TRAIN,183739,998.58,0.364,-0.0515,1.0,-212512.6,-1154.96,0.702,-213020.5,1.607,-0.032,-0.193,58.6,0.102,102.18
SIG_OFF,ANY,LONG,ALL,ALL,VALID,92105,1034.89,0.359,-0.0505,1.0,-100729.7,-1131.79,0.707,-100843.7,1.668,-0.03,-0.19,60.7,0.096,99.83
SIG_OFF,ANY,LONG,ALL,ALL,TEST,94655,1028.86,0.361,-0.0604,1.0,-111417.0,-1211.05,0.677,-113019.5,1.57,-0.038,-0.192,61.2,0.093,95.29
SIG_OFF,ANY,LONG,ALL,ALL,HOLDOUT,63044,1050.73,0.362,-0.0522,1.0,-54617.7,-910.3,0.768,-55399.7,1.967,-0.027,-0.194,58.3,0.102,106.73
MOM_OFF,ANY,LONG,ALL,ALL,TRAIN,183739,998.58,0.312,-0.0501,1.0,-186970.2,-1016.14,0.765,-187068.8,1.607,-0.031,-0.202,45.1,0.144,143.79
MOM_OFF,ANY,LONG,ALL,ALL,VALID,92105,1034.89,0.308,-0.0504,1.0,-109427.3,-1229.52,0.723,-110610.4,1.668,-0.03,-0.202,44.5,0.139,143.7
MOM_OFF,ANY,LONG,ALL,ALL,TEST,94655,1028.86,0.307,-0.0579,1.0,-114502.1,-1244.59,0.705,-116042.4,1.57,-0.037,-0.2,45.0,0.139,143.0
MOM_OFF,ANY,LONG,ALL,ALL,HOLDOUT,63044,1050.73,0.311,-0.0487,1.0,-50895.9,-848.26,0.817,-51057.8,1.967,-0.025,-0.208,46.7,0.129,135.3
FIXED,ANY,LONG,sym_funding,neg,TRAIN,52357,284.55,0.411,-0.1022,0.99999,-99746.2,-542.1,0.898,-142081.7,1.539,-0.066,-0.807,713.5,0.028,7.88
FIXED,ANY,LONG,sym_funding,neg,VALID,34602,388.79,0.425,-0.0638,0.97108,-44300.6,-497.76,0.921,-61483.4,1.635,-0.039,-0.791,695.0,0.02,7.97
FIXED,ANY,LONG,sym_funding,neg,TEST,23006,250.07,0.408,-0.1208,0.99997,-55359.5,-601.73,0.856,-72497.8,1.51,-0.08,-0.812,699.0,0.032,8.07
FIXED,ANY,LONG,sym_funding,neg,HOLDOUT,4941,82.35,0.405,-0.1498,0.99967,-14300.1,-238.33,0.813,-18987.8,1.766,-0.085,-0.829,695.7,0.049,4.05
TRAIL_A0.5_D0.5,ANY,LONG,sym_funding,neg,TRAIN,52357,284.55,0.532,-0.1208,1.0,-137748.7,-748.63,0.789,-149420.0,1.539,-0.078,-0.61,409.1,0.048,13.76
TRAIL_A0.5_D0.5,ANY,LONG,sym_funding,neg,VALID,34602,388.79,0.523,-0.108,1.0,-75780.2,-851.46,0.803,-77780.1,1.635,-0.066,-0.601,397.9,0.037,14.4
TRAIL_A0.5_D0.5,ANY,LONG,sym_funding,neg,TEST,23006,250.07,0.513,-0.1299,1.0,-57230.0,-622.06,0.776,-64234.8,1.51,-0.086,-0.602,387.1,0.058,14.59
TRAIL_A0.5_D0.5,ANY,LONG,sym_funding,neg,HOLDOUT,4941,82.35,0.48,-0.167,1.0,-11011.7,-183.53,0.777,-12375.0,1.766,-0.095,-0.602,381.7,0.087,7.17
TRAIL_A0.5_D1,ANY,LONG,sym_funding,neg,TRAIN,52357,284.55,0.374,-0.1077,1.0,-106731.9,-580.06,0.864,-130476.5,1.539,-0.07,-0.654,551.1,0.036,10.23
TRAIL_A0.5_D1,ANY,LONG,sym_funding,neg,VALID,34602,388.79,0.378,-0.088,0.99907,-62391.8,-701.03,0.864,-63400.5,1.635,-0.054,-0.642,526.3,0.028,10.88
TRAIL_A0.5_D1,ANY,LONG,sym_funding,neg,TEST,23006,250.07,0.361,-0.1251,1.0,-56405.3,-613.1,0.818,-67479.9,1.51,-0.083,-0.645,524.0,0.043,10.87
TRAIL_A0.5_D1,ANY,LONG,sym_funding,neg,HOLDOUT,4941,82.35,0.357,-0.1539,0.99999,-12028.1,-200.47,0.8,-15391.1,1.766,-0.087,-0.649,515.6,0.066,5.45
TRAIL_A1_D0.5,ANY,LONG,sym_funding,neg,TRAIN,52357,284.55,0.483,-0.1108,1.0,-112288.5,-610.26,0.873,-135633.4,1.539,-0.072,-0.751,598.3,0.033,9.51
TRAIL_A1_D0.5,ANY,LONG,sym_funding,neg,VALID,34602,388.79,0.49,-0.0918,0.9992,-62395.0,-701.07,0.878,-64397.2,1.635,-0.056,-0.737,577.4,0.025,9.64
TRAIL_A1_D0.5,ANY,LONG,sym_funding,neg,TEST,23006,250.07,0.482,-0.1282,1.0,-58437.2,-635.19,0.832,-70782.6,1.51,-0.085,-0.748,574.4,0.04,9.9
TRAIL_A1_D0.5,ANY,LONG,sym_funding,neg,HOLDOUT,4941,82.35,0.472,-0.1755,1.0,-13082.2,-218.04,0.809,-17279.3,1.766,-0.099,-0.765,575.8,0.062,5.07
TRAIL_A1_D1,ANY,LONG,sym_funding,neg,TRAIN,52357,284.55,0.448,-0.1046,1.0,-101830.2,-553.42,0.886,-134916.1,1.539,-0.068,-0.753,644.8,0.03,8.65
TRAIL_A1_D1,ANY,LONG,sym_funding,neg,VALID,34602,388.79,0.449,-0.0797,0.99474,-54840.8,-616.19,0.893,-59279.3,1.635,-0.049,-0.738,620.9,0.024,9.48
TRAIL_A1_D1,ANY,LONG,sym_funding,neg,TEST,23006,250.07,0.432,-0.1249,1.0,-56704.4,-616.35,0.837,-71608.9,1.51,-0.083,-0.75,621.9,0.036,9.1
TRAIL_A1_D1,ANY,LONG,sym_funding,neg,HOLDOUT,4941,82.35,0.422,-0.1598,0.99994,-12956.9,-215.95,0.811,-18128.6,1.766,-0.09,-0.766,620.0,0.056,4.6
BE0.5_TRAIL,ANY,LONG,sym_funding,neg,TRAIN,52357,284.55,0.327,-0.1149,1.0,-113472.5,-616.7,0.83,-130892.8,1.539,-0.075,-0.613,478.3,0.041,11.74
BE0.5_TRAIL,ANY,LONG,sym_funding,neg,VALID,34602,388.79,0.336,-0.0992,0.99989,-68409.1,-768.64,0.827,-69025.1,1.635,-0.061,-0.603,464.3,0.031,12.1
BE0.5_TRAIL,ANY,LONG,sym_funding,neg,TEST,23006,250.07,0.321,-0.1417,1.0,-63043.5,-685.26,0.76,-72630.4,1.51,-0.094,-0.605,451.6,0.05,12.38
BE0.5_TRAIL,ANY,LONG,sym_funding,neg,HOLDOUT,4941,82.35,0.315,-0.1505,0.99998,-10575.9,-176.26,0.791,-13922.7,1.766,-0.085,-0.604,439.7,0.073,6.0
BE1_TRAIL,ANY,LONG,sym_funding,neg,TRAIN,52357,284.55,0.361,-0.1069,1.0,-87456.0,-475.3,0.902,-133117.8,1.539,-0.069,-0.754,690.4,0.028,8.07
BE1_TRAIL,ANY,LONG,sym_funding,neg,VALID,34602,388.79,0.37,-0.0817,0.99195,-55214.9,-620.39,0.893,-64933.1,1.635,-0.05,-0.739,671.4,0.022,8.63
BE1_TRAIL,ANY,LONG,sym_funding,neg,TEST,23006,250.07,0.348,-0.1539,1.0,-71587.2,-778.12,0.796,-87778.6,1.51,-0.102,-0.751,667.6,0.035,8.72
BE1_TRAIL,ANY,LONG,sym_funding,neg,HOLDOUT,4941,82.35,0.349,-0.1566,0.99893,-13529.0,-225.48,0.805,-20740.3,1.766,-0.089,-0.767,658.3,0.054,4.45
ATR_TRAIL2,ANY,LONG,sym_funding,neg,TRAIN,52357,284.55,0.292,-0.1169,1.0,-134878.9,-733.04,0.671,-136148.1,1.539,-0.076,-0.297,125.6,0.146,41.45
ATR_TRAIL2,ANY,LONG,sym_funding,neg,VALID,34602,388.79,0.29,-0.1115,1.0,-82609.4,-928.2,0.657,-83637.4,1.635,-0.068,-0.297,123.9,0.116,44.97
ATR_TRAIL2,ANY,LONG,sym_funding,neg,TEST,23006,250.07,0.283,-0.1302,1.0,-54052.4,-587.53,0.662,-54071.0,1.51,-0.086,-0.294,123.2,0.172,43.0
ATR_TRAIL2,ANY,LONG,sym_funding,neg,HOLDOUT,4941,82.35,0.269,-0.1613,1.0,-11178.3,-186.31,0.651,-11320.4,1.766,-0.091,-0.297,121.0,0.25,20.57
ATR_TRAIL3,ANY,LONG,sym_funding,neg,TRAIN,52357,284.55,0.31,-0.1141,1.0,-133130.4,-723.53,0.75,-136390.0,1.539,-0.074,-0.41,248.9,0.078,22.16
ATR_TRAIL3,ANY,LONG,sym_funding,neg,VALID,34602,388.79,0.313,-0.0907,0.99994,-69867.1,-785.02,0.778,-70911.7,1.635,-0.055,-0.409,251.6,0.059,22.84
ATR_TRAIL3,ANY,LONG,sym_funding,neg,TEST,23006,250.07,0.304,-0.1351,1.0,-56662.2,-615.89,0.731,-59284.8,1.51,-0.089,-0.409,246.5,0.09,22.51
ATR_TRAIL3,ANY,LONG,sym_funding,neg,HOLDOUT,4941,82.35,0.281,-0.1702,1.0,-12855.3,-214.25,0.695,-13039.7,1.766,-0.096,-0.409,243.0,0.134,11.07
ATR_TRAIL4,ANY,LONG,sym_funding,neg,TRAIN,52357,284.55,0.319,-0.1101,1.0,-114242.6,-620.88,0.822,-126185.1,1.539,-0.072,-0.517,396.9,0.049,14.05
ATR_TRAIL4,ANY,LONG,sym_funding,neg,VALID,34602,388.79,0.326,-0.0755,0.99484,-58080.4,-652.59,0.847,-64602.6,1.635,-0.046,-0.513,405.5,0.038,14.75
ATR_TRAIL4,ANY,LONG,sym_funding,neg,TEST,23006,250.07,0.309,-0.1442,1.0,-63545.5,-690.71,0.755,-69645.0,1.51,-0.095,-0.515,393.9,0.059,14.63
ATR_TRAIL4,ANY,LONG,sym_funding,neg,HOLDOUT,4941,82.35,0.286,-0.1389,0.99881,-12474.3,-207.91,0.76,-13784.5,1.766,-0.079,-0.521,387.2,0.091,7.5
MFE_LOCK0.3,ANY,LONG,sym_funding,neg,TRAIN,52357,284.55,0.483,-0.1037,1.0,-95922.4,-521.32,0.892,-123682.7,1.539,-0.067,-0.752,596.0,0.033,9.33
MFE_LOCK0.3,ANY,LONG,sym_funding,neg,VALID,34602,388.79,0.49,-0.0983,0.9997,-68619.8,-771.01,0.865,-70771.3,1.635,-0.06,-0.737,576.3,0.026,10.03
MFE_LOCK0.3,ANY,LONG,sym_funding,neg,TEST,23006,250.07,0.483,-0.1388,1.0,-65466.0,-711.59,0.811,-76414.4,1.51,-0.092,-0.749,570.6,0.04,9.99
MFE_LOCK0.3,ANY,LONG,sym_funding,neg,HOLDOUT,4941,82.35,0.47,-0.168,0.99997,-11652.2,-194.2,0.83,-17133.7,1.766,-0.095,-0.765,573.0,0.062,5.07
MFE_LOCK0.5,ANY,LONG,sym_funding,neg,TRAIN,52357,284.55,0.482,-0.0997,0.99999,-95315.7,-518.02,0.893,-132823.6,1.539,-0.065,-0.752,658.8,0.03,8.45
MFE_LOCK0.5,ANY,LONG,sym_funding,neg,VALID,34602,388.79,0.489,-0.1024,0.99951,-78523.7,-882.29,0.846,-83795.0,1.635,-0.063,-0.737,645.3,0.023,8.83
MFE_LOCK0.5,ANY,LONG,sym_funding,neg,TEST,23006,250.07,0.481,-0.153,1.0,-69946.2,-760.28,0.798,-80075.6,1.51,-0.101,-0.749,633.5,0.036,9.12
MFE_LOCK0.5,ANY,LONG,sym_funding,neg,HOLDOUT,4941,82.35,0.469,-0.1677,0.99936,-14902.1,-248.37,0.782,-20797.0,1.766,-0.095,-0.765,632.6,0.058,4.78
NOTP_TRAIL0.5,ANY,LONG,sym_funding,neg,TRAIN,52357,284.55,0.289,-0.1223,1.0,-147691.6,-802.67,0.662,-149884.7,1.539,-0.079,-0.31,160.5,0.123,35.03
NOTP_TRAIL0.5,ANY,LONG,sym_funding,neg,VALID,34602,388.79,0.294,-0.1079,1.0,-72376.4,-813.22,0.714,-73231.1,1.635,-0.066,-0.308,153.7,0.098,38.19
NOTP_TRAIL0.5,ANY,LONG,sym_funding,neg,TEST,23006,250.07,0.287,-0.1336,1.0,-56461.9,-613.72,0.666,-56486.3,1.51,-0.088,-0.306,146.9,0.15,37.45
NOTP_TRAIL0.5,ANY,LONG,sym_funding,neg,HOLDOUT,4941,82.35,0.271,-0.1564,1.0,-8686.6,-144.78,0.739,-9421.2,1.766,-0.089,-0.306,142.9,0.216,17.78
NOTP_TRAIL1,ANY,LONG,sym_funding,neg,TRAIN,52357,284.55,0.341,-0.1078,1.0,-101074.6,-549.32,0.863,-126528.9,1.539,-0.07,-0.582,527.5,0.038,10.87
NOTP_TRAIL1,ANY,LONG,sym_funding,neg,VALID,34602,388.79,0.345,-0.0937,0.99932,-69385.6,-779.61,0.839,-71198.8,1.635,-0.057,-0.569,508.3,0.03,11.64
NOTP_TRAIL1,ANY,LONG,sym_funding,neg,TEST,23006,250.07,0.331,-0.1473,1.0,-66110.0,-718.59,0.773,-76505.8,1.51,-0.098,-0.572,500.1,0.046,11.57
NOTP_TRAIL1,ANY,LONG,sym_funding,neg,HOLDOUT,4941,82.35,0.323,-0.152,0.99977,-13360.7,-222.68,0.765,-17356.9,1.766,-0.086,-0.573,485.8,0.069,5.65
NOTP_TRAIL1.5,ANY,LONG,sym_funding,neg,TRAIN,52357,284.55,0.356,-0.1024,0.9999,-85937.5,-467.05,0.907,-140596.8,1.539,-0.067,-0.742,768.6,0.025,7.22
NOTP_TRAIL1.5,ANY,LONG,sym_funding,neg,VALID,34602,388.79,0.367,-0.0696,0.96807,-57861.6,-650.13,0.891,-77522.8,1.635,-0.043,-0.729,769.8,0.02,7.58
NOTP_TRAIL1.5,ANY,LONG,sym_funding,neg,TEST,23006,250.07,0.344,-0.1541,1.0,-72382.6,-786.77,0.801,-87683.0,1.51,-0.102,-0.741,758.3,0.03,7.42
NOTP_TRAIL1.5,ANY,LONG,sym_funding,neg,HOLDOUT,4941,82.35,0.338,-0.1451,0.99249,-16296.1,-271.6,0.774,-24725.6,1.766,-0.082,-0.758,739.7,0.049,4.02
TIME15m,ANY,LONG,sym_funding,neg,TRAIN,52357,284.55,0.379,-0.0472,1.0,-52079.2,-283.04,0.674,-52263.2,1.539,-0.031,-0.15,15.0,0.606,172.42
TIME15m,ANY,LONG,sym_funding,neg,VALID,34602,388.79,0.361,-0.054,1.0,-41480.3,-466.07,0.575,-41495.2,1.635,-0.033,-0.15,15.0,0.565,219.49
TIME15m,ANY,LONG,sym_funding,neg,TEST,23006,250.07,0.376,-0.0496,1.0,-20709.6,-225.1,0.657,-20786.8,1.51,-0.033,-0.144,15.0,0.708,177.1
TIME15m,ANY,LONG,sym_funding,neg,HOLDOUT,4941,82.35,0.337,-0.0688,1.0,-5461.1,-91.02,0.563,-5501.4,1.766,-0.039,-0.147,15.0,0.86,70.83
TIME30m,ANY,LONG,sym_funding,neg,TRAIN,52357,284.55,0.404,-0.0473,1.0,-49638.2,-269.77,0.76,-51145.6,1.539,-0.031,-0.21,29.9,0.43,122.34
TIME30m,ANY,LONG,sym_funding,neg,VALID,34602,388.79,0.394,-0.053,1.0,-41229.6,-463.25,0.671,-41675.6,1.635,-0.032,-0.21,29.9,0.379,147.29
TIME30m,ANY,LONG,sym_funding,neg,TEST,23006,250.07,0.408,-0.0464,1.0,-19314.2,-209.94,0.756,-19401.8,1.51,-0.031,-0.204,29.9,0.521,130.21
TIME30m,ANY,LONG,sym_funding,neg,HOLDOUT,4941,82.35,0.374,-0.0675,1.0,-4571.7,-76.2,0.71,-4699.5,1.766,-0.038,-0.208,29.9,0.686,56.5
TIME1h,ANY,LONG,sym_funding,neg,TRAIN,52357,284.55,0.427,-0.0512,1.0,-51816.9,-281.61,0.813,-53729.0,1.539,-0.033,-0.292,59.2,0.269,76.47
TIME1h,ANY,LONG,sym_funding,neg,VALID,34602,388.79,0.417,-0.0512,1.0,-37255.8,-418.6,0.769,-38001.3,1.635,-0.031,-0.29,59.3,0.222,86.24
TIME1h,ANY,LONG,sym_funding,neg,TEST,23006,250.07,0.434,-0.0449,1.0,-16885.7,-183.54,0.841,-17495.9,1.51,-0.03,-0.286,59.3,0.325,81.36
TIME1h,ANY,LONG,sym_funding,neg,HOLDOUT,4941,82.35,0.41,-0.0692,1.0,-4762.2,-79.37,0.771,-4842.6,1.766,-0.039,-0.289,59.1,0.458,37.7
TIME2h,ANY,LONG,sym_funding,neg,TRAIN,52357,284.55,0.442,-0.0518,1.0,-47961.4,-260.66,0.871,-51135.5,1.539,-0.034,-0.398,115.3,0.153,43.41
TIME2h,ANY,LONG,sym_funding,neg,VALID,34602,388.79,0.433,-0.0493,0.99987,-37369.7,-419.88,0.828,-38785.7,1.635,-0.03,-0.394,115.8,0.12,46.71
TIME2h,ANY,LONG,sym_funding,neg,TEST,23006,250.07,0.446,-0.0483,0.99994,-18859.2,-204.99,0.87,-21763.9,1.51,-0.032,-0.391,115.5,0.182,45.57
TIME2h,ANY,LONG,sym_funding,neg,HOLDOUT,4941,82.35,0.419,-0.0803,0.99997,-5794.1,-96.57,0.8,-6636.7,1.766,-0.045,-0.396,114.9,0.264,21.72
TIME4h,ANY,LONG,sym_funding,neg,TRAIN,52357,284.55,0.452,-0.0599,0.99997,-52750.4,-286.69,0.895,-59657.8,1.539,-0.039,-0.522,215.6,0.087,24.85
TIME4h,ANY,LONG,sym_funding,neg,VALID,34602,388.79,0.451,-0.0437,0.98281,-29286.2,-329.06,0.898,-34972.6,1.635,-0.027,-0.515,216.7,0.066,25.76
TIME4h,ANY,LONG,sym_funding,neg,TEST,23006,250.07,0.448,-0.0578,0.99893,-21926.4,-238.33,0.889,-28163.1,1.51,-0.038,-0.517,216.2,0.102,25.62
TIME4h,ANY,LONG,sym_funding,neg,HOLDOUT,4941,82.35,0.428,-0.0946,0.99961,-6487.6,-108.13,0.836,-8458.5,1.766,-0.054,-0.529,214.7,0.153,12.58
SIG_OFF,ANY,LONG,sym_funding,neg,TRAIN,52357,284.55,0.368,-0.0516,1.0,-58081.1,-315.66,0.721,-58184.3,1.539,-0.034,-0.196,61.1,0.265,75.34
SIG_OFF,ANY,LONG,sym_funding,neg,VALID,34602,388.79,0.358,-0.05,1.0,-35438.7,-398.19,0.707,-35508.6,1.635,-0.031,-0.192,62.9,0.23,89.46
SIG_OFF,ANY,LONG,sym_funding,neg,TEST,23006,250.07,0.367,-0.0592,1.0,-25926.0,-281.8,0.676,-26080.8,1.51,-0.039,-0.192,65.0,0.302,75.53
SIG_OFF,ANY,LONG,sym_funding,neg,HOLDOUT,4941,82.35,0.329,-0.0703,1.0,-6481.5,-108.02,0.605,-6797.5,1.766,-0.04,-0.198,61.8,0.405,33.37
MOM_OFF,ANY,LONG,sym_funding,neg,TRAIN,52357,284.55,0.317,-0.0501,1.0,-52034.6,-282.8,0.773,-52867.7,1.539,-0.033,-0.201,45.0,0.361,102.61
MOM_OFF,ANY,LONG,sym_funding,neg,VALID,34602,388.79,0.307,-0.0501,1.0,-42765.6,-480.51,0.69,-42870.6,1.635,-0.031,-0.201,44.4,0.319,123.96
MOM_OFF,ANY,LONG,sym_funding,neg,TEST,23006,250.07,0.315,-0.0496,1.0,-23666.7,-257.25,0.733,-23731.7,1.51,-0.033,-0.196,45.5,0.428,107.13
MOM_OFF,ANY,LONG,sym_funding,neg,HOLDOUT,4941,82.35,0.296,-0.0605,1.0,-4587.3,-76.46,0.736,-5003.9,1.766,-0.034,-0.198,45.9,0.547,45.02
FIXED,ANY,LONG,sym_oi,down,TRAIN,13257,72.05,0.409,-0.0856,0.99653,-17737.7,-96.4,0.949,-33218.8,1.526,-0.056,-0.812,738.9,0.099,7.1
FIXED,ANY,LONG,sym_oi,down,VALID,6104,68.58,0.431,-0.0117,0.58549,3082.1,34.63,1.019,-23396.9,1.707,-0.007,-0.783,694.0,0.109,7.46
FIXED,ANY,LONG,sym_oi,down,TEST,5583,60.68,0.413,-0.0822,0.95522,-24811.7,-269.69,0.849,-36544.9,1.447,-0.057,-0.785,759.1,0.112,6.83
FIXED,ANY,LONG,sym_oi,down,HOLDOUT,3384,56.4,0.434,-0.0254,0.71799,-11682.0,-194.7,0.881,-23895.2,1.654,-0.015,-0.808,749.9,0.121,6.85
TRAIL_A0.5_D0.5,ANY,LONG,sym_oi,down,TRAIN,13257,72.05,0.557,-0.0925,0.99999,-31150.5,-169.3,0.866,-33034.8,1.526,-0.061,-0.62,439.6,0.158,11.37
TRAIL_A0.5_D0.5,ANY,LONG,sym_oi,down,VALID,6104,68.58,0.569,-0.0372,0.81264,-3708.7,-41.67,0.966,-18252.2,1.707,-0.022,-0.595,402.2,0.179,12.26
TRAIL_A0.5_D0.5,ANY,LONG,sym_oi,down,TEST,5583,60.68,0.568,-0.0644,0.97053,-16289.6,-177.06,0.85,-23072.3,1.447,-0.045,-0.591,420.3,0.185,11.21
TRAIL_A0.5_D0.5,ANY,LONG,sym_oi,down,HOLDOUT,3384,56.4,0.563,-0.0642,0.98086,-12218.5,-203.64,0.817,-16244.1,1.654,-0.039,-0.6,419.9,0.195,11.02
TRAIL_A0.5_D1,ANY,LONG,sym_oi,down,TRAIN,13257,72.05,0.382,-0.0768,0.99775,-15227.4,-82.76,0.946,-28253.6,1.526,-0.05,-0.663,585.5,0.124,8.9
TRAIL_A0.5_D1,ANY,LONG,sym_oi,down,VALID,6104,68.58,0.394,-0.0259,0.6999,-256.1,-2.88,0.998,-21519.1,1.707,-0.015,-0.637,529.2,0.141,9.66
TRAIL_A0.5_D1,ANY,LONG,sym_oi,down,TEST,5583,60.68,0.384,-0.0712,0.95094,-20101.3,-218.49,0.847,-29643.4,1.447,-0.049,-0.632,576.5,0.145,8.8
TRAIL_A0.5_D1,ANY,LONG,sym_oi,down,HOLDOUT,3384,56.4,0.369,-0.0891,0.99375,-17792.5,-296.54,0.782,-22244.7,1.654,-0.054,-0.653,550.0,0.158,8.92
TRAIL_A1_D0.5,ANY,LONG,sym_oi,down,TRAIN,13257,72.05,0.475,-0.0913,0.99956,-24669.4,-134.07,0.923,-35789.7,1.526,-0.06,-0.76,631.4,0.113,8.17
TRAIL_A1_D0.5,ANY,LONG,sym_oi,down,VALID,6104,68.58,0.499,-0.0235,0.68389,1649.7,18.54,1.011,-21418.2,1.707,-0.014,-0.732,587.4,0.127,8.73
TRAIL_A1_D0.5,ANY,LONG,sym_oi,down,TEST,5583,60.68,0.484,-0.072,0.95134,-22620.7,-245.88,0.849,-32553.0,1.447,-0.05,-0.728,629.1,0.133,8.05
TRAIL_A1_D0.5,ANY,LONG,sym_oi,down,HOLDOUT,3384,56.4,0.492,-0.0484,0.89556,-13144.9,-219.08,0.854,-20538.4,1.654,-0.029,-0.748,630.8,0.148,8.37
TRAIL_A1_D1,ANY,LONG,sym_oi,down,TRAIN,13257,72.05,0.451,-0.0842,0.99759,-18245.9,-99.16,0.943,-33196.8,1.526,-0.055,-0.761,677.6,0.108,7.79
TRAIL_A1_D1,ANY,LONG,sym_oi,down,VALID,6104,68.58,0.471,-0.0159,0.62018,2916.7,32.77,1.02,-22648.0,1.707,-0.009,-0.733,625.5,0.124,8.47
TRAIL_A1_D1,ANY,LONG,sym_oi,down,TEST,5583,60.68,0.458,-0.0738,0.9451,-23984.2,-260.7,0.84,-35049.6,1.447,-0.051,-0.729,680.3,0.124,7.5
TRAIL_A1_D1,ANY,LONG,sym_oi,down,HOLDOUT,3384,56.4,0.467,-0.052,0.90709,-14018.7,-233.64,0.844,-22723.9,1.654,-0.031,-0.752,673.1,0.134,7.58
BE0.5_TRAIL,ANY,LONG,sym_oi,down,TRAIN,13257,72.05,0.333,-0.0799,0.99948,-15406.3,-83.73,0.935,-29602.0,1.526,-0.052,-0.624,514.0,0.139,10.03
BE0.5_TRAIL,ANY,LONG,sym_oi,down,VALID,6104,68.58,0.352,-0.0176,0.63553,2274.4,25.56,1.02,-19797.4,1.707,-0.01,-0.597,478.0,0.155,10.64
BE0.5_TRAIL,ANY,LONG,sym_oi,down,TEST,5583,60.68,0.333,-0.079,0.97535,-20101.3,-218.49,0.819,-28754.4,1.447,-0.055,-0.595,501.8,0.165,10.03
BE0.5_TRAIL,ANY,LONG,sym_oi,down,HOLDOUT,3384,56.4,0.319,-0.0946,0.999,-12233.4,-203.89,0.821,-17616.5,1.654,-0.057,-0.605,476.3,0.173,9.75
BE1_TRAIL,ANY,LONG,sym_oi,down,TRAIN,13257,72.05,0.366,-0.0667,0.97792,-3394.8,-18.45,0.989,-34177.0,1.526,-0.044,-0.763,724.1,0.101,7.24
BE1_TRAIL,ANY,LONG,sym_oi,down,VALID,6104,68.58,0.385,0.0004,0.49711,8253.8,92.74,1.056,-22832.0,1.707,0.0,-0.734,680.7,0.111,7.58
BE1_TRAIL,ANY,LONG,sym_oi,down,TEST,5583,60.68,0.357,-0.0978,0.97567,-27305.6,-296.8,0.819,-39464.2,1.447,-0.068,-0.731,731.3,0.114,6.9
BE1_TRAIL,ANY,LONG,sym_oi,down,HOLDOUT,3384,56.4,0.368,-0.0683,0.96045,-12353.8,-205.9,0.863,-22881.2,1.654,-0.041,-0.754,717.0,0.124,6.98
ATR_TRAIL2,ANY,LONG,sym_oi,down,TRAIN,13257,72.05,0.314,-0.0851,1.0,-31113.3,-169.09,0.781,-31302.5,1.526,-0.056,-0.308,132.4,0.383,27.61
ATR_TRAIL2,ANY,LONG,sym_oi,down,VALID,6104,68.58,0.322,-0.0663,0.99922,-12925.3,-145.23,0.803,-15020.9,1.707,-0.039,-0.296,127.3,0.435,29.81
ATR_TRAIL2,ANY,LONG,sym_oi,down,TEST,5583,60.68,0.348,-0.0427,0.98313,-9637.7,-104.76,0.843,-11091.7,1.447,-0.029,-0.291,136.7,0.431,26.14
ATR_TRAIL2,ANY,LONG,sym_oi,down,HOLDOUT,3384,56.4,0.334,-0.0602,0.99953,-7694.1,-128.23,0.798,-9441.2,1.654,-0.036,-0.296,127.7,0.476,26.85
ATR_TRAIL3,ANY,LONG,sym_oi,down,TRAIN,13257,72.05,0.325,-0.0931,1.0,-28214.7,-153.34,0.849,-28616.6,1.526,-0.061,-0.422,258.1,0.241,17.34
ATR_TRAIL3,ANY,LONG,sym_oi,down,VALID,6104,68.58,0.331,-0.0447,0.89521,-9406.6,-105.69,0.893,-15378.6,1.707,-0.026,-0.41,249.4,0.277,18.98
ATR_TRAIL3,ANY,LONG,sym_oi,down,TEST,5583,60.68,0.352,-0.0451,0.901,-12245.6,-133.1,0.85,-15872.7,1.447,-0.031,-0.396,257.4,0.276,16.76
ATR_TRAIL3,ANY,LONG,sym_oi,down,HOLDOUT,3384,56.4,0.322,-0.0955,0.99991,-11979.1,-199.65,0.765,-15295.8,1.654,-0.058,-0.407,236.6,0.312,17.58
ATR_TRAIL4,ANY,LONG,sym_oi,down,TRAIN,13257,72.05,0.33,-0.0904,0.99998,-20358.4,-110.64,0.91,-23452.5,1.526,-0.059,-0.523,403.0,0.168,12.07
ATR_TRAIL4,ANY,LONG,sym_oi,down,VALID,6104,68.58,0.349,-0.029,0.73399,-4570.8,-51.36,0.957,-17320.6,1.707,-0.017,-0.509,405.5,0.187,12.81
ATR_TRAIL4,ANY,LONG,sym_oi,down,TEST,5583,60.68,0.356,-0.0644,0.94449,-15431.2,-167.73,0.849,-21584.2,1.447,-0.045,-0.49,398.4,0.196,11.9
ATR_TRAIL4,ANY,LONG,sym_oi,down,HOLDOUT,3384,56.4,0.32,-0.0894,0.99545,-8510.9,-141.85,0.865,-20271.5,1.654,-0.054,-0.511,373.6,0.214,12.07
MFE_LOCK0.3,ANY,LONG,sym_oi,down,TRAIN,13257,72.05,0.475,-0.0822,0.99827,-17684.8,-96.11,0.944,-31904.3,1.526,-0.054,-0.761,627.9,0.114,8.18
MFE_LOCK0.3,ANY,LONG,sym_oi,down,VALID,6104,68.58,0.499,-0.0302,0.74141,-679.6,-7.64,0.995,-21664.9,1.707,-0.018,-0.732,587.3,0.127,8.69
MFE_LOCK0.3,ANY,LONG,sym_oi,down,TEST,5583,60.68,0.484,-0.0815,0.97325,-23975.5,-260.6,0.839,-33544.4,1.447,-0.056,-0.728,623.8,0.131,7.95
MFE_LOCK0.3,ANY,LONG,sym_oi,down,HOLDOUT,3384,56.4,0.492,-0.0465,0.89262,-8845.7,-147.43,0.901,-20601.4,1.654,-0.028,-0.748,626.7,0.145,8.17
MFE_LOCK0.5,ANY,LONG,sym_oi,down,TRAIN,13257,72.05,0.475,-0.0799,0.99426,-18005.5,-97.86,0.943,-37662.6,1.526,-0.052,-0.761,688.9,0.106,7.65
MFE_LOCK0.5,ANY,LONG,sym_oi,down,VALID,6104,68.58,0.499,-0.0303,0.71567,-1686.8,-18.95,0.988,-22761.4,1.707,-0.018,-0.732,667.2,0.118,8.09
MFE_LOCK0.5,ANY,LONG,sym_oi,down,TEST,5583,60.68,0.484,-0.0932,0.97677,-27997.3,-304.32,0.813,-36249.8,1.447,-0.064,-0.728,691.2,0.123,7.45
MFE_LOCK0.5,ANY,LONG,sym_oi,down,HOLDOUT,3384,56.4,0.492,-0.0584,0.93091,-6730.8,-112.18,0.925,-21021.6,1.654,-0.035,-0.749,674.6,0.133,7.5
NOTP_TRAIL0.5,ANY,LONG,sym_oi,down,TRAIN,13257,72.05,0.306,-0.0889,1.0,-34686.8,-188.52,0.774,-35008.4,1.526,-0.058,-0.322,178.3,0.337,24.28
NOTP_TRAIL0.5,ANY,LONG,sym_oi,down,VALID,6104,68.58,0.327,-0.0423,0.91875,-753.3,-8.46,0.989,-14032.6,1.707,-0.025,-0.308,172.6,0.385,26.44
NOTP_TRAIL0.5,ANY,LONG,sym_oi,down,TEST,5583,60.68,0.332,-0.0557,0.99881,-11827.4,-128.56,0.822,-14158.1,1.447,-0.038,-0.304,169.2,0.387,23.49
NOTP_TRAIL0.5,ANY,LONG,sym_oi,down,HOLDOUT,3384,56.4,0.326,-0.0597,0.99923,-8554.5,-142.58,0.793,-11446.2,1.654,-0.036,-0.307,158.6,0.413,23.3
NOTP_TRAIL1,ANY,LONG,sym_oi,down,TRAIN,13257,72.05,0.348,-0.067,0.99257,-5488.3,-29.83,0.979,-31827.0,1.526,-0.044,-0.593,556.7,0.134,9.65
NOTP_TRAIL1,ANY,LONG,sym_oi,down,VALID,6104,68.58,0.359,-0.0206,0.65604,1263.0,14.19,1.01,-19633.9,1.707,-0.012,-0.566,524.4,0.15,10.29
NOTP_TRAIL1,ANY,LONG,sym_oi,down,TEST,5583,60.68,0.357,-0.0759,0.95275,-19851.2,-215.77,0.837,-31195.3,1.447,-0.052,-0.558,551.3,0.151,9.15
NOTP_TRAIL1,ANY,LONG,sym_oi,down,HOLDOUT,3384,56.4,0.334,-0.1241,0.99992,-16311.6,-271.86,0.786,-21498.2,1.654,-0.075,-0.582,509.2,0.16,9.05
NOTP_TRAIL1.5,ANY,LONG,sym_oi,down,TRAIN,13257,72.05,0.364,-0.0628,0.95789,24.6,0.13,1.0,-36766.0,1.526,-0.041,-0.751,795.0,0.094,6.76
NOTP_TRAIL1.5,ANY,LONG,sym_oi,down,VALID,6104,68.58,0.378,-0.0392,0.76013,-5414.6,-60.84,0.964,-26838.4,1.707,-0.023,-0.725,768.8,0.104,7.13
NOTP_TRAIL1.5,ANY,LONG,sym_oi,down,TEST,5583,60.68,0.36,-0.1137,0.98042,-30173.6,-327.97,0.806,-39693.0,1.447,-0.079,-0.722,814.4,0.105,6.35
NOTP_TRAIL1.5,ANY,LONG,sym_oi,down,HOLDOUT,3384,56.4,0.368,-0.0557,0.8909,-11513.1,-191.89,0.877,-24532.1,1.654,-0.034,-0.746,801.8,0.112,6.33
TIME15m,ANY,LONG,sym_oi,down,TRAIN,13257,72.05,0.415,-0.033,1.0,-12676.6,-68.89,0.775,-12703.6,1.526,-0.022,-0.159,14.9,0.802,57.82
TIME15m,ANY,LONG,sym_oi,down,VALID,6104,68.58,0.405,-0.035,1.0,-7367.3,-82.78,0.74,-7367.3,1.707,-0.02,-0.153,15.0,0.846,58.06
TIME15m,ANY,LONG,sym_oi,down,TEST,5583,60.68,0.433,-0.0229,1.0,-5552.9,-60.36,0.778,-6491.8,1.447,-0.016,-0.148,15.0,0.842,51.08
TIME15m,ANY,LONG,sym_oi,down,HOLDOUT,3384,56.4,0.421,-0.021,0.99999,-2673.9,-44.57,0.822,-3410.2,1.654,-0.013,-0.15,15.0,0.893,50.35
TIME30m,ANY,LONG,sym_oi,down,TRAIN,13257,72.05,0.435,-0.0324,1.0,-9243.5,-50.24,0.874,-9595.0,1.526,-0.021,-0.216,29.7,0.705,50.79
TIME30m,ANY,LONG,sym_oi,down,VALID,6104,68.58,0.439,-0.0336,1.0,-5587.0,-62.78,0.845,-7190.9,1.707,-0.02,-0.214,29.8,0.768,52.67
TIME30m,ANY,LONG,sym_oi,down,TEST,5583,60.68,0.465,-0.0165,0.99405,-3837.5,-41.71,0.88,-4712.3,1.447,-0.011,-0.204,29.9,0.754,45.75
TIME30m,ANY,LONG,sym_oi,down,HOLDOUT,3384,56.4,0.457,-0.014,0.97804,-1974.7,-32.91,0.896,-3309.1,1.654,-0.008,-0.203,29.8,0.811,45.77
TIME1h,ANY,LONG,sym_oi,down,TRAIN,13257,72.05,0.447,-0.0366,1.0,-7042.0,-38.27,0.929,-10361.8,1.526,-0.024,-0.296,59.0,0.576,41.48
TIME1h,ANY,LONG,sym_oi,down,VALID,6104,68.58,0.449,-0.0338,0.99994,-4976.5,-55.92,0.893,-6307.8,1.707,-0.02,-0.29,59.1,0.646,44.3
TIME1h,ANY,LONG,sym_oi,down,TEST,5583,60.68,0.483,-0.0059,0.66852,-556.8,-6.05,0.987,-4589.7,1.447,-0.004,-0.284,59.3,0.632,38.35
TIME1h,ANY,LONG,sym_oi,down,HOLDOUT,3384,56.4,0.453,-0.0146,0.92705,-1584.6,-26.41,0.939,-3570.8,1.654,-0.009,-0.281,59.2,0.696,39.23
TIME2h,ANY,LONG,sym_oi,down,TRAIN,13257,72.05,0.46,-0.0398,0.99933,-6087.1,-33.08,0.954,-12417.1,1.526,-0.026,-0.396,115.1,0.383,27.61
TIME2h,ANY,LONG,sym_oi,down,VALID,6104,68.58,0.462,-0.0254,0.93661,-3397.8,-38.18,0.945,-6649.0,1.707,-0.015,-0.388,115.7,0.435,29.84
TIME2h,ANY,LONG,sym_oi,down,TEST,5583,60.68,0.493,0.0112,0.31342,3559.7,38.69,1.061,-4465.2,1.447,0.008,-0.376,115.9,0.432,26.21
TIME2h,ANY,LONG,sym_oi,down,HOLDOUT,3384,56.4,0.463,-0.0206,0.88868,-3258.0,-54.3,0.911,-6842.1,1.654,-0.012,-0.387,116.0,0.483,27.22
TIME4h,ANY,LONG,sym_oi,down,TRAIN,13257,72.05,0.457,-0.0531,0.99816,-7040.7,-38.26,0.96,-14631.4,1.526,-0.035,-0.519,216.9,0.256,18.45
TIME4h,ANY,LONG,sym_oi,down,VALID,6104,68.58,0.465,-0.0236,0.79292,-5473.5,-61.5,0.937,-14478.4,1.707,-0.014,-0.508,217.6,0.288,19.73
TIME4h,ANY,LONG,sym_oi,down,TEST,5583,60.68,0.493,0.0081,0.39727,1284.9,13.97,1.016,-7729.2,1.447,0.006,-0.491,218.3,0.293,17.77
TIME4h,ANY,LONG,sym_oi,down,HOLDOUT,3384,56.4,0.456,-0.0182,0.72498,-2285.5,-38.09,0.954,-9211.6,1.654,-0.011,-0.514,218.9,0.323,18.22
SIG_OFF,ANY,LONG,sym_oi,down,TRAIN,13257,72.05,0.402,-0.0354,1.0,-11624.0,-63.17,0.84,-11878.7,1.526,-0.023,-0.2,55.5,0.599,43.16
SIG_OFF,ANY,LONG,sym_oi,down,VALID,6104,68.58,0.4,-0.0212,0.91436,-4041.1,-45.41,0.883,-7805.8,1.707,-0.012,-0.191,64.6,0.643,44.11
SIG_OFF,ANY,LONG,sym_oi,down,TEST,5583,60.68,0.426,-0.0317,0.99992,-7403.9,-80.48,0.774,-9506.1,1.447,-0.022,-0.19,50.0,0.654,39.71
SIG_OFF,ANY,LONG,sym_oi,down,HOLDOUT,3384,56.4,0.406,-0.035,1.0,-6275.0,-104.58,0.685,-6314.6,1.654,-0.021,-0.191,49.6,0.722,40.7
MOM_OFF,ANY,LONG,sym_oi,down,TRAIN,13257,72.05,0.357,-0.0343,1.0,-9713.6,-52.79,0.871,-10699.9,1.526,-0.022,-0.194,37.4,0.685,49.33
MOM_OFF,ANY,LONG,sym_oi,down,VALID,6104,68.58,0.353,-0.0333,0.99995,-7297.7,-82.0,0.798,-7802.0,1.707,-0.02,-0.191,37.3,0.73,50.06
MOM_OFF,ANY,LONG,sym_oi,down,TEST,5583,60.68,0.375,-0.0284,0.99822,-8209.8,-89.24,0.759,-9707.8,1.447,-0.02,-0.185,37.8,0.725,43.98
MOM_OFF,ANY,LONG,sym_oi,down,HOLDOUT,3384,56.4,0.361,-0.0279,0.99831,-2697.4,-44.96,0.867,-5020.7,1.654,-0.017,-0.189,37.7,0.779,43.93
FIXED,ANY,LONG,sym_funding,base,TRAIN,124620,677.28,0.406,-0.1218,1.0,-355753.8,-1933.44,0.839,-435969.8,1.616,-0.075,-0.817,691.9,0.012,8.32
FIXED,ANY,LONG,sym_funding,base,VALID,53900,605.62,0.407,-0.1075,0.99996,-121003.1,-1359.59,0.872,-147271.9,1.66,-0.065,-0.798,698.2,0.014,8.49
FIXED,ANY,LONG,sym_funding,base,TEST,67366,732.24,0.4,-0.1398,1.0,-200242.3,-2176.55,0.824,-247113.3,1.576,-0.089,-0.821,691.7,0.011,8.11
FIXED,ANY,LONG,sym_funding,base,HOLDOUT,25381,423.02,0.436,-0.0475,0.84383,8784.0,146.4,1.023,-68248.1,1.989,-0.024,-0.811,667.2,0.01,4.4
TRAIL_A0.5_D0.5,ANY,LONG,sym_funding,base,TRAIN,124620,677.28,0.518,-0.1349,1.0,-386458.0,-2100.32,0.732,-416034.6,1.616,-0.084,-0.612,395.1,0.022,15.12
TRAIL_A0.5_D0.5,ANY,LONG,sym_funding,base,VALID,53900,605.62,0.514,-0.136,1.0,-172042.8,-1933.07,0.729,-174505.8,1.66,-0.082,-0.602,390.2,0.025,15.42
TRAIL_A0.5_D0.5,ANY,LONG,sym_funding,base,TEST,67366,732.24,0.512,-0.1451,1.0,-205508.7,-2233.79,0.725,-221736.4,1.576,-0.092,-0.61,380.8,0.021,15.23
TRAIL_A0.5_D0.5,ANY,LONG,sym_funding,base,HOLDOUT,25381,423.02,0.522,-0.097,0.99948,-23102.6,-385.04,0.906,-45775.5,1.989,-0.049,-0.588,366.9,0.019,8.08
TRAIL_A0.5_D1,ANY,LONG,sym_funding,base,TRAIN,124620,677.28,0.362,-0.126,1.0,-366841.5,-1993.7,0.791,-416603.5,1.616,-0.078,-0.656,532.2,0.016,10.82
TRAIL_A0.5_D1,ANY,LONG,sym_funding,base,VALID,53900,605.62,0.36,-0.1223,1.0,-154869.2,-1740.1,0.799,-157854.8,1.66,-0.074,-0.646,522.1,0.019,11.47
TRAIL_A0.5_D1,ANY,LONG,sym_funding,base,TEST,67366,732.24,0.352,-0.147,1.0,-214649.2,-2333.14,0.765,-239594.5,1.576,-0.093,-0.655,511.4,0.015,11.18
TRAIL_A0.5_D1,ANY,LONG,sym_funding,base,HOLDOUT,25381,423.02,0.379,-0.0755,0.97635,-10067.7,-167.79,0.967,-55715.0,1.989,-0.038,-0.638,490.0,0.014,6.02
TRAIL_A1_D0.5,ANY,LONG,sym_funding,base,TRAIN,124620,677.28,0.48,-0.1308,1.0,-371205.5,-2017.42,0.812,-429934.6,1.616,-0.081,-0.756,577.2,0.015,9.86
TRAIL_A1_D0.5,ANY,LONG,sym_funding,base,VALID,53900,605.62,0.477,-0.1283,1.0,-155596.7,-1748.28,0.819,-163567.2,1.66,-0.077,-0.744,578.9,0.016,9.67
TRAIL_A1_D0.5,ANY,LONG,sym_funding,base,TEST,67366,732.24,0.475,-0.1459,1.0,-207683.2,-2257.43,0.797,-242204.8,1.576,-0.093,-0.759,571.2,0.014,10.0
TRAIL_A1_D0.5,ANY,LONG,sym_funding,base,HOLDOUT,25381,423.02,0.507,-0.0751,0.97166,-6151.9,-102.53,0.982,-56380.7,1.989,-0.038,-0.742,550.6,0.013,5.45
TRAIL_A1_D1,ANY,LONG,sym_funding,base,TRAIN,124620,677.28,0.436,-0.1253,1.0,-361511.3,-1964.74,0.818,-427567.7,1.616,-0.078,-0.758,623.6,0.014,9.21
TRAIL_A1_D1,ANY,LONG,sym_funding,base,VALID,53900,605.62,0.434,-0.1181,1.0,-142433.6,-1600.38,0.835,-158015.7,1.66,-0.071,-0.745,621.9,0.016,9.48
TRAIL_A1_D1,ANY,LONG,sym_funding,base,TEST,67366,732.24,0.427,-0.145,1.0,-208405.7,-2265.28,0.797,-245129.0,1.576,-0.092,-0.76,614.1,0.013,9.42
TRAIL_A1_D1,ANY,LONG,sym_funding,base,HOLDOUT,25381,423.02,0.454,-0.0646,0.9358,-684.8,-11.41,0.998,-62230.8,1.989,-0.032,-0.745,591.2,0.012,5.1
BE0.5_TRAIL,ANY,LONG,sym_funding,base,TRAIN,124620,677.28,0.31,-0.1373,1.0,-384914.6,-2091.93,0.741,-422166.2,1.616,-0.085,-0.615,462.9,0.019,12.59
BE0.5_TRAIL,ANY,LONG,sym_funding,base,VALID,53900,605.62,0.307,-0.1356,1.0,-174527.3,-1960.98,0.733,-176812.7,1.66,-0.082,-0.605,450.1,0.02,12.38
BE0.5_TRAIL,ANY,LONG,sym_funding,base,TEST,67366,732.24,0.305,-0.1579,1.0,-223030.4,-2424.24,0.71,-240339.0,1.576,-0.1,-0.613,438.5,0.017,12.65
BE0.5_TRAIL,ANY,LONG,sym_funding,base,HOLDOUT,25381,423.02,0.329,-0.0743,0.98258,-5559.5,-92.66,0.978,-47281.8,1.989,-0.037,-0.594,421.2,0.016,6.83
BE1_TRAIL,ANY,LONG,sym_funding,base,TRAIN,124620,677.28,0.346,-0.1369,1.0,-378532.7,-2057.24,0.811,-447567.6,1.616,-0.085,-0.76,671.0,0.013,8.61
BE1_TRAIL,ANY,LONG,sym_funding,base,VALID,53900,605.62,0.348,-0.1237,1.0,-145075.7,-1630.06,0.833,-163739.3,1.66,-0.075,-0.746,667.3,0.014,8.44
BE1_TRAIL,ANY,LONG,sym_funding,base,TEST,67366,732.24,0.337,-0.1655,1.0,-228282.3,-2481.33,0.78,-267262.0,1.576,-0.105,-0.762,655.6,0.012,8.62
BE1_TRAIL,ANY,LONG,sym_funding,base,HOLDOUT,25381,423.02,0.368,-0.0415,0.80256,17730.3,295.5,1.051,-66900.9,1.989,-0.021,-0.75,634.4,0.011,4.65
ATR_TRAIL2,ANY,LONG,sym_funding,base,TRAIN,124620,677.28,0.282,-0.1298,1.0,-360505.0,-1959.27,0.608,-360807.6,1.616,-0.08,-0.299,124.2,0.068,46.39
ATR_TRAIL2,ANY,LONG,sym_funding,base,VALID,53900,605.62,0.281,-0.1271,1.0,-149919.3,-1684.49,0.622,-151134.6,1.66,-0.077,-0.299,119.4,0.078,47.0
ATR_TRAIL2,ANY,LONG,sym_funding,base,TEST,67366,732.24,0.278,-0.1442,1.0,-190295.0,-2068.42,0.6,-190484.9,1.576,-0.091,-0.301,119.0,0.064,46.93
ATR_TRAIL2,ANY,LONG,sym_funding,base,HOLDOUT,25381,423.02,0.293,-0.1211,1.0,-42315.6,-705.26,0.745,-42819.8,1.989,-0.061,-0.299,118.3,0.061,25.77
ATR_TRAIL3,ANY,LONG,sym_funding,base,TRAIN,124620,677.28,0.297,-0.1307,1.0,-373719.4,-2031.08,0.689,-377424.3,1.616,-0.081,-0.415,248.5,0.034,23.33
ATR_TRAIL3,ANY,LONG,sym_funding,base,VALID,53900,605.62,0.294,-0.1301,1.0,-162579.2,-1826.73,0.691,-164136.6,1.66,-0.078,-0.413,244.4,0.038,23.3
ATR_TRAIL3,ANY,LONG,sym_funding,base,TEST,67366,732.24,0.288,-0.158,1.0,-213230.8,-2317.73,0.661,-213363.0,1.576,-0.1,-0.417,236.8,0.034,24.83
ATR_TRAIL3,ANY,LONG,sym_funding,base,HOLDOUT,25381,423.02,0.308,-0.0982,0.99963,-27190.4,-453.17,0.874,-40095.6,1.989,-0.049,-0.411,235.7,0.029,12.32
ATR_TRAIL4,ANY,LONG,sym_funding,base,TRAIN,124620,677.28,0.307,-0.1275,1.0,-380165.2,-2066.11,0.741,-397599.1,1.616,-0.079,-0.526,399.0,0.022,14.6
ATR_TRAIL4,ANY,LONG,sym_funding,base,VALID,53900,605.62,0.306,-0.1141,1.0,-137969.9,-1550.22,0.785,-139246.8,1.66,-0.069,-0.519,400.6,0.024,14.61
ATR_TRAIL4,ANY,LONG,sym_funding,base,TEST,67366,732.24,0.289,-0.1725,1.0,-240069.5,-2609.45,0.691,-248778.6,1.576,-0.109,-0.527,380.8,0.02,14.83
ATR_TRAIL4,ANY,LONG,sym_funding,base,HOLDOUT,25381,423.02,0.313,-0.0692,0.94165,-10895.6,-181.59,0.959,-56355.5,1.989,-0.035,-0.522,381.6,0.018,7.78
MFE_LOCK0.3,ANY,LONG,sym_funding,base,TRAIN,124620,677.28,0.48,-0.1293,1.0,-346457.6,-1882.92,0.825,-407074.2,1.616,-0.08,-0.756,574.9,0.015,10.1
MFE_LOCK0.3,ANY,LONG,sym_funding,base,VALID,53900,605.62,0.477,-0.1329,1.0,-162046.6,-1820.75,0.811,-167992.0,1.66,-0.08,-0.744,576.1,0.016,9.83
MFE_LOCK0.3,ANY,LONG,sym_funding,base,TEST,67366,732.24,0.475,-0.1515,1.0,-202730.8,-2203.6,0.802,-235700.2,1.576,-0.096,-0.759,568.2,0.013,9.85
MFE_LOCK0.3,ANY,LONG,sym_funding,base,HOLDOUT,25381,423.02,0.506,-0.0699,0.96273,-3207.7,-53.46,0.991,-56247.9,1.989,-0.035,-0.742,549.9,0.013,5.47
MFE_LOCK0.5,ANY,LONG,sym_funding,base,TRAIN,124620,677.28,0.479,-0.1349,1.0,-385025.2,-2092.53,0.805,-444556.5,1.616,-0.083,-0.757,637.1,0.013,8.98
MFE_LOCK0.5,ANY,LONG,sym_funding,base,VALID,53900,605.62,0.477,-0.1417,1.0,-174382.2,-1959.35,0.797,-180662.8,1.66,-0.085,-0.744,633.8,0.014,8.63
MFE_LOCK0.5,ANY,LONG,sym_funding,base,TEST,67366,732.24,0.473,-0.1677,1.0,-227448.5,-2472.27,0.778,-255873.7,1.576,-0.106,-0.759,622.1,0.012,9.11
MFE_LOCK0.5,ANY,LONG,sym_funding,base,HOLDOUT,25381,423.02,0.505,-0.0504,0.84947,1559.7,26.0,1.005,-57277.0,1.989,-0.025,-0.748,609.2,0.012,5.0
NOTP_TRAIL0.5,ANY,LONG,sym_funding,base,TRAIN,124620,677.28,0.282,-0.1342,1.0,-382539.4,-2079.02,0.607,-383971.2,1.616,-0.083,-0.311,153.9,0.058,39.24
NOTP_TRAIL0.5,ANY,LONG,sym_funding,base,VALID,53900,605.62,0.288,-0.1257,1.0,-145268.9,-1632.23,0.65,-146451.4,1.66,-0.076,-0.309,143.5,0.067,40.65
NOTP_TRAIL0.5,ANY,LONG,sym_funding,base,TEST,67366,732.24,0.282,-0.1469,1.0,-202347.0,-2199.42,0.596,-202485.1,1.576,-0.093,-0.313,139.9,0.057,41.45
NOTP_TRAIL0.5,ANY,LONG,sym_funding,base,HOLDOUT,25381,423.02,0.303,-0.1144,1.0,-37482.4,-624.71,0.784,-37736.4,1.989,-0.058,-0.31,138.3,0.049,20.8
NOTP_TRAIL1,ANY,LONG,sym_funding,base,TRAIN,124620,677.28,0.331,-0.1342,1.0,-386768.0,-2102.0,0.767,-429366.7,1.616,-0.083,-0.585,511.9,0.017,11.46
NOTP_TRAIL1,ANY,LONG,sym_funding,base,VALID,53900,605.62,0.329,-0.1267,1.0,-157679.5,-1771.68,0.782,-159763.3,1.66,-0.076,-0.574,493.8,0.019,11.65
NOTP_TRAIL1,ANY,LONG,sym_funding,base,TEST,67366,732.24,0.32,-0.1696,1.0,-241976.4,-2630.18,0.721,-261819.0,1.576,-0.108,-0.583,480.0,0.016,12.01
NOTP_TRAIL1,ANY,LONG,sym_funding,base,HOLDOUT,25381,423.02,0.346,-0.0719,0.95969,-3428.5,-57.14,0.988,-57043.3,1.989,-0.036,-0.57,460.5,0.016,6.62
NOTP_TRAIL1.5,ANY,LONG,sym_funding,base,TRAIN,124620,677.28,0.345,-0.1258,1.0,-355536.4,-1932.26,0.828,-429783.5,1.616,-0.078,-0.749,751.5,0.011,7.64
NOTP_TRAIL1.5,ANY,LONG,sym_funding,base,VALID,53900,605.62,0.347,-0.1179,0.99995,-139816.8,-1570.98,0.844,-159266.9,1.66,-0.071,-0.734,755.3,0.013,7.76
NOTP_TRAIL1.5,ANY,LONG,sym_funding,base,TEST,67366,732.24,0.335,-0.1788,1.0,-248050.3,-2696.2,0.77,-287372.4,1.576,-0.113,-0.751,735.3,0.01,7.66
NOTP_TRAIL1.5,ANY,LONG,sym_funding,base,HOLDOUT,25381,423.02,0.368,-0.0108,0.57143,25107.7,418.46,1.069,-67353.2,1.989,-0.005,-0.754,723.1,0.01,4.25
TIME15m,ANY,LONG,sym_funding,base,TRAIN,124620,677.28,0.37,-0.0496,1.0,-135840.0,-738.26,0.62,-136054.5,1.616,-0.031,-0.15,15.0,0.413,279.99
TIME15m,ANY,LONG,sym_funding,base,VALID,53900,605.62,0.365,-0.0519,1.0,-60520.2,-680.0,0.61,-61356.2,1.66,-0.031,-0.149,15.0,0.47,284.38
TIME15m,ANY,LONG,sym_funding,base,TEST,67366,732.24,0.367,-0.0548,1.0,-69124.3,-751.35,0.615,-69136.4,1.576,-0.035,-0.147,15.0,0.424,310.74
TIME15m,ANY,LONG,sym_funding,base,HOLDOUT,25381,423.02,0.357,-0.0589,1.0,-23328.2,-388.8,0.64,-23385.3,1.989,-0.03,-0.147,15.0,0.408,172.4
TIME30m,ANY,LONG,sym_funding,base,TRAIN,124620,677.28,0.396,-0.0513,1.0,-135194.1,-734.75,0.709,-135713.0,1.616,-0.032,-0.211,29.9,0.248,167.66
TIME30m,ANY,LONG,sym_funding,base,VALID,53900,605.62,0.394,-0.0525,1.0,-59804.8,-671.96,0.701,-60284.3,1.66,-0.032,-0.209,29.9,0.281,169.88
TIME30m,ANY,LONG,sym_funding,base,TEST,67366,732.24,0.397,-0.0543,1.0,-67861.6,-737.63,0.711,-68026.4,1.576,-0.034,-0.208,29.9,0.241,176.12
TIME30m,ANY,LONG,sym_funding,base,HOLDOUT,25381,423.02,0.389,-0.0569,1.0,-21053.5,-350.89,0.752,-21262.6,1.989,-0.029,-0.209,29.8,0.225,95.15
TIME1h,ANY,LONG,sym_funding,base,TRAIN,124620,677.28,0.418,-0.0544,1.0,-138756.7,-754.11,0.775,-138994.7,1.616,-0.034,-0.294,59.2,0.135,91.31
TIME1h,ANY,LONG,sym_funding,base,VALID,53900,605.62,0.414,-0.0543,1.0,-58148.3,-653.35,0.78,-60616.4,1.66,-0.033,-0.29,59.3,0.152,91.98
TIME1h,ANY,LONG,sym_funding,base,TEST,67366,732.24,0.417,-0.057,1.0,-70496.0,-766.26,0.777,-71550.5,1.576,-0.036,-0.291,59.2,0.127,93.16
TIME1h,ANY,LONG,sym_funding,base,HOLDOUT,25381,423.02,0.419,-0.0501,0.99999,-15942.6,-265.71,0.856,-16328.9,1.989,-0.025,-0.293,59.0,0.117,49.55
TIME2h,ANY,LONG,sym_funding,base,TRAIN,124620,677.28,0.434,-0.0635,1.0,-159887.0,-868.95,0.808,-163437.3,1.616,-0.039,-0.402,115.2,0.071,48.31
TIME2h,ANY,LONG,sym_funding,base,VALID,53900,605.62,0.423,-0.059,1.0,-63621.3,-714.85,0.822,-66267.0,1.66,-0.036,-0.394,115.8,0.08,48.27
TIME2h,ANY,LONG,sym_funding,base,TEST,67366,732.24,0.428,-0.0649,1.0,-77012.2,-837.09,0.82,-80765.9,1.576,-0.041,-0.399,115.4,0.067,48.71
TIME2h,ANY,LONG,sym_funding,base,HOLDOUT,25381,423.02,0.438,-0.0484,0.99586,-14946.0,-249.1,0.902,-23263.1,1.989,-0.024,-0.403,114.6,0.061,25.97
TIME4h,ANY,LONG,sym_funding,base,TRAIN,124620,677.28,0.443,-0.0729,1.0,-181997.6,-989.12,0.839,-194060.6,1.616,-0.045,-0.528,214.8,0.039,26.62
TIME4h,ANY,LONG,sym_funding,base,VALID,53900,605.62,0.435,-0.0626,0.99994,-64884.4,-729.04,0.866,-71640.2,1.66,-0.038,-0.518,216.9,0.043,26.25
TIME4h,ANY,LONG,sym_funding,base,TEST,67366,732.24,0.432,-0.0798,1.0,-102893.4,-1118.41,0.825,-114347.0,1.576,-0.051,-0.529,215.8,0.036,26.41
TIME4h,ANY,LONG,sym_funding,base,HOLDOUT,25381,423.02,0.445,-0.0476,0.95547,-6583.0,-109.72,0.968,-32452.1,1.989,-0.024,-0.531,213.2,0.033,14.17
SIG_OFF,ANY,LONG,sym_funding,base,TRAIN,124620,677.28,0.36,-0.0531,1.0,-149684.4,-813.5,0.677,-149989.0,1.616,-0.033,-0.192,57.5,0.145,98.14
SIG_OFF,ANY,LONG,sym_funding,base,VALID,53900,605.62,0.357,-0.0536,1.0,-61833.1,-694.75,0.685,-62156.0,1.66,-0.032,-0.189,59.5,0.162,98.24
SIG_OFF,ANY,LONG,sym_funding,base,TEST,67366,732.24,0.356,-0.0631,1.0,-81148.8,-882.05,0.657,-81277.1,1.576,-0.04,-0.192,60.2,0.128,93.58
SIG_OFF,ANY,LONG,sym_funding,base,HOLDOUT,25381,423.02,0.343,-0.0566,1.0,-24022.0,-400.37,0.72,-24966.3,1.989,-0.028,-0.197,61.3,0.118,50.05
MOM_OFF,ANY,LONG,sym_funding,base,TRAIN,124620,677.28,0.309,-0.0516,1.0,-134862.4,-732.95,0.737,-134908.5,1.616,-0.032,-0.202,45.2,0.204,137.99
MOM_OFF,ANY,LONG,sym_funding,base,VALID,53900,605.62,0.307,-0.0534,1.0,-62144.7,-698.26,0.721,-63433.5,1.66,-0.032,-0.202,44.5,0.225,136.24
MOM_OFF,ANY,LONG,sym_funding,base,TEST,67366,732.24,0.302,-0.0624,1.0,-83802.2,-910.89,0.684,-84676.1,1.576,-0.04,-0.201,44.8,0.189,138.75
MOM_OFF,ANY,LONG,sym_funding,base,HOLDOUT,25381,423.02,0.301,-0.0497,0.99999,-17421.5,-290.36,0.822,-17858.0,1.989,-0.025,-0.208,47.3,0.163,69.05
FIXED,ANY,LONG,sym_oi,flat,TRAIN,153825,836.01,0.407,-0.1257,1.0,-449459.6,-2442.72,0.823,-530855.7,1.609,-0.078,-0.819,688.0,0.01,8.27
FIXED,ANY,LONG,sym_oi,flat,VALID,77473,870.48,0.415,-0.0938,0.99931,-145726.7,-1637.38,0.879,-179855.7,1.668,-0.056,-0.799,692.4,0.01,8.65
FIXED,ANY,LONG,sym_oi,flat,TEST,81275,883.42,0.401,-0.1427,1.0,-238061.7,-2587.63,0.81,-290834.0,1.582,-0.09,-0.826,681.5,0.01,8.5
FIXED,ANY,LONG,sym_oi,flat,HOLDOUT,51981,866.35,0.449,-0.0287,0.80498,32780.9,546.35,1.045,-79742.5,1.974,-0.015,-0.81,672.4,0.01,8.5
TRAIL_A0.5_D0.5,ANY,LONG,sym_oi,flat,TRAIN,153825,836.01,0.515,-0.1394,1.0,-477759.5,-2596.52,0.712,-507967.2,1.609,-0.087,-0.613,391.4,0.018,14.91
TRAIL_A0.5_D0.5,ANY,LONG,sym_oi,flat,VALID,77473,870.48,0.512,-0.1323,1.0,-222780.0,-2503.15,0.727,-224871.3,1.668,-0.079,-0.604,388.9,0.018,15.49
TRAIL_A0.5_D0.5,ANY,LONG,sym_oi,flat,TEST,81275,883.42,0.504,-0.149,1.0,-238708.5,-2594.66,0.71,-253785.4,1.582,-0.094,-0.612,375.1,0.017,15.2
TRAIL_A0.5_D0.5,ANY,LONG,sym_oi,flat,HOLDOUT,51981,866.35,0.526,-0.1078,1.0,-70802.2,-1180.04,0.852,-92555.6,1.974,-0.055,-0.594,364.8,0.018,15.47
TRAIL_A0.5_D1,ANY,LONG,sym_oi,flat,TRAIN,153825,836.01,0.363,-0.1302,1.0,-456804.6,-2482.63,0.774,-509120.9,1.609,-0.081,-0.658,529.4,0.013,10.92
TRAIL_A0.5_D1,ANY,LONG,sym_oi,flat,VALID,77473,870.48,0.366,-0.1139,1.0,-195449.5,-2196.06,0.802,-201637.0,1.668,-0.068,-0.647,520.5,0.013,10.91
TRAIL_A0.5_D1,ANY,LONG,sym_oi,flat,TEST,81275,883.42,0.351,-0.1479,1.0,-245463.7,-2668.08,0.756,-274296.7,1.582,-0.093,-0.657,505.4,0.013,11.5
TRAIL_A0.5_D1,ANY,LONG,sym_oi,flat,HOLDOUT,51981,866.35,0.381,-0.0807,0.99891,-39366.0,-656.1,0.934,-86690.5,1.974,-0.041,-0.643,493.7,0.013,11.13
TRAIL_A1_D0.5,ANY,LONG,sym_oi,flat,TRAIN,153825,836.01,0.48,-0.1348,1.0,-467556.6,-2541.07,0.795,-526742.3,1.609,-0.084,-0.759,573.0,0.012,10.04
TRAIL_A1_D0.5,ANY,LONG,sym_oi,flat,VALID,77473,870.48,0.484,-0.1201,1.0,-195979.4,-2202.02,0.821,-207455.9,1.668,-0.072,-0.744,572.7,0.011,9.99
TRAIL_A1_D0.5,ANY,LONG,sym_oi,flat,TEST,81275,883.42,0.475,-0.1499,1.0,-245846.6,-2672.25,0.781,-282366.0,1.582,-0.095,-0.762,560.9,0.011,9.9
TRAIL_A1_D0.5,ANY,LONG,sym_oi,flat,HOLDOUT,51981,866.35,0.516,-0.0715,0.99549,-18285.1,-304.75,0.972,-83144.2,1.974,-0.036,-0.745,551.0,0.011,9.8
TRAIL_A1_D1,ANY,LONG,sym_oi,flat,TRAIN,153825,836.01,0.436,-0.1292,1.0,-457151.4,-2484.52,0.8,-524044.2,1.609,-0.08,-0.761,619.8,0.011,9.5
TRAIL_A1_D1,ANY,LONG,sym_oi,flat,VALID,77473,870.48,0.439,-0.1083,0.99997,-179813.9,-2020.38,0.837,-199895.4,1.668,-0.065,-0.745,617.0,0.011,9.46
TRAIL_A1_D1,ANY,LONG,sym_oi,flat,TEST,81275,883.42,0.424,-0.1478,1.0,-245195.6,-2665.17,0.783,-286076.0,1.582,-0.093,-0.764,604.7,0.011,9.42
TRAIL_A1_D1,ANY,LONG,sym_oi,flat,HOLDOUT,51981,866.35,0.464,-0.0575,0.97251,-3429.9,-57.17,0.995,-85169.0,1.974,-0.029,-0.748,594.9,0.011,9.38
BE0.5_TRAIL,ANY,LONG,sym_oi,flat,TRAIN,153825,836.01,0.312,-0.1406,1.0,-479380.8,-2605.33,0.72,-513658.4,1.609,-0.087,-0.616,459.7,0.015,12.8
BE0.5_TRAIL,ANY,LONG,sym_oi,flat,VALID,77473,870.48,0.316,-0.1297,1.0,-222597.7,-2501.1,0.736,-223842.9,1.668,-0.078,-0.606,451.4,0.015,12.92
BE0.5_TRAIL,ANY,LONG,sym_oi,flat,TEST,81275,883.42,0.307,-0.1629,1.0,-266963.3,-2901.78,0.686,-286020.1,1.582,-0.103,-0.615,433.0,0.014,12.74
BE0.5_TRAIL,ANY,LONG,sym_oi,flat,HOLDOUT,51981,866.35,0.326,-0.0923,0.99995,-55001.8,-916.7,0.889,-85045.9,1.974,-0.047,-0.598,421.9,0.015,13.25
BE1_TRAIL,ANY,LONG,sym_oi,flat,TRAIN,153825,836.01,0.347,-0.1411,1.0,-482596.0,-2622.8,0.791,-547853.3,1.609,-0.088,-0.762,666.8,0.01,8.45
BE1_TRAIL,ANY,LONG,sym_oi,flat,VALID,77473,870.48,0.355,-0.1158,0.99997,-193239.5,-2171.23,0.826,-217484.6,1.668,-0.069,-0.746,664.3,0.01,8.62
BE1_TRAIL,ANY,LONG,sym_oi,flat,TEST,81275,883.42,0.338,-0.1727,1.0,-285114.9,-3099.07,0.75,-328226.3,1.582,-0.109,-0.766,646.7,0.009,8.37
BE1_TRAIL,ANY,LONG,sym_oi,flat,HOLDOUT,51981,866.35,0.376,-0.0421,0.89078,14447.6,240.79,1.022,-91448.2,1.974,-0.021,-0.752,640.3,0.01,8.75
ATR_TRAIL2,ANY,LONG,sym_oi,flat,TRAIN,153825,836.01,0.281,-0.1337,1.0,-445077.1,-2418.9,0.58,-445259.8,1.609,-0.083,-0.298,124.5,0.056,46.8
ATR_TRAIL2,ANY,LONG,sym_oi,flat,VALID,77473,870.48,0.28,-0.1286,1.0,-209484.1,-2353.75,0.595,-211101.6,1.668,-0.077,-0.299,121.2,0.054,46.87
ATR_TRAIL2,ANY,LONG,sym_oi,flat,TEST,81275,883.42,0.273,-0.1502,1.0,-230029.3,-2500.32,0.564,-230212.9,1.582,-0.095,-0.301,119.2,0.054,47.82
ATR_TRAIL2,ANY,LONG,sym_oi,flat,HOLDOUT,51981,866.35,0.286,-0.1384,1.0,-117167.4,-1952.79,0.648,-117276.7,1.974,-0.07,-0.3,116.6,0.057,49.45
ATR_TRAIL3,ANY,LONG,sym_oi,flat,TRAIN,153825,836.01,0.298,-0.1336,1.0,-468338.0,-2545.32,0.66,-471881.4,1.609,-0.083,-0.414,248.5,0.029,23.91
ATR_TRAIL3,ANY,LONG,sym_oi,flat,VALID,77473,870.48,0.299,-0.1217,1.0,-205046.9,-2303.9,0.698,-206542.8,1.668,-0.073,-0.412,248.4,0.028,23.94
ATR_TRAIL3,ANY,LONG,sym_oi,flat,TEST,81275,883.42,0.287,-0.1636,1.0,-262396.6,-2852.14,0.622,-262565.7,1.582,-0.103,-0.418,237.5,0.027,24.0
ATR_TRAIL3,ANY,LONG,sym_oi,flat,HOLDOUT,51981,866.35,0.299,-0.1308,1.0,-116105.0,-1935.08,0.733,-116447.8,1.974,-0.066,-0.418,235.1,0.028,23.97
ATR_TRAIL4,ANY,LONG,sym_oi,flat,TRAIN,153825,836.01,0.307,-0.1309,1.0,-480658.0,-2612.27,0.715,-497348.6,1.609,-0.081,-0.526,398.3,0.018,15.04
ATR_TRAIL4,ANY,LONG,sym_oi,flat,VALID,77473,870.48,0.313,-0.1047,0.99999,-179974.2,-2022.18,0.781,-183381.5,1.668,-0.063,-0.518,404.7,0.017,14.69
ATR_TRAIL4,ANY,LONG,sym_oi,flat,TEST,81275,883.42,0.291,-0.1748,1.0,-287545.4,-3125.49,0.663,-294171.4,1.582,-0.11,-0.528,382.9,0.017,14.77
ATR_TRAIL4,ANY,LONG,sym_oi,flat,HOLDOUT,51981,866.35,0.309,-0.0836,0.99683,-73883.4,-1231.39,0.86,-99507.1,1.974,-0.042,-0.527,389.1,0.017,14.78
MFE_LOCK0.3,ANY,LONG,sym_oi,flat,TRAIN,153825,836.01,0.481,-0.1318,1.0,-433468.7,-2355.81,0.81,-492810.3,1.609,-0.082,-0.759,570.8,0.012,10.14
MFE_LOCK0.3,ANY,LONG,sym_oi,flat,VALID,77473,870.48,0.484,-0.126,1.0,-204889.6,-2302.13,0.813,-213237.6,1.668,-0.076,-0.744,570.5,0.012,10.1
MFE_LOCK0.3,ANY,LONG,sym_oi,flat,TEST,81275,883.42,0.476,-0.1574,1.0,-250980.1,-2728.05,0.777,-284997.3,1.582,-0.099,-0.762,557.7,0.012,10.47
MFE_LOCK0.3,ANY,LONG,sym_oi,flat,HOLDOUT,51981,866.35,0.516,-0.0655,0.99036,-5927.8,-98.8,0.991,-81494.4,1.974,-0.033,-0.745,549.8,0.011,9.78
MFE_LOCK0.5,ANY,LONG,sym_oi,flat,TRAIN,153825,836.01,0.48,-0.135,1.0,-468627.6,-2546.89,0.794,-523870.2,1.609,-0.084,-0.759,633.9,0.011,9.09
MFE_LOCK0.5,ANY,LONG,sym_oi,flat,VALID,77473,870.48,0.483,-0.1342,1.0,-229493.1,-2578.57,0.791,-243504.5,1.668,-0.08,-0.744,632.3,0.01,8.9
MFE_LOCK0.5,ANY,LONG,sym_oi,flat,TEST,81275,883.42,0.474,-0.175,1.0,-285725.1,-3105.71,0.746,-316155.8,1.582,-0.111,-0.763,613.3,0.011,9.43
MFE_LOCK0.5,ANY,LONG,sym_oi,flat,HOLDOUT,51981,866.35,0.515,-0.0469,0.90818,2571.5,42.86,1.004,-88761.0,1.974,-0.024,-0.748,613.4,0.011,9.22
NOTP_TRAIL0.5,ANY,LONG,sym_oi,flat,TRAIN,153825,836.01,0.279,-0.1386,1.0,-472813.7,-2569.64,0.578,-475256.0,1.609,-0.086,-0.311,154.2,0.048,39.88
NOTP_TRAIL0.5,ANY,LONG,sym_oi,flat,VALID,77473,870.48,0.286,-0.1279,1.0,-204621.9,-2299.12,0.623,-205890.7,1.668,-0.077,-0.309,146.1,0.046,40.17
NOTP_TRAIL0.5,ANY,LONG,sym_oi,flat,TEST,81275,883.42,0.278,-0.1517,1.0,-235884.0,-2563.96,0.575,-236127.5,1.582,-0.096,-0.312,140.4,0.046,40.99
NOTP_TRAIL0.5,ANY,LONG,sym_oi,flat,HOLDOUT,51981,866.35,0.293,-0.1339,1.0,-107906.2,-1798.44,0.688,-107906.2,1.974,-0.068,-0.31,137.8,0.048,41.38
NOTP_TRAIL1,ANY,LONG,sym_oi,flat,TRAIN,153825,836.01,0.33,-0.1376,1.0,-489021.4,-2657.73,0.743,-526578.7,1.609,-0.086,-0.586,510.4,0.014,11.54
NOTP_TRAIL1,ANY,LONG,sym_oi,flat,VALID,77473,870.48,0.335,-0.1215,1.0,-212764.8,-2390.62,0.77,-214330.8,1.668,-0.073,-0.573,497.0,0.013,11.72
NOTP_TRAIL1,ANY,LONG,sym_oi,flat,TEST,81275,883.42,0.319,-0.1729,1.0,-288383.6,-3134.6,0.696,-310998.1,1.582,-0.109,-0.584,478.1,0.014,12.21
NOTP_TRAIL1,ANY,LONG,sym_oi,flat,HOLDOUT,51981,866.35,0.345,-0.0835,0.9981,-48288.6,-804.81,0.915,-94469.8,1.974,-0.042,-0.574,469.3,0.014,11.82
NOTP_TRAIL1.5,ANY,LONG,sym_oi,flat,TRAIN,153825,836.01,0.345,-0.132,1.0,-468016.6,-2543.57,0.804,-538462.0,1.609,-0.082,-0.75,747.9,0.009,7.79
NOTP_TRAIL1.5,ANY,LONG,sym_oi,flat,VALID,77473,870.48,0.355,-0.1031,0.99912,-179238.0,-2013.91,0.843,-212542.8,1.668,-0.062,-0.735,758.7,0.009,7.48
NOTP_TRAIL1.5,ANY,LONG,sym_oi,flat,TEST,81275,883.42,0.334,-0.1824,1.0,-304775.9,-3312.78,0.743,-348068.2,1.582,-0.115,-0.754,730.4,0.009,7.76
NOTP_TRAIL1.5,ANY,LONG,sym_oi,flat,HOLDOUT,51981,866.35,0.377,0.0019,0.48325,63226.5,1053.77,1.09,-98274.3,1.974,0.001,-0.749,736.4,0.009,7.65
TIME15m,ANY,LONG,sym_oi,flat,TRAIN,153825,836.01,0.367,-0.0518,1.0,-165337.3,-898.57,0.595,-165731.9,1.609,-0.032,-0.149,15.0,0.351,293.22
TIME15m,ANY,LONG,sym_oi,flat,VALID,77473,870.48,0.358,-0.0551,1.0,-88016.0,-988.94,0.562,-88416.2,1.668,-0.033,-0.149,15.0,0.358,311.75
TIME15m,ANY,LONG,sym_oi,flat,TEST,81275,883.42,0.361,-0.057,1.0,-81863.2,-889.82,0.584,-81913.3,1.582,-0.036,-0.146,15.0,0.363,320.97
TIME15m,ANY,LONG,sym_oi,flat,HOLDOUT,51981,866.35,0.363,-0.0593,1.0,-47272.7,-787.88,0.628,-47369.4,1.974,-0.03,-0.147,15.0,0.376,326.07
TIME30m,ANY,LONG,sym_oi,flat,TRAIN,153825,836.01,0.394,-0.0532,1.0,-166398.9,-904.34,0.685,-167268.8,1.609,-0.033,-0.21,29.9,0.204,170.36
TIME30m,ANY,LONG,sym_oi,flat,VALID,77473,870.48,0.39,-0.055,1.0,-86485.0,-971.74,0.664,-87032.5,1.668,-0.033,-0.209,29.9,0.203,176.29
TIME30m,ANY,LONG,sym_oi,flat,TEST,81275,883.42,0.394,-0.0556,1.0,-78737.3,-855.84,0.691,-78857.7,1.582,-0.035,-0.207,29.9,0.202,178.73
TIME30m,ANY,LONG,sym_oi,flat,HOLDOUT,51981,866.35,0.394,-0.0601,1.0,-46463.7,-774.4,0.721,-46826.0,1.974,-0.03,-0.209,29.9,0.207,179.37
TIME1h,ANY,LONG,sym_oi,flat,TRAIN,153825,836.01,0.419,-0.0569,1.0,-177265.3,-963.4,0.748,-177676.2,1.609,-0.035,-0.294,59.2,0.109,91.54
TIME1h,ANY,LONG,sym_oi,flat,VALID,77473,870.48,0.412,-0.0553,1.0,-80283.3,-902.06,0.76,-82151.8,1.668,-0.033,-0.29,59.3,0.107,93.12
TIME1h,ANY,LONG,sym_oi,flat,TEST,81275,883.42,0.417,-0.058,1.0,-81545.0,-886.36,0.762,-81815.9,1.582,-0.037,-0.291,59.2,0.106,93.57
TIME1h,ANY,LONG,sym_oi,flat,HOLDOUT,51981,866.35,0.421,-0.0565,1.0,-39506.9,-658.45,0.817,-40139.5,1.974,-0.029,-0.293,59.1,0.108,93.73
TIME2h,ANY,LONG,sym_oi,flat,TRAIN,153825,836.01,0.435,-0.0641,1.0,-197882.6,-1075.45,0.792,-202020.6,1.609,-0.04,-0.403,115.2,0.058,48.47
TIME2h,ANY,LONG,sym_oi,flat,VALID,77473,870.48,0.426,-0.0569,1.0,-84267.7,-946.83,0.814,-86526.1,1.668,-0.034,-0.394,115.8,0.056,48.54
TIME2h,ANY,LONG,sym_oi,flat,TEST,81275,883.42,0.429,-0.0657,1.0,-92211.6,-1002.3,0.802,-97411.6,1.582,-0.042,-0.399,115.3,0.055,48.98
TIME2h,ANY,LONG,sym_oi,flat,HOLDOUT,51981,866.35,0.436,-0.0579,1.0,-37661.1,-627.68,0.871,-40717.2,1.974,-0.029,-0.404,114.8,0.056,48.83
TIME4h,ANY,LONG,sym_oi,flat,TRAIN,153825,836.01,0.446,-0.0735,1.0,-230298.3,-1251.62,0.822,-240898.2,1.609,-0.046,-0.529,214.6,0.032,26.54
TIME4h,ANY,LONG,sym_oi,flat,VALID,77473,870.48,0.442,-0.0567,0.99926,-75573.1,-849.14,0.876,-86729.2,1.668,-0.034,-0.517,216.8,0.03,26.09
TIME4h,ANY,LONG,sym_oi,flat,TEST,81275,883.42,0.433,-0.0795,1.0,-118713.3,-1290.36,0.815,-131933.0,1.582,-0.05,-0.53,215.4,0.03,26.6
TIME4h,ANY,LONG,sym_oi,flat,HOLDOUT,51981,866.35,0.447,-0.0619,0.99937,-38105.0,-635.08,0.904,-53207.6,1.974,-0.031,-0.533,214.0,0.031,26.65
SIG_OFF,ANY,LONG,sym_oi,flat,TRAIN,153825,836.01,0.357,-0.0558,1.0,-185043.4,-1005.67,0.657,-185546.7,1.609,-0.035,-0.194,60.8,0.114,95.14
SIG_OFF,ANY,LONG,sym_oi,flat,VALID,77473,870.48,0.352,-0.0549,1.0,-85446.8,-960.08,0.67,-85528.5,1.668,-0.033,-0.192,63.1,0.11,95.42
SIG_OFF,ANY,LONG,sym_oi,flat,TEST,81275,883.42,0.35,-0.0657,1.0,-96360.3,-1047.39,0.638,-97359.6,1.582,-0.041,-0.195,64.2,0.102,89.75
SIG_OFF,ANY,LONG,sym_oi,flat,HOLDOUT,51981,866.35,0.351,-0.0587,1.0,-46080.2,-768.0,0.729,-47462.3,1.974,-0.03,-0.197,62.1,0.108,93.38
MOM_OFF,ANY,LONG,sym_oi,flat,TRAIN,153825,836.01,0.307,-0.0551,1.0,-172662.1,-938.38,0.704,-172716.3,1.609,-0.034,-0.201,45.2,0.169,141.07
MOM_OFF,ANY,LONG,sym_oi,flat,VALID,77473,870.48,0.303,-0.0551,1.0,-89449.6,-1005.05,0.687,-90293.8,1.668,-0.033,-0.201,44.4,0.164,142.7
MOM_OFF,ANY,LONG,sym_oi,flat,TEST,81275,883.42,0.3,-0.0624,1.0,-96288.7,-1046.62,0.664,-96352.0,1.582,-0.039,-0.2,45.0,0.16,141.34
MOM_OFF,ANY,LONG,sym_oi,flat,HOLDOUT,51981,866.35,0.304,-0.0552,1.0,-45104.5,-751.74,0.761,-45234.8,1.974,-0.028,-0.206,46.3,0.157,136.12
FIXED,EARLY_BRK,LONG,ALL,ALL,TRAIN,48387,262.97,0.402,-0.1465,1.0,-142249.7,-773.1,0.79,-165240.7,1.78,-0.082,-0.831,614.4,0.033,8.71
FIXED,EARLY_BRK,LONG,ALL,ALL,VALID,22990,258.31,0.404,-0.1277,0.99954,-40192.0,-451.6,0.864,-48246.3,1.859,-0.069,-0.828,591.3,0.035,9.04
FIXED,EARLY_BRK,LONG,ALL,ALL,TEST,26055,283.21,0.384,-0.1994,1.0,-91475.9,-994.3,0.735,-107139.6,1.741,-0.115,-0.844,605.0,0.032,9.01
FIXED,EARLY_BRK,LONG,ALL,ALL,HOLDOUT,16967,282.78,0.421,-0.1228,0.99855,-17709.7,-295.16,0.913,-38264.3,2.143,-0.057,-0.835,582.8,0.033,9.23
TRAIL_A0.5_D0.5,EARLY_BRK,LONG,ALL,ALL,TRAIN,48387,262.97,0.489,-0.1739,1.0,-155783.7,-846.65,0.643,-163530.5,1.78,-0.098,-0.618,338.5,0.06,15.78
TRAIL_A0.5_D0.5,EARLY_BRK,LONG,ALL,ALL,VALID,22990,258.31,0.487,-0.1671,1.0,-59532.8,-668.91,0.69,-60109.2,1.859,-0.09,-0.619,319.5,0.066,17.04
TRAIL_A0.5_D0.5,EARLY_BRK,LONG,ALL,ALL,TEST,26055,283.21,0.469,-0.2054,1.0,-86872.1,-944.26,0.608,-89850.9,1.741,-0.118,-0.616,318.4,0.059,16.67
TRAIL_A0.5_D0.5,EARLY_BRK,LONG,ALL,ALL,HOLDOUT,16967,282.78,0.481,-0.1857,1.0,-39425.7,-657.09,0.7,-42396.1,2.143,-0.087,-0.609,302.2,0.062,17.62
TRAIL_A0.5_D1,EARLY_BRK,LONG,ALL,ALL,TRAIN,48387,262.97,0.349,-0.1566,1.0,-145784.6,-792.31,0.726,-160914.4,1.78,-0.088,-0.662,460.0,0.045,11.9
TRAIL_A0.5_D1,EARLY_BRK,LONG,ALL,ALL,VALID,22990,258.31,0.347,-0.1466,1.0,-50806.6,-570.86,0.783,-52227.9,1.859,-0.079,-0.661,425.7,0.049,12.7
TRAIL_A0.5_D1,EARLY_BRK,LONG,ALL,ALL,TEST,26055,283.21,0.332,-0.2036,1.0,-91447.8,-994.0,0.663,-98341.4,1.741,-0.117,-0.662,430.9,0.045,12.84
TRAIL_A0.5_D1,EARLY_BRK,LONG,ALL,ALL,HOLDOUT,16967,282.78,0.351,-0.1669,1.0,-34963.4,-582.72,0.786,-43142.0,2.143,-0.078,-0.657,409.1,0.046,12.97
TRAIL_A1_D0.5,EARLY_BRK,LONG,ALL,ALL,TRAIN,48387,262.97,0.479,-0.1617,1.0,-151210.2,-821.79,0.748,-168142.8,1.78,-0.091,-0.767,506.1,0.041,10.77
TRAIL_A1_D0.5,EARLY_BRK,LONG,ALL,ALL,VALID,22990,258.31,0.48,-0.1542,1.0,-53039.0,-595.94,0.798,-54328.8,1.859,-0.083,-0.766,479.6,0.044,11.26
TRAIL_A1_D0.5,EARLY_BRK,LONG,ALL,ALL,TEST,26055,283.21,0.464,-0.2068,1.0,-91554.6,-995.16,0.7,-102807.5,1.741,-0.119,-0.774,489.3,0.038,10.66
TRAIL_A1_D0.5,EARLY_BRK,LONG,ALL,ALL,HOLDOUT,16967,282.78,0.491,-0.1613,1.0,-30631.3,-510.52,0.83,-42653.2,2.143,-0.075,-0.767,469.9,0.04,11.37
TRAIL_A1_D1,EARLY_BRK,LONG,ALL,ALL,TRAIN,48387,262.97,0.425,-0.1516,1.0,-144896.7,-787.48,0.76,-163415.3,1.78,-0.085,-0.769,547.8,0.038,9.88
TRAIL_A1_D1,EARLY_BRK,LONG,ALL,ALL,VALID,22990,258.31,0.424,-0.1388,0.99995,-46567.5,-523.23,0.824,-50851.7,1.859,-0.075,-0.767,517.1,0.04,10.31
TRAIL_A1_D1,EARLY_BRK,LONG,ALL,ALL,TEST,26055,283.21,0.404,-0.2034,1.0,-92679.0,-1007.38,0.699,-105190.7,1.741,-0.117,-0.775,528.1,0.037,10.36
TRAIL_A1_D1,EARLY_BRK,LONG,ALL,ALL,HOLDOUT,16967,282.78,0.433,-0.1465,0.99996,-26681.3,-444.69,0.853,-41359.2,2.143,-0.068,-0.77,506.7,0.037,10.5
BE0.5_TRAIL,EARLY_BRK,LONG,ALL,ALL,TRAIN,48387,262.97,0.301,-0.1743,1.0,-154713.4,-840.83,0.657,-164726.9,1.78,-0.098,-0.62,395.3,0.052,13.72
BE0.5_TRAIL,EARLY_BRK,LONG,ALL,ALL,VALID,22990,258.31,0.303,-0.1685,1.0,-59185.3,-665.0,0.703,-59751.9,1.859,-0.091,-0.621,366.7,0.056,14.45
BE0.5_TRAIL,EARLY_BRK,LONG,ALL,ALL,TEST,26055,283.21,0.292,-0.2153,1.0,-95014.2,-1032.76,0.586,-99006.4,1.741,-0.124,-0.619,364.7,0.052,14.78
BE0.5_TRAIL,EARLY_BRK,LONG,ALL,ALL,HOLDOUT,16967,282.78,0.3,-0.1734,1.0,-37187.6,-619.79,0.727,-40940.6,2.143,-0.081,-0.612,344.1,0.054,15.35
BE1_TRAIL,EARLY_BRK,LONG,ALL,ALL,TRAIN,48387,262.97,0.34,-0.1642,1.0,-150924.9,-820.24,0.753,-169629.8,1.78,-0.092,-0.771,591.7,0.035,9.11
BE1_TRAIL,EARLY_BRK,LONG,ALL,ALL,VALID,22990,258.31,0.343,-0.153,0.99996,-52435.7,-589.16,0.804,-57431.6,1.859,-0.082,-0.768,557.9,0.037,9.64
BE1_TRAIL,EARLY_BRK,LONG,ALL,ALL,TEST,26055,283.21,0.319,-0.2276,1.0,-103286.3,-1122.68,0.668,-117282.3,1.741,-0.131,-0.777,565.7,0.036,10.12
BE1_TRAIL,EARLY_BRK,LONG,ALL,ALL,HOLDOUT,16967,282.78,0.35,-0.1347,0.99913,-22665.7,-377.76,0.877,-39459.4,2.143,-0.063,-0.772,545.4,0.034,9.68
ATR_TRAIL2,EARLY_BRK,LONG,ALL,ALL,TRAIN,48387,262.97,0.26,-0.1659,1.0,-140907.6,-765.8,0.513,-140945.8,1.78,-0.093,-0.3,113.7,0.146,38.5
ATR_TRAIL2,EARLY_BRK,LONG,ALL,ALL,VALID,22990,258.31,0.256,-0.1681,1.0,-63009.2,-707.97,0.529,-63173.3,1.859,-0.09,-0.313,104.2,0.168,43.44
ATR_TRAIL2,EARLY_BRK,LONG,ALL,ALL,TEST,26055,283.21,0.253,-0.1961,1.0,-75743.1,-823.3,0.484,-75790.7,1.741,-0.113,-0.303,105.6,0.162,45.96
ATR_TRAIL2,EARLY_BRK,LONG,ALL,ALL,HOLDOUT,16967,282.78,0.257,-0.193,1.0,-42212.7,-703.55,0.548,-42217.6,2.143,-0.09,-0.302,101.4,0.164,46.27
ATR_TRAIL3,EARLY_BRK,LONG,ALL,ALL,TRAIN,48387,262.97,0.282,-0.1554,1.0,-137766.4,-748.73,0.633,-138689.5,1.78,-0.087,-0.424,235.3,0.082,21.51
ATR_TRAIL3,EARLY_BRK,LONG,ALL,ALL,VALID,22990,258.31,0.273,-0.1626,1.0,-58450.3,-656.75,0.664,-58553.4,1.859,-0.087,-0.439,224.6,0.091,23.58
ATR_TRAIL3,EARLY_BRK,LONG,ALL,ALL,TEST,26055,283.21,0.266,-0.2087,1.0,-84358.4,-916.94,0.567,-84463.3,1.741,-0.12,-0.429,221.8,0.085,24.0
ATR_TRAIL3,EARLY_BRK,LONG,ALL,ALL,HOLDOUT,16967,282.78,0.272,-0.1875,1.0,-42909.2,-715.15,0.648,-42909.2,2.143,-0.088,-0.429,216.0,0.084,23.8
ATR_TRAIL4,EARLY_BRK,LONG,ALL,ALL,TRAIN,48387,262.97,0.295,-0.1411,1.0,-133564.1,-725.89,0.709,-140612.6,1.78,-0.079,-0.546,384.5,0.054,14.16
ATR_TRAIL4,EARLY_BRK,LONG,ALL,ALL,VALID,22990,258.31,0.29,-0.1467,0.99998,-51141.3,-574.62,0.758,-51420.7,1.859,-0.079,-0.559,376.4,0.057,14.69
ATR_TRAIL4,EARLY_BRK,LONG,ALL,ALL,TEST,26055,283.21,0.27,-0.2282,1.0,-97179.1,-1056.29,0.595,-99761.6,1.741,-0.131,-0.551,365.7,0.054,15.21
ATR_TRAIL4,EARLY_BRK,LONG,ALL,ALL,HOLDOUT,16967,282.78,0.283,-0.1331,0.99866,-30223.4,-503.72,0.797,-35405.7,2.143,-0.062,-0.555,368.3,0.053,14.87
MFE_LOCK0.3,EARLY_BRK,LONG,ALL,ALL,TRAIN,48387,262.97,0.479,-0.1608,1.0,-145326.0,-789.82,0.758,-161841.6,1.78,-0.09,-0.767,506.1,0.041,10.79
MFE_LOCK0.3,EARLY_BRK,LONG,ALL,ALL,VALID,22990,258.31,0.481,-0.1628,1.0,-56472.9,-634.53,0.785,-57129.4,1.859,-0.088,-0.766,478.3,0.043,11.08
MFE_LOCK0.3,EARLY_BRK,LONG,ALL,ALL,TEST,26055,283.21,0.465,-0.218,1.0,-94002.8,-1021.77,0.692,-104307.6,1.741,-0.125,-0.774,487.0,0.04,11.39
MFE_LOCK0.3,EARLY_BRK,LONG,ALL,ALL,HOLDOUT,16967,282.78,0.49,-0.1585,1.0,-28138.9,-468.98,0.844,-40583.0,2.143,-0.074,-0.767,470.1,0.037,10.57
MFE_LOCK0.5,EARLY_BRK,LONG,ALL,ALL,TRAIN,48387,262.97,0.478,-0.1566,1.0,-147922.0,-803.92,0.753,-163032.0,1.78,-0.088,-0.767,566.2,0.037,9.73
MFE_LOCK0.5,EARLY_BRK,LONG,ALL,ALL,VALID,22990,258.31,0.479,-0.18,1.0,-65277.1,-733.45,0.751,-65651.6,1.859,-0.097,-0.766,536.4,0.04,10.22
MFE_LOCK0.5,EARLY_BRK,LONG,ALL,ALL,TEST,26055,283.21,0.462,-0.2354,1.0,-104393.1,-1134.71,0.658,-114325.5,1.741,-0.135,-0.774,538.8,0.036,10.17
MFE_LOCK0.5,EARLY_BRK,LONG,ALL,ALL,HOLDOUT,16967,282.78,0.489,-0.1333,0.9979,-24724.4,-412.07,0.863,-40891.8,2.143,-0.062,-0.769,528.9,0.037,10.47
NOTP_TRAIL0.5,EARLY_BRK,LONG,ALL,ALL,TRAIN,48387,262.97,0.262,-0.1705,1.0,-146855.0,-798.12,0.508,-148208.1,1.78,-0.096,-0.307,130.9,0.139,36.43
NOTP_TRAIL0.5,EARLY_BRK,LONG,ALL,ALL,VALID,22990,258.31,0.266,-0.1671,1.0,-61861.3,-695.07,0.541,-61864.6,1.859,-0.09,-0.315,111.6,0.16,41.42
NOTP_TRAIL0.5,EARLY_BRK,LONG,ALL,ALL,TEST,26055,283.21,0.26,-0.1984,1.0,-77036.0,-837.35,0.485,-77135.8,1.741,-0.114,-0.308,113.8,0.157,44.35
NOTP_TRAIL0.5,EARLY_BRK,LONG,ALL,ALL,HOLDOUT,16967,282.78,0.265,-0.1911,1.0,-41098.2,-684.97,0.562,-41098.2,2.143,-0.089,-0.305,107.1,0.158,44.65
NOTP_TRAIL1,EARLY_BRK,LONG,ALL,ALL,TRAIN,48387,262.97,0.317,-0.1605,1.0,-148812.7,-808.76,0.702,-161679.4,1.78,-0.09,-0.587,444.0,0.047,12.23
NOTP_TRAIL1,EARLY_BRK,LONG,ALL,ALL,VALID,22990,258.31,0.316,-0.1545,1.0,-54438.0,-611.66,0.753,-55567.5,1.859,-0.083,-0.587,408.0,0.051,13.07
NOTP_TRAIL1,EARLY_BRK,LONG,ALL,ALL,TEST,26055,283.21,0.3,-0.2252,1.0,-99393.7,-1080.37,0.609,-104683.9,1.741,-0.129,-0.585,403.2,0.051,14.4
NOTP_TRAIL1,EARLY_BRK,LONG,ALL,ALL,HOLDOUT,16967,282.78,0.318,-0.165,1.0,-34810.0,-580.17,0.774,-40713.0,2.143,-0.077,-0.579,385.0,0.05,14.22
NOTP_TRAIL1.5,EARLY_BRK,LONG,ALL,ALL,TRAIN,48387,262.97,0.333,-0.1463,0.99999,-141667.8,-769.93,0.775,-161313.1,1.78,-0.082,-0.757,676.0,0.031,8.14
NOTP_TRAIL1.5,EARLY_BRK,LONG,ALL,ALL,VALID,22990,258.31,0.333,-0.1534,0.99977,-52573.4,-590.71,0.81,-56792.6,1.859,-0.083,-0.755,654.3,0.033,8.64
NOTP_TRAIL1.5,EARLY_BRK,LONG,ALL,ALL,TEST,26055,283.21,0.311,-0.2346,1.0,-107193.5,-1165.15,0.667,-119817.8,1.741,-0.135,-0.763,647.0,0.03,8.6
NOTP_TRAIL1.5,EARLY_BRK,LONG,ALL,ALL,HOLDOUT,16967,282.78,0.342,-0.096,0.96065,-13066.2,-217.77,0.932,-38325.0,2.143,-0.045,-0.761,638.2,0.029,8.28
TIME15m,EARLY_BRK,LONG,ALL,ALL,TRAIN,48387,262.97,0.34,-0.0647,1.0,-52603.2,-285.89,0.532,-52759.8,1.78,-0.036,-0.154,15.0,0.452,118.83
TIME15m,EARLY_BRK,LONG,ALL,ALL,VALID,22990,258.31,0.316,-0.0766,1.0,-29381.4,-330.13,0.474,-29386.0,1.859,-0.041,-0.164,15.0,0.5,129.03
TIME15m,EARLY_BRK,LONG,ALL,ALL,TEST,26055,283.21,0.339,-0.0738,1.0,-25202.1,-273.94,0.547,-25205.1,1.741,-0.042,-0.152,15.0,0.522,147.76
TIME15m,EARLY_BRK,LONG,ALL,ALL,HOLDOUT,16967,282.78,0.331,-0.0822,1.0,-17045.1,-284.08,0.537,-17084.0,2.143,-0.038,-0.154,15.0,0.572,161.8
TIME30m,EARLY_BRK,LONG,ALL,ALL,TRAIN,48387,262.97,0.372,-0.0635,1.0,-49593.0,-269.53,0.654,-49755.3,1.78,-0.036,-0.216,29.9,0.337,88.65
TIME30m,EARLY_BRK,LONG,ALL,ALL,VALID,22990,258.31,0.351,-0.0766,1.0,-29788.8,-334.71,0.582,-29820.0,1.859,-0.041,-0.232,29.9,0.375,96.79
TIME30m,EARLY_BRK,LONG,ALL,ALL,TEST,26055,283.21,0.369,-0.0751,1.0,-26001.3,-282.62,0.642,-26001.3,1.741,-0.043,-0.216,29.9,0.38,107.55
TIME30m,EARLY_BRK,LONG,ALL,ALL,HOLDOUT,16967,282.78,0.358,-0.0855,1.0,-17150.6,-285.84,0.636,-17260.3,2.143,-0.04,-0.22,29.9,0.403,114.07
TIME1h,EARLY_BRK,LONG,ALL,ALL,TRAIN,48387,262.97,0.396,-0.0709,1.0,-55237.3,-300.2,0.711,-55282.0,1.78,-0.04,-0.304,59.3,0.231,60.85
TIME1h,EARLY_BRK,LONG,ALL,ALL,VALID,22990,258.31,0.385,-0.077,1.0,-28540.5,-320.68,0.687,-28716.2,1.859,-0.041,-0.321,59.1,0.254,65.61
TIME1h,EARLY_BRK,LONG,ALL,ALL,TEST,26055,283.21,0.395,-0.0791,1.0,-27588.0,-299.87,0.714,-27722.1,1.741,-0.045,-0.305,59.1,0.247,69.93
TIME1h,EARLY_BRK,LONG,ALL,ALL,HOLDOUT,16967,282.78,0.387,-0.0869,1.0,-16543.7,-275.73,0.732,-17096.1,2.143,-0.041,-0.312,59.1,0.257,72.75
TIME2h,EARLY_BRK,LONG,ALL,ALL,TRAIN,48387,262.97,0.415,-0.0842,1.0,-67702.3,-367.95,0.74,-68512.7,1.78,-0.047,-0.422,114.9,0.145,38.2
TIME2h,EARLY_BRK,LONG,ALL,ALL,VALID,22990,258.31,0.399,-0.0838,1.0,-27777.1,-312.1,0.77,-28337.9,1.859,-0.045,-0.436,114.4,0.156,40.39
TIME2h,EARLY_BRK,LONG,ALL,ALL,TEST,26055,283.21,0.412,-0.0928,1.0,-32586.0,-354.2,0.752,-34728.3,1.741,-0.053,-0.423,114.5,0.149,42.17
TIME2h,EARLY_BRK,LONG,ALL,ALL,HOLDOUT,16967,282.78,0.414,-0.0891,1.0,-16178.8,-269.65,0.805,-17498.8,2.143,-0.042,-0.429,113.9,0.151,42.75
TIME4h,EARLY_BRK,LONG,ALL,ALL,TRAIN,48387,262.97,0.436,-0.0869,1.0,-69474.5,-377.58,0.804,-73836.3,1.78,-0.049,-0.555,211.3,0.09,23.59
TIME4h,EARLY_BRK,LONG,ALL,ALL,VALID,22990,258.31,0.421,-0.0884,0.9996,-26531.3,-298.1,0.835,-27634.9,1.859,-0.048,-0.57,209.6,0.094,24.35
TIME4h,EARLY_BRK,LONG,ALL,ALL,TEST,26055,283.21,0.408,-0.124,1.0,-47006.9,-510.94,0.744,-50882.8,1.741,-0.071,-0.56,210.2,0.088,24.97
TIME4h,EARLY_BRK,LONG,ALL,ALL,HOLDOUT,16967,282.78,0.428,-0.1107,0.99997,-20986.3,-349.77,0.818,-24728.6,2.143,-0.052,-0.568,207.9,0.089,25.22
SIG_OFF,EARLY_BRK,LONG,ALL,ALL,TRAIN,48387,262.97,0.331,-0.0634,1.0,-51530.9,-280.06,0.545,-51665.3,1.78,-0.036,-0.154,15.5,0.446,117.17
SIG_OFF,EARLY_BRK,LONG,ALL,ALL,VALID,22990,258.31,0.31,-0.0768,1.0,-29555.9,-332.09,0.473,-29558.8,1.859,-0.041,-0.165,15.4,0.494,127.72
SIG_OFF,EARLY_BRK,LONG,ALL,ALL,TEST,26055,283.21,0.33,-0.0742,1.0,-25558.7,-277.81,0.544,-25561.8,1.741,-0.043,-0.152,15.5,0.515,145.99
SIG_OFF,EARLY_BRK,LONG,ALL,ALL,HOLDOUT,16967,282.78,0.324,-0.0822,1.0,-17010.4,-283.51,0.541,-17048.9,2.143,-0.038,-0.154,15.5,0.565,159.63
MOM_OFF,EARLY_BRK,LONG,ALL,ALL,TRAIN,48387,262.97,0.284,-0.0712,1.0,-57379.3,-311.84,0.696,-57391.2,1.78,-0.04,-0.246,62.9,0.21,55.29
MOM_OFF,EARLY_BRK,LONG,ALL,ALL,VALID,22990,258.31,0.275,-0.0781,1.0,-28912.1,-324.85,0.68,-29355.8,1.859,-0.042,-0.263,62.2,0.233,60.21
MOM_OFF,EARLY_BRK,LONG,ALL,ALL,TEST,26055,283.21,0.283,-0.0802,1.0,-30844.5,-335.27,0.676,-31181.2,1.741,-0.046,-0.249,62.8,0.23,65.11
MOM_OFF,EARLY_BRK,LONG,ALL,ALL,HOLDOUT,16967,282.78,0.284,-0.0735,1.0,-14776.1,-246.27,0.762,-15730.8,2.143,-0.034,-0.257,63.2,0.235,66.53
FIXED,TREND_TRANS,LONG,ALL,ALL,TRAIN,24757,134.55,0.396,-0.1432,1.0,-90086.9,-489.6,0.802,-100174.2,1.578,-0.091,-0.815,709.8,0.054,7.25
FIXED,TREND_TRANS,LONG,ALL,ALL,VALID,12536,140.85,0.423,-0.0661,0.94623,-8622.5,-96.88,0.958,-22584.0,1.673,-0.04,-0.79,709.5,0.055,7.74
FIXED,TREND_TRANS,LONG,ALL,ALL,TEST,13504,146.78,0.397,-0.1372,0.99997,-42567.6,-462.69,0.813,-52726.7,1.584,-0.087,-0.822,703.0,0.051,7.51
FIXED,TREND_TRANS,LONG,ALL,ALL,HOLDOUT,8737,145.62,0.416,-0.1085,0.99687,-7366.0,-122.77,0.948,-22572.9,1.893,-0.057,-0.836,672.5,0.058,8.38
TRAIL_A0.5_D0.5,TREND_TRANS,LONG,ALL,ALL,TRAIN,24757,134.55,0.512,-0.1429,1.0,-87934.8,-477.91,0.708,-93386.4,1.578,-0.091,-0.613,415.6,0.091,12.3
TRAIL_A0.5_D0.5,TREND_TRANS,LONG,ALL,ALL,VALID,12536,140.85,0.527,-0.1055,0.99992,-24370.7,-273.83,0.822,-27435.1,1.673,-0.063,-0.598,411.1,0.094,13.25
TRAIL_A0.5_D0.5,TREND_TRANS,LONG,ALL,ALL,TEST,13504,146.78,0.504,-0.1539,1.0,-45940.3,-499.35,0.695,-48817.0,1.584,-0.097,-0.615,393.3,0.093,13.67
TRAIL_A0.5_D0.5,TREND_TRANS,LONG,ALL,ALL,HOLDOUT,8737,145.62,0.507,-0.156,1.0,-23161.1,-386.02,0.755,-26969.8,1.893,-0.082,-0.609,367.3,0.097,14.07
TRAIL_A0.5_D1,TREND_TRANS,LONG,ALL,ALL,TRAIN,24757,134.55,0.357,-0.1444,1.0,-93397.1,-507.59,0.743,-101009.0,1.578,-0.092,-0.656,551.1,0.07,9.41
TRAIL_A0.5_D1,TREND_TRANS,LONG,ALL,ALL,VALID,12536,140.85,0.379,-0.0812,0.98972,-16876.6,-189.62,0.898,-23111.0,1.673,-0.049,-0.64,541.9,0.071,10.06
TRAIL_A0.5_D1,TREND_TRANS,LONG,ALL,ALL,TEST,13504,146.78,0.352,-0.1367,1.0,-41449.3,-450.54,0.772,-47641.0,1.584,-0.086,-0.657,528.6,0.071,10.37
TRAIL_A0.5_D1,TREND_TRANS,LONG,ALL,ALL,HOLDOUT,8737,145.62,0.347,-0.1563,1.0,-21982.6,-366.38,0.811,-28215.9,1.893,-0.083,-0.66,486.3,0.076,11.07
TRAIL_A1_D0.5,TREND_TRANS,LONG,ALL,ALL,TRAIN,24757,134.55,0.468,-0.1488,1.0,-91124.2,-495.24,0.777,-98880.5,1.578,-0.094,-0.756,596.5,0.065,8.68
TRAIL_A1_D0.5,TREND_TRANS,LONG,ALL,ALL,VALID,12536,140.85,0.488,-0.0966,0.99646,-19644.5,-220.72,0.895,-25851.8,1.673,-0.058,-0.739,594.8,0.063,8.84
TRAIL_A1_D0.5,TREND_TRANS,LONG,ALL,ALL,TEST,13504,146.78,0.472,-0.1457,1.0,-44349.5,-482.06,0.783,-51213.3,1.584,-0.092,-0.758,582.6,0.065,9.53
TRAIL_A1_D0.5,TREND_TRANS,LONG,ALL,ALL,HOLDOUT,8737,145.62,0.484,-0.1464,0.99999,-17500.8,-291.68,0.864,-27420.7,1.893,-0.077,-0.771,556.9,0.066,9.62
TRAIL_A1_D1,TREND_TRANS,LONG,ALL,ALL,TRAIN,24757,134.55,0.427,-0.1462,1.0,-91038.5,-494.77,0.778,-100004.6,1.578,-0.093,-0.758,641.4,0.061,8.15
TRAIL_A1_D1,TREND_TRANS,LONG,ALL,ALL,VALID,12536,140.85,0.449,-0.0816,0.98281,-16259.3,-182.69,0.913,-23993.0,1.673,-0.049,-0.74,638.1,0.062,8.74
TRAIL_A1_D1,TREND_TRANS,LONG,ALL,ALL,TEST,13504,146.78,0.421,-0.1382,0.99999,-42685.1,-463.97,0.792,-50452.6,1.584,-0.087,-0.759,626.8,0.06,8.79
TRAIL_A1_D1,TREND_TRANS,LONG,ALL,ALL,HOLDOUT,8737,145.62,0.432,-0.1382,0.99995,-15691.1,-261.52,0.879,-27310.1,1.893,-0.073,-0.774,596.6,0.063,9.17
BE0.5_TRAIL,TREND_TRANS,LONG,ALL,ALL,TRAIN,24757,134.55,0.313,-0.144,1.0,-85992.6,-467.35,0.722,-92637.5,1.578,-0.091,-0.616,484.4,0.079,10.66
BE0.5_TRAIL,TREND_TRANS,LONG,ALL,ALL,VALID,12536,140.85,0.329,-0.0933,0.99824,-18475.3,-207.59,0.869,-24997.9,1.673,-0.056,-0.601,476.8,0.082,11.54
BE0.5_TRAIL,TREND_TRANS,LONG,ALL,ALL,TEST,13504,146.78,0.305,-0.1621,1.0,-48881.9,-531.33,0.685,-53197.7,1.584,-0.102,-0.618,449.9,0.081,11.95
BE0.5_TRAIL,TREND_TRANS,LONG,ALL,ALL,HOLDOUT,8737,145.62,0.303,-0.1597,1.0,-23809.5,-396.82,0.756,-26296.4,1.893,-0.084,-0.614,416.7,0.085,12.35
BE1_TRAIL,TREND_TRANS,LONG,ALL,ALL,TRAIN,24757,134.55,0.341,-0.1502,1.0,-88484.9,-480.9,0.786,-97555.3,1.578,-0.095,-0.759,685.9,0.057,7.73
BE1_TRAIL,TREND_TRANS,LONG,ALL,ALL,VALID,12536,140.85,0.366,-0.0834,0.97993,-13177.1,-148.06,0.93,-24080.9,1.673,-0.05,-0.741,685.1,0.057,7.99
BE1_TRAIL,TREND_TRANS,LONG,ALL,ALL,TEST,13504,146.78,0.338,-0.158,1.0,-47193.2,-512.97,0.772,-55495.2,1.584,-0.1,-0.761,668.3,0.055,8.03
BE1_TRAIL,TREND_TRANS,LONG,ALL,ALL,HOLDOUT,8737,145.62,0.343,-0.1334,0.9997,-14745.1,-245.75,0.887,-24879.5,1.893,-0.07,-0.776,634.9,0.055,7.97
ATR_TRAIL2,TREND_TRANS,LONG,ALL,ALL,TRAIN,24757,134.55,0.281,-0.1252,1.0,-69377.4,-377.05,0.617,-69405.1,1.578,-0.079,-0.285,125.8,0.243,32.72
ATR_TRAIL2,TREND_TRANS,LONG,ALL,ALL,VALID,12536,140.85,0.283,-0.1163,1.0,-30043.2,-337.56,0.655,-30265.8,1.673,-0.07,-0.29,125.0,0.251,35.4
ATR_TRAIL2,TREND_TRANS,LONG,ALL,ALL,TEST,13504,146.78,0.259,-0.1609,1.0,-45344.2,-492.87,0.527,-45459.2,1.584,-0.102,-0.294,118.0,0.257,37.76
ATR_TRAIL2,TREND_TRANS,LONG,ALL,ALL,HOLDOUT,8737,145.62,0.277,-0.1581,1.0,-23976.6,-399.61,0.609,-24014.8,1.893,-0.084,-0.297,113.8,0.268,39.08
ATR_TRAIL3,TREND_TRANS,LONG,ALL,ALL,TRAIN,24757,134.55,0.294,-0.1368,1.0,-82814.1,-450.08,0.653,-83086.3,1.578,-0.087,-0.398,244.6,0.149,19.99
ATR_TRAIL3,TREND_TRANS,LONG,ALL,ALL,VALID,12536,140.85,0.301,-0.1051,0.99999,-27309.2,-306.85,0.76,-27770.9,1.673,-0.063,-0.397,251.2,0.144,20.26
ATR_TRAIL3,TREND_TRANS,LONG,ALL,ALL,TEST,13504,146.78,0.276,-0.1662,1.0,-48714.0,-529.5,0.609,-48925.0,1.584,-0.105,-0.408,239.9,0.146,21.48
ATR_TRAIL3,TREND_TRANS,LONG,ALL,ALL,HOLDOUT,8737,145.62,0.277,-0.1717,1.0,-28010.2,-466.84,0.658,-28187.3,1.893,-0.091,-0.415,226.0,0.152,22.15
ATR_TRAIL4,TREND_TRANS,LONG,ALL,ALL,TRAIN,24757,134.55,0.298,-0.1409,1.0,-91059.3,-494.89,0.692,-92026.4,1.578,-0.089,-0.506,388.6,0.099,13.34
ATR_TRAIL4,TREND_TRANS,LONG,ALL,ALL,VALID,12536,140.85,0.315,-0.0804,0.99292,-18261.3,-205.18,0.866,-25420.4,1.673,-0.048,-0.499,410.8,0.094,13.26
ATR_TRAIL4,TREND_TRANS,LONG,ALL,ALL,TEST,13504,146.78,0.285,-0.1698,1.0,-49302.1,-535.89,0.677,-52033.9,1.584,-0.107,-0.516,387.9,0.094,13.85
ATR_TRAIL4,TREND_TRANS,LONG,ALL,ALL,HOLDOUT,8737,145.62,0.272,-0.1534,1.0,-23773.4,-396.22,0.765,-26135.7,1.893,-0.081,-0.528,370.2,0.094,13.73
MFE_LOCK0.3,TREND_TRANS,LONG,ALL,ALL,TRAIN,24757,134.55,0.468,-0.1444,1.0,-85580.2,-465.11,0.79,-93656.3,1.578,-0.092,-0.756,594.6,0.065,8.69
MFE_LOCK0.3,TREND_TRANS,LONG,ALL,ALL,VALID,12536,140.85,0.488,-0.1022,0.9982,-20572.1,-231.15,0.89,-27401.3,1.673,-0.061,-0.739,592.5,0.064,9.01
MFE_LOCK0.3,TREND_TRANS,LONG,ALL,ALL,TEST,13504,146.78,0.473,-0.1538,1.0,-46107.3,-501.17,0.774,-52553.7,1.584,-0.097,-0.758,579.1,0.064,9.39
MFE_LOCK0.3,TREND_TRANS,LONG,ALL,ALL,HOLDOUT,8737,145.62,0.484,-0.1417,0.99998,-15220.9,-253.68,0.882,-25317.8,1.893,-0.075,-0.771,554.7,0.069,10.0
MFE_LOCK0.5,TREND_TRANS,LONG,ALL,ALL,TRAIN,24757,134.55,0.467,-0.146,1.0,-89169.4,-484.62,0.782,-97276.6,1.578,-0.093,-0.757,651.3,0.059,7.91
MFE_LOCK0.5,TREND_TRANS,LONG,ALL,ALL,VALID,12536,140.85,0.488,-0.1045,0.99677,-22373.6,-251.39,0.88,-29620.2,1.673,-0.062,-0.739,660.3,0.059,8.36
MFE_LOCK0.5,TREND_TRANS,LONG,ALL,ALL,TEST,13504,146.78,0.471,-0.171,1.0,-51057.9,-554.98,0.75,-57260.8,1.584,-0.108,-0.759,631.7,0.059,8.62
MFE_LOCK0.5,TREND_TRANS,LONG,ALL,ALL,HOLDOUT,8737,145.62,0.483,-0.1326,0.9992,-16818.7,-280.31,0.869,-25975.8,1.893,-0.07,-0.774,610.2,0.061,8.82
NOTP_TRAIL0.5,TREND_TRANS,LONG,ALL,ALL,TRAIN,24757,134.55,0.284,-0.1292,1.0,-74124.5,-402.85,0.622,-75267.7,1.578,-0.082,-0.306,167.4,0.21,28.29
NOTP_TRAIL0.5,TREND_TRANS,LONG,ALL,ALL,VALID,12536,140.85,0.29,-0.116,1.0,-28958.7,-325.38,0.689,-29201.4,1.673,-0.069,-0.306,160.9,0.218,30.72
NOTP_TRAIL0.5,TREND_TRANS,LONG,ALL,ALL,TEST,13504,146.78,0.269,-0.1606,1.0,-45522.9,-494.81,0.553,-45602.0,1.584,-0.101,-0.313,144.4,0.226,33.11
NOTP_TRAIL0.5,TREND_TRANS,LONG,ALL,ALL,HOLDOUT,8737,145.62,0.285,-0.1557,1.0,-22766.2,-379.44,0.645,-22797.5,1.893,-0.082,-0.311,135.3,0.238,34.67
NOTP_TRAIL1,TREND_TRANS,LONG,ALL,ALL,TRAIN,24757,134.55,0.325,-0.1438,1.0,-91432.7,-496.92,0.734,-97966.9,1.578,-0.091,-0.584,524.5,0.078,10.44
NOTP_TRAIL1,TREND_TRANS,LONG,ALL,ALL,VALID,12536,140.85,0.347,-0.0876,0.99406,-15748.1,-176.94,0.899,-24368.4,1.673,-0.052,-0.566,523.2,0.074,10.47
NOTP_TRAIL1,TREND_TRANS,LONG,ALL,ALL,TEST,13504,146.78,0.321,-0.1626,1.0,-48296.4,-524.96,0.717,-53050.8,1.584,-0.103,-0.585,498.1,0.071,10.49
NOTP_TRAIL1,TREND_TRANS,LONG,ALL,ALL,HOLDOUT,8737,145.62,0.311,-0.1609,1.0,-22904.1,-381.74,0.794,-27482.8,1.893,-0.085,-0.585,450.4,0.073,10.68
NOTP_TRAIL1.5,TREND_TRANS,LONG,ALL,ALL,TRAIN,24757,134.55,0.341,-0.1354,0.99995,-80756.1,-438.89,0.81,-89998.6,1.578,-0.086,-0.747,761.0,0.052,6.98
NOTP_TRAIL1.5,TREND_TRANS,LONG,ALL,ALL,VALID,12536,140.85,0.366,-0.0782,0.96028,-14421.6,-162.04,0.926,-26588.1,1.673,-0.047,-0.728,784.2,0.05,7.11
NOTP_TRAIL1.5,TREND_TRANS,LONG,ALL,ALL,TEST,13504,146.78,0.336,-0.1782,1.0,-52124.6,-566.57,0.757,-60284.5,1.584,-0.113,-0.751,751.2,0.051,7.43
NOTP_TRAIL1.5,TREND_TRANS,LONG,ALL,ALL,HOLDOUT,8737,145.62,0.346,-0.1089,0.98907,-10271.3,-171.19,0.924,-23782.6,1.893,-0.058,-0.765,715.8,0.051,7.42
TIME15m,TREND_TRANS,LONG,ALL,ALL,TRAIN,24757,134.55,0.369,-0.0466,1.0,-23440.2,-127.39,0.646,-23457.3,1.578,-0.03,-0.134,15.0,0.742,99.83
TIME15m,TREND_TRANS,LONG,ALL,ALL,VALID,12536,140.85,0.355,-0.0491,1.0,-12427.3,-139.63,0.621,-12507.8,1.673,-0.029,-0.136,15.0,0.776,109.25
TIME15m,TREND_TRANS,LONG,ALL,ALL,TEST,13504,146.78,0.357,-0.0549,1.0,-14362.6,-156.11,0.575,-14399.3,1.584,-0.035,-0.135,15.0,0.794,116.53
TIME15m,TREND_TRANS,LONG,ALL,ALL,HOLDOUT,8737,145.62,0.356,-0.0669,1.0,-9706.4,-161.77,0.589,-9751.8,1.893,-0.035,-0.14,15.0,0.838,121.98
TIME30m,TREND_TRANS,LONG,ALL,ALL,TRAIN,24757,134.55,0.403,-0.0471,1.0,-22758.3,-123.69,0.74,-22817.1,1.578,-0.03,-0.191,29.9,0.558,75.11
TIME30m,TREND_TRANS,LONG,ALL,ALL,VALID,12536,140.85,0.39,-0.0535,1.0,-13088.4,-147.06,0.694,-13342.2,1.673,-0.032,-0.193,29.9,0.59,83.16
TIME30m,TREND_TRANS,LONG,ALL,ALL,TEST,13504,146.78,0.381,-0.0557,1.0,-15022.6,-163.29,0.662,-15154.3,1.584,-0.035,-0.192,29.9,0.61,89.57
TIME30m,TREND_TRANS,LONG,ALL,ALL,HOLDOUT,8737,145.62,0.381,-0.0676,1.0,-9120.6,-152.01,0.701,-9174.6,1.893,-0.036,-0.199,29.9,0.645,93.85
TIME1h,TREND_TRANS,LONG,ALL,ALL,TRAIN,24757,134.55,0.419,-0.052,1.0,-25675.6,-139.54,0.786,-25706.4,1.578,-0.033,-0.274,59.3,0.389,52.29
TIME1h,TREND_TRANS,LONG,ALL,ALL,VALID,12536,140.85,0.403,-0.0541,1.0,-14419.4,-162.02,0.75,-14926.1,1.673,-0.032,-0.274,59.4,0.412,58.1
TIME1h,TREND_TRANS,LONG,ALL,ALL,TEST,13504,146.78,0.395,-0.0631,1.0,-18568.1,-201.83,0.694,-18936.2,1.584,-0.04,-0.275,59.4,0.418,61.41
TIME1h,TREND_TRANS,LONG,ALL,ALL,HOLDOUT,8737,145.62,0.41,-0.0665,1.0,-7981.0,-133.02,0.8,-8939.4,1.893,-0.035,-0.285,59.3,0.442,64.3
TIME2h,TREND_TRANS,LONG,ALL,ALL,TRAIN,24757,134.55,0.428,-0.067,1.0,-36276.9,-197.16,0.784,-36303.7,1.578,-0.042,-0.387,115.7,0.253,34.1
TIME2h,TREND_TRANS,LONG,ALL,ALL,VALID,12536,140.85,0.43,-0.0495,0.9991,-11280.2,-126.74,0.853,-12408.9,1.673,-0.03,-0.378,116.3,0.264,37.18
TIME2h,TREND_TRANS,LONG,ALL,ALL,TEST,13504,146.78,0.415,-0.07,1.0,-20599.4,-223.91,0.748,-21492.5,1.584,-0.044,-0.383,116.4,0.262,38.47
TIME2h,TREND_TRANS,LONG,ALL,ALL,HOLDOUT,8737,145.62,0.424,-0.0714,0.99999,-9580.6,-159.68,0.829,-12872.5,1.893,-0.038,-0.396,115.5,0.273,39.77
TIME4h,TREND_TRANS,LONG,ALL,ALL,TRAIN,24757,134.55,0.444,-0.0775,0.99997,-44730.4,-243.1,0.805,-46348.5,1.578,-0.049,-0.515,215.9,0.158,21.29
TIME4h,TREND_TRANS,LONG,ALL,ALL,VALID,12536,140.85,0.429,-0.057,0.98931,-11176.0,-125.57,0.893,-15212.4,1.673,-0.034,-0.505,218.8,0.16,22.49
TIME4h,TREND_TRANS,LONG,ALL,ALL,TEST,13504,146.78,0.427,-0.0783,0.99992,-24613.9,-267.54,0.785,-26393.6,1.584,-0.049,-0.514,219.3,0.157,23.0
TIME4h,TREND_TRANS,LONG,ALL,ALL,HOLDOUT,8737,145.62,0.427,-0.0892,0.99995,-10491.7,-174.86,0.862,-17287.5,1.893,-0.047,-0.533,215.7,0.163,23.78
SIG_OFF,TREND_TRANS,LONG,ALL,ALL,TRAIN,24757,134.55,0.297,-0.103,0.99929,-70127.8,-381.13,0.789,-77415.2,1.578,-0.065,-0.64,552.5,0.076,10.26
SIG_OFF,TREND_TRANS,LONG,ALL,ALL,VALID,12536,140.85,0.324,-0.0289,0.75587,955.0,10.73,1.007,-15670.2,1.673,-0.017,-0.614,561.3,0.074,10.43
SIG_OFF,TREND_TRANS,LONG,ALL,ALL,TEST,13504,146.78,0.285,-0.1368,1.0,-36899.3,-401.08,0.778,-44716.5,1.584,-0.086,-0.636,539.3,0.074,10.91
SIG_OFF,TREND_TRANS,LONG,ALL,ALL,HOLDOUT,8737,145.62,0.292,-0.0204,0.6383,1130.3,18.84,1.01,-20071.8,1.893,-0.011,-0.685,550.5,0.071,10.27
MOM_OFF,TREND_TRANS,LONG,ALL,ALL,TRAIN,24757,134.55,0.297,-0.0467,1.0,-19055.9,-103.56,0.795,-19060.7,1.578,-0.03,-0.175,41.3,0.485,65.2
MOM_OFF,TREND_TRANS,LONG,ALL,ALL,VALID,12536,140.85,0.277,-0.0593,1.0,-16973.3,-190.71,0.638,-17571.8,1.673,-0.035,-0.178,39.4,0.518,72.91
MOM_OFF,TREND_TRANS,LONG,ALL,ALL,TEST,13504,146.78,0.272,-0.067,1.0,-19985.2,-217.23,0.583,-20188.6,1.584,-0.042,-0.175,38.6,0.54,79.25
MOM_OFF,TREND_TRANS,LONG,ALL,ALL,HOLDOUT,8737,145.62,0.282,-0.0697,1.0,-10542.5,-175.71,0.688,-10542.5,1.893,-0.037,-0.187,40.8,0.547,79.67
FIXED,PULLBACK_CONT,SHORT,ALL,ALL,TRAIN,62257,338.35,0.427,-0.0669,0.99317,-104106.4,-565.8,0.902,-150360.2,1.654,-0.04,-0.801,704.2,0.024,8.02
FIXED,PULLBACK_CONT,SHORT,ALL,ALL,VALID,32022,359.8,0.43,-0.0648,0.95941,-65044.6,-730.84,0.877,-109788.4,1.512,-0.043,-0.802,703.4,0.022,7.74
FIXED,PULLBACK_CONT,SHORT,ALL,ALL,TEST,33521,364.36,0.439,-0.0601,0.96471,-12752.5,-138.61,0.975,-50784.5,1.512,-0.04,-0.796,683.7,0.022,7.88
FIXED,PULLBACK_CONT,SHORT,ALL,ALL,HOLDOUT,20931,348.85,0.408,-0.1422,0.99998,-60836.2,-1013.94,0.823,-71901.6,1.462,-0.097,-0.826,700.1,0.022,7.75
TRAIL_A0.5_D0.5,PULLBACK_CONT,SHORT,ALL,ALL,TRAIN,62257,338.35,0.55,-0.0758,0.99998,-107089.3,-582.01,0.84,-127563.4,1.654,-0.046,-0.583,387.3,0.04,13.62
TRAIL_A0.5_D0.5,PULLBACK_CONT,SHORT,ALL,ALL,VALID,32022,359.8,0.532,-0.0965,0.99999,-76743.9,-862.29,0.773,-102521.2,1.512,-0.064,-0.586,388.8,0.04,14.49
TRAIL_A0.5_D0.5,PULLBACK_CONT,SHORT,ALL,ALL,TEST,33521,364.36,0.547,-0.0786,0.99963,-31543.2,-342.86,0.9,-49988.4,1.512,-0.052,-0.575,362.9,0.039,14.1
TRAIL_A0.5_D0.5,PULLBACK_CONT,SHORT,ALL,ALL,HOLDOUT,20931,348.85,0.518,-0.1519,1.0,-60983.8,-1016.4,0.719,-66820.4,1.462,-0.104,-0.605,367.1,0.043,15.15
TRAIL_A0.5_D1,PULLBACK_CONT,SHORT,ALL,ALL,TRAIN,62257,338.35,0.381,-0.0766,0.99968,-116936.2,-635.52,0.86,-145639.8,1.654,-0.046,-0.63,532.9,0.029,9.81
TRAIL_A0.5_D1,PULLBACK_CONT,SHORT,ALL,ALL,VALID,32022,359.8,0.383,-0.0693,0.98808,-58974.7,-662.64,0.857,-98303.6,1.512,-0.046,-0.634,531.1,0.029,10.28
TRAIL_A0.5_D1,PULLBACK_CONT,SHORT,ALL,ALL,TEST,33521,364.36,0.381,-0.0821,0.99814,-40643.5,-441.78,0.898,-58888.2,1.512,-0.054,-0.624,500.5,0.027,10.01
TRAIL_A0.5_D1,PULLBACK_CONT,SHORT,ALL,ALL,HOLDOUT,20931,348.85,0.349,-0.1651,1.0,-71949.0,-1199.15,0.734,-80085.1,1.462,-0.113,-0.653,515.7,0.03,10.4
TRAIL_A1_D0.5,PULLBACK_CONT,SHORT,ALL,ALL,TRAIN,62257,338.35,0.506,-0.069,0.99815,-105203.8,-571.76,0.889,-139961.8,1.654,-0.042,-0.733,577.0,0.028,9.55
TRAIL_A1_D0.5,PULLBACK_CONT,SHORT,ALL,ALL,VALID,32022,359.8,0.508,-0.0759,0.99187,-62449.0,-701.67,0.865,-99054.6,1.512,-0.05,-0.734,573.4,0.025,9.16
TRAIL_A1_D0.5,PULLBACK_CONT,SHORT,ALL,ALL,TEST,33521,364.36,0.519,-0.0691,0.99155,-21110.1,-229.46,0.952,-53029.7,1.512,-0.046,-0.724,549.6,0.026,9.34
TRAIL_A1_D0.5,PULLBACK_CONT,SHORT,ALL,ALL,HOLDOUT,20931,348.85,0.493,-0.1367,1.0,-54596.3,-909.94,0.82,-63787.6,1.462,-0.093,-0.757,560.6,0.028,9.92
TRAIL_A1_D1,PULLBACK_CONT,SHORT,ALL,ALL,TRAIN,62257,338.35,0.461,-0.0683,0.99675,-109838.9,-596.95,0.885,-150998.3,1.654,-0.041,-0.736,628.5,0.026,8.72
TRAIL_A1_D1,PULLBACK_CONT,SHORT,ALL,ALL,VALID,32022,359.8,0.46,-0.0633,0.96626,-55460.7,-623.15,0.881,-99725.9,1.512,-0.042,-0.737,624.8,0.024,8.62
TRAIL_A1_D1,PULLBACK_CONT,SHORT,ALL,ALL,TEST,33521,364.36,0.466,-0.0685,0.98706,-24068.6,-261.62,0.946,-53044.8,1.512,-0.045,-0.728,601.8,0.024,8.6
TRAIL_A1_D1,PULLBACK_CONT,SHORT,ALL,ALL,HOLDOUT,20931,348.85,0.438,-0.1484,1.0,-62572.1,-1042.87,0.794,-72811.7,1.462,-0.101,-0.76,616.6,0.025,8.72
BE0.5_TRAIL,PULLBACK_CONT,SHORT,ALL,ALL,TRAIN,62257,338.35,0.334,-0.0677,0.99855,-103980.7,-565.11,0.85,-143948.0,1.654,-0.041,-0.588,467.3,0.033,11.11
BE0.5_TRAIL,PULLBACK_CONT,SHORT,ALL,ALL,VALID,32022,359.8,0.332,-0.0987,0.99993,-81588.9,-916.73,0.767,-111049.6,1.512,-0.065,-0.59,471.9,0.03,10.89
BE0.5_TRAIL,PULLBACK_CONT,SHORT,ALL,ALL,TEST,33521,364.36,0.342,-0.0928,0.99987,-49949.9,-542.93,0.847,-65741.8,1.512,-0.061,-0.58,436.0,0.031,11.25
BE0.5_TRAIL,PULLBACK_CONT,SHORT,ALL,ALL,HOLDOUT,20931,348.85,0.299,-0.1784,1.0,-78119.1,-1301.99,0.652,-83951.5,1.462,-0.122,-0.609,435.2,0.033,11.68
BE1_TRAIL,PULLBACK_CONT,SHORT,ALL,ALL,TRAIN,62257,338.35,0.363,-0.0568,0.96883,-102698.8,-558.15,0.893,-177419.6,1.654,-0.034,-0.739,686.4,0.023,7.85
BE1_TRAIL,PULLBACK_CONT,SHORT,ALL,ALL,VALID,32022,359.8,0.364,-0.0951,0.99638,-83881.9,-942.49,0.822,-124697.4,1.512,-0.063,-0.739,688.7,0.022,7.87
BE1_TRAIL,PULLBACK_CONT,SHORT,ALL,ALL,TEST,33521,364.36,0.365,-0.0971,0.99871,-46434.7,-504.73,0.897,-71569.7,1.512,-0.064,-0.73,654.7,0.021,7.78
BE1_TRAIL,PULLBACK_CONT,SHORT,ALL,ALL,HOLDOUT,20931,348.85,0.33,-0.1835,1.0,-77683.9,-1294.73,0.748,-86122.0,1.462,-0.126,-0.762,665.1,0.023,7.95
ATR_TRAIL2,PULLBACK_CONT,SHORT,ALL,ALL,TRAIN,62257,338.35,0.301,-0.1002,1.0,-141122.4,-766.97,0.67,-145695.9,1.654,-0.061,-0.285,129.0,0.112,37.78
ATR_TRAIL2,PULLBACK_CONT,SHORT,ALL,ALL,VALID,32022,359.8,0.294,-0.1195,1.0,-83894.0,-942.63,0.601,-90562.8,1.512,-0.079,-0.289,130.3,0.108,39.02
ATR_TRAIL2,PULLBACK_CONT,SHORT,ALL,ALL,TEST,33521,364.36,0.314,-0.1031,1.0,-54535.1,-592.77,0.733,-54548.3,1.512,-0.068,-0.286,125.8,0.112,40.95
ATR_TRAIL2,PULLBACK_CONT,SHORT,ALL,ALL,HOLDOUT,20931,348.85,0.279,-0.1626,1.0,-63521.0,-1058.68,0.535,-64710.6,1.462,-0.111,-0.289,119.6,0.124,43.33
ATR_TRAIL3,PULLBACK_CONT,SHORT,ALL,ALL,TRAIN,62257,338.35,0.317,-0.093,1.0,-141550.6,-769.3,0.75,-151229.0,1.654,-0.056,-0.394,257.6,0.059,20.09
ATR_TRAIL3,PULLBACK_CONT,SHORT,ALL,ALL,VALID,32022,359.8,0.313,-0.1113,1.0,-76142.1,-855.53,0.719,-96405.8,1.512,-0.074,-0.398,266.7,0.057,20.49
ATR_TRAIL3,PULLBACK_CONT,SHORT,ALL,ALL,TEST,33521,364.36,0.332,-0.1068,1.0,-58738.6,-638.46,0.778,-63327.6,1.512,-0.071,-0.393,248.4,0.058,20.99
ATR_TRAIL3,PULLBACK_CONT,SHORT,ALL,ALL,HOLDOUT,20931,348.85,0.286,-0.1856,1.0,-75928.1,-1265.47,0.578,-79187.3,1.462,-0.127,-0.403,234.9,0.065,22.72
ATR_TRAIL4,PULLBACK_CONT,SHORT,ALL,ALL,TRAIN,62257,338.35,0.323,-0.0798,0.99864,-133640.8,-726.31,0.808,-161880.4,1.654,-0.048,-0.501,410.7,0.038,12.93
ATR_TRAIL4,PULLBACK_CONT,SHORT,ALL,ALL,VALID,32022,359.8,0.322,-0.0986,0.99958,-63079.1,-708.75,0.811,-107459.2,1.512,-0.065,-0.503,426.4,0.036,12.84
ATR_TRAIL4,PULLBACK_CONT,SHORT,ALL,ALL,TEST,33521,364.36,0.33,-0.1264,1.0,-77370.8,-840.99,0.764,-81247.6,1.512,-0.084,-0.5,393.8,0.037,13.49
ATR_TRAIL4,PULLBACK_CONT,SHORT,ALL,ALL,HOLDOUT,20931,348.85,0.296,-0.1999,1.0,-82766.7,-1379.45,0.624,-87612.6,1.462,-0.137,-0.514,382.3,0.041,14.17
MFE_LOCK0.3,PULLBACK_CONT,SHORT,ALL,ALL,TRAIN,62257,338.35,0.506,-0.0644,0.99569,-98631.3,-536.04,0.896,-143890.9,1.654,-0.039,-0.733,573.8,0.027,9.24
MFE_LOCK0.3,PULLBACK_CONT,SHORT,ALL,ALL,VALID,32022,359.8,0.508,-0.0863,0.99739,-71593.8,-804.42,0.846,-106524.7,1.512,-0.057,-0.734,571.4,0.026,9.42
MFE_LOCK0.3,PULLBACK_CONT,SHORT,ALL,ALL,TEST,33521,364.36,0.519,-0.0813,0.99816,-30364.3,-330.05,0.931,-57976.4,1.512,-0.054,-0.723,545.0,0.026,9.5
MFE_LOCK0.3,PULLBACK_CONT,SHORT,ALL,ALL,HOLDOUT,20931,348.85,0.493,-0.1448,1.0,-54107.2,-901.79,0.821,-62640.4,1.462,-0.099,-0.757,553.9,0.028,9.73
MFE_LOCK0.5,PULLBACK_CONT,SHORT,ALL,ALL,TRAIN,62257,338.35,0.506,-0.058,0.97807,-105680.2,-574.35,0.889,-160107.3,1.654,-0.035,-0.735,652.1,0.024,8.19
MFE_LOCK0.5,PULLBACK_CONT,SHORT,ALL,ALL,VALID,32022,359.8,0.507,-0.0948,0.99768,-79311.9,-891.14,0.829,-114665.7,1.512,-0.063,-0.736,652.8,0.023,8.28
MFE_LOCK0.5,PULLBACK_CONT,SHORT,ALL,ALL,TEST,33521,364.36,0.518,-0.1093,0.99993,-54754.5,-595.16,0.876,-72485.6,1.512,-0.072,-0.725,616.4,0.023,8.42
MFE_LOCK0.5,PULLBACK_CONT,SHORT,ALL,ALL,HOLDOUT,20931,348.85,0.492,-0.1891,1.0,-77836.4,-1297.27,0.743,-85006.2,1.462,-0.129,-0.758,610.4,0.025,8.77
NOTP_TRAIL0.5,PULLBACK_CONT,SHORT,ALL,ALL,TRAIN,62257,338.35,0.309,-0.1007,1.0,-142282.3,-773.27,0.69,-151438.8,1.654,-0.061,-0.305,160.9,0.091,30.7
NOTP_TRAIL0.5,PULLBACK_CONT,SHORT,ALL,ALL,VALID,32022,359.8,0.3,-0.1163,1.0,-87137.1,-979.07,0.624,-96020.3,1.512,-0.077,-0.31,163.3,0.088,31.65
NOTP_TRAIL0.5,PULLBACK_CONT,SHORT,ALL,ALL,TEST,33521,364.36,0.323,-0.0938,1.0,-48967.3,-532.25,0.776,-53872.2,1.512,-0.062,-0.305,157.4,0.09,32.71
NOTP_TRAIL0.5,PULLBACK_CONT,SHORT,ALL,ALL,HOLDOUT,20931,348.85,0.28,-0.1602,1.0,-62778.3,-1046.3,0.576,-63942.6,1.462,-0.11,-0.31,151.7,0.096,33.38
NOTP_TRAIL1,PULLBACK_CONT,SHORT,ALL,ALL,TRAIN,62257,338.35,0.348,-0.0811,0.99903,-134062.4,-728.6,0.83,-176331.6,1.654,-0.049,-0.564,526.4,0.029,9.82
NOTP_TRAIL1,PULLBACK_CONT,SHORT,ALL,ALL,VALID,32022,359.8,0.351,-0.0875,0.99753,-66771.0,-750.24,0.829,-111753.9,1.512,-0.058,-0.568,538.3,0.028,10.25
NOTP_TRAIL1,PULLBACK_CONT,SHORT,ALL,ALL,TEST,33521,364.36,0.35,-0.1141,0.99999,-69605.2,-756.58,0.814,-74564.5,1.512,-0.075,-0.557,494.7,0.028,10.02
NOTP_TRAIL1,PULLBACK_CONT,SHORT,ALL,ALL,HOLDOUT,20931,348.85,0.316,-0.2022,1.0,-86644.4,-1444.07,0.659,-92605.8,1.462,-0.138,-0.58,497.6,0.029,10.25
NOTP_TRAIL1.5,PULLBACK_CONT,SHORT,ALL,ALL,TRAIN,62257,338.35,0.359,-0.0577,0.94921,-116804.2,-634.81,0.883,-192448.1,1.654,-0.035,-0.729,780.9,0.02,6.87
NOTP_TRAIL1.5,PULLBACK_CONT,SHORT,ALL,ALL,VALID,32022,359.8,0.36,-0.0843,0.97332,-65742.2,-738.68,0.866,-131367.4,1.512,-0.056,-0.729,787.3,0.02,7.11
NOTP_TRAIL1.5,PULLBACK_CONT,SHORT,ALL,ALL,TEST,33521,364.36,0.361,-0.1288,0.99994,-70269.4,-763.8,0.852,-84833.6,1.512,-0.085,-0.723,756.2,0.02,7.18
NOTP_TRAIL1.5,PULLBACK_CONT,SHORT,ALL,ALL,HOLDOUT,20931,348.85,0.328,-0.2119,1.0,-90205.6,-1503.43,0.722,-99779.7,1.462,-0.145,-0.752,756.9,0.02,6.97
TIME15m,PULLBACK_CONT,SHORT,ALL,ALL,TRAIN,62257,338.35,0.378,-0.05,1.0,-71813.9,-390.29,0.552,-72609.2,1.654,-0.03,-0.134,15.0,0.498,168.58
TIME15m,PULLBACK_CONT,SHORT,ALL,ALL,VALID,32022,359.8,0.369,-0.0492,1.0,-33370.7,-374.95,0.567,-33628.9,1.512,-0.033,-0.133,15.0,0.53,190.82
TIME15m,PULLBACK_CONT,SHORT,ALL,ALL,TEST,33521,364.36,0.362,-0.0542,1.0,-34307.9,-372.91,0.564,-34315.4,1.512,-0.036,-0.131,15.0,0.55,200.51
TIME15m,PULLBACK_CONT,SHORT,ALL,ALL,HOLDOUT,20931,348.85,0.358,-0.0592,1.0,-23227.2,-387.12,0.534,-23227.2,1.462,-0.04,-0.131,15.0,0.594,207.37
TIME30m,PULLBACK_CONT,SHORT,ALL,ALL,TRAIN,62257,338.35,0.411,-0.0515,1.0,-74556.7,-405.2,0.646,-76483.4,1.654,-0.031,-0.193,29.9,0.35,118.42
TIME30m,PULLBACK_CONT,SHORT,ALL,ALL,VALID,32022,359.8,0.402,-0.0486,1.0,-32185.4,-361.63,0.674,-34487.9,1.512,-0.032,-0.19,29.9,0.364,130.97
TIME30m,PULLBACK_CONT,SHORT,ALL,ALL,TEST,33521,364.36,0.402,-0.0518,1.0,-32183.6,-349.82,0.679,-32211.0,1.512,-0.034,-0.188,29.9,0.371,135.24
TIME30m,PULLBACK_CONT,SHORT,ALL,ALL,HOLDOUT,20931,348.85,0.389,-0.0675,1.0,-26198.9,-436.65,0.608,-26199.5,1.462,-0.046,-0.194,29.9,0.4,139.7
TIME1h,PULLBACK_CONT,SHORT,ALL,ALL,TRAIN,62257,338.35,0.436,-0.0503,1.0,-73360.4,-398.7,0.74,-78638.6,1.654,-0.03,-0.272,59.3,0.22,74.54
TIME1h,PULLBACK_CONT,SHORT,ALL,ALL,VALID,32022,359.8,0.435,-0.0481,1.0,-28772.5,-323.29,0.781,-38637.1,1.512,-0.032,-0.27,59.3,0.222,79.98
TIME1h,PULLBACK_CONT,SHORT,ALL,ALL,TEST,33521,364.36,0.442,-0.0459,1.0,-26863.0,-291.99,0.799,-26890.3,1.512,-0.03,-0.267,59.3,0.224,81.46
TIME1h,PULLBACK_CONT,SHORT,ALL,ALL,HOLDOUT,20931,348.85,0.422,-0.0681,1.0,-25742.1,-429.03,0.71,-25907.3,1.462,-0.047,-0.278,59.3,0.237,82.68
TIME2h,PULLBACK_CONT,SHORT,ALL,ALL,TRAIN,62257,338.35,0.45,-0.0533,1.0,-82856.1,-450.31,0.788,-89819.2,1.654,-0.032,-0.379,115.9,0.126,42.65
TIME2h,PULLBACK_CONT,SHORT,ALL,ALL,VALID,32022,359.8,0.45,-0.0551,0.99998,-38457.6,-432.11,0.79,-47840.7,1.512,-0.036,-0.378,115.9,0.125,44.81
TIME2h,PULLBACK_CONT,SHORT,ALL,ALL,TEST,33521,364.36,0.463,-0.0432,0.9989,-20029.0,-217.71,0.892,-29822.3,1.512,-0.029,-0.376,115.6,0.125,45.41
TIME2h,PULLBACK_CONT,SHORT,ALL,ALL,HOLDOUT,20931,348.85,0.435,-0.0821,1.0,-30220.5,-503.67,0.752,-31953.7,1.462,-0.056,-0.392,115.8,0.13,45.52
TIME4h,PULLBACK_CONT,SHORT,ALL,ALL,TRAIN,62257,338.35,0.462,-0.055,0.99932,-86762.0,-471.53,0.839,-97464.4,1.654,-0.033,-0.506,217.3,0.072,24.31
TIME4h,PULLBACK_CONT,SHORT,ALL,ALL,VALID,32022,359.8,0.46,-0.0616,0.99812,-45041.5,-506.08,0.823,-64144.3,1.512,-0.041,-0.507,217.6,0.069,25.0
TIME4h,PULLBACK_CONT,SHORT,ALL,ALL,TEST,33521,364.36,0.48,-0.0417,0.97399,-17352.7,-188.62,0.932,-33033.3,1.512,-0.028,-0.507,215.6,0.069,25.3
TIME4h,PULLBACK_CONT,SHORT,ALL,ALL,HOLDOUT,20931,348.85,0.444,-0.1016,1.0,-37022.8,-617.05,0.782,-42615.9,1.462,-0.07,-0.531,217.1,0.072,25.22
SIG_OFF,PULLBACK_CONT,SHORT,ALL,ALL,TRAIN,62257,338.35,0.379,-0.05,1.0,-71528.8,-388.74,0.559,-72317.5,1.654,-0.03,-0.135,15.5,0.494,167.25
SIG_OFF,PULLBACK_CONT,SHORT,ALL,ALL,VALID,32022,359.8,0.371,-0.0491,1.0,-33164.5,-372.63,0.573,-33441.5,1.512,-0.032,-0.133,15.4,0.524,188.7
SIG_OFF,PULLBACK_CONT,SHORT,ALL,ALL,TEST,33521,364.36,0.362,-0.0537,1.0,-34136.2,-371.05,0.571,-34142.7,1.512,-0.036,-0.132,15.5,0.545,198.6
SIG_OFF,PULLBACK_CONT,SHORT,ALL,ALL,HOLDOUT,20931,348.85,0.36,-0.0596,1.0,-23241.6,-387.36,0.539,-23241.6,1.462,-0.041,-0.132,15.4,0.588,205.08
MOM_OFF,PULLBACK_CONT,SHORT,ALL,ALL,TRAIN,62257,338.35,0.307,-0.0491,1.0,-71973.1,-391.16,0.663,-73674.6,1.654,-0.03,-0.167,39.2,0.319,108.04
MOM_OFF,PULLBACK_CONT,SHORT,ALL,ALL,VALID,32022,359.8,0.304,-0.0509,1.0,-37702.2,-423.62,0.635,-37989.7,1.512,-0.034,-0.169,40.9,0.323,116.3
MOM_OFF,PULLBACK_CONT,SHORT,ALL,ALL,TEST,33521,364.36,0.3,-0.0501,1.0,-30299.5,-329.34,0.707,-30307.5,1.512,-0.033,-0.166,40.6,0.332,120.9
MOM_OFF,PULLBACK_CONT,SHORT,ALL,ALL,HOLDOUT,20931,348.85,0.286,-0.0754,1.0,-31115.2,-518.59,0.548,-31183.0,1.462,-0.052,-0.169,38.8,0.353,123.17
FIXED,ANY,SHORT,sym_funding,neg,TRAIN,53330,289.84,0.436,-0.0737,0.99876,-115626.5,-628.4,0.886,-146301.4,1.538,-0.048,-0.791,724.2,0.025,7.33
FIXED,ANY,SHORT,sym_funding,neg,VALID,35372,397.44,0.435,-0.0752,0.98877,-68070.7,-764.84,0.882,-106578.5,1.403,-0.054,-0.797,722.1,0.02,7.8
FIXED,ANY,SHORT,sym_funding,neg,TEST,23772,258.39,0.44,-0.0744,0.98939,-34946.8,-379.86,0.909,-43892.5,1.457,-0.051,-0.781,707.2,0.03,7.66
FIXED,ANY,SHORT,sym_funding,neg,HOLDOUT,5079,84.65,0.424,-0.1513,0.99995,-7262.8,-121.05,0.904,-13785.5,1.45,-0.104,-0.801,718.6,0.047,4.02
TRAIL_A0.5_D0.5,ANY,SHORT,sym_funding,neg,TRAIN,53330,289.84,0.545,-0.0857,1.0,-124742.1,-677.95,0.813,-139555.3,1.538,-0.056,-0.586,406.0,0.045,13.18
TRAIL_A0.5_D0.5,ANY,SHORT,sym_funding,neg,VALID,35372,397.44,0.522,-0.1157,1.0,-97467.2,-1095.14,0.745,-117432.3,1.403,-0.082,-0.592,402.3,0.035,14.09
TRAIL_A0.5_D0.5,ANY,SHORT,sym_funding,neg,TEST,23772,258.39,0.537,-0.0961,1.0,-45145.0,-490.71,0.82,-47277.5,1.457,-0.066,-0.574,378.9,0.053,13.75
TRAIL_A0.5_D0.5,ANY,SHORT,sym_funding,neg,HOLDOUT,5079,84.65,0.498,-0.1782,1.0,-10924.5,-182.08,0.778,-13115.3,1.45,-0.123,-0.598,395.6,0.088,7.47
TRAIL_A0.5_D1,ANY,SHORT,sym_funding,neg,TRAIN,53330,289.84,0.382,-0.0892,0.99999,-132025.8,-717.53,0.839,-153583.7,1.538,-0.058,-0.631,556.5,0.033,9.55
TRAIL_A0.5_D1,ANY,SHORT,sym_funding,neg,VALID,35372,397.44,0.379,-0.0861,0.99929,-66844.4,-751.06,0.857,-100230.1,1.403,-0.061,-0.64,556.3,0.025,10.01
TRAIL_A0.5_D1,ANY,SHORT,sym_funding,neg,TEST,23772,258.39,0.377,-0.094,0.99978,-51164.2,-556.13,0.836,-54105.3,1.457,-0.065,-0.621,525.7,0.038,9.8
TRAIL_A0.5_D1,ANY,SHORT,sym_funding,neg,HOLDOUT,5079,84.65,0.351,-0.1727,1.0,-9907.9,-165.13,0.839,-14094.7,1.45,-0.119,-0.644,547.4,0.062,5.27
TRAIL_A1_D0.5,ANY,SHORT,sym_funding,neg,TRAIN,53330,289.84,0.507,-0.0775,0.99984,-114621.4,-622.94,0.875,-138574.2,1.538,-0.05,-0.731,600.4,0.031,8.92
TRAIL_A1_D0.5,ANY,SHORT,sym_funding,neg,VALID,35372,397.44,0.505,-0.0941,0.99957,-78501.7,-882.04,0.849,-111128.8,1.403,-0.067,-0.737,598.2,0.024,9.56
TRAIL_A1_D0.5,ANY,SHORT,sym_funding,neg,TEST,23772,258.39,0.515,-0.0839,0.99878,-38461.6,-418.06,0.888,-42226.9,1.457,-0.058,-0.718,576.7,0.035,9.02
TRAIL_A1_D0.5,ANY,SHORT,sym_funding,neg,HOLDOUT,5079,84.65,0.499,-0.1557,0.99999,-7750.0,-129.17,0.886,-13932.0,1.45,-0.107,-0.738,591.2,0.053,4.52
TRAIL_A1_D1,ANY,SHORT,sym_funding,neg,TRAIN,53330,289.84,0.462,-0.0789,0.99974,-121554.8,-660.62,0.868,-149980.4,1.538,-0.051,-0.733,652.2,0.028,8.14
TRAIL_A1_D1,ANY,SHORT,sym_funding,neg,VALID,35372,397.44,0.455,-0.0788,0.99503,-65326.0,-734.0,0.875,-101812.5,1.403,-0.056,-0.74,651.7,0.021,8.4
TRAIL_A1_D1,ANY,SHORT,sym_funding,neg,TEST,23772,258.39,0.461,-0.0809,0.99695,-40520.8,-440.44,0.883,-44783.2,1.457,-0.056,-0.721,629.3,0.033,8.45
TRAIL_A1_D1,ANY,SHORT,sym_funding,neg,HOLDOUT,5079,84.65,0.435,-0.1509,0.99998,-7038.9,-117.32,0.897,-14205.1,1.45,-0.104,-0.739,643.9,0.053,4.45
BE0.5_TRAIL,ANY,SHORT,sym_funding,neg,TRAIN,53330,289.84,0.332,-0.0776,0.99967,-126808.8,-689.18,0.817,-156312.0,1.538,-0.05,-0.59,489.3,0.036,10.38
BE0.5_TRAIL,ANY,SHORT,sym_funding,neg,VALID,35372,397.44,0.325,-0.1257,1.0,-105670.6,-1187.31,0.734,-127817.3,1.403,-0.09,-0.596,490.0,0.027,10.55
BE0.5_TRAIL,ANY,SHORT,sym_funding,neg,TEST,23772,258.39,0.332,-0.1119,1.0,-59109.0,-642.49,0.773,-61328.0,1.457,-0.077,-0.579,457.4,0.042,10.97
BE0.5_TRAIL,ANY,SHORT,sym_funding,neg,HOLDOUT,5079,84.65,0.307,-0.1847,1.0,-12161.1,-202.69,0.763,-15005.0,1.45,-0.127,-0.599,467.8,0.07,5.97
BE1_TRAIL,ANY,SHORT,sym_funding,neg,TRAIN,53330,289.84,0.371,-0.0718,0.99421,-127970.8,-695.49,0.863,-180575.9,1.538,-0.047,-0.735,708.9,0.025,7.23
BE1_TRAIL,ANY,SHORT,sym_funding,neg,VALID,35372,397.44,0.374,-0.1163,0.99992,-103207.8,-1159.64,0.805,-133116.4,1.403,-0.083,-0.742,715.4,0.019,7.38
BE1_TRAIL,ANY,SHORT,sym_funding,neg,TEST,23772,258.39,0.371,-0.1087,0.99976,-56923.9,-618.74,0.837,-61227.2,1.457,-0.075,-0.723,685.2,0.029,7.45
BE1_TRAIL,ANY,SHORT,sym_funding,neg,HOLDOUT,5079,84.65,0.358,-0.1729,1.0,-9609.8,-160.16,0.862,-14900.5,1.45,-0.119,-0.739,691.5,0.05,4.25
ATR_TRAIL2,ANY,SHORT,sym_funding,neg,TRAIN,53330,289.84,0.301,-0.0947,1.0,-125188.3,-680.37,0.702,-125772.7,1.538,-0.062,-0.293,129.7,0.127,36.73
ATR_TRAIL2,ANY,SHORT,sym_funding,neg,VALID,35372,397.44,0.286,-0.1341,1.0,-109111.9,-1225.98,0.555,-109884.6,1.403,-0.096,-0.297,129.2,0.1,39.85
ATR_TRAIL2,ANY,SHORT,sym_funding,neg,TEST,23772,258.39,0.305,-0.1162,1.0,-49526.8,-538.34,0.694,-51732.4,1.457,-0.08,-0.289,128.2,0.151,38.9
ATR_TRAIL2,ANY,SHORT,sym_funding,neg,HOLDOUT,5079,84.65,0.267,-0.1916,1.0,-14652.1,-244.2,0.561,-14770.4,1.45,-0.132,-0.293,124.4,0.229,19.4
ATR_TRAIL3,ANY,SHORT,sym_funding,neg,TRAIN,53330,289.84,0.316,-0.0921,1.0,-128533.5,-698.55,0.771,-132489.2,1.538,-0.06,-0.404,262.5,0.067,19.43
ATR_TRAIL3,ANY,SHORT,sym_funding,neg,VALID,35372,397.44,0.309,-0.1379,1.0,-107488.8,-1207.74,0.658,-116099.2,1.403,-0.098,-0.41,268.4,0.052,20.6
ATR_TRAIL3,ANY,SHORT,sym_funding,neg,TEST,23772,258.39,0.33,-0.1237,1.0,-54531.8,-592.74,0.741,-57520.4,1.457,-0.085,-0.399,257.9,0.076,19.64
ATR_TRAIL3,ANY,SHORT,sym_funding,neg,HOLDOUT,5079,84.65,0.284,-0.2083,1.0,-16941.1,-282.35,0.61,-17989.7,1.45,-0.144,-0.405,249.7,0.129,10.93
ATR_TRAIL4,ANY,SHORT,sym_funding,neg,TRAIN,53330,289.84,0.326,-0.0972,0.99996,-149440.9,-812.18,0.782,-163315.0,1.538,-0.063,-0.509,418.2,0.042,12.29
ATR_TRAIL4,ANY,SHORT,sym_funding,neg,VALID,35372,397.44,0.316,-0.1448,1.0,-114787.9,-1289.75,0.702,-136789.5,1.403,-0.103,-0.514,426.2,0.033,13.11
ATR_TRAIL4,ANY,SHORT,sym_funding,neg,TEST,23772,258.39,0.328,-0.1415,1.0,-69601.5,-756.54,0.731,-72152.1,1.457,-0.097,-0.504,409.5,0.049,12.58
ATR_TRAIL4,ANY,SHORT,sym_funding,neg,HOLDOUT,5079,84.65,0.292,-0.2144,1.0,-16908.3,-281.8,0.681,-18119.2,1.45,-0.148,-0.515,399.6,0.082,6.92
MFE_LOCK0.3,ANY,SHORT,sym_funding,neg,TRAIN,53330,289.84,0.507,-0.0701,0.99869,-106279.0,-577.6,0.884,-138113.6,1.538,-0.046,-0.731,598.0,0.03,8.81
MFE_LOCK0.3,ANY,SHORT,sym_funding,neg,VALID,35372,397.44,0.505,-0.1073,0.99995,-93539.3,-1051.0,0.82,-122890.9,1.403,-0.076,-0.737,594.7,0.022,8.88
MFE_LOCK0.3,ANY,SHORT,sym_funding,neg,TEST,23772,258.39,0.515,-0.0979,0.99985,-44933.1,-488.4,0.869,-48310.1,1.457,-0.067,-0.718,570.8,0.036,9.3
MFE_LOCK0.3,ANY,SHORT,sym_funding,neg,HOLDOUT,5079,84.65,0.501,-0.1663,1.0,-8371.2,-139.52,0.876,-13721.5,1.45,-0.115,-0.738,584.4,0.056,4.75
MFE_LOCK0.5,ANY,SHORT,sym_funding,neg,TRAIN,53330,289.84,0.506,-0.0831,0.99954,-136629.7,-742.55,0.851,-171277.4,1.538,-0.054,-0.732,672.2,0.026,7.62
MFE_LOCK0.5,ANY,SHORT,sym_funding,neg,VALID,35372,397.44,0.504,-0.123,0.99999,-108397.7,-1217.95,0.791,-130789.7,1.403,-0.088,-0.738,673.1,0.02,7.94
MFE_LOCK0.5,ANY,SHORT,sym_funding,neg,TEST,23772,258.39,0.513,-0.1192,0.99999,-59244.2,-643.96,0.827,-63076.6,1.457,-0.082,-0.719,647.3,0.031,8.01
MFE_LOCK0.5,ANY,SHORT,sym_funding,neg,HOLDOUT,5079,84.65,0.498,-0.1829,1.0,-8609.5,-143.49,0.873,-14525.9,1.45,-0.126,-0.738,651.7,0.051,4.28
NOTP_TRAIL0.5,ANY,SHORT,sym_funding,neg,TRAIN,53330,289.84,0.304,-0.0987,1.0,-133556.5,-725.85,0.701,-137837.9,1.538,-0.064,-0.306,167.5,0.099,28.68
NOTP_TRAIL0.5,ANY,SHORT,sym_funding,neg,VALID,35372,397.44,0.288,-0.1321,1.0,-107275.7,-1205.35,0.593,-110079.9,1.403,-0.094,-0.311,165.5,0.078,30.93
NOTP_TRAIL0.5,ANY,SHORT,sym_funding,neg,TEST,23772,258.39,0.308,-0.109,1.0,-48652.4,-528.83,0.715,-50156.8,1.457,-0.075,-0.3,159.5,0.118,30.43
NOTP_TRAIL0.5,ANY,SHORT,sym_funding,neg,HOLDOUT,5079,84.65,0.271,-0.1921,1.0,-14360.5,-239.34,0.596,-14582.1,1.45,-0.132,-0.306,161.7,0.185,15.67
NOTP_TRAIL1,ANY,SHORT,sym_funding,neg,TRAIN,53330,289.84,0.347,-0.0971,0.99997,-150442.3,-817.62,0.806,-178012.5,1.538,-0.063,-0.562,543.0,0.031,9.09
NOTP_TRAIL1,ANY,SHORT,sym_funding,neg,VALID,35372,397.44,0.347,-0.1205,1.0,-97283.6,-1093.07,0.779,-123291.6,1.403,-0.086,-0.572,557.6,0.025,9.87
NOTP_TRAIL1,ANY,SHORT,sym_funding,neg,TEST,23772,258.39,0.345,-0.1315,1.0,-71671.7,-779.04,0.757,-75259.3,1.457,-0.09,-0.554,518.2,0.036,9.25
NOTP_TRAIL1,ANY,SHORT,sym_funding,neg,HOLDOUT,5079,84.65,0.319,-0.192,1.0,-11723.8,-195.4,0.801,-14929.2,1.45,-0.132,-0.574,529.4,0.059,5.0
NOTP_TRAIL1.5,ANY,SHORT,sym_funding,neg,TRAIN,53330,289.84,0.367,-0.0983,0.99947,-167043.7,-907.85,0.827,-213325.3,1.538,-0.064,-0.725,790.9,0.023,6.61
NOTP_TRAIL1.5,ANY,SHORT,sym_funding,neg,VALID,35372,397.44,0.367,-0.1185,0.99958,-103304.3,-1160.72,0.811,-136466.0,1.403,-0.084,-0.732,802.6,0.016,6.49
NOTP_TRAIL1.5,ANY,SHORT,sym_funding,neg,TEST,23772,258.39,0.367,-0.1316,0.99997,-68484.9,-744.4,0.813,-73995.9,1.457,-0.09,-0.714,782.8,0.026,6.63
NOTP_TRAIL1.5,ANY,SHORT,sym_funding,neg,HOLDOUT,5079,84.65,0.347,-0.1992,1.0,-10191.1,-169.85,0.86,-15584.4,1.45,-0.137,-0.731,772.1,0.044,3.68
TIME15m,ANY,SHORT,sym_funding,neg,TRAIN,53330,289.84,0.387,-0.0471,1.0,-61608.6,-334.83,0.628,-61835.2,1.538,-0.031,-0.148,15.0,0.595,172.52
TIME15m,ANY,SHORT,sym_funding,neg,VALID,35372,397.44,0.366,-0.0519,1.0,-39350.9,-442.15,0.586,-39618.8,1.403,-0.037,-0.145,15.0,0.557,221.24
TIME15m,ANY,SHORT,sym_funding,neg,TEST,23772,258.39,0.366,-0.0563,1.0,-24815.0,-269.73,0.613,-24832.4,1.457,-0.039,-0.143,15.0,0.684,176.74
TIME15m,ANY,SHORT,sym_funding,neg,HOLDOUT,5079,84.65,0.344,-0.0698,1.0,-4119.8,-68.66,0.652,-4236.9,1.45,-0.048,-0.14,15.0,0.855,72.42
TIME30m,ANY,SHORT,sym_funding,neg,TRAIN,53330,289.84,0.418,-0.0466,1.0,-63684.2,-346.11,0.709,-63984.4,1.538,-0.03,-0.208,29.8,0.422,122.24
TIME30m,ANY,SHORT,sym_funding,neg,VALID,35372,397.44,0.395,-0.0555,1.0,-41974.0,-471.62,0.661,-42745.1,1.403,-0.04,-0.207,29.9,0.373,148.31
TIME30m,ANY,SHORT,sym_funding,neg,TEST,23772,258.39,0.397,-0.0559,1.0,-24271.3,-263.82,0.706,-24737.3,1.457,-0.038,-0.2,29.9,0.5,129.15
TIME30m,ANY,SHORT,sym_funding,neg,HOLDOUT,5079,84.65,0.382,-0.0831,1.0,-5599.6,-93.33,0.653,-5691.9,1.45,-0.057,-0.205,29.9,0.676,57.22
TIME1h,ANY,SHORT,sym_funding,neg,TRAIN,53330,289.84,0.434,-0.0505,1.0,-71692.7,-389.63,0.755,-72199.0,1.538,-0.033,-0.29,59.0,0.265,76.85
TIME1h,ANY,SHORT,sym_funding,neg,VALID,35372,397.44,0.427,-0.0579,1.0,-43163.3,-484.98,0.733,-45955.3,1.403,-0.041,-0.286,59.2,0.216,86.04
TIME1h,ANY,SHORT,sym_funding,neg,TEST,23772,258.39,0.438,-0.0507,1.0,-21941.4,-238.49,0.801,-22603.3,1.457,-0.035,-0.28,59.3,0.313,80.93
TIME1h,ANY,SHORT,sym_funding,neg,HOLDOUT,5079,84.65,0.398,-0.0892,1.0,-6145.6,-102.43,0.721,-6348.0,1.45,-0.062,-0.291,59.1,0.453,38.37
TIME2h,ANY,SHORT,sym_funding,neg,TRAIN,53330,289.84,0.451,-0.0541,1.0,-77247.7,-419.82,0.804,-78977.5,1.538,-0.035,-0.395,114.9,0.15,43.43
TIME2h,ANY,SHORT,sym_funding,neg,VALID,35372,397.44,0.445,-0.0653,1.0,-50113.4,-563.07,0.769,-55970.2,1.403,-0.047,-0.393,115.5,0.118,47.03
TIME2h,ANY,SHORT,sym_funding,neg,TEST,23772,258.39,0.448,-0.0599,1.0,-27439.9,-298.26,0.82,-28503.2,1.457,-0.041,-0.387,115.3,0.176,45.54
TIME2h,ANY,SHORT,sym_funding,neg,HOLDOUT,5079,84.65,0.425,-0.0964,1.0,-5754.3,-95.9,0.803,-6285.3,1.45,-0.066,-0.397,114.9,0.262,22.2
TIME4h,ANY,SHORT,sym_funding,neg,TRAIN,53330,289.84,0.459,-0.0627,0.99991,-92869.1,-504.72,0.827,-96937.6,1.538,-0.041,-0.517,215.0,0.085,24.59
TIME4h,ANY,SHORT,sym_funding,neg,VALID,35372,397.44,0.461,-0.0695,0.99985,-55041.8,-618.45,0.813,-68541.6,1.403,-0.05,-0.516,216.9,0.065,25.99
TIME4h,ANY,SHORT,sym_funding,neg,TEST,23772,258.39,0.471,-0.061,0.99868,-28394.8,-308.64,0.862,-30204.3,1.457,-0.042,-0.513,215.1,0.099,25.51
TIME4h,ANY,SHORT,sym_funding,neg,HOLDOUT,5079,84.65,0.448,-0.1088,0.99999,-6103.0,-101.72,0.845,-7017.2,1.45,-0.075,-0.524,215.5,0.152,12.85
SIG_OFF,ANY,SHORT,sym_funding,neg,TRAIN,53330,289.84,0.379,-0.0472,1.0,-58198.6,-316.3,0.722,-60239.0,1.538,-0.031,-0.186,57.6,0.225,65.16
SIG_OFF,ANY,SHORT,sym_funding,neg,VALID,35372,397.44,0.359,-0.0547,1.0,-42557.8,-478.18,0.642,-43012.4,1.403,-0.039,-0.183,58.6,0.197,78.12
SIG_OFF,ANY,SHORT,sym_funding,neg,TEST,23772,258.39,0.363,-0.0589,1.0,-26418.2,-287.15,0.68,-26533.1,1.457,-0.04,-0.183,60.4,0.27,69.68
SIG_OFF,ANY,SHORT,sym_funding,neg,HOLDOUT,5079,84.65,0.34,-0.0748,1.0,-4870.6,-81.18,0.687,-5057.5,1.45,-0.052,-0.183,64.4,0.37,31.35
MOM_OFF,ANY,SHORT,sym_funding,neg,TRAIN,53330,289.84,0.318,-0.047,1.0,-67029.8,-364.29,0.723,-67165.4,1.538,-0.031,-0.201,47.8,0.344,99.57
MOM_OFF,ANY,SHORT,sym_funding,neg,VALID,35372,397.44,0.307,-0.0625,1.0,-53479.9,-600.9,0.615,-55006.8,1.403,-0.045,-0.2,48.3,0.299,118.98
MOM_OFF,ANY,SHORT,sym_funding,neg,TEST,23772,258.39,0.307,-0.0613,1.0,-27323.9,-297.0,0.705,-27387.7,1.457,-0.042,-0.196,48.5,0.399,103.15
MOM_OFF,ANY,SHORT,sym_funding,neg,HOLDOUT,5079,84.65,0.287,-0.0843,1.0,-5753.7,-95.89,0.677,-5863.3,1.45,-0.058,-0.197,47.7,0.531,44.97
FIXED,ANY,SHORT,sym_oi,down,TRAIN,16505,89.7,0.431,-0.0631,0.9823,-53077.9,-288.47,0.878,-58949.1,1.385,-0.046,-0.805,749.3,0.076,6.79
FIXED,ANY,SHORT,sym_oi,down,VALID,7153,80.37,0.423,-0.0827,0.98205,-36640.3,-411.69,0.821,-48583.0,1.402,-0.059,-0.818,724.3,0.088,7.04
FIXED,ANY,SHORT,sym_oi,down,TEST,6655,72.34,0.452,-0.0251,0.70767,8585.6,93.32,1.05,-25279.7,1.35,-0.019,-0.778,740.8,0.097,6.99
FIXED,ANY,SHORT,sym_oi,down,HOLDOUT,4690,78.17,0.399,-0.1509,0.99937,-22986.5,-383.11,0.827,-29148.3,1.195,-0.126,-0.823,777.3,0.086,6.73
TRAIL_A0.5_D0.5,ANY,SHORT,sym_oi,down,TRAIN,16505,89.7,0.575,-0.0515,0.98546,-42524.1,-231.11,0.853,-45945.4,1.385,-0.037,-0.596,417.7,0.124,11.11
TRAIL_A0.5_D0.5,ANY,SHORT,sym_oi,down,VALID,7153,80.37,0.559,-0.0844,0.99292,-26601.1,-298.89,0.803,-39056.1,1.402,-0.06,-0.605,406.2,0.146,11.7
TRAIL_A0.5_D0.5,ANY,SHORT,sym_oi,down,TEST,6655,72.34,0.584,-0.0628,0.9902,-12895.0,-140.16,0.89,-17487.9,1.35,-0.047,-0.587,396.9,0.147,10.63
TRAIL_A0.5_D0.5,ANY,SHORT,sym_oi,down,HOLDOUT,4690,78.17,0.591,-0.0847,0.99752,-11561.1,-192.69,0.856,-15722.2,1.195,-0.071,-0.595,416.9,0.14,10.93
TRAIL_A0.5_D1,ANY,SHORT,sym_oi,down,TRAIN,16505,89.7,0.391,-0.0613,0.9884,-48066.9,-261.23,0.863,-51607.0,1.385,-0.044,-0.647,577.3,0.094,8.43
TRAIL_A0.5_D1,ANY,SHORT,sym_oi,down,VALID,7153,80.37,0.395,-0.0614,0.94416,-24698.5,-277.51,0.845,-37428.0,1.402,-0.044,-0.655,557.6,0.111,8.89
TRAIL_A0.5_D1,ANY,SHORT,sym_oi,down,TEST,6655,72.34,0.378,-0.0788,0.98429,-16212.7,-176.22,0.889,-25510.8,1.35,-0.058,-0.636,543.9,0.115,8.34
TRAIL_A0.5_D1,ANY,SHORT,sym_oi,down,HOLDOUT,4690,78.17,0.368,-0.116,0.99944,-17168.0,-286.13,0.828,-21636.0,1.195,-0.097,-0.642,587.3,0.106,8.32
TRAIL_A1_D0.5,ANY,SHORT,sym_oi,down,TRAIN,16505,89.7,0.498,-0.0578,0.97817,-46086.0,-250.47,0.884,-50843.9,1.385,-0.042,-0.748,625.7,0.089,7.96
TRAIL_A1_D0.5,ANY,SHORT,sym_oi,down,VALID,7153,80.37,0.506,-0.0708,0.96441,-24257.6,-272.56,0.864,-39205.5,1.402,-0.051,-0.748,594.0,0.102,8.19
TRAIL_A1_D0.5,ANY,SHORT,sym_oi,down,TEST,6655,72.34,0.505,-0.057,0.92935,-5482.0,-59.59,0.965,-23657.3,1.35,-0.042,-0.73,608.3,0.107,7.75
TRAIL_A1_D0.5,ANY,SHORT,sym_oi,down,HOLDOUT,4690,78.17,0.493,-0.1085,0.99651,-14030.9,-233.85,0.878,-19950.4,1.195,-0.091,-0.753,637.0,0.101,7.87
TRAIL_A1_D1,ANY,SHORT,sym_oi,down,TRAIN,16505,89.7,0.472,-0.0606,0.98137,-48553.0,-263.88,0.878,-53405.0,1.385,-0.044,-0.75,678.4,0.081,7.29
TRAIL_A1_D1,ANY,SHORT,sym_oi,down,VALID,7153,80.37,0.47,-0.0631,0.94184,-25136.6,-282.43,0.859,-38411.5,1.402,-0.045,-0.75,646.7,0.095,7.66
TRAIL_A1_D1,ANY,SHORT,sym_oi,down,TEST,6655,72.34,0.476,-0.0603,0.93132,-4224.7,-45.92,0.973,-25591.7,1.35,-0.045,-0.732,660.1,0.1,7.26
TRAIL_A1_D1,ANY,SHORT,sym_oi,down,HOLDOUT,4690,78.17,0.456,-0.1309,0.99915,-18193.1,-303.22,0.843,-24597.8,1.195,-0.11,-0.755,692.9,0.093,7.3
BE0.5_TRAIL,ANY,SHORT,sym_oi,down,TRAIN,16505,89.7,0.333,-0.0622,0.99458,-54421.4,-295.77,0.816,-58030.2,1.385,-0.045,-0.603,502.6,0.101,9.08
BE0.5_TRAIL,ANY,SHORT,sym_oi,down,VALID,7153,80.37,0.341,-0.0968,0.99828,-33282.3,-373.96,0.759,-43105.9,1.402,-0.069,-0.61,495.1,0.116,9.34
BE0.5_TRAIL,ANY,SHORT,sym_oi,down,TEST,6655,72.34,0.326,-0.0901,0.99887,-21492.4,-233.61,0.821,-22579.5,1.35,-0.067,-0.593,477.0,0.122,8.82
BE0.5_TRAIL,ANY,SHORT,sym_oi,down,HOLDOUT,4690,78.17,0.306,-0.1252,0.99999,-19266.4,-321.11,0.766,-21288.6,1.195,-0.105,-0.604,496.4,0.119,9.27
BE1_TRAIL,ANY,SHORT,sym_oi,down,TRAIN,16505,89.7,0.377,-0.073,0.99281,-61392.6,-333.66,0.846,-66553.4,1.385,-0.053,-0.753,737.0,0.073,6.56
BE1_TRAIL,ANY,SHORT,sym_oi,down,VALID,7153,80.37,0.367,-0.1081,0.99829,-40323.9,-453.08,0.776,-46822.7,1.402,-0.077,-0.752,708.5,0.086,6.91
BE1_TRAIL,ANY,SHORT,sym_oi,down,TEST,6655,72.34,0.384,-0.082,0.9741,-12468.6,-135.53,0.922,-28404.0,1.35,-0.061,-0.733,719.0,0.089,6.4
BE1_TRAIL,ANY,SHORT,sym_oi,down,HOLDOUT,4690,78.17,0.33,-0.1778,0.99999,-26525.3,-442.09,0.772,-31204.2,1.195,-0.149,-0.76,740.3,0.086,6.7
ATR_TRAIL2,ANY,SHORT,sym_oi,down,TRAIN,16505,89.7,0.316,-0.0558,0.99929,-40957.8,-222.6,0.764,-41150.5,1.385,-0.04,-0.299,127.4,0.286,25.7
ATR_TRAIL2,ANY,SHORT,sym_oi,down,VALID,7153,80.37,0.304,-0.0982,1.0,-23790.8,-267.31,0.687,-28435.0,1.402,-0.07,-0.297,127.1,0.355,28.53
ATR_TRAIL2,ANY,SHORT,sym_oi,down,TEST,6655,72.34,0.324,-0.0805,1.0,-20213.3,-219.71,0.721,-21030.7,1.35,-0.06,-0.295,126.4,0.344,24.9
ATR_TRAIL2,ANY,SHORT,sym_oi,down,HOLDOUT,4690,78.17,0.312,-0.1014,1.0,-17223.3,-287.05,0.66,-18304.8,1.195,-0.085,-0.303,124.4,0.351,27.45
ATR_TRAIL3,ANY,SHORT,sym_oi,down,TRAIN,16505,89.7,0.319,-0.0515,0.97097,-38682.1,-210.23,0.836,-48961.6,1.385,-0.037,-0.413,258.5,0.17,15.23
ATR_TRAIL3,ANY,SHORT,sym_oi,down,VALID,7153,80.37,0.324,-0.1057,1.0,-28634.6,-321.74,0.714,-32955.4,1.402,-0.075,-0.408,261.6,0.205,16.44
ATR_TRAIL3,ANY,SHORT,sym_oi,down,TEST,6655,72.34,0.33,-0.0968,0.99998,-25722.5,-279.59,0.735,-26677.0,1.35,-0.072,-0.407,254.9,0.204,14.74
ATR_TRAIL3,ANY,SHORT,sym_oi,down,HOLDOUT,4690,78.17,0.309,-0.1433,1.0,-24458.3,-407.64,0.635,-25474.5,1.195,-0.12,-0.41,249.7,0.209,16.35
ATR_TRAIL4,ANY,SHORT,sym_oi,down,TRAIN,16505,89.7,0.336,-0.0486,0.94647,-44060.5,-239.46,0.847,-53945.1,1.385,-0.035,-0.513,422.4,0.113,10.17
ATR_TRAIL4,ANY,SHORT,sym_oi,down,VALID,7153,80.37,0.335,-0.1,0.99999,-34618.4,-388.97,0.719,-34725.8,1.402,-0.071,-0.515,429.9,0.142,11.45
ATR_TRAIL4,ANY,SHORT,sym_oi,down,TEST,6655,72.34,0.318,-0.1281,0.99987,-34997.3,-380.41,0.713,-35671.1,1.35,-0.095,-0.513,397.8,0.15,10.87
ATR_TRAIL4,ANY,SHORT,sym_oi,down,HOLDOUT,4690,78.17,0.317,-0.1514,1.0,-26515.4,-441.92,0.672,-29132.3,1.195,-0.127,-0.509,407.1,0.143,11.15
MFE_LOCK0.3,ANY,SHORT,sym_oi,down,TRAIN,16505,89.7,0.498,-0.0559,0.97495,-47006.0,-255.47,0.881,-52256.4,1.385,-0.04,-0.748,621.4,0.089,7.96
MFE_LOCK0.3,ANY,SHORT,sym_oi,down,VALID,7153,80.37,0.506,-0.0827,0.98522,-29191.3,-327.99,0.836,-42491.6,1.402,-0.059,-0.747,588.4,0.102,8.24
MFE_LOCK0.3,ANY,SHORT,sym_oi,down,TEST,6655,72.34,0.506,-0.068,0.9653,-8293.2,-90.14,0.947,-24279.2,1.35,-0.05,-0.73,601.4,0.109,7.86
MFE_LOCK0.3,ANY,SHORT,sym_oi,down,HOLDOUT,4690,78.17,0.494,-0.105,0.99572,-12311.0,-205.18,0.893,-18299.3,1.195,-0.088,-0.753,628.8,0.099,7.77
MFE_LOCK0.5,ANY,SHORT,sym_oi,down,TRAIN,16505,89.7,0.498,-0.063,0.98494,-55126.1,-299.6,0.861,-60541.6,1.385,-0.045,-0.749,692.6,0.077,6.9
MFE_LOCK0.5,ANY,SHORT,sym_oi,down,VALID,7153,80.37,0.506,-0.1037,0.99756,-36234.6,-407.13,0.797,-44578.3,1.402,-0.074,-0.748,661.3,0.094,7.57
MFE_LOCK0.5,ANY,SHORT,sym_oi,down,TEST,6655,72.34,0.504,-0.0973,0.99524,-15652.6,-170.14,0.901,-27367.3,1.35,-0.072,-0.73,670.4,0.096,6.91
MFE_LOCK0.5,ANY,SHORT,sym_oi,down,HOLDOUT,4690,78.17,0.492,-0.1584,0.99998,-21526.6,-358.78,0.813,-26941.4,1.195,-0.133,-0.755,680.9,0.089,6.93
NOTP_TRAIL0.5,ANY,SHORT,sym_oi,down,TRAIN,16505,89.7,0.315,-0.0658,0.99998,-49950.3,-271.47,0.735,-50723.8,1.385,-0.048,-0.313,163.7,0.24,21.55
NOTP_TRAIL0.5,ANY,SHORT,sym_oi,down,VALID,7153,80.37,0.305,-0.0979,1.0,-25697.3,-288.73,0.696,-31417.4,1.402,-0.07,-0.317,163.5,0.295,23.74
NOTP_TRAIL0.5,ANY,SHORT,sym_oi,down,TEST,6655,72.34,0.325,-0.0746,1.0,-22026.4,-239.42,0.717,-22439.0,1.35,-0.055,-0.307,157.7,0.287,20.73
NOTP_TRAIL0.5,ANY,SHORT,sym_oi,down,HOLDOUT,4690,78.17,0.313,-0.1023,1.0,-18700.0,-311.67,0.661,-20503.5,1.195,-0.086,-0.317,167.2,0.274,21.43
NOTP_TRAIL1,ANY,SHORT,sym_oi,down,TRAIN,16505,89.7,0.354,-0.0605,0.9876,-48163.0,-261.76,0.853,-56032.2,1.385,-0.044,-0.577,562.2,0.091,8.12
NOTP_TRAIL1,ANY,SHORT,sym_oi,down,VALID,7153,80.37,0.361,-0.1059,0.99957,-37766.5,-424.34,0.748,-43503.0,1.402,-0.076,-0.584,552.8,0.108,8.69
NOTP_TRAIL1,ANY,SHORT,sym_oi,down,TEST,6655,72.34,0.342,-0.1214,0.99975,-32244.9,-350.49,0.771,-33034.9,1.35,-0.09,-0.566,521.7,0.116,8.39
NOTP_TRAIL1,ANY,SHORT,sym_oi,down,HOLDOUT,4690,78.17,0.34,-0.1548,1.0,-24110.4,-401.84,0.744,-27777.6,1.195,-0.13,-0.576,561.6,0.101,7.93
NOTP_TRAIL1.5,ANY,SHORT,sym_oi,down,TRAIN,16505,89.7,0.381,-0.0586,0.95313,-55267.3,-300.37,0.865,-62855.1,1.385,-0.042,-0.743,825.1,0.066,5.9
NOTP_TRAIL1.5,ANY,SHORT,sym_oi,down,VALID,7153,80.37,0.365,-0.1268,0.99956,-50255.3,-564.67,0.731,-51193.1,1.402,-0.09,-0.746,792.1,0.079,6.31
NOTP_TRAIL1.5,ANY,SHORT,sym_oi,down,TEST,6655,72.34,0.391,-0.0874,0.97667,-12218.1,-132.81,0.927,-29833.3,1.35,-0.065,-0.725,814.4,0.082,5.95
NOTP_TRAIL1.5,ANY,SHORT,sym_oi,down,HOLDOUT,4690,78.17,0.329,-0.2074,1.0,-32852.0,-547.53,0.732,-37942.5,1.195,-0.174,-0.746,811.8,0.078,6.12
TIME15m,ANY,SHORT,sym_oi,down,TRAIN,16505,89.7,0.418,-0.0321,1.0,-21264.5,-115.57,0.69,-21410.0,1.385,-0.023,-0.151,15.0,0.774,69.47
TIME15m,ANY,SHORT,sym_oi,down,VALID,7153,80.37,0.395,-0.04,1.0,-9778.4,-109.87,0.68,-10606.9,1.402,-0.029,-0.143,15.0,0.854,68.65
TIME15m,ANY,SHORT,sym_oi,down,TEST,6655,72.34,0.409,-0.0338,1.0,-7818.1,-84.98,0.735,-8464.9,1.35,-0.025,-0.144,15.0,0.814,58.9
TIME15m,ANY,SHORT,sym_oi,down,HOLDOUT,4690,78.17,0.417,-0.0312,1.0,-5793.3,-96.55,0.694,-6107.3,1.195,-0.026,-0.141,15.0,0.814,63.62
TIME30m,ANY,SHORT,sym_oi,down,TRAIN,16505,89.7,0.432,-0.0354,1.0,-25765.4,-140.03,0.724,-25846.8,1.385,-0.026,-0.21,29.8,0.661,59.33
TIME30m,ANY,SHORT,sym_oi,down,VALID,7153,80.37,0.423,-0.0405,1.0,-11142.0,-125.19,0.731,-13343.7,1.402,-0.029,-0.204,29.9,0.764,61.42
TIME30m,ANY,SHORT,sym_oi,down,TEST,6655,72.34,0.423,-0.0358,1.0,-8798.5,-95.64,0.777,-9687.1,1.35,-0.026,-0.203,29.9,0.722,52.24
TIME30m,ANY,SHORT,sym_oi,down,HOLDOUT,4690,78.17,0.425,-0.0435,1.0,-7843.1,-130.72,0.707,-8130.8,1.195,-0.036,-0.203,29.9,0.72,56.27
TIME1h,ANY,SHORT,sym_oi,down,TRAIN,16505,89.7,0.439,-0.0389,0.99999,-30107.5,-163.63,0.76,-30204.3,1.385,-0.028,-0.291,59.0,0.528,47.36
TIME1h,ANY,SHORT,sym_oi,down,VALID,7153,80.37,0.436,-0.0437,0.99999,-12294.6,-138.14,0.778,-16267.5,1.402,-0.031,-0.284,59.2,0.625,50.21
TIME1h,ANY,SHORT,sym_oi,down,TEST,6655,72.34,0.439,-0.0417,1.0,-11868.9,-129.01,0.78,-12170.5,1.35,-0.031,-0.283,59.3,0.602,43.52
TIME1h,ANY,SHORT,sym_oi,down,HOLDOUT,4690,78.17,0.44,-0.0463,0.99993,-8055.3,-134.26,0.777,-9009.5,1.195,-0.039,-0.286,59.2,0.597,46.65
TIME2h,ANY,SHORT,sym_oi,down,TRAIN,16505,89.7,0.448,-0.0381,0.99461,-33221.4,-180.55,0.804,-34001.6,1.385,-0.027,-0.395,115.2,0.338,30.33
TIME2h,ANY,SHORT,sym_oi,down,VALID,7153,80.37,0.454,-0.0405,0.99722,-12546.9,-140.98,0.827,-18240.2,1.402,-0.029,-0.387,115.7,0.404,32.44
TIME2h,ANY,SHORT,sym_oi,down,TEST,6655,72.34,0.449,-0.065,0.99981,-17668.4,-192.05,0.769,-18489.6,1.35,-0.048,-0.399,115.4,0.395,28.58
TIME2h,ANY,SHORT,sym_oi,down,HOLDOUT,4690,78.17,0.458,-0.0586,0.99944,-10309.6,-171.83,0.79,-12230.8,1.195,-0.049,-0.393,115.7,0.392,30.63
TIME4h,ANY,SHORT,sym_oi,down,TRAIN,16505,89.7,0.464,-0.0379,0.96312,-35992.6,-195.61,0.841,-38054.0,1.385,-0.027,-0.516,217.0,0.216,19.37
TIME4h,ANY,SHORT,sym_oi,down,VALID,7153,80.37,0.462,-0.0396,0.94086,-10777.7,-121.1,0.889,-22266.3,1.402,-0.028,-0.511,218.6,0.254,20.43
TIME4h,ANY,SHORT,sym_oi,down,TEST,6655,72.34,0.45,-0.0736,0.99586,-18512.9,-201.23,0.817,-20264.2,1.35,-0.055,-0.526,215.5,0.259,18.74
TIME4h,ANY,SHORT,sym_oi,down,HOLDOUT,4690,78.17,0.471,-0.0649,0.99187,-10198.2,-169.97,0.846,-12715.7,1.195,-0.054,-0.518,219.0,0.251,19.58
SIG_OFF,ANY,SHORT,sym_oi,down,TRAIN,16505,89.7,0.408,-0.0229,0.92253,-12691.5,-68.98,0.847,-17210.2,1.385,-0.017,-0.179,47.0,0.521,46.71
SIG_OFF,ANY,SHORT,sym_oi,down,VALID,7153,80.37,0.383,-0.0397,1.0,-10304.4,-115.78,0.716,-11205.3,1.402,-0.028,-0.169,47.0,0.618,49.69
SIG_OFF,ANY,SHORT,sym_oi,down,TEST,6655,72.34,0.399,-0.0314,0.99947,-6770.6,-73.59,0.809,-7252.5,1.35,-0.023,-0.169,48.5,0.578,41.78
SIG_OFF,ANY,SHORT,sym_oi,down,HOLDOUT,4690,78.17,0.402,-0.0459,1.0,-8679.8,-144.66,0.656,-9037.8,1.195,-0.038,-0.177,48.6,0.567,44.35
MOM_OFF,ANY,SHORT,sym_oi,down,TRAIN,16505,89.7,0.326,-0.0341,0.99618,-24815.9,-134.87,0.774,-25153.5,1.385,-0.025,-0.217,52.4,0.524,47.04
MOM_OFF,ANY,SHORT,sym_oi,down,VALID,7153,80.37,0.322,-0.0513,1.0,-16053.4,-180.38,0.676,-17252.7,1.402,-0.037,-0.21,53.3,0.606,48.67
MOM_OFF,ANY,SHORT,sym_oi,down,TEST,6655,72.34,0.321,-0.05,1.0,-13393.4,-145.58,0.718,-13923.6,1.35,-0.037,-0.212,53.4,0.573,41.45
MOM_OFF,ANY,SHORT,sym_oi,down,HOLDOUT,4690,78.17,0.324,-0.0545,1.0,-9849.3,-164.15,0.694,-10748.0,1.195,-0.046,-0.21,52.0,0.587,45.9
FIXED,SWEEP_RECLAIM,LONG,ALL,ALL,TRAIN,32194,174.97,0.438,-0.0529,0.93035,-16510.1,-89.73,0.971,-44589.6,1.488,-0.036,-0.831,734.6,0.043,7.45
FIXED,SWEEP_RECLAIM,LONG,ALL,ALL,VALID,16145,181.4,0.432,-0.053,0.86007,-21759.4,-244.49,0.923,-53804.8,1.644,-0.032,-0.805,710.7,0.046,8.4
FIXED,SWEEP_RECLAIM,LONG,ALL,ALL,TEST,14941,162.4,0.436,-0.064,0.94275,-23645.9,-257.02,0.905,-36082.2,1.531,-0.042,-0.818,698.9,0.05,8.17
FIXED,SWEEP_RECLAIM,LONG,ALL,ALL,HOLDOUT,8573,142.88,0.448,-0.0381,0.79389,-10298.9,-171.65,0.929,-23618.4,1.699,-0.022,-0.827,721.3,0.056,7.98
TRAIL_A0.5_D0.5,SWEEP_RECLAIM,LONG,ALL,ALL,TRAIN,32194,174.97,0.56,-0.0703,0.99792,-41672.7,-226.48,0.887,-50241.7,1.488,-0.047,-0.623,428.9,0.075,13.08
TRAIL_A0.5_D0.5,SWEEP_RECLAIM,LONG,ALL,ALL,VALID,16145,181.4,0.524,-0.1206,0.99985,-52359.2,-588.31,0.734,-65375.0,1.644,-0.073,-0.606,385.7,0.079,14.3
TRAIL_A0.5_D0.5,SWEEP_RECLAIM,LONG,ALL,ALL,TEST,14941,162.4,0.55,-0.0744,0.99415,-19629.2,-213.36,0.877,-25770.9,1.531,-0.049,-0.6,366.6,0.089,14.52
TRAIL_A0.5_D0.5,SWEEP_RECLAIM,LONG,ALL,ALL,HOLDOUT,8573,142.88,0.545,-0.0717,0.99389,-12537.8,-208.96,0.864,-15398.0,1.699,-0.042,-0.599,385.0,0.096,13.73
TRAIL_A0.5_D1,SWEEP_RECLAIM,LONG,ALL,ALL,TRAIN,32194,174.97,0.405,-0.0408,0.90819,-9263.8,-50.35,0.98,-32913.4,1.488,-0.027,-0.671,589.9,0.056,9.83
TRAIL_A0.5_D1,SWEEP_RECLAIM,LONG,ALL,ALL,VALID,16145,181.4,0.377,-0.0943,0.9901,-39061.8,-438.9,0.833,-53338.4,1.644,-0.057,-0.655,540.5,0.06,10.89
TRAIL_A0.5_D1,SWEEP_RECLAIM,LONG,ALL,ALL,TEST,14941,162.4,0.386,-0.0722,0.97907,-26056.7,-283.22,0.868,-35099.2,1.531,-0.047,-0.649,523.1,0.068,10.99
TRAIL_A0.5_D1,SWEEP_RECLAIM,LONG,ALL,ALL,HOLDOUT,8573,142.88,0.38,-0.0776,0.98536,-18786.3,-313.11,0.839,-21875.5,1.699,-0.046,-0.654,537.5,0.076,10.8
TRAIL_A1_D0.5,SWEEP_RECLAIM,LONG,ALL,ALL,TRAIN,32194,174.97,0.513,-0.0507,0.94575,-18679.3,-101.52,0.964,-44167.9,1.488,-0.034,-0.769,619.1,0.05,8.8
TRAIL_A1_D0.5,SWEEP_RECLAIM,LONG,ALL,ALL,VALID,16145,181.4,0.497,-0.0855,0.97648,-35440.6,-398.21,0.864,-57870.8,1.644,-0.052,-0.752,581.9,0.058,10.44
TRAIL_A1_D0.5,SWEEP_RECLAIM,LONG,ALL,ALL,TEST,14941,162.4,0.512,-0.0697,0.97237,-23897.8,-259.76,0.893,-33619.0,1.531,-0.046,-0.752,561.3,0.06,9.8
TRAIL_A1_D0.5,SWEEP_RECLAIM,LONG,ALL,ALL,HOLDOUT,8573,142.88,0.515,-0.0684,0.96112,-14981.8,-249.7,0.886,-22400.0,1.699,-0.04,-0.764,588.1,0.066,9.38
TRAIL_A1_D1,SWEEP_RECLAIM,LONG,ALL,ALL,TRAIN,32194,174.97,0.477,-0.0387,0.87358,-6191.2,-33.65,0.988,-38785.3,1.488,-0.026,-0.77,674.9,0.048,8.33
TRAIL_A1_D1,SWEEP_RECLAIM,LONG,ALL,ALL,VALID,16145,181.4,0.457,-0.0776,0.95788,-31937.9,-358.85,0.877,-56678.9,1.644,-0.047,-0.753,635.1,0.053,9.66
TRAIL_A1_D1,SWEEP_RECLAIM,LONG,ALL,ALL,TEST,14941,162.4,0.465,-0.0715,0.96879,-26770.2,-290.98,0.881,-37310.1,1.531,-0.047,-0.754,619.2,0.057,9.18
TRAIL_A1_D1,SWEEP_RECLAIM,LONG,ALL,ALL,HOLDOUT,8573,142.88,0.466,-0.0657,0.9443,-14765.6,-246.09,0.889,-23991.6,1.699,-0.039,-0.766,642.6,0.062,8.82
BE0.5_TRAIL,SWEEP_RECLAIM,LONG,ALL,ALL,TRAIN,32194,174.97,0.345,-0.0633,0.99083,-30058.9,-163.36,0.921,-40743.3,1.488,-0.043,-0.626,518.6,0.066,11.55
BE0.5_TRAIL,SWEEP_RECLAIM,LONG,ALL,ALL,VALID,16145,181.4,0.324,-0.1193,0.99959,-48822.9,-548.57,0.758,-58089.7,1.644,-0.073,-0.609,465.9,0.067,12.21
BE0.5_TRAIL,SWEEP_RECLAIM,LONG,ALL,ALL,TEST,14941,162.4,0.338,-0.0998,0.99951,-32031.2,-348.17,0.806,-38383.5,1.531,-0.065,-0.603,449.3,0.077,12.58
BE0.5_TRAIL,SWEEP_RECLAIM,LONG,ALL,ALL,HOLDOUT,8573,142.88,0.331,-0.084,0.99698,-13526.0,-225.43,0.858,-17682.9,1.699,-0.049,-0.603,458.8,0.086,12.23
BE1_TRAIL,SWEEP_RECLAIM,LONG,ALL,ALL,TRAIN,32194,174.97,0.389,-0.0444,0.89429,-5379.5,-29.24,0.99,-37035.5,1.488,-0.03,-0.772,732.2,0.044,7.77
BE1_TRAIL,SWEEP_RECLAIM,LONG,ALL,ALL,VALID,16145,181.4,0.368,-0.0837,0.96513,-33041.2,-371.25,0.874,-60840.5,1.644,-0.051,-0.755,695.2,0.047,8.58
BE1_TRAIL,SWEEP_RECLAIM,LONG,ALL,ALL,TEST,14941,162.4,0.368,-0.1068,0.99746,-38438.1,-417.81,0.831,-48845.2,1.531,-0.07,-0.756,677.1,0.054,8.8
BE1_TRAIL,SWEEP_RECLAIM,LONG,ALL,ALL,HOLDOUT,8573,142.88,0.373,-0.0747,0.95579,-14394.1,-239.9,0.892,-24599.6,1.699,-0.044,-0.769,699.0,0.059,8.42
ATR_TRAIL2,SWEEP_RECLAIM,LONG,ALL,ALL,TRAIN,32194,174.97,0.303,-0.1036,1.0,-76846.2,-417.64,0.695,-77026.2,1.488,-0.07,-0.323,135.8,0.187,32.7
ATR_TRAIL2,SWEEP_RECLAIM,LONG,ALL,ALL,VALID,16145,181.4,0.306,-0.1215,1.0,-44473.0,-499.7,0.631,-51206.5,1.644,-0.074,-0.315,130.4,0.203,36.76
ATR_TRAIL2,SWEEP_RECLAIM,LONG,ALL,ALL,TEST,14941,162.4,0.333,-0.0903,1.0,-24479.6,-266.08,0.763,-25073.1,1.531,-0.059,-0.325,137.4,0.217,35.32
ATR_TRAIL2,SWEEP_RECLAIM,LONG,ALL,ALL,HOLDOUT,8573,142.88,0.321,-0.1117,1.0,-18646.9,-310.78,0.696,-19361.4,1.699,-0.066,-0.328,135.3,0.247,35.3
ATR_TRAIL3,SWEEP_RECLAIM,LONG,ALL,ALL,TRAIN,32194,174.97,0.329,-0.1006,1.0,-68512.7,-372.35,0.79,-70700.6,1.488,-0.068,-0.441,269.6,0.11,19.3
ATR_TRAIL3,SWEEP_RECLAIM,LONG,ALL,ALL,VALID,16145,181.4,0.327,-0.1224,1.0,-48551.6,-545.52,0.694,-53588.4,1.644,-0.074,-0.426,258.8,0.114,20.71
ATR_TRAIL3,SWEEP_RECLAIM,LONG,ALL,ALL,TEST,14941,162.4,0.36,-0.0921,0.99988,-25886.4,-281.37,0.805,-28104.5,1.531,-0.06,-0.437,260.0,0.131,21.3
ATR_TRAIL3,SWEEP_RECLAIM,LONG,ALL,ALL,HOLDOUT,8573,142.88,0.34,-0.1113,1.0,-19661.1,-327.68,0.749,-19892.1,1.699,-0.065,-0.442,261.6,0.141,20.1
ATR_TRAIL4,SWEEP_RECLAIM,LONG,ALL,ALL,TRAIN,32194,174.97,0.348,-0.0889,0.99942,-52638.0,-286.08,0.864,-56571.3,1.488,-0.06,-0.551,428.0,0.076,13.27
ATR_TRAIL4,SWEEP_RECLAIM,LONG,ALL,ALL,VALID,16145,181.4,0.345,-0.1006,0.99852,-40745.7,-457.82,0.788,-47316.1,1.644,-0.061,-0.531,413.9,0.073,13.25
ATR_TRAIL4,SWEEP_RECLAIM,LONG,ALL,ALL,TEST,14941,162.4,0.361,-0.0929,0.99716,-31053.7,-337.54,0.809,-36952.2,1.531,-0.061,-0.536,405.3,0.084,13.63
ATR_TRAIL4,SWEEP_RECLAIM,LONG,ALL,ALL,HOLDOUT,8573,142.88,0.344,-0.097,0.99793,-17384.6,-289.74,0.818,-22028.0,1.699,-0.057,-0.542,408.5,0.093,13.33
MFE_LOCK0.3,SWEEP_RECLAIM,LONG,ALL,ALL,TRAIN,32194,174.97,0.513,-0.0506,0.94814,-11728.6,-63.74,0.977,-36409.9,1.488,-0.034,-0.769,613.0,0.051,9.0
MFE_LOCK0.3,SWEEP_RECLAIM,LONG,ALL,ALL,VALID,16145,181.4,0.497,-0.0907,0.98387,-37934.6,-426.23,0.854,-60975.3,1.644,-0.055,-0.752,579.9,0.056,10.21
MFE_LOCK0.3,SWEEP_RECLAIM,LONG,ALL,ALL,TEST,14941,162.4,0.512,-0.0788,0.98653,-27180.6,-295.44,0.878,-35991.0,1.531,-0.051,-0.752,556.2,0.062,10.01
MFE_LOCK0.3,SWEEP_RECLAIM,LONG,ALL,ALL,HOLDOUT,8573,142.88,0.516,-0.0598,0.93859,-8950.3,-149.17,0.932,-20439.5,1.699,-0.035,-0.764,585.2,0.068,9.68
MFE_LOCK0.5,SWEEP_RECLAIM,LONG,ALL,ALL,TRAIN,32194,174.97,0.513,-0.0566,0.95845,-19995.8,-108.67,0.961,-38434.0,1.488,-0.038,-0.769,691.3,0.046,8.1
MFE_LOCK0.5,SWEEP_RECLAIM,LONG,ALL,ALL,VALID,16145,181.4,0.497,-0.0961,0.98654,-40897.3,-459.52,0.843,-64638.6,1.644,-0.058,-0.752,651.9,0.05,9.04
MFE_LOCK0.5,SWEEP_RECLAIM,LONG,ALL,ALL,TEST,14941,162.4,0.512,-0.0922,0.98652,-34266.1,-372.46,0.847,-42816.8,1.531,-0.06,-0.752,631.3,0.057,9.23
MFE_LOCK0.5,SWEEP_RECLAIM,LONG,ALL,ALL,HOLDOUT,8573,142.88,0.514,-0.0578,0.90716,-6702.7,-111.71,0.949,-23112.6,1.699,-0.034,-0.764,656.3,0.059,8.4
NOTP_TRAIL0.5,SWEEP_RECLAIM,LONG,ALL,ALL,TRAIN,32194,174.97,0.293,-0.1065,1.0,-83799.4,-455.43,0.683,-84426.6,1.488,-0.072,-0.331,170.4,0.169,29.6
NOTP_TRAIL0.5,SWEEP_RECLAIM,LONG,ALL,ALL,VALID,16145,181.4,0.294,-0.117,1.0,-42041.7,-472.38,0.663,-48359.7,1.644,-0.071,-0.323,157.4,0.183,33.11
NOTP_TRAIL0.5,SWEEP_RECLAIM,LONG,ALL,ALL,TEST,14941,162.4,0.313,-0.097,1.0,-28281.7,-307.41,0.739,-29066.1,1.531,-0.063,-0.33,159.4,0.2,32.48
NOTP_TRAIL0.5,SWEEP_RECLAIM,LONG,ALL,ALL,HOLDOUT,8573,142.88,0.31,-0.1059,1.0,-17397.9,-289.97,0.731,-17930.5,1.699,-0.062,-0.335,164.3,0.213,30.42
NOTP_TRAIL1,SWEEP_RECLAIM,LONG,ALL,ALL,TRAIN,32194,174.97,0.365,-0.0663,0.98856,-32941.3,-179.03,0.924,-42662.8,1.488,-0.045,-0.605,575.9,0.06,10.5
NOTP_TRAIL1,SWEEP_RECLAIM,LONG,ALL,ALL,VALID,16145,181.4,0.341,-0.1138,0.99906,-45595.6,-512.31,0.793,-54396.5,1.644,-0.069,-0.584,524.8,0.061,11.1
NOTP_TRAIL1,SWEEP_RECLAIM,LONG,ALL,ALL,TEST,14941,162.4,0.355,-0.1043,0.99888,-38296.8,-416.27,0.795,-46460.3,1.531,-0.068,-0.58,515.6,0.071,11.48
NOTP_TRAIL1,SWEEP_RECLAIM,LONG,ALL,ALL,HOLDOUT,8573,142.88,0.348,-0.1035,0.99899,-19613.8,-326.9,0.823,-22257.8,1.699,-0.061,-0.591,526.6,0.077,11.05
NOTP_TRAIL1.5,SWEEP_RECLAIM,LONG,ALL,ALL,TRAIN,32194,174.97,0.384,-0.0633,0.95561,-23110.2,-125.6,0.957,-48920.4,1.488,-0.043,-0.762,809.0,0.041,7.13
NOTP_TRAIL1.5,SWEEP_RECLAIM,LONG,ALL,ALL,VALID,16145,181.4,0.372,-0.064,0.90238,-30570.1,-343.48,0.887,-63155.8,1.644,-0.039,-0.746,793.2,0.043,7.72
NOTP_TRAIL1.5,SWEEP_RECLAIM,LONG,ALL,ALL,TEST,14941,162.4,0.368,-0.1041,0.9869,-38587.0,-419.42,0.836,-49242.7,1.531,-0.068,-0.748,779.3,0.045,7.37
NOTP_TRAIL1.5,SWEEP_RECLAIM,LONG,ALL,ALL,HOLDOUT,8573,142.88,0.372,-0.0508,0.83747,-9157.2,-152.62,0.934,-25181.1,1.699,-0.03,-0.765,793.6,0.051,7.28
TIME15m,SWEEP_RECLAIM,LONG,ALL,ALL,TRAIN,32194,174.97,0.423,-0.0399,1.0,-26464.0,-143.83,0.738,-26952.4,1.488,-0.027,-0.176,14.9,0.438,76.58
TIME15m,SWEEP_RECLAIM,LONG,ALL,ALL,VALID,16145,181.4,0.42,-0.0433,1.0,-15697.6,-176.38,0.675,-17332.1,1.644,-0.026,-0.164,14.9,0.513,92.98
TIME15m,SWEEP_RECLAIM,LONG,ALL,ALL,TEST,14941,162.4,0.417,-0.0488,1.0,-16019.0,-174.12,0.638,-16024.3,1.531,-0.032,-0.179,14.9,0.54,87.62
TIME15m,SWEEP_RECLAIM,LONG,ALL,ALL,HOLDOUT,8573,142.88,0.426,-0.044,1.0,-5877.2,-97.95,0.756,-6684.0,1.699,-0.026,-0.184,14.9,0.601,85.88
TIME30m,SWEEP_RECLAIM,LONG,ALL,ALL,TRAIN,32194,174.97,0.446,-0.0455,1.0,-27844.9,-151.33,0.791,-29406.3,1.488,-0.031,-0.241,29.7,0.338,59.15
TIME30m,SWEEP_RECLAIM,LONG,ALL,ALL,VALID,16145,181.4,0.458,-0.0414,1.0,-11233.7,-126.22,0.813,-14494.4,1.644,-0.025,-0.226,29.7,0.4,72.55
TIME30m,SWEEP_RECLAIM,LONG,ALL,ALL,TEST,14941,162.4,0.466,-0.0416,1.0,-12947.7,-140.74,0.769,-12960.9,1.531,-0.027,-0.247,29.7,0.428,69.53
TIME30m,SWEEP_RECLAIM,LONG,ALL,ALL,HOLDOUT,8573,142.88,0.472,-0.0352,0.99963,-4073.6,-67.89,0.867,-4401.4,1.699,-0.021,-0.248,29.7,0.487,69.58
TIME1h,SWEEP_RECLAIM,LONG,ALL,ALL,TRAIN,32194,174.97,0.468,-0.0509,1.0,-31423.3,-170.78,0.82,-34829.8,1.488,-0.034,-0.326,58.7,0.25,43.78
TIME1h,SWEEP_RECLAIM,LONG,ALL,ALL,VALID,16145,181.4,0.475,-0.0373,0.99846,-7032.5,-79.02,0.909,-14530.8,1.644,-0.023,-0.303,58.8,0.292,52.97
TIME1h,SWEEP_RECLAIM,LONG,ALL,ALL,TEST,14941,162.4,0.503,-0.03,0.98285,-4069.6,-44.24,0.943,-8599.0,1.531,-0.02,-0.329,58.4,0.319,51.74
TIME1h,SWEEP_RECLAIM,LONG,ALL,ALL,HOLDOUT,8573,142.88,0.503,-0.0263,0.98251,-1210.1,-20.17,0.968,-3619.6,1.699,-0.015,-0.324,58.5,0.363,51.8
TIME2h,SWEEP_RECLAIM,LONG,ALL,ALL,TRAIN,32194,174.97,0.48,-0.0514,0.99917,-30172.4,-163.98,0.869,-35560.4,1.488,-0.035,-0.429,113.7,0.167,29.26
TIME2h,SWEEP_RECLAIM,LONG,ALL,ALL,VALID,16145,181.4,0.481,-0.0466,0.98948,-14392.5,-161.71,0.868,-23392.9,1.644,-0.028,-0.404,114.8,0.189,34.29
TIME2h,SWEEP_RECLAIM,LONG,ALL,ALL,TEST,14941,162.4,0.518,-0.0155,0.76499,3483.6,37.87,1.037,-9628.9,1.531,-0.01,-0.425,113.1,0.211,34.28
TIME2h,SWEEP_RECLAIM,LONG,ALL,ALL,HOLDOUT,8573,142.88,0.502,-0.0323,0.95702,-2548.5,-42.48,0.951,-3817.1,1.699,-0.019,-0.423,113.6,0.237,33.88
TIME4h,SWEEP_RECLAIM,LONG,ALL,ALL,TRAIN,32194,174.97,0.475,-0.053,0.98635,-28284.4,-153.72,0.907,-35602.0,1.488,-0.036,-0.546,212.3,0.111,19.38
TIME4h,SWEEP_RECLAIM,LONG,ALL,ALL,VALID,16145,181.4,0.482,-0.0608,0.98409,-21450.8,-241.02,0.856,-31984.2,1.644,-0.037,-0.521,215.6,0.12,21.73
TIME4h,SWEEP_RECLAIM,LONG,ALL,ALL,TEST,14941,162.4,0.519,-0.006,0.579,5917.7,64.32,1.047,-15472.5,1.531,-0.004,-0.538,210.9,0.135,21.97
TIME4h,SWEEP_RECLAIM,LONG,ALL,ALL,HOLDOUT,8573,142.88,0.491,-0.0448,0.94426,-5080.4,-84.67,0.931,-7743.7,1.699,-0.026,-0.547,213.8,0.153,21.83
SIG_OFF,SWEEP_RECLAIM,LONG,ALL,ALL,TRAIN,32194,174.97,0.43,-0.038,1.0,-20118.4,-109.34,0.802,-21044.3,1.488,-0.026,-0.18,15.5,0.434,75.86
SIG_OFF,SWEEP_RECLAIM,LONG,ALL,ALL,VALID,16145,181.4,0.426,-0.0423,1.0,-14991.4,-168.44,0.69,-16944.3,1.644,-0.026,-0.166,15.3,0.508,92.22
SIG_OFF,SWEEP_RECLAIM,LONG,ALL,ALL,TEST,14941,162.4,0.424,-0.0495,1.0,-15825.6,-172.02,0.643,-15838.2,1.531,-0.032,-0.182,15.3,0.535,86.87
SIG_OFF,SWEEP_RECLAIM,LONG,ALL,ALL,HOLDOUT,8573,142.88,0.431,-0.0434,1.0,-5885.9,-98.1,0.757,-6772.7,1.699,-0.026,-0.187,15.3,0.597,85.27
MOM_OFF,SWEEP_RECLAIM,LONG,ALL,ALL,TRAIN,32194,174.97,0.401,-0.0394,1.0,-19762.6,-107.41,0.812,-23193.9,1.488,-0.026,-0.18,20.1,0.427,74.77
MOM_OFF,SWEEP_RECLAIM,LONG,ALL,ALL,VALID,16145,181.4,0.4,-0.044,1.0,-16072.7,-180.59,0.677,-17575.4,1.644,-0.027,-0.167,19.4,0.494,89.66
MOM_OFF,SWEEP_RECLAIM,LONG,ALL,ALL,TEST,14941,162.4,0.402,-0.0481,1.0,-15304.6,-166.35,0.662,-15316.3,1.531,-0.031,-0.182,19.8,0.526,85.35
MOM_OFF,SWEEP_RECLAIM,LONG,ALL,ALL,HOLDOUT,8573,142.88,0.406,-0.0457,1.0,-7455.2,-124.25,0.704,-7595.7,1.699,-0.027,-0.188,19.3,0.581,83.0
FIXED,OI_BUILD_BRK,LONG,ALL,ALL,TRAIN,13878,75.42,0.41,-0.0501,0.97704,-13245.2,-71.98,0.968,-35151.7,1.7,-0.029,-0.772,701.0,0.11,8.3
FIXED,OI_BUILD_BRK,LONG,ALL,ALL,VALID,6981,78.44,0.416,-0.0346,0.86297,-16259.5,-182.69,0.924,-20524.8,1.778,-0.019,-0.774,676.7,0.108,8.48
FIXED,OI_BUILD_BRK,LONG,ALL,ALL,TEST,6969,75.75,0.394,-0.0917,0.99962,-14252.7,-154.92,0.933,-28421.4,1.612,-0.057,-0.805,685.4,0.11,8.32
FIXED,OI_BUILD_BRK,LONG,ALL,ALL,HOLDOUT,5871,97.85,0.468,0.1024,0.00607,33583.2,559.72,1.195,-15510.8,2.122,0.048,-0.81,634.3,0.095,9.27
TRAIL_A0.5_D0.5,OI_BUILD_BRK,LONG,ALL,ALL,TRAIN,13878,75.42,0.572,-0.061,0.99992,-23989.9,-130.38,0.912,-31745.6,1.7,-0.036,-0.59,390.0,0.192,14.46
TRAIL_A0.5_D0.5,OI_BUILD_BRK,LONG,ALL,ALL,VALID,6981,78.44,0.59,-0.0407,0.97223,-15571.4,-174.96,0.885,-17181.4,1.778,-0.023,-0.575,353.6,0.193,15.1
TRAIL_A0.5_D0.5,OI_BUILD_BRK,LONG,ALL,ALL,TEST,6969,75.75,0.565,-0.0868,1.0,-18964.3,-206.13,0.862,-25993.6,1.612,-0.054,-0.612,375.2,0.191,14.46
TRAIL_A0.5_D0.5,OI_BUILD_BRK,LONG,ALL,ALL,HOLDOUT,5871,97.85,0.605,0.0095,0.33766,6304.5,105.07,1.056,-8504.7,2.122,0.004,-0.603,338.7,0.159,15.55
TRAIL_A0.5_D1,OI_BUILD_BRK,LONG,ALL,ALL,TRAIN,13878,75.42,0.385,-0.0597,0.99812,-22934.9,-124.65,0.931,-33530.8,1.7,-0.035,-0.631,519.6,0.149,11.26
TRAIL_A0.5_D1,OI_BUILD_BRK,LONG,ALL,ALL,VALID,6981,78.44,0.394,-0.0353,0.90546,-18540.1,-208.32,0.888,-19379.5,1.778,-0.02,-0.617,471.8,0.151,11.85
TRAIL_A0.5_D1,OI_BUILD_BRK,LONG,ALL,ALL,TEST,6969,75.75,0.367,-0.0953,0.99999,-16275.5,-176.91,0.903,-26757.5,1.612,-0.059,-0.655,485.5,0.154,11.63
TRAIL_A0.5_D1,OI_BUILD_BRK,LONG,ALL,ALL,HOLDOUT,5871,97.85,0.421,0.0342,0.12487,14130.3,235.5,1.102,-9826.6,2.122,0.016,-0.65,446.7,0.132,12.95
TRAIL_A1_D0.5,OI_BUILD_BRK,LONG,ALL,ALL,TRAIN,13878,75.42,0.482,-0.0556,0.99584,-16667.5,-90.58,0.956,-30636.4,1.7,-0.033,-0.718,582.7,0.131,9.85
TRAIL_A1_D0.5,OI_BUILD_BRK,LONG,ALL,ALL,VALID,6981,78.44,0.496,-0.0382,0.91822,-16910.9,-190.01,0.911,-18011.6,1.778,-0.021,-0.714,550.7,0.128,10.08
TRAIL_A1_D0.5,OI_BUILD_BRK,LONG,ALL,ALL,TEST,6969,75.75,0.469,-0.0968,0.99999,-20127.2,-218.77,0.895,-28694.9,1.612,-0.06,-0.749,565.0,0.134,10.16
TRAIL_A1_D0.5,OI_BUILD_BRK,LONG,ALL,ALL,HOLDOUT,5871,97.85,0.533,0.0597,0.03417,22783.8,379.73,1.147,-11951.0,2.122,0.028,-0.747,519.4,0.108,10.62
TRAIL_A1_D1,OI_BUILD_BRK,LONG,ALL,ALL,TRAIN,13878,75.42,0.458,-0.0556,0.99234,-16722.0,-90.88,0.956,-32139.6,1.7,-0.033,-0.72,622.9,0.123,9.27
TRAIL_A1_D1,OI_BUILD_BRK,LONG,ALL,ALL,VALID,6981,78.44,0.472,-0.0319,0.86169,-15678.0,-176.16,0.917,-17041.3,1.778,-0.018,-0.715,588.1,0.122,9.61
TRAIL_A1_D1,OI_BUILD_BRK,LONG,ALL,ALL,TEST,6969,75.75,0.443,-0.0982,0.99996,-17183.0,-186.77,0.91,-27933.8,1.612,-0.061,-0.751,600.6,0.124,9.39
TRAIL_A1_D1,OI_BUILD_BRK,LONG,ALL,ALL,HOLDOUT,5871,97.85,0.512,0.0706,0.02337,25013.4,416.89,1.161,-12442.0,2.122,0.033,-0.751,554.2,0.103,10.08
BE0.5_TRAIL,OI_BUILD_BRK,LONG,ALL,ALL,TRAIN,13878,75.42,0.336,-0.0576,0.99898,-19038.1,-103.47,0.932,-35107.2,1.7,-0.034,-0.595,447.4,0.169,12.73
BE0.5_TRAIL,OI_BUILD_BRK,LONG,ALL,ALL,VALID,6981,78.44,0.34,-0.0354,0.90935,-17408.4,-195.6,0.874,-18425.3,1.778,-0.02,-0.58,405.3,0.174,13.62
BE0.5_TRAIL,OI_BUILD_BRK,LONG,ALL,ALL,TEST,6969,75.75,0.317,-0.0938,1.0,-15910.3,-172.94,0.887,-24885.2,1.612,-0.058,-0.617,421.2,0.173,13.12
BE0.5_TRAIL,OI_BUILD_BRK,LONG,ALL,ALL,HOLDOUT,5871,97.85,0.351,0.016,0.2794,7645.0,127.42,1.066,-8915.4,2.122,0.008,-0.61,386.1,0.149,14.58
BE1_TRAIL,OI_BUILD_BRK,LONG,ALL,ALL,TRAIN,13878,75.42,0.359,-0.0488,0.97779,-10769.3,-58.53,0.972,-35889.2,1.7,-0.029,-0.723,663.6,0.115,8.68
BE1_TRAIL,OI_BUILD_BRK,LONG,ALL,ALL,VALID,6981,78.44,0.363,-0.0315,0.83302,-15868.9,-178.3,0.917,-20063.6,1.778,-0.018,-0.717,628.9,0.116,9.08
BE1_TRAIL,OI_BUILD_BRK,LONG,ALL,ALL,TEST,6969,75.75,0.333,-0.1013,0.99995,-14518.7,-157.81,0.925,-28333.0,1.612,-0.063,-0.754,638.5,0.116,8.76
BE1_TRAIL,OI_BUILD_BRK,LONG,ALL,ALL,HOLDOUT,5871,97.85,0.401,0.0851,0.01773,32435.8,540.6,1.208,-11309.3,2.122,0.04,-0.757,596.5,0.1,9.8
ATR_TRAIL2,OI_BUILD_BRK,LONG,ALL,ALL,TRAIN,13878,75.42,0.328,-0.0434,0.99868,-19348.2,-105.15,0.888,-25011.9,1.7,-0.026,-0.317,110.3,0.455,34.32
ATR_TRAIL2,OI_BUILD_BRK,LONG,ALL,ALL,VALID,6981,78.44,0.331,-0.0396,0.98968,-13651.6,-153.39,0.842,-13966.5,1.778,-0.022,-0.324,99.1,0.461,36.19
ATR_TRAIL2,OI_BUILD_BRK,LONG,ALL,ALL,TEST,6969,75.75,0.288,-0.0873,1.0,-21602.7,-234.81,0.76,-23086.6,1.612,-0.054,-0.332,97.5,0.481,36.47
ATR_TRAIL2,OI_BUILD_BRK,LONG,ALL,ALL,HOLDOUT,5871,97.85,0.327,-0.0299,0.97738,-7437.9,-123.97,0.903,-7900.6,2.122,-0.014,-0.343,95.0,0.408,39.95
ATR_TRAIL3,OI_BUILD_BRK,LONG,ALL,ALL,TRAIN,13878,75.42,0.332,-0.0444,0.99331,-20121.3,-109.36,0.915,-29601.0,1.7,-0.026,-0.43,229.3,0.277,20.88
ATR_TRAIL3,OI_BUILD_BRK,LONG,ALL,ALL,VALID,6981,78.44,0.327,-0.0492,0.97384,-21505.2,-241.63,0.823,-22469.6,1.778,-0.028,-0.439,216.5,0.283,22.17
ATR_TRAIL3,OI_BUILD_BRK,LONG,ALL,ALL,TEST,6969,75.75,0.293,-0.0908,1.0,-17484.1,-190.04,0.86,-20794.8,1.612,-0.056,-0.456,222.7,0.281,21.28
ATR_TRAIL3,OI_BUILD_BRK,LONG,ALL,ALL,HOLDOUT,5871,97.85,0.327,-0.0205,0.79362,-3129.9,-52.16,0.971,-12372.5,2.122,-0.01,-0.468,209.8,0.239,23.42
ATR_TRAIL4,OI_BUILD_BRK,LONG,ALL,ALL,TRAIN,13878,75.42,0.327,-0.0487,0.99157,-18020.9,-97.94,0.938,-28867.7,1.7,-0.029,-0.529,372.8,0.184,13.89
ATR_TRAIL4,OI_BUILD_BRK,LONG,ALL,ALL,VALID,6981,78.44,0.335,-0.0196,0.7482,-14287.4,-160.53,0.903,-15701.4,1.778,-0.011,-0.542,367.2,0.187,14.64
ATR_TRAIL4,OI_BUILD_BRK,LONG,ALL,ALL,TEST,6969,75.75,0.294,-0.0968,0.99999,-14182.7,-154.16,0.909,-20774.7,1.612,-0.06,-0.568,372.2,0.185,14.04
ATR_TRAIL4,OI_BUILD_BRK,LONG,ALL,ALL,HOLDOUT,5871,97.85,0.337,0.0217,0.25462,13220.6,220.34,1.1,-9231.1,2.122,0.01,-0.582,365.4,0.15,14.65
MFE_LOCK0.3,OI_BUILD_BRK,LONG,ALL,ALL,TRAIN,13878,75.42,0.482,-0.0458,0.9847,-9205.1,-50.03,0.975,-29583.4,1.7,-0.027,-0.718,580.4,0.13,9.81
MFE_LOCK0.3,OI_BUILD_BRK,LONG,ALL,ALL,VALID,6981,78.44,0.496,-0.0363,0.9073,-16473.2,-185.09,0.913,-17866.5,1.778,-0.02,-0.714,547.8,0.125,9.82
MFE_LOCK0.3,OI_BUILD_BRK,LONG,ALL,ALL,TEST,6969,75.75,0.469,-0.0872,0.9999,-16758.7,-182.16,0.913,-25619.0,1.612,-0.054,-0.749,562.7,0.133,10.08
MFE_LOCK0.3,OI_BUILD_BRK,LONG,ALL,ALL,HOLDOUT,5871,97.85,0.533,0.065,0.02435,23885.9,398.1,1.154,-9715.3,2.122,0.031,-0.747,518.3,0.113,11.05
MFE_LOCK0.5,OI_BUILD_BRK,LONG,ALL,ALL,TRAIN,13878,75.42,0.482,-0.0546,0.98994,-16510.8,-89.73,0.956,-38228.1,1.7,-0.032,-0.719,628.0,0.119,9.0
MFE_LOCK0.5,OI_BUILD_BRK,LONG,ALL,ALL,VALID,6981,78.44,0.496,-0.0568,0.97564,-26975.4,-303.09,0.858,-27563.8,1.778,-0.032,-0.719,594.1,0.12,9.39
MFE_LOCK0.5,OI_BUILD_BRK,LONG,ALL,ALL,TEST,6969,75.75,0.469,-0.0921,0.99971,-13126.3,-142.68,0.932,-20244.7,1.612,-0.057,-0.75,605.9,0.124,9.37
MFE_LOCK0.5,OI_BUILD_BRK,LONG,ALL,ALL,HOLDOUT,5871,97.85,0.533,0.065,0.03844,23517.0,391.95,1.152,-10190.1,2.122,0.031,-0.75,570.4,0.097,9.53
NOTP_TRAIL0.5,OI_BUILD_BRK,LONG,ALL,ALL,TRAIN,13878,75.42,0.328,-0.0502,0.99999,-25305.3,-137.53,0.855,-26079.3,1.7,-0.03,-0.317,125.5,0.46,34.72
NOTP_TRAIL0.5,OI_BUILD_BRK,LONG,ALL,ALL,VALID,6981,78.44,0.344,-0.038,0.99467,-12342.8,-138.68,0.855,-13021.0,1.778,-0.021,-0.319,103.0,0.47,36.87
NOTP_TRAIL0.5,OI_BUILD_BRK,LONG,ALL,ALL,TEST,6969,75.75,0.301,-0.089,1.0,-23472.4,-255.13,0.737,-24448.0,1.612,-0.055,-0.329,99.4,0.492,37.24
NOTP_TRAIL0.5,OI_BUILD_BRK,LONG,ALL,ALL,HOLDOUT,5871,97.85,0.337,-0.0201,0.912,-3348.7,-55.81,0.955,-7323.0,2.122,-0.009,-0.332,93.1,0.423,41.35
NOTP_TRAIL1,OI_BUILD_BRK,LONG,ALL,ALL,TRAIN,13878,75.42,0.356,-0.0511,0.99261,-18591.9,-101.04,0.94,-36409.9,1.7,-0.03,-0.565,477.5,0.164,12.4
NOTP_TRAIL1,OI_BUILD_BRK,LONG,ALL,ALL,VALID,6981,78.44,0.364,-0.0379,0.91134,-19433.2,-218.35,0.874,-20889.4,1.778,-0.021,-0.557,426.6,0.175,13.75
NOTP_TRAIL1,OI_BUILD_BRK,LONG,ALL,ALL,TEST,6969,75.75,0.334,-0.0987,1.0,-15534.7,-168.86,0.903,-23074.2,1.612,-0.061,-0.587,430.6,0.167,12.66
NOTP_TRAIL1,OI_BUILD_BRK,LONG,ALL,ALL,HOLDOUT,5871,97.85,0.382,0.0203,0.25362,10681.1,178.02,1.081,-9872.7,2.122,0.01,-0.585,394.8,0.14,13.7
NOTP_TRAIL1.5,OI_BUILD_BRK,LONG,ALL,ALL,TRAIN,13878,75.42,0.366,-0.035,0.89936,2395.8,13.02,1.006,-31004.9,1.7,-0.021,-0.715,736.6,0.105,7.95
NOTP_TRAIL1.5,OI_BUILD_BRK,LONG,ALL,ALL,VALID,6981,78.44,0.366,-0.0397,0.87872,-20858.0,-234.36,0.895,-24182.8,1.778,-0.022,-0.711,699.9,0.104,8.16
NOTP_TRAIL1.5,OI_BUILD_BRK,LONG,ALL,ALL,TEST,6969,75.75,0.341,-0.1015,0.99977,-14801.4,-160.89,0.926,-22849.1,1.612,-0.063,-0.744,703.3,0.105,7.98
NOTP_TRAIL1.5,OI_BUILD_BRK,LONG,ALL,ALL,HOLDOUT,5871,97.85,0.406,0.1262,0.00494,52543.9,875.73,1.325,-13565.5,2.122,0.059,-0.76,680.7,0.088,8.58
TIME15m,OI_BUILD_BRK,LONG,ALL,ALL,TRAIN,13878,75.42,0.425,-0.0223,1.0,-12111.1,-65.82,0.85,-12358.9,1.7,-0.013,-0.192,14.9,0.845,63.76
TIME15m,OI_BUILD_BRK,LONG,ALL,ALL,VALID,6981,78.44,0.411,-0.0347,1.0,-10819.8,-121.57,0.75,-11508.0,1.778,-0.019,-0.203,14.9,0.856,67.11
TIME15m,OI_BUILD_BRK,LONG,ALL,ALL,TEST,6969,75.75,0.414,-0.0338,1.0,-10233.3,-111.23,0.75,-10637.0,1.612,-0.021,-0.196,14.9,0.914,69.26
TIME15m,OI_BUILD_BRK,LONG,ALL,ALL,HOLDOUT,5871,97.85,0.428,-0.0235,1.0,-5192.2,-86.54,0.855,-5481.5,2.122,-0.011,-0.199,14.9,0.865,84.62
TIME30m,OI_BUILD_BRK,LONG,ALL,ALL,TRAIN,13878,75.42,0.431,-0.0191,0.99922,-7219.9,-39.24,0.932,-8022.2,1.7,-0.011,-0.256,29.6,0.762,57.46
TIME30m,OI_BUILD_BRK,LONG,ALL,ALL,VALID,6981,78.44,0.437,-0.028,0.99942,-10933.9,-122.85,0.808,-11330.3,1.778,-0.016,-0.269,29.5,0.77,60.4
TIME30m,OI_BUILD_BRK,LONG,ALL,ALL,TEST,6969,75.75,0.414,-0.0408,1.0,-13340.0,-145.0,0.759,-13868.1,1.612,-0.025,-0.265,29.6,0.83,62.84
TIME30m,OI_BUILD_BRK,LONG,ALL,ALL,HOLDOUT,5871,97.85,0.439,-0.021,0.99558,-3360.9,-56.02,0.93,-4568.2,2.122,-0.01,-0.271,29.5,0.745,72.9
TIME1h,OI_BUILD_BRK,LONG,ALL,ALL,TRAIN,13878,75.42,0.432,-0.0151,0.93342,-3850.2,-20.92,0.973,-9527.4,1.7,-0.009,-0.336,58.2,0.63,47.52
TIME1h,OI_BUILD_BRK,LONG,ALL,ALL,VALID,6981,78.44,0.429,-0.0272,0.98465,-10222.8,-114.86,0.866,-11127.6,1.778,-0.015,-0.353,58.0,0.64,50.17
TIME1h,OI_BUILD_BRK,LONG,ALL,ALL,TEST,6969,75.75,0.413,-0.0424,1.0,-13641.0,-148.27,0.814,-14484.9,1.612,-0.026,-0.349,58.3,0.681,51.57
TIME1h,OI_BUILD_BRK,LONG,ALL,ALL,HOLDOUT,5871,97.85,0.437,-0.0187,0.90769,-3812.6,-63.54,0.942,-4495.0,2.122,-0.009,-0.367,57.7,0.584,57.17
TIME2h,OI_BUILD_BRK,LONG,ALL,ALL,TRAIN,13878,75.42,0.435,-0.0116,0.7829,775.2,4.21,1.004,-12310.2,1.7,-0.007,-0.429,111.8,0.438,33.04
TIME2h,OI_BUILD_BRK,LONG,ALL,ALL,VALID,6981,78.44,0.427,-0.0214,0.88637,-10772.8,-121.04,0.892,-11583.1,1.778,-0.012,-0.448,111.3,0.436,34.17
TIME2h,OI_BUILD_BRK,LONG,ALL,ALL,TEST,6969,75.75,0.406,-0.0514,1.0,-15105.3,-164.19,0.845,-16607.3,1.612,-0.032,-0.451,112.6,0.457,34.59
TIME2h,OI_BUILD_BRK,LONG,ALL,ALL,HOLDOUT,5871,97.85,0.448,-0.015,0.79382,-3749.9,-62.5,0.957,-6465.8,2.122,-0.007,-0.485,109.9,0.386,37.82
TIME4h,OI_BUILD_BRK,LONG,ALL,ALL,TRAIN,13878,75.42,0.441,-0.0166,0.81509,2592.6,14.09,1.011,-16379.1,1.7,-0.01,-0.533,206.5,0.296,22.36
TIME4h,OI_BUILD_BRK,LONG,ALL,ALL,VALID,6981,78.44,0.438,-0.0007,0.51128,-6686.3,-75.13,0.946,-8810.7,1.778,-0.0,-0.545,204.9,0.292,22.9
TIME4h,OI_BUILD_BRK,LONG,ALL,ALL,TEST,6969,75.75,0.409,-0.0565,0.99993,-12155.2,-132.12,0.903,-16830.7,1.612,-0.035,-0.562,208.1,0.303,22.99
TIME4h,OI_BUILD_BRK,LONG,ALL,ALL,HOLDOUT,5871,97.85,0.436,-0.0055,0.58747,-1256.6,-20.94,0.989,-7957.6,2.122,-0.003,-0.601,199.8,0.251,24.57
SIG_OFF,OI_BUILD_BRK,LONG,ALL,ALL,TRAIN,13878,75.42,0.416,-0.0205,1.0,-9895.9,-53.78,0.879,-10212.8,1.7,-0.012,-0.193,15.8,0.839,63.28
SIG_OFF,OI_BUILD_BRK,LONG,ALL,ALL,VALID,6981,78.44,0.402,-0.0329,1.0,-11061.9,-124.29,0.747,-11651.9,1.778,-0.019,-0.204,15.7,0.85,66.69
SIG_OFF,OI_BUILD_BRK,LONG,ALL,ALL,TEST,6969,75.75,0.403,-0.0335,1.0,-10125.0,-110.05,0.755,-10636.3,1.612,-0.021,-0.197,15.8,0.908,68.78
SIG_OFF,OI_BUILD_BRK,LONG,ALL,ALL,HOLDOUT,5871,97.85,0.416,-0.0165,0.99475,-3979.7,-66.33,0.891,-4348.1,2.122,-0.008,-0.202,15.9,0.854,83.6
MOM_OFF,OI_BUILD_BRK,LONG,ALL,ALL,TRAIN,13878,75.42,0.331,-0.0034,0.59306,4980.0,27.07,1.035,-12784.3,1.7,-0.002,-0.296,65.6,0.545,41.14
MOM_OFF,OI_BUILD_BRK,LONG,ALL,ALL,VALID,6981,78.44,0.321,-0.0208,0.89417,-10480.3,-117.76,0.861,-11495.0,1.778,-0.012,-0.314,64.8,0.546,42.8
MOM_OFF,OI_BUILD_BRK,LONG,ALL,ALL,TEST,6969,75.75,0.296,-0.0484,1.0,-14428.6,-156.83,0.803,-16395.7,1.612,-0.03,-0.304,62.5,0.592,44.85
MOM_OFF,OI_BUILD_BRK,LONG,ALL,ALL,HOLDOUT,5871,97.85,0.323,-0.007,0.66102,-3140.2,-52.34,0.953,-6238.8,2.122,-0.003,-0.327,66.0,0.502,49.1
FIXED,BRK_4H,SHORT,ALL,ALL,TRAIN,83236,452.37,0.429,-0.0677,0.99161,-138100.2,-750.54,0.905,-173784.1,1.708,-0.04,-0.804,668.1,0.017,7.72
FIXED,BRK_4H,SHORT,ALL,ALL,VALID,41483,466.1,0.441,-0.0507,0.91543,-63644.6,-715.11,0.907,-113057.6,1.519,-0.033,-0.801,689.8,0.016,7.56
FIXED,BRK_4H,SHORT,ALL,ALL,TEST,42847,465.73,0.427,-0.0978,0.99834,-70342.0,-764.59,0.898,-87623.1,1.516,-0.064,-0.814,663.6,0.017,8.01
FIXED,BRK_4H,SHORT,ALL,ALL,HOLDOUT,25662,427.7,0.392,-0.2021,1.0,-111826.9,-1863.78,0.752,-125393.5,1.481,-0.137,-0.837,682.1,0.019,7.98
TRAIL_A0.5_D0.5,BRK_4H,SHORT,ALL,ALL,TRAIN,83236,452.37,0.543,-0.0838,1.0,-160156.9,-870.42,0.828,-175100.2,1.708,-0.049,-0.586,355.6,0.028,12.79
TRAIL_A0.5_D0.5,BRK_4H,SHORT,ALL,ALL,VALID,41483,466.1,0.533,-0.108,1.0,-105146.1,-1181.42,0.761,-117177.5,1.519,-0.071,-0.594,369.8,0.029,13.63
TRAIL_A0.5_D0.5,BRK_4H,SHORT,ALL,ALL,TEST,42847,465.73,0.527,-0.1256,1.0,-100473.9,-1092.11,0.774,-100954.3,1.516,-0.083,-0.596,349.2,0.03,13.88
TRAIL_A0.5_D0.5,BRK_4H,SHORT,ALL,ALL,HOLDOUT,25662,427.7,0.494,-0.2047,1.0,-108620.5,-1810.34,0.634,-114199.5,1.481,-0.138,-0.616,366.3,0.033,14.1
TRAIL_A0.5_D1,BRK_4H,SHORT,ALL,ALL,TRAIN,83236,452.37,0.378,-0.0842,0.99987,-174388.2,-947.76,0.848,-195069.6,1.708,-0.049,-0.633,497.3,0.021,9.64
TRAIL_A0.5_D1,BRK_4H,SHORT,ALL,ALL,VALID,41483,466.1,0.384,-0.0713,0.9912,-69939.0,-785.83,0.87,-103170.1,1.519,-0.047,-0.642,519.2,0.022,10.15
TRAIL_A0.5_D1,BRK_4H,SHORT,ALL,ALL,TEST,42847,465.73,0.363,-0.1275,1.0,-108697.0,-1181.49,0.802,-110962.4,1.516,-0.084,-0.644,483.6,0.023,10.76
TRAIL_A0.5_D1,BRK_4H,SHORT,ALL,ALL,HOLDOUT,25662,427.7,0.329,-0.2173,1.0,-119176.1,-1986.27,0.672,-128239.8,1.481,-0.147,-0.664,506.8,0.023,10.02
TRAIL_A1_D0.5,BRK_4H,SHORT,ALL,ALL,TRAIN,83236,452.37,0.508,-0.0735,0.99902,-143670.6,-780.82,0.889,-167958.2,1.708,-0.043,-0.737,543.0,0.02,9.06
TRAIL_A1_D0.5,BRK_4H,SHORT,ALL,ALL,VALID,41483,466.1,0.515,-0.0736,0.9919,-76106.3,-855.13,0.874,-113200.1,1.519,-0.048,-0.738,561.4,0.021,9.65
TRAIL_A1_D0.5,BRK_4H,SHORT,ALL,ALL,TEST,42847,465.73,0.5,-0.1152,0.99997,-87374.6,-949.72,0.858,-93076.6,1.516,-0.076,-0.747,535.7,0.021,9.8
TRAIL_A1_D0.5,BRK_4H,SHORT,ALL,ALL,HOLDOUT,25662,427.7,0.466,-0.206,1.0,-112980.4,-1883.01,0.723,-121763.5,1.481,-0.139,-0.772,559.1,0.022,9.6
TRAIL_A1_D1,BRK_4H,SHORT,ALL,ALL,TRAIN,83236,452.37,0.462,-0.0712,0.99727,-146211.5,-794.63,0.888,-175737.4,1.708,-0.042,-0.74,594.6,0.019,8.38
TRAIL_A1_D1,BRK_4H,SHORT,ALL,ALL,VALID,41483,466.1,0.464,-0.0577,0.9556,-60912.1,-684.41,0.9,-103564.2,1.519,-0.038,-0.741,615.0,0.018,8.61
TRAIL_A1_D1,BRK_4H,SHORT,ALL,ALL,TEST,42847,465.73,0.45,-0.1141,0.99992,-89771.9,-975.78,0.855,-95789.3,1.516,-0.075,-0.75,583.9,0.019,8.92
TRAIL_A1_D1,BRK_4H,SHORT,ALL,ALL,HOLDOUT,25662,427.7,0.413,-0.2097,1.0,-114783.4,-1913.06,0.72,-125770.6,1.481,-0.142,-0.775,607.7,0.021,8.98
BE0.5_TRAIL,BRK_4H,SHORT,ALL,ALL,TRAIN,83236,452.37,0.33,-0.08,0.99972,-159149.6,-864.94,0.834,-184390.2,1.708,-0.047,-0.591,429.1,0.024,10.89
BE0.5_TRAIL,BRK_4H,SHORT,ALL,ALL,VALID,41483,466.1,0.324,-0.1174,1.0,-119021.9,-1337.33,0.738,-130600.9,1.519,-0.077,-0.599,452.2,0.024,11.12
BE0.5_TRAIL,BRK_4H,SHORT,ALL,ALL,TEST,42847,465.73,0.317,-0.1459,1.0,-128178.1,-1393.24,0.72,-131043.1,1.516,-0.096,-0.6,416.0,0.025,11.63
BE0.5_TRAIL,BRK_4H,SHORT,ALL,ALL,HOLDOUT,25662,427.7,0.279,-0.226,1.0,-123286.5,-2054.77,0.597,-128991.6,1.481,-0.153,-0.621,428.5,0.027,11.48
BE1_TRAIL,BRK_4H,SHORT,ALL,ALL,TRAIN,83236,452.37,0.364,-0.0698,0.98979,-143121.3,-777.83,0.891,-197907.7,1.708,-0.041,-0.743,650.0,0.017,7.47
BE1_TRAIL,BRK_4H,SHORT,ALL,ALL,VALID,41483,466.1,0.374,-0.0978,0.99793,-105926.3,-1190.18,0.828,-136687.3,1.519,-0.064,-0.743,678.0,0.017,7.74
BE1_TRAIL,BRK_4H,SHORT,ALL,ALL,TEST,42847,465.73,0.354,-0.1455,1.0,-123591.3,-1343.38,0.802,-128418.9,1.516,-0.096,-0.753,633.1,0.017,7.95
BE1_TRAIL,BRK_4H,SHORT,ALL,ALL,HOLDOUT,25662,427.7,0.324,-0.2436,1.0,-131030.3,-2183.84,0.683,-141012.6,1.481,-0.165,-0.777,649.2,0.019,7.97
ATR_TRAIL2,BRK_4H,SHORT,ALL,ALL,TRAIN,83236,452.37,0.295,-0.0965,1.0,-172108.1,-935.37,0.716,-172628.0,1.708,-0.057,-0.301,119.4,0.081,36.84
ATR_TRAIL2,BRK_4H,SHORT,ALL,ALL,VALID,41483,466.1,0.284,-0.136,1.0,-130489.7,-1466.18,0.556,-132055.8,1.519,-0.09,-0.307,123.0,0.083,38.74
ATR_TRAIL2,BRK_4H,SHORT,ALL,ALL,TEST,42847,465.73,0.281,-0.1488,1.0,-119837.3,-1302.58,0.589,-120903.9,1.516,-0.098,-0.3,114.7,0.085,39.43
ATR_TRAIL2,BRK_4H,SHORT,ALL,ALL,HOLDOUT,25662,427.7,0.258,-0.1949,1.0,-96491.4,-1608.19,0.487,-97380.4,1.481,-0.132,-0.304,112.5,0.098,41.95
ATR_TRAIL3,BRK_4H,SHORT,ALL,ALL,TRAIN,83236,452.37,0.311,-0.0703,0.98578,-93907.4,-510.37,0.884,-153502.8,1.708,-0.041,-0.42,252.7,0.043,19.61
ATR_TRAIL3,BRK_4H,SHORT,ALL,ALL,VALID,41483,466.1,0.31,-0.1369,1.0,-129023.3,-1449.7,0.662,-132630.1,1.519,-0.09,-0.426,264.4,0.043,20.0
ATR_TRAIL3,BRK_4H,SHORT,ALL,ALL,TEST,42847,465.73,0.296,-0.1739,1.0,-150251.6,-1633.17,0.614,-152276.4,1.516,-0.115,-0.422,237.9,0.044,20.58
ATR_TRAIL3,BRK_4H,SHORT,ALL,ALL,HOLDOUT,25662,427.7,0.267,-0.2271,1.0,-118896.4,-1981.61,0.521,-121176.9,1.481,-0.153,-0.424,234.8,0.052,22.18
ATR_TRAIL4,BRK_4H,SHORT,ALL,ALL,TRAIN,83236,452.37,0.324,-0.0548,0.91496,-86679.2,-471.08,0.912,-177122.4,1.708,-0.032,-0.529,409.8,0.028,12.61
ATR_TRAIL4,BRK_4H,SHORT,ALL,ALL,VALID,41483,466.1,0.325,-0.1243,1.0,-121666.9,-1367.04,0.737,-142652.9,1.519,-0.082,-0.535,430.5,0.028,13.16
ATR_TRAIL4,BRK_4H,SHORT,ALL,ALL,TEST,42847,465.73,0.301,-0.1933,1.0,-176553.3,-1919.06,0.633,-178892.5,1.516,-0.128,-0.537,386.4,0.029,13.53
ATR_TRAIL4,BRK_4H,SHORT,ALL,ALL,HOLDOUT,25662,427.7,0.274,-0.2528,1.0,-135853.4,-2264.22,0.552,-140137.2,1.481,-0.171,-0.537,380.0,0.033,14.28
MFE_LOCK0.3,BRK_4H,SHORT,ALL,ALL,TRAIN,83236,452.37,0.508,-0.0711,0.9982,-133571.6,-725.93,0.897,-166006.6,1.708,-0.042,-0.737,539.6,0.02,8.9
MFE_LOCK0.3,BRK_4H,SHORT,ALL,ALL,VALID,41483,466.1,0.515,-0.0866,0.99819,-90972.5,-1022.16,0.85,-123543.6,1.519,-0.057,-0.738,558.2,0.02,9.35
MFE_LOCK0.3,BRK_4H,SHORT,ALL,ALL,TEST,42847,465.73,0.501,-0.1258,1.0,-94277.8,-1024.76,0.847,-97449.1,1.516,-0.083,-0.747,531.2,0.021,9.77
MFE_LOCK0.3,BRK_4H,SHORT,ALL,ALL,HOLDOUT,25662,427.7,0.466,-0.2156,1.0,-111513.1,-1858.55,0.726,-119804.1,1.481,-0.146,-0.772,553.2,0.023,9.92
MFE_LOCK0.5,BRK_4H,SHORT,ALL,ALL,TRAIN,83236,452.37,0.507,-0.0652,0.98756,-125270.5,-680.82,0.903,-157968.0,1.708,-0.038,-0.739,615.1,0.017,7.83
MFE_LOCK0.5,BRK_4H,SHORT,ALL,ALL,VALID,41483,466.1,0.514,-0.102,0.99931,-108471.6,-1218.78,0.821,-126698.2,1.519,-0.067,-0.74,637.7,0.018,8.31
MFE_LOCK0.5,BRK_4H,SHORT,ALL,ALL,TEST,42847,465.73,0.499,-0.1605,1.0,-133690.0,-1453.15,0.783,-138235.8,1.516,-0.106,-0.749,596.7,0.018,8.59
MFE_LOCK0.5,BRK_4H,SHORT,ALL,ALL,HOLDOUT,25662,427.7,0.464,-0.2554,1.0,-135821.8,-2263.7,0.667,-143612.8,1.481,-0.173,-0.773,605.7,0.02,8.42
NOTP_TRAIL0.5,BRK_4H,SHORT,ALL,ALL,TRAIN,83236,452.37,0.302,-0.1046,1.0,-195722.2,-1063.71,0.688,-197562.8,1.708,-0.061,-0.307,136.9,0.066,29.99
NOTP_TRAIL0.5,BRK_4H,SHORT,ALL,ALL,VALID,41483,466.1,0.29,-0.1336,1.0,-126667.6,-1423.23,0.584,-128432.2,1.519,-0.088,-0.314,145.1,0.067,31.21
NOTP_TRAIL0.5,BRK_4H,SHORT,ALL,ALL,TEST,42847,465.73,0.289,-0.1392,1.0,-113529.7,-1234.02,0.623,-113711.1,1.516,-0.092,-0.307,133.4,0.069,32.25
NOTP_TRAIL0.5,BRK_4H,SHORT,ALL,ALL,HOLDOUT,25662,427.7,0.266,-0.1891,1.0,-93651.6,-1560.86,0.523,-94507.2,1.481,-0.128,-0.31,138.1,0.075,32.02
NOTP_TRAIL1,BRK_4H,SHORT,ALL,ALL,TRAIN,83236,452.37,0.344,-0.0794,0.9969,-147237.7,-800.2,0.864,-176009.8,1.708,-0.046,-0.565,489.1,0.021,9.6
NOTP_TRAIL1,BRK_4H,SHORT,ALL,ALL,VALID,41483,466.1,0.352,-0.104,0.99981,-100346.8,-1127.49,0.802,-121280.6,1.519,-0.068,-0.574,523.2,0.021,10.0
NOTP_TRAIL1,BRK_4H,SHORT,ALL,ALL,TEST,42847,465.73,0.329,-0.17,1.0,-156644.4,-1702.66,0.7,-161388.6,1.516,-0.112,-0.573,468.5,0.022,10.41
NOTP_TRAIL1,BRK_4H,SHORT,ALL,ALL,HOLDOUT,25662,427.7,0.296,-0.2494,1.0,-131356.5,-2189.28,0.614,-138155.4,1.481,-0.168,-0.587,480.2,0.024,10.08
NOTP_TRAIL1.5,BRK_4H,SHORT,ALL,ALL,TRAIN,83236,452.37,0.36,-0.05,0.89218,-83032.7,-451.26,0.939,-183793.2,1.708,-0.029,-0.732,747.3,0.015,6.84
NOTP_TRAIL1.5,BRK_4H,SHORT,ALL,ALL,VALID,41483,466.1,0.37,-0.0898,0.98522,-93742.6,-1053.29,0.853,-136772.2,1.519,-0.059,-0.736,777.9,0.016,7.25
NOTP_TRAIL1.5,BRK_4H,SHORT,ALL,ALL,TEST,42847,465.73,0.35,-0.1754,1.0,-152322.2,-1655.68,0.766,-158293.9,1.516,-0.116,-0.742,730.2,0.015,7.22
NOTP_TRAIL1.5,BRK_4H,SHORT,ALL,ALL,HOLDOUT,25662,427.7,0.323,-0.2591,1.0,-133387.0,-2223.12,0.686,-148163.3,1.481,-0.175,-0.764,731.7,0.017,7.37
TIME15m,BRK_4H,SHORT,ALL,ALL,TRAIN,83236,452.37,0.368,-0.0505,1.0,-94730.5,-514.84,0.627,-95417.0,1.708,-0.03,-0.16,15.0,0.34,153.9
TIME15m,BRK_4H,SHORT,ALL,ALL,VALID,41483,466.1,0.342,-0.0574,1.0,-53313.1,-599.02,0.568,-53912.5,1.519,-0.038,-0.155,15.0,0.385,179.67
TIME15m,BRK_4H,SHORT,ALL,ALL,TEST,42847,465.73,0.355,-0.0603,1.0,-44416.5,-482.79,0.622,-44661.4,1.516,-0.04,-0.151,15.0,0.387,180.05
TIME15m,BRK_4H,SHORT,ALL,ALL,HOLDOUT,25662,427.7,0.342,-0.0695,1.0,-30879.7,-514.66,0.582,-31325.2,1.481,-0.047,-0.15,15.0,0.434,185.47
TIME30m,BRK_4H,SHORT,ALL,ALL,TRAIN,83236,452.37,0.401,-0.0482,1.0,-93124.9,-506.11,0.718,-93924.4,1.708,-0.028,-0.221,29.8,0.243,109.71
TIME30m,BRK_4H,SHORT,ALL,ALL,VALID,41483,466.1,0.378,-0.0613,1.0,-65401.1,-734.84,0.598,-66014.8,1.519,-0.04,-0.218,29.8,0.268,125.09
TIME30m,BRK_4H,SHORT,ALL,ALL,TEST,42847,465.73,0.384,-0.0626,1.0,-46325.6,-503.54,0.691,-46361.4,1.516,-0.041,-0.21,29.8,0.27,125.59
TIME30m,BRK_4H,SHORT,ALL,ALL,HOLDOUT,25662,427.7,0.36,-0.0877,1.0,-44568.0,-742.8,0.561,-44875.4,1.481,-0.059,-0.217,29.8,0.299,127.77
TIME1h,BRK_4H,SHORT,ALL,ALL,TRAIN,83236,452.37,0.421,-0.0481,1.0,-92373.6,-502.03,0.784,-93015.6,1.708,-0.028,-0.304,58.9,0.158,71.33
TIME1h,BRK_4H,SHORT,ALL,ALL,VALID,41483,466.1,0.407,-0.0641,1.0,-69339.8,-779.1,0.666,-70396.7,1.519,-0.042,-0.297,59.1,0.168,78.13
TIME1h,BRK_4H,SHORT,ALL,ALL,TEST,42847,465.73,0.407,-0.0655,1.0,-52867.4,-574.65,0.742,-53114.7,1.516,-0.043,-0.294,59.1,0.169,78.54
TIME1h,BRK_4H,SHORT,ALL,ALL,HOLDOUT,25662,427.7,0.374,-0.1014,1.0,-55094.2,-918.24,0.585,-55460.2,1.481,-0.069,-0.304,59.0,0.184,78.8
TIME2h,BRK_4H,SHORT,ALL,ALL,TRAIN,83236,452.37,0.446,-0.0455,0.99941,-79763.7,-433.5,0.859,-80604.9,1.708,-0.027,-0.412,114.4,0.093,41.98
TIME2h,BRK_4H,SHORT,ALL,ALL,VALID,41483,466.1,0.432,-0.0663,0.99997,-70568.6,-792.91,0.739,-75116.1,1.519,-0.044,-0.407,115.3,0.095,44.31
TIME2h,BRK_4H,SHORT,ALL,ALL,TEST,42847,465.73,0.417,-0.0879,1.0,-75993.4,-826.02,0.735,-76524.5,1.516,-0.058,-0.411,114.5,0.096,44.93
TIME2h,BRK_4H,SHORT,ALL,ALL,HOLDOUT,25662,427.7,0.4,-0.1254,1.0,-69471.5,-1157.86,0.611,-70985.1,1.481,-0.085,-0.417,114.8,0.105,44.73
TIME4h,BRK_4H,SHORT,ALL,ALL,TRAIN,83236,452.37,0.462,-0.0454,0.99029,-84924.3,-461.54,0.889,-90523.2,1.708,-0.027,-0.533,212.5,0.054,24.32
TIME4h,BRK_4H,SHORT,ALL,ALL,VALID,41483,466.1,0.462,-0.0529,0.98884,-60789.9,-683.03,0.832,-70241.1,1.519,-0.035,-0.53,216.0,0.054,25.18
TIME4h,BRK_4H,SHORT,ALL,ALL,TEST,42847,465.73,0.436,-0.1005,1.0,-89390.9,-971.64,0.767,-90345.0,1.516,-0.066,-0.548,212.0,0.054,25.28
TIME4h,BRK_4H,SHORT,ALL,ALL,HOLDOUT,25662,427.7,0.418,-0.1523,1.0,-81392.3,-1356.54,0.661,-85242.9,1.481,-0.103,-0.552,214.0,0.059,25.28
SIG_OFF,BRK_4H,SHORT,ALL,ALL,TRAIN,83236,452.37,0.359,-0.0406,0.99946,-63032.5,-342.57,0.753,-63894.9,1.708,-0.024,-0.16,15.7,0.333,150.82
SIG_OFF,BRK_4H,SHORT,ALL,ALL,VALID,41483,466.1,0.335,-0.0585,1.0,-54895.9,-616.81,0.556,-55200.2,1.519,-0.038,-0.155,15.6,0.379,176.6
SIG_OFF,BRK_4H,SHORT,ALL,ALL,TEST,42847,465.73,0.347,-0.0626,1.0,-47786.2,-519.42,0.596,-47830.5,1.516,-0.041,-0.151,15.5,0.38,177.11
SIG_OFF,BRK_4H,SHORT,ALL,ALL,HOLDOUT,25662,427.7,0.334,-0.0715,1.0,-32567.2,-542.79,0.561,-32964.1,1.481,-0.048,-0.151,15.6,0.426,182.22
MOM_OFF,BRK_4H,SHORT,ALL,ALL,TRAIN,83236,452.37,0.311,-0.0408,0.99809,-78765.3,-428.07,0.818,-78848.3,1.708,-0.024,-0.253,66.2,0.136,61.51
MOM_OFF,BRK_4H,SHORT,ALL,ALL,VALID,41483,466.1,0.294,-0.0692,1.0,-79616.8,-894.57,0.622,-80513.3,1.519,-0.046,-0.252,66.1,0.145,67.44
MOM_OFF,BRK_4H,SHORT,ALL,ALL,TEST,42847,465.73,0.295,-0.0761,1.0,-64565.2,-701.8,0.68,-65310.6,1.516,-0.05,-0.246,65.0,0.146,67.83
MOM_OFF,BRK_4H,SHORT,ALL,ALL,HOLDOUT,25662,427.7,0.27,-0.1149,1.0,-65171.5,-1086.19,0.512,-65369.7,1.481,-0.078,-0.253,62.5,0.165,70.43
FIXED,BRK_24H,SHORT,ALL,ALL,TRAIN,28696,155.96,0.402,-0.1213,0.99867,-110616.2,-601.18,0.801,-124971.9,1.683,-0.072,-0.81,695.9,0.047,7.33
FIXED,BRK_24H,SHORT,ALL,ALL,VALID,14889,167.29,0.406,-0.1301,0.99189,-57466.7,-645.69,0.792,-77861.2,1.453,-0.09,-0.823,672.1,0.05,8.3
FIXED,BRK_24H,SHORT,ALL,ALL,TEST,13442,146.11,0.414,-0.1198,0.99556,-29177.2,-317.14,0.873,-35017.1,1.413,-0.085,-0.813,659.1,0.054,7.83
FIXED,BRK_24H,SHORT,ALL,ALL,HOLDOUT,7328,122.13,0.392,-0.1974,0.99995,-25495.0,-424.92,0.803,-30331.9,1.467,-0.135,-0.832,695.3,0.063,7.68
TRAIL_A0.5_D0.5,BRK_24H,SHORT,ALL,ALL,TRAIN,28696,155.96,0.534,-0.0997,0.99992,-79231.0,-430.6,0.778,-87267.7,1.683,-0.059,-0.596,376.4,0.079,12.35
TRAIL_A0.5_D0.5,BRK_24H,SHORT,ALL,ALL,VALID,14889,167.29,0.519,-0.1323,0.99998,-55530.9,-623.94,0.688,-62336.3,1.453,-0.091,-0.603,360.8,0.085,14.19
TRAIL_A0.5_D0.5,BRK_24H,SHORT,ALL,ALL,TEST,13442,146.11,0.518,-0.1375,1.0,-39242.5,-426.55,0.744,-39430.2,1.413,-0.097,-0.609,342.7,0.091,13.29
TRAIL_A0.5_D0.5,BRK_24H,SHORT,ALL,ALL,HOLDOUT,7328,122.13,0.507,-0.1806,1.0,-28474.4,-474.57,0.66,-29660.2,1.467,-0.123,-0.615,360.8,0.103,12.53
TRAIL_A0.5_D1,BRK_24H,SHORT,ALL,ALL,TRAIN,28696,155.96,0.36,-0.1125,0.99954,-101938.5,-554.01,0.769,-112644.8,1.683,-0.067,-0.643,521.8,0.06,9.33
TRAIL_A0.5_D1,BRK_24H,SHORT,ALL,ALL,VALID,14889,167.29,0.361,-0.1162,0.99615,-46831.3,-526.19,0.782,-64961.1,1.453,-0.08,-0.652,501.0,0.064,10.75
TRAIL_A0.5_D1,BRK_24H,SHORT,ALL,ALL,TEST,13442,146.11,0.352,-0.1479,0.99996,-45725.4,-497.01,0.758,-46697.3,1.413,-0.105,-0.654,472.1,0.07,10.28
TRAIL_A0.5_D1,BRK_24H,SHORT,ALL,ALL,HOLDOUT,7328,122.13,0.322,-0.212,1.0,-31277.5,-521.29,0.701,-33292.3,1.467,-0.144,-0.662,503.9,0.079,9.7
TRAIL_A1_D0.5,BRK_24H,SHORT,ALL,ALL,TRAIN,28696,155.96,0.474,-0.118,0.99961,-101347.5,-550.8,0.799,-112788.4,1.683,-0.07,-0.752,576.4,0.056,8.76
TRAIL_A1_D0.5,BRK_24H,SHORT,ALL,ALL,VALID,14889,167.29,0.484,-0.1286,0.99722,-53233.9,-598.13,0.782,-70068.2,1.453,-0.088,-0.755,551.6,0.059,9.83
TRAIL_A1_D0.5,BRK_24H,SHORT,ALL,ALL,TEST,13442,146.11,0.483,-0.1376,0.9997,-35407.7,-384.87,0.83,-36299.3,1.413,-0.097,-0.754,529.2,0.065,9.48
TRAIL_A1_D0.5,BRK_24H,SHORT,ALL,ALL,HOLDOUT,7328,122.13,0.465,-0.1989,1.0,-28806.4,-480.11,0.754,-31205.4,1.467,-0.136,-0.772,568.1,0.077,9.45
TRAIL_A1_D1,BRK_24H,SHORT,ALL,ALL,TRAIN,28696,155.96,0.437,-0.1173,0.99908,-107237.2,-582.81,0.788,-119338.9,1.683,-0.07,-0.755,626.0,0.051,7.92
TRAIL_A1_D1,BRK_24H,SHORT,ALL,ALL,VALID,14889,167.29,0.437,-0.1196,0.99137,-48271.7,-542.38,0.803,-67519.8,1.453,-0.082,-0.758,599.4,0.054,8.98
TRAIL_A1_D1,BRK_24H,SHORT,ALL,ALL,TEST,13442,146.11,0.435,-0.1366,0.99948,-37930.6,-412.29,0.819,-39106.6,1.413,-0.097,-0.755,575.8,0.062,9.03
TRAIL_A1_D1,BRK_24H,SHORT,ALL,ALL,HOLDOUT,7328,122.13,0.411,-0.2092,1.0,-29026.3,-483.77,0.753,-32148.6,1.467,-0.143,-0.774,615.6,0.068,8.25
BE0.5_TRAIL,BRK_24H,SHORT,ALL,ALL,TRAIN,28696,155.96,0.31,-0.0757,0.97781,-64769.6,-352.01,0.824,-82651.5,1.683,-0.045,-0.6,447.7,0.065,10.18
BE0.5_TRAIL,BRK_24H,SHORT,ALL,ALL,VALID,14889,167.29,0.309,-0.1542,1.0,-65632.0,-737.44,0.643,-71622.6,1.453,-0.106,-0.608,430.8,0.07,11.78
BE0.5_TRAIL,BRK_24H,SHORT,ALL,ALL,TEST,13442,146.11,0.305,-0.1658,1.0,-52125.0,-566.58,0.67,-52849.6,1.413,-0.117,-0.612,402.8,0.079,11.6
BE0.5_TRAIL,BRK_24H,SHORT,ALL,ALL,HOLDOUT,7328,122.13,0.274,-0.1985,1.0,-31886.2,-531.44,0.632,-32776.6,1.467,-0.135,-0.618,418.9,0.093,11.38
BE1_TRAIL,BRK_24H,SHORT,ALL,ALL,TRAIN,28696,155.96,0.345,-0.086,0.96254,-83959.3,-456.3,0.835,-110470.5,1.683,-0.051,-0.758,674.7,0.046,7.22
BE1_TRAIL,BRK_24H,SHORT,ALL,ALL,VALID,14889,167.29,0.347,-0.1624,0.99936,-67453.5,-757.9,0.728,-80333.1,1.453,-0.112,-0.76,650.3,0.049,8.12
BE1_TRAIL,BRK_24H,SHORT,ALL,ALL,TEST,13442,146.11,0.343,-0.1754,0.99999,-52674.0,-572.54,0.751,-54258.2,1.413,-0.124,-0.758,625.9,0.056,8.14
BE1_TRAIL,BRK_24H,SHORT,ALL,ALL,HOLDOUT,7328,122.13,0.324,-0.2227,1.0,-31276.0,-521.27,0.737,-34622.7,1.467,-0.152,-0.775,656.3,0.062,7.55
ATR_TRAIL2,BRK_24H,SHORT,ALL,ALL,TRAIN,28696,155.96,0.297,-0.0687,0.99367,-49887.2,-271.13,0.783,-54410.2,1.683,-0.041,-0.309,118.1,0.156,24.37
ATR_TRAIL2,BRK_24H,SHORT,ALL,ALL,VALID,14889,167.29,0.278,-0.1401,1.0,-54040.9,-607.2,0.531,-54683.3,1.453,-0.096,-0.318,118.0,0.173,28.96
ATR_TRAIL2,BRK_24H,SHORT,ALL,ALL,TEST,13442,146.11,0.271,-0.1508,1.0,-45489.1,-494.45,0.56,-46273.3,1.413,-0.107,-0.322,103.2,0.195,28.49
ATR_TRAIL2,BRK_24H,SHORT,ALL,ALL,HOLDOUT,7328,122.13,0.262,-0.1728,1.0,-25802.8,-430.05,0.541,-26005.4,1.467,-0.118,-0.322,105.2,0.23,28.15
ATR_TRAIL3,BRK_24H,SHORT,ALL,ALL,TRAIN,28696,155.96,0.306,-0.0033,0.51979,26404.6,143.5,1.087,-77347.5,1.683,-0.002,-0.425,251.7,0.096,14.93
ATR_TRAIL3,BRK_24H,SHORT,ALL,ALL,VALID,14889,167.29,0.291,-0.1653,1.0,-61121.7,-686.76,0.599,-61954.9,1.453,-0.114,-0.437,251.7,0.104,17.39
ATR_TRAIL3,BRK_24H,SHORT,ALL,ALL,TEST,13442,146.11,0.282,-0.1857,1.0,-60015.4,-652.34,0.57,-61331.4,1.413,-0.131,-0.447,227.1,0.119,17.35
ATR_TRAIL3,BRK_24H,SHORT,ALL,ALL,HOLDOUT,7328,122.13,0.257,-0.2107,1.0,-32248.4,-537.47,0.566,-32805.8,1.467,-0.144,-0.445,225.0,0.145,17.75
ATR_TRAIL4,BRK_24H,SHORT,ALL,ALL,TRAIN,28696,155.96,0.315,0.0164,0.4194,30830.5,167.56,1.083,-94652.7,1.683,0.01,-0.528,397.4,0.066,10.29
ATR_TRAIL4,BRK_24H,SHORT,ALL,ALL,VALID,14889,167.29,0.303,-0.1607,0.99997,-62094.1,-697.69,0.665,-71496.0,1.453,-0.111,-0.545,408.8,0.072,11.98
ATR_TRAIL4,BRK_24H,SHORT,ALL,ALL,TEST,13442,146.11,0.285,-0.2173,1.0,-73822.7,-802.42,0.566,-75186.8,1.413,-0.154,-0.559,371.2,0.083,12.16
ATR_TRAIL4,BRK_24H,SHORT,ALL,ALL,HOLDOUT,7328,122.13,0.265,-0.2382,1.0,-36859.0,-614.32,0.591,-37906.4,1.467,-0.162,-0.555,369.1,0.098,11.98
MFE_LOCK0.3,BRK_24H,SHORT,ALL,ALL,TRAIN,28696,155.96,0.474,-0.097,0.99424,-80430.3,-437.12,0.84,-93308.5,1.683,-0.058,-0.752,573.1,0.055,8.54
MFE_LOCK0.3,BRK_24H,SHORT,ALL,ALL,VALID,14889,167.29,0.484,-0.145,0.9994,-60389.6,-678.53,0.753,-72954.8,1.453,-0.1,-0.755,546.5,0.058,9.74
MFE_LOCK0.3,BRK_24H,SHORT,ALL,ALL,TEST,13442,146.11,0.483,-0.1434,0.99988,-36693.1,-398.84,0.824,-37759.5,1.413,-0.101,-0.753,525.8,0.067,9.75
MFE_LOCK0.3,BRK_24H,SHORT,ALL,ALL,HOLDOUT,7328,122.13,0.465,-0.1952,1.0,-26276.6,-437.94,0.776,-28971.5,1.467,-0.133,-0.773,564.4,0.073,8.97
MFE_LOCK0.5,BRK_24H,SHORT,ALL,ALL,TRAIN,28696,155.96,0.474,-0.0727,0.92139,-58735.4,-319.21,0.883,-97847.1,1.683,-0.043,-0.753,638.2,0.05,7.74
MFE_LOCK0.5,BRK_24H,SHORT,ALL,ALL,VALID,14889,167.29,0.483,-0.169,0.99989,-70347.4,-790.42,0.712,-74777.8,1.453,-0.116,-0.756,609.6,0.051,8.55
MFE_LOCK0.5,BRK_24H,SHORT,ALL,ALL,TEST,13442,146.11,0.482,-0.1832,1.0,-53372.3,-580.13,0.744,-54946.0,1.413,-0.13,-0.754,586.9,0.059,8.61
MFE_LOCK0.5,BRK_24H,SHORT,ALL,ALL,HOLDOUT,7328,122.13,0.463,-0.2413,1.0,-34912.2,-581.87,0.702,-36575.8,1.467,-0.164,-0.773,608.8,0.067,8.18
NOTP_TRAIL0.5,BRK_24H,SHORT,ALL,ALL,TRAIN,28696,155.96,0.301,-0.0845,0.9999,-69588.5,-378.2,0.703,-73670.6,1.683,-0.05,-0.311,130.2,0.152,23.71
NOTP_TRAIL0.5,BRK_24H,SHORT,ALL,ALL,VALID,14889,167.29,0.286,-0.1373,1.0,-51398.3,-577.51,0.557,-52011.2,1.453,-0.095,-0.319,129.2,0.169,28.28
NOTP_TRAIL0.5,BRK_24H,SHORT,ALL,ALL,TEST,13442,146.11,0.279,-0.1342,1.0,-39340.3,-427.61,0.613,-39963.4,1.413,-0.095,-0.316,110.3,0.189,27.54
NOTP_TRAIL0.5,BRK_24H,SHORT,ALL,ALL,HOLDOUT,7328,122.13,0.268,-0.1672,1.0,-24790.0,-413.17,0.57,-24965.8,1.467,-0.114,-0.317,118.9,0.219,26.73
NOTP_TRAIL1,BRK_24H,SHORT,ALL,ALL,TRAIN,28696,155.96,0.327,-0.0592,0.87489,-47047.1,-255.69,0.886,-100002.5,1.683,-0.035,-0.571,496.5,0.059,9.23
NOTP_TRAIL1,BRK_24H,SHORT,ALL,ALL,VALID,14889,167.29,0.333,-0.138,0.99946,-51699.6,-580.89,0.739,-64845.8,1.453,-0.095,-0.583,490.8,0.063,10.48
NOTP_TRAIL1,BRK_24H,SHORT,ALL,ALL,TEST,13442,146.11,0.321,-0.1863,1.0,-62990.7,-684.68,0.647,-64867.2,1.413,-0.132,-0.58,448.9,0.073,10.64
NOTP_TRAIL1,BRK_24H,SHORT,ALL,ALL,HOLDOUT,7328,122.13,0.291,-0.2296,1.0,-34581.3,-576.36,0.65,-38154.6,1.467,-0.157,-0.588,469.6,0.082,10.05
NOTP_TRAIL1.5,BRK_24H,SHORT,ALL,ALL,TRAIN,28696,155.96,0.342,-0.0296,0.65096,-18026.4,-97.97,0.966,-124274.6,1.683,-0.018,-0.745,755.1,0.041,6.43
NOTP_TRAIL1.5,BRK_24H,SHORT,ALL,ALL,VALID,14889,167.29,0.339,-0.1414,0.98573,-59646.8,-670.19,0.766,-82759.9,1.453,-0.097,-0.75,736.1,0.044,7.4
NOTP_TRAIL1.5,BRK_24H,SHORT,ALL,ALL,TEST,13442,146.11,0.341,-0.2131,1.0,-62470.2,-679.02,0.717,-64652.2,1.413,-0.151,-0.748,724.9,0.05,7.34
NOTP_TRAIL1.5,BRK_24H,SHORT,ALL,ALL,HOLDOUT,7328,122.13,0.322,-0.2403,1.0,-31826.2,-530.44,0.74,-37557.3,1.467,-0.164,-0.762,734.0,0.057,6.95
TIME15m,BRK_24H,SHORT,ALL,ALL,TRAIN,28696,155.96,0.385,-0.0407,0.99999,-32804.4,-178.29,0.682,-33366.7,1.683,-0.024,-0.179,14.9,0.422,65.83
TIME15m,BRK_24H,SHORT,ALL,ALL,VALID,14889,167.29,0.35,-0.0546,0.99999,-22674.4,-254.77,0.579,-23327.7,1.453,-0.038,-0.175,14.9,0.475,79.54
TIME15m,BRK_24H,SHORT,ALL,ALL,TEST,13442,146.11,0.356,-0.0592,1.0,-16120.6,-175.22,0.643,-16422.0,1.413,-0.042,-0.178,15.0,0.502,73.29
TIME15m,BRK_24H,SHORT,ALL,ALL,HOLDOUT,7328,122.13,0.344,-0.0656,1.0,-10043.4,-167.39,0.603,-10441.3,1.467,-0.045,-0.175,15.0,0.58,70.87
TIME30m,BRK_24H,SHORT,ALL,ALL,TRAIN,28696,155.96,0.41,-0.0362,0.99893,-31442.6,-170.88,0.761,-32312.0,1.683,-0.021,-0.237,29.6,0.338,52.72
TIME30m,BRK_24H,SHORT,ALL,ALL,VALID,14889,167.29,0.386,-0.0613,0.99999,-28400.5,-319.11,0.589,-29378.8,1.453,-0.042,-0.239,29.6,0.386,64.53
TIME30m,BRK_24H,SHORT,ALL,ALL,TEST,13442,146.11,0.375,-0.0668,1.0,-18646.9,-202.68,0.681,-18834.3,1.413,-0.047,-0.242,29.7,0.411,60.03
TIME30m,BRK_24H,SHORT,ALL,ALL,HOLDOUT,7328,122.13,0.356,-0.0936,1.0,-15274.2,-254.57,0.551,-15678.2,1.467,-0.064,-0.247,29.7,0.48,58.63
TIME1h,BRK_24H,SHORT,ALL,ALL,TRAIN,28696,155.96,0.419,-0.0366,0.99301,-31329.6,-170.27,0.812,-32290.8,1.683,-0.022,-0.313,58.5,0.257,40.13
TIME1h,BRK_24H,SHORT,ALL,ALL,VALID,14889,167.29,0.401,-0.0673,0.99996,-33398.0,-375.26,0.628,-34553.4,1.453,-0.046,-0.316,58.6,0.29,48.54
TIME1h,BRK_24H,SHORT,ALL,ALL,TEST,13442,146.11,0.393,-0.0681,0.99994,-21732.9,-236.23,0.724,-21994.7,1.413,-0.048,-0.328,58.5,0.317,46.34
TIME1h,BRK_24H,SHORT,ALL,ALL,HOLDOUT,7328,122.13,0.344,-0.1149,1.0,-19691.0,-328.18,0.551,-20213.7,1.467,-0.078,-0.339,58.5,0.369,45.03
TIME2h,BRK_24H,SHORT,ALL,ALL,TRAIN,28696,155.96,0.434,-0.043,0.98433,-35038.0,-190.42,0.84,-35496.8,1.683,-0.026,-0.414,113.3,0.175,27.36
TIME2h,BRK_24H,SHORT,ALL,ALL,VALID,14889,167.29,0.426,-0.0652,0.99626,-33418.2,-375.49,0.702,-35153.5,1.453,-0.045,-0.42,114.2,0.192,32.19
TIME2h,BRK_24H,SHORT,ALL,ALL,TEST,13442,146.11,0.387,-0.1048,0.99998,-36942.0,-401.54,0.662,-37350.8,1.413,-0.074,-0.439,112.9,0.212,30.95
TIME2h,BRK_24H,SHORT,ALL,ALL,HOLDOUT,7328,122.13,0.377,-0.1333,1.0,-21164.7,-352.75,0.617,-22088.5,1.467,-0.091,-0.446,113.2,0.25,30.53
TIME4h,BRK_24H,SHORT,ALL,ALL,TRAIN,28696,155.96,0.446,-0.046,0.94873,-39657.9,-215.53,0.862,-46657.7,1.683,-0.027,-0.528,211.0,0.117,18.28
TIME4h,BRK_24H,SHORT,ALL,ALL,VALID,14889,167.29,0.433,-0.0714,0.98278,-35065.9,-394.0,0.765,-42520.3,1.453,-0.049,-0.539,214.0,0.125,20.85
TIME4h,BRK_24H,SHORT,ALL,ALL,TEST,13442,146.11,0.398,-0.1247,0.99992,-42491.3,-461.86,0.7,-43072.1,1.413,-0.088,-0.568,208.1,0.14,20.51
TIME4h,BRK_24H,SHORT,ALL,ALL,HOLDOUT,7328,122.13,0.407,-0.1442,1.0,-20827.9,-347.13,0.708,-22319.8,1.467,-0.098,-0.565,211.2,0.162,19.82
SIG_OFF,BRK_24H,SHORT,ALL,ALL,TRAIN,28696,155.96,0.378,-0.0129,0.64955,-624.3,-3.39,0.994,-28353.9,1.683,-0.008,-0.18,15.7,0.417,64.96
SIG_OFF,BRK_24H,SHORT,ALL,ALL,VALID,14889,167.29,0.345,-0.0594,1.0,-23860.6,-268.1,0.559,-24726.7,1.453,-0.041,-0.175,15.5,0.472,78.89
SIG_OFF,BRK_24H,SHORT,ALL,ALL,TEST,13442,146.11,0.349,-0.0612,1.0,-16893.2,-183.62,0.627,-17097.7,1.413,-0.043,-0.178,15.5,0.498,72.72
SIG_OFF,BRK_24H,SHORT,ALL,ALL,HOLDOUT,7328,122.13,0.337,-0.0659,1.0,-10394.3,-173.24,0.589,-10828.6,1.467,-0.045,-0.175,15.5,0.576,70.35
MOM_OFF,BRK_24H,SHORT,ALL,ALL,TRAIN,28696,155.96,0.321,-0.0244,0.84089,-21896.6,-119.0,0.871,-28630.7,1.683,-0.014,-0.27,65.5,0.214,33.43
MOM_OFF,BRK_24H,SHORT,ALL,ALL,VALID,14889,167.29,0.298,-0.0775,1.0,-38464.8,-432.19,0.573,-40036.8,1.453,-0.053,-0.276,66.3,0.243,40.64
MOM_OFF,BRK_24H,SHORT,ALL,ALL,TEST,13442,146.11,0.292,-0.0833,1.0,-28297.7,-307.58,0.635,-28754.5,1.413,-0.059,-0.285,64.3,0.266,38.89
MOM_OFF,BRK_24H,SHORT,ALL,ALL,HOLDOUT,7328,122.13,0.259,-0.1235,1.0,-22220.5,-370.34,0.497,-22568.0,1.467,-0.084,-0.292,61.0,0.325,39.67
FIXED,MTF_BRK,SHORT,ALL,ALL,TRAIN,41515,225.62,0.409,-0.1043,0.9987,-123397.1,-670.64,0.838,-139371.4,1.682,-0.062,-0.817,662.8,0.035,7.84
FIXED,MTF_BRK,SHORT,ALL,ALL,VALID,20990,235.84,0.424,-0.0844,0.96327,-46222.6,-519.36,0.871,-82064.3,1.581,-0.053,-0.82,652.6,0.037,8.62
FIXED,MTF_BRK,SHORT,ALL,ALL,TEST,21389,232.49,0.423,-0.0928,0.98959,-25520.8,-277.4,0.925,-44399.9,1.561,-0.059,-0.815,623.7,0.038,8.88
FIXED,MTF_BRK,SHORT,ALL,ALL,HOLDOUT,12060,201.0,0.389,-0.1984,1.0,-47352.6,-789.21,0.769,-52952.2,1.555,-0.128,-0.845,654.2,0.04,8.05
TRAIL_A0.5_D0.5,MTF_BRK,SHORT,ALL,ALL,TRAIN,41515,225.62,0.535,-0.0971,0.99999,-101610.3,-552.23,0.79,-110789.4,1.682,-0.058,-0.594,350.8,0.062,14.0
TRAIL_A0.5_D0.5,MTF_BRK,SHORT,ALL,ALL,VALID,20990,235.84,0.523,-0.1262,1.0,-62015.1,-696.8,0.726,-72808.8,1.581,-0.08,-0.6,342.2,0.064,15.18
TRAIL_A0.5_D0.5,MTF_BRK,SHORT,ALL,ALL,TEST,21389,232.49,0.525,-0.114,0.99999,-44498.2,-483.68,0.796,-44825.8,1.561,-0.073,-0.598,317.2,0.064,14.88
TRAIL_A0.5_D0.5,MTF_BRK,SHORT,ALL,ALL,HOLDOUT,12060,201.0,0.499,-0.1963,1.0,-46603.0,-776.72,0.64,-48084.5,1.555,-0.126,-0.618,333.8,0.074,14.93
TRAIL_A0.5_D1,MTF_BRK,SHORT,ALL,ALL,TRAIN,41515,225.62,0.361,-0.1112,0.99995,-128103.4,-696.21,0.786,-139608.1,1.682,-0.066,-0.642,487.3,0.047,10.55
TRAIL_A0.5_D1,MTF_BRK,SHORT,ALL,ALL,VALID,20990,235.84,0.369,-0.0945,0.99357,-43306.4,-486.59,0.844,-70652.3,1.581,-0.06,-0.649,478.5,0.048,11.33
TRAIL_A0.5_D1,MTF_BRK,SHORT,ALL,ALL,TEST,21389,232.49,0.361,-0.1214,0.99986,-52559.7,-571.3,0.807,-54834.4,1.561,-0.078,-0.645,437.2,0.05,11.64
TRAIL_A0.5_D1,MTF_BRK,SHORT,ALL,ALL,HOLDOUT,12060,201.0,0.324,-0.2174,1.0,-51777.6,-862.96,0.678,-54328.1,1.555,-0.14,-0.668,468.0,0.053,10.73
TRAIL_A1_D0.5,MTF_BRK,SHORT,ALL,ALL,TRAIN,41515,225.62,0.487,-0.1042,0.99976,-114434.6,-621.93,0.832,-128168.8,1.682,-0.062,-0.751,538.5,0.043,9.67
TRAIL_A1_D0.5,MTF_BRK,SHORT,ALL,ALL,VALID,20990,235.84,0.503,-0.1003,0.9946,-49048.9,-551.11,0.844,-77206.1,1.581,-0.063,-0.75,528.4,0.045,10.65
TRAIL_A1_D0.5,MTF_BRK,SHORT,ALL,ALL,TEST,21389,232.49,0.498,-0.1078,0.99888,-35545.6,-386.36,0.883,-47386.9,1.561,-0.069,-0.749,496.0,0.044,10.27
TRAIL_A1_D0.5,MTF_BRK,SHORT,ALL,ALL,HOLDOUT,12060,201.0,0.471,-0.1945,1.0,-46192.3,-769.87,0.746,-48669.3,1.555,-0.125,-0.775,526.7,0.048,9.58
TRAIL_A1_D1,MTF_BRK,SHORT,ALL,ALL,TRAIN,41515,225.62,0.443,-0.1057,0.99955,-122800.4,-667.39,0.82,-136903.9,1.682,-0.063,-0.755,587.4,0.039,8.88
TRAIL_A1_D1,MTF_BRK,SHORT,ALL,ALL,VALID,20990,235.84,0.451,-0.0851,0.97455,-40425.8,-454.22,0.872,-72773.0,1.581,-0.054,-0.753,576.9,0.042,9.83
TRAIL_A1_D1,MTF_BRK,SHORT,ALL,ALL,TEST,21389,232.49,0.448,-0.1068,0.99823,-38256.3,-415.83,0.874,-48115.8,1.561,-0.068,-0.751,540.1,0.042,9.78
TRAIL_A1_D1,MTF_BRK,SHORT,ALL,ALL,HOLDOUT,12060,201.0,0.413,-0.2064,1.0,-48669.9,-811.17,0.733,-52428.4,1.555,-0.133,-0.779,573.0,0.044,8.88
BE0.5_TRAIL,MTF_BRK,SHORT,ALL,ALL,TRAIN,41515,225.62,0.315,-0.0921,0.99943,-101754.1,-553.01,0.797,-112961.1,1.682,-0.055,-0.6,418.2,0.051,11.53
BE0.5_TRAIL,MTF_BRK,SHORT,ALL,ALL,VALID,20990,235.84,0.31,-0.1424,1.0,-72383.9,-813.3,0.691,-82870.1,1.581,-0.09,-0.605,411.1,0.053,12.56
BE0.5_TRAIL,MTF_BRK,SHORT,ALL,ALL,TEST,21389,232.49,0.317,-0.1345,1.0,-60438.4,-656.94,0.732,-61552.9,1.561,-0.086,-0.602,374.4,0.057,13.17
BE0.5_TRAIL,MTF_BRK,SHORT,ALL,ALL,HOLDOUT,12060,201.0,0.274,-0.2195,1.0,-54862.4,-914.37,0.59,-55634.3,1.555,-0.141,-0.625,388.0,0.062,12.52
BE1_TRAIL,MTF_BRK,SHORT,ALL,ALL,TRAIN,41515,225.62,0.345,-0.0942,0.99426,-113143.2,-614.91,0.836,-133953.3,1.682,-0.056,-0.758,639.0,0.035,7.99
BE1_TRAIL,MTF_BRK,SHORT,ALL,ALL,VALID,20990,235.84,0.359,-0.1246,0.99791,-64550.1,-725.28,0.798,-87560.9,1.581,-0.079,-0.756,631.4,0.037,8.78
BE1_TRAIL,MTF_BRK,SHORT,ALL,ALL,TEST,21389,232.49,0.349,-0.1443,0.99995,-59677.4,-648.67,0.806,-64628.1,1.561,-0.092,-0.755,587.7,0.038,8.78
BE1_TRAIL,MTF_BRK,SHORT,ALL,ALL,HOLDOUT,12060,201.0,0.316,-0.2332,1.0,-56717.9,-945.3,0.692,-60205.3,1.555,-0.15,-0.782,613.6,0.041,8.27
ATR_TRAIL2,MTF_BRK,SHORT,ALL,ALL,TRAIN,41515,225.62,0.288,-0.0935,1.0,-87672.9,-476.48,0.721,-87879.1,1.682,-0.056,-0.306,114.7,0.137,31.0
ATR_TRAIL2,MTF_BRK,SHORT,ALL,ALL,VALID,20990,235.84,0.273,-0.1452,1.0,-71638.0,-804.92,0.528,-72445.7,1.581,-0.092,-0.313,114.0,0.148,34.85
ATR_TRAIL2,MTF_BRK,SHORT,ALL,ALL,TEST,21389,232.49,0.278,-0.1369,1.0,-59324.1,-644.83,0.599,-59966.8,1.561,-0.088,-0.308,103.4,0.156,36.22
ATR_TRAIL2,MTF_BRK,SHORT,ALL,ALL,HOLDOUT,12060,201.0,0.251,-0.1928,1.0,-42526.9,-708.78,0.501,-42526.9,1.555,-0.124,-0.315,102.6,0.181,36.32
ATR_TRAIL3,MTF_BRK,SHORT,ALL,ALL,TRAIN,41515,225.62,0.298,-0.063,0.92249,-32580.2,-177.07,0.923,-99517.2,1.682,-0.037,-0.426,244.7,0.079,17.83
ATR_TRAIL3,MTF_BRK,SHORT,ALL,ALL,VALID,20990,235.84,0.289,-0.1619,1.0,-76200.4,-856.18,0.62,-77343.9,1.581,-0.102,-0.436,247.4,0.082,19.42
ATR_TRAIL3,MTF_BRK,SHORT,ALL,ALL,TEST,21389,232.49,0.29,-0.1687,1.0,-77244.2,-839.61,0.613,-78505.8,1.561,-0.108,-0.434,221.9,0.087,20.2
ATR_TRAIL3,MTF_BRK,SHORT,ALL,ALL,HOLDOUT,12060,201.0,0.258,-0.225,1.0,-53697.9,-894.97,0.53,-54154.7,1.555,-0.145,-0.442,220.3,0.103,20.78
ATR_TRAIL4,MTF_BRK,SHORT,ALL,ALL,TRAIN,41515,225.62,0.307,-0.0496,0.83215,-34639.1,-188.26,0.933,-121247.0,1.682,-0.029,-0.536,396.5,0.052,11.82
ATR_TRAIL4,MTF_BRK,SHORT,ALL,ALL,VALID,20990,235.84,0.307,-0.1466,0.99997,-69071.5,-776.08,0.717,-86394.8,1.581,-0.093,-0.55,410.8,0.055,12.85
ATR_TRAIL4,MTF_BRK,SHORT,ALL,ALL,TEST,21389,232.49,0.296,-0.1992,1.0,-97207.9,-1056.61,0.606,-98502.3,1.561,-0.128,-0.552,364.9,0.058,13.4
ATR_TRAIL4,MTF_BRK,SHORT,ALL,ALL,HOLDOUT,12060,201.0,0.267,-0.2455,1.0,-59521.5,-992.03,0.571,-60846.7,1.555,-0.158,-0.558,366.2,0.065,13.08
MFE_LOCK0.3,MTF_BRK,SHORT,ALL,ALL,TRAIN,41515,225.62,0.487,-0.0924,0.99838,-97778.3,-531.4,0.856,-112828.5,1.682,-0.055,-0.751,536.1,0.042,9.53
MFE_LOCK0.3,MTF_BRK,SHORT,ALL,ALL,VALID,20990,235.84,0.502,-0.1132,0.99843,-57003.7,-640.49,0.818,-81494.2,1.581,-0.072,-0.751,524.9,0.044,10.27
MFE_LOCK0.3,MTF_BRK,SHORT,ALL,ALL,TEST,21389,232.49,0.498,-0.1186,0.99972,-39495.1,-429.29,0.87,-49134.6,1.561,-0.076,-0.749,492.8,0.044,10.24
MFE_LOCK0.3,MTF_BRK,SHORT,ALL,ALL,HOLDOUT,12060,201.0,0.471,-0.1987,1.0,-44869.3,-747.82,0.753,-47510.7,1.555,-0.128,-0.775,522.3,0.049,9.77
MFE_LOCK0.5,MTF_BRK,SHORT,ALL,ALL,TRAIN,41515,225.62,0.486,-0.0835,0.98373,-90524.2,-491.98,0.867,-112393.8,1.682,-0.05,-0.753,604.6,0.037,8.41
MFE_LOCK0.5,MTF_BRK,SHORT,ALL,ALL,VALID,20990,235.84,0.502,-0.1355,0.99966,-69517.3,-781.09,0.779,-82783.3,1.581,-0.086,-0.752,592.7,0.039,9.19
MFE_LOCK0.5,MTF_BRK,SHORT,ALL,ALL,TEST,21389,232.49,0.497,-0.1604,1.0,-64527.4,-701.38,0.787,-66736.5,1.561,-0.103,-0.751,555.0,0.041,9.49
MFE_LOCK0.5,MTF_BRK,SHORT,ALL,ALL,HOLDOUT,12060,201.0,0.469,-0.243,1.0,-58264.6,-971.08,0.679,-60355.4,1.555,-0.156,-0.776,568.9,0.044,8.75
NOTP_TRAIL0.5,MTF_BRK,SHORT,ALL,ALL,TRAIN,41515,225.62,0.296,-0.1018,1.0,-104556.6,-568.24,0.674,-106045.2,1.682,-0.061,-0.309,124.3,0.13,29.23
NOTP_TRAIL0.5,MTF_BRK,SHORT,ALL,ALL,VALID,20990,235.84,0.283,-0.1413,1.0,-67645.5,-760.06,0.558,-68414.6,1.581,-0.089,-0.317,124.2,0.138,32.66
NOTP_TRAIL0.5,MTF_BRK,SHORT,ALL,ALL,TEST,21389,232.49,0.288,-0.1227,1.0,-52349.6,-569.02,0.646,-52467.5,1.561,-0.079,-0.309,110.2,0.146,33.97
NOTP_TRAIL0.5,MTF_BRK,SHORT,ALL,ALL,HOLDOUT,12060,201.0,0.261,-0.1859,1.0,-41772.3,-696.2,0.522,-41889.5,1.555,-0.12,-0.315,115.1,0.166,33.32
NOTP_TRAIL1,MTF_BRK,SHORT,ALL,ALL,TRAIN,41515,225.62,0.327,-0.0887,0.99011,-92556.8,-503.03,0.835,-120688.4,1.682,-0.053,-0.571,470.0,0.045,10.23
NOTP_TRAIL1,MTF_BRK,SHORT,ALL,ALL,VALID,20990,235.84,0.338,-0.1232,0.99957,-55420.5,-622.7,0.786,-72744.4,1.581,-0.078,-0.58,471.9,0.048,11.21
NOTP_TRAIL1,MTF_BRK,SHORT,ALL,ALL,TEST,21389,232.49,0.327,-0.1667,1.0,-82484.9,-896.58,0.681,-85081.3,1.561,-0.107,-0.574,418.5,0.05,11.71
NOTP_TRAIL1,MTF_BRK,SHORT,ALL,ALL,HOLDOUT,12060,201.0,0.291,-0.2446,1.0,-57832.9,-963.88,0.616,-61354.6,1.555,-0.157,-0.594,438.1,0.053,10.57
NOTP_TRAIL1.5,MTF_BRK,SHORT,ALL,ALL,TRAIN,41515,225.62,0.342,-0.0647,0.88487,-67005.2,-364.16,0.906,-136227.0,1.682,-0.038,-0.745,731.7,0.031,6.95
NOTP_TRAIL1.5,MTF_BRK,SHORT,ALL,ALL,VALID,20990,235.84,0.351,-0.1078,0.97437,-51513.4,-578.8,0.844,-88978.6,1.581,-0.068,-0.747,725.7,0.033,7.78
NOTP_TRAIL1.5,MTF_BRK,SHORT,ALL,ALL,TEST,21389,232.49,0.342,-0.1948,1.0,-82478.0,-896.5,0.745,-85726.1,1.561,-0.125,-0.744,687.8,0.033,7.66
NOTP_TRAIL1.5,MTF_BRK,SHORT,ALL,ALL,HOLDOUT,12060,201.0,0.313,-0.2526,1.0,-59675.1,-994.59,0.688,-66020.1,1.555,-0.162,-0.768,696.8,0.037,7.42
TIME15m,MTF_BRK,SHORT,ALL,ALL,TRAIN,41515,225.62,0.376,-0.045,1.0,-45882.1,-249.36,0.66,-46124.5,1.682,-0.027,-0.17,15.0,0.417,94.13
TIME15m,MTF_BRK,SHORT,ALL,ALL,VALID,20990,235.84,0.345,-0.0571,1.0,-26436.0,-297.03,0.594,-27016.2,1.581,-0.036,-0.164,15.0,0.469,110.52
TIME15m,MTF_BRK,SHORT,ALL,ALL,TEST,21389,232.49,0.361,-0.0534,1.0,-20992.2,-228.18,0.658,-21075.8,1.561,-0.034,-0.161,15.0,0.473,109.88
TIME15m,MTF_BRK,SHORT,ALL,ALL,HOLDOUT,12060,201.0,0.342,-0.0686,1.0,-14065.2,-234.42,0.604,-14513.5,1.555,-0.044,-0.164,15.0,0.545,109.58
TIME30m,MTF_BRK,SHORT,ALL,ALL,TRAIN,41515,225.62,0.404,-0.0423,1.0,-45379.3,-246.63,0.74,-45727.0,1.682,-0.025,-0.229,29.7,0.323,72.95
TIME30m,MTF_BRK,SHORT,ALL,ALL,VALID,20990,235.84,0.383,-0.06,1.0,-32783.4,-368.35,0.618,-33398.0,1.581,-0.038,-0.228,29.8,0.364,85.75
TIME30m,MTF_BRK,SHORT,ALL,ALL,TEST,21389,232.49,0.386,-0.0564,1.0,-22347.3,-242.91,0.72,-22465.7,1.561,-0.036,-0.224,29.8,0.367,85.33
TIME30m,MTF_BRK,SHORT,ALL,ALL,HOLDOUT,12060,201.0,0.356,-0.0913,1.0,-21773.0,-362.88,0.554,-21929.1,1.555,-0.059,-0.235,29.8,0.425,85.35
TIME1h,MTF_BRK,SHORT,ALL,ALL,TRAIN,41515,225.62,0.415,-0.0462,0.99998,-49424.2,-268.61,0.78,-49712.0,1.682,-0.027,-0.311,58.7,0.235,53.01
TIME1h,MTF_BRK,SHORT,ALL,ALL,VALID,20990,235.84,0.401,-0.0643,1.0,-37571.3,-422.15,0.663,-38437.0,1.581,-0.041,-0.308,58.9,0.258,60.8
TIME1h,MTF_BRK,SHORT,ALL,ALL,TEST,21389,232.49,0.402,-0.0567,0.99996,-25361.9,-275.67,0.767,-25427.7,1.561,-0.036,-0.312,58.8,0.263,61.16
TIME1h,MTF_BRK,SHORT,ALL,ALL,HOLDOUT,12060,201.0,0.359,-0.1102,1.0,-26629.5,-443.82,0.576,-26677.0,1.555,-0.071,-0.326,58.7,0.301,60.58
TIME2h,MTF_BRK,SHORT,ALL,ALL,TRAIN,41515,225.62,0.431,-0.0521,0.99899,-53942.8,-293.17,0.822,-54958.8,1.682,-0.031,-0.419,113.8,0.151,34.16
TIME2h,MTF_BRK,SHORT,ALL,ALL,VALID,20990,235.84,0.426,-0.0705,0.99947,-41215.9,-463.1,0.718,-43925.0,1.581,-0.045,-0.422,114.6,0.161,37.96
TIME2h,MTF_BRK,SHORT,ALL,ALL,TEST,21389,232.49,0.407,-0.0834,0.99996,-40718.9,-442.6,0.733,-40829.6,1.561,-0.053,-0.429,113.3,0.166,38.71
TIME2h,MTF_BRK,SHORT,ALL,ALL,HOLDOUT,12060,201.0,0.39,-0.1284,1.0,-31339.0,-522.32,0.62,-31550.7,1.555,-0.083,-0.438,113.8,0.19,38.1
TIME4h,MTF_BRK,SHORT,ALL,ALL,TRAIN,41515,225.62,0.449,-0.0499,0.98041,-53348.4,-289.94,0.866,-60247.4,1.682,-0.03,-0.538,211.0,0.096,21.71
TIME4h,MTF_BRK,SHORT,ALL,ALL,VALID,20990,235.84,0.439,-0.0682,0.99037,-39901.3,-448.33,0.796,-48548.7,1.581,-0.043,-0.546,213.3,0.099,23.37
TIME4h,MTF_BRK,SHORT,ALL,ALL,TEST,21389,232.49,0.419,-0.0984,0.99965,-45377.2,-493.23,0.774,-45655.0,1.561,-0.063,-0.565,208.0,0.102,23.62
TIME4h,MTF_BRK,SHORT,ALL,ALL,HOLDOUT,12060,201.0,0.41,-0.1497,1.0,-35114.7,-585.25,0.682,-36426.9,1.555,-0.096,-0.569,211.4,0.114,22.93
SIG_OFF,MTF_BRK,SHORT,ALL,ALL,TRAIN,41515,225.62,0.367,-0.0266,0.87075,-15151.7,-82.35,0.888,-36032.2,1.682,-0.016,-0.17,15.7,0.411,92.64
SIG_OFF,MTF_BRK,SHORT,ALL,ALL,VALID,20990,235.84,0.339,-0.0595,1.0,-27457.6,-308.51,0.581,-28007.3,1.581,-0.038,-0.165,15.6,0.463,109.28
SIG_OFF,MTF_BRK,SHORT,ALL,ALL,TEST,21389,232.49,0.354,-0.0559,1.0,-22172.8,-241.01,0.641,-22250.3,1.561,-0.036,-0.161,15.5,0.468,108.72
SIG_OFF,MTF_BRK,SHORT,ALL,ALL,HOLDOUT,12060,201.0,0.334,-0.071,1.0,-15188.1,-253.14,0.574,-15594.6,1.555,-0.046,-0.165,15.5,0.539,108.27
MOM_OFF,MTF_BRK,SHORT,ALL,ALL,TRAIN,41515,225.62,0.309,-0.0411,0.99162,-41798.9,-227.17,0.817,-41896.4,1.682,-0.024,-0.262,64.8,0.198,44.78
MOM_OFF,MTF_BRK,SHORT,ALL,ALL,VALID,20990,235.84,0.29,-0.0733,1.0,-45585.4,-512.2,0.598,-45902.8,1.581,-0.046,-0.264,65.5,0.218,51.37
MOM_OFF,MTF_BRK,SHORT,ALL,ALL,TEST,21389,232.49,0.292,-0.0705,1.0,-33969.8,-369.24,0.68,-34060.5,1.561,-0.045,-0.262,64.0,0.224,52.05
MOM_OFF,MTF_BRK,SHORT,ALL,ALL,HOLDOUT,12060,201.0,0.261,-0.12,1.0,-31380.2,-523.0,0.507,-31403.9,1.555,-0.077,-0.275,61.2,0.266,53.47
FIXED,SWEEP_RECLAIM,SHORT,ALL,ALL,TRAIN,29401,159.79,0.46,-0.0228,0.76476,-23577.8,-128.14,0.958,-55215.4,1.47,-0.016,-0.776,749.8,0.047,7.56
FIXED,SWEEP_RECLAIM,SHORT,ALL,ALL,VALID,14411,161.92,0.454,-0.0553,0.92431,-22793.7,-256.11,0.919,-46256.5,1.298,-0.043,-0.792,744.6,0.046,7.47
FIXED,SWEEP_RECLAIM,SHORT,ALL,ALL,TEST,14659,159.34,0.461,-0.0421,0.90989,-23897.9,-259.76,0.915,-30038.2,1.357,-0.031,-0.775,747.8,0.047,7.47
FIXED,SWEEP_RECLAIM,SHORT,ALL,ALL,HOLDOUT,11929,198.82,0.374,-0.242,1.0,-93655.9,-1560.93,0.678,-99380.2,1.314,-0.184,-0.851,686.7,0.038,7.62
TRAIL_A0.5_D0.5,SWEEP_RECLAIM,SHORT,ALL,ALL,TRAIN,29401,159.79,0.559,-0.0661,0.99933,-53596.4,-291.28,0.858,-56891.4,1.47,-0.045,-0.576,415.2,0.089,14.27
TRAIL_A0.5_D0.5,SWEEP_RECLAIM,SHORT,ALL,ALL,VALID,14411,161.92,0.539,-0.112,1.0,-43475.8,-488.49,0.772,-52535.2,1.298,-0.086,-0.605,394.6,0.091,14.76
TRAIL_A0.5_D0.5,SWEEP_RECLAIM,SHORT,ALL,ALL,TEST,14659,159.34,0.558,-0.0766,0.99989,-30127.6,-327.47,0.835,-31717.6,1.357,-0.056,-0.575,381.8,0.092,14.6
TRAIL_A0.5_D0.5,SWEEP_RECLAIM,SHORT,ALL,ALL,HOLDOUT,11929,198.82,0.508,-0.1789,1.0,-61413.9,-1023.56,0.678,-63756.4,1.314,-0.136,-0.627,350.8,0.08,15.93
TRAIL_A0.5_D1,SWEEP_RECLAIM,SHORT,ALL,ALL,TRAIN,29401,159.79,0.404,-0.0417,0.94133,-32086.9,-174.39,0.93,-52433.6,1.47,-0.028,-0.624,588.7,0.061,9.73
TRAIL_A0.5_D1,SWEEP_RECLAIM,SHORT,ALL,ALL,VALID,14411,161.92,0.387,-0.0762,0.98999,-28288.4,-317.85,0.879,-44543.5,1.298,-0.059,-0.652,588.7,0.062,10.0
TRAIL_A0.5_D1,SWEEP_RECLAIM,SHORT,ALL,ALL,TEST,14659,159.34,0.396,-0.0616,0.98935,-29570.8,-321.42,0.87,-33037.0,1.357,-0.045,-0.626,573.8,0.061,9.77
TRAIL_A0.5_D1,SWEEP_RECLAIM,SHORT,ALL,ALL,HOLDOUT,11929,198.82,0.321,-0.2125,1.0,-79316.6,-1321.94,0.659,-82816.9,1.314,-0.162,-0.678,515.6,0.051,10.22
TRAIL_A1_D0.5,SWEEP_RECLAIM,SHORT,ALL,ALL,TRAIN,29401,159.79,0.523,-0.0449,0.95073,-38335.6,-208.35,0.926,-57021.3,1.47,-0.031,-0.72,622.5,0.057,9.06
TRAIL_A1_D0.5,SWEEP_RECLAIM,SHORT,ALL,ALL,VALID,14411,161.92,0.504,-0.0849,0.99431,-32611.4,-366.42,0.875,-51710.1,1.298,-0.065,-0.749,625.6,0.059,9.56
TRAIL_A1_D0.5,SWEEP_RECLAIM,SHORT,ALL,ALL,TEST,14659,159.34,0.523,-0.0593,0.98565,-27606.9,-300.08,0.893,-31291.0,1.357,-0.044,-0.723,610.2,0.056,8.96
TRAIL_A1_D0.5,SWEEP_RECLAIM,SHORT,ALL,ALL,HOLDOUT,11929,198.82,0.434,-0.2336,1.0,-88242.6,-1470.71,0.674,-92235.9,1.314,-0.178,-0.799,564.5,0.048,9.55
TRAIL_A1_D1,SWEEP_RECLAIM,SHORT,ALL,ALL,TRAIN,29401,159.79,0.483,-0.0347,0.88,-30901.4,-167.94,0.94,-53570.2,1.47,-0.024,-0.722,681.9,0.052,8.27
TRAIL_A1_D1,SWEEP_RECLAIM,SHORT,ALL,ALL,VALID,14411,161.92,0.471,-0.0625,0.95829,-24568.4,-276.05,0.906,-45851.6,1.298,-0.048,-0.751,689.0,0.052,8.36
TRAIL_A1_D1,SWEEP_RECLAIM,SHORT,ALL,ALL,TEST,14659,159.34,0.483,-0.0525,0.96343,-26678.5,-289.98,0.897,-31375.7,1.357,-0.039,-0.725,678.2,0.052,8.32
TRAIL_A1_D1,SWEEP_RECLAIM,SHORT,ALL,ALL,HOLDOUT,11929,198.82,0.396,-0.2407,1.0,-92261.6,-1537.69,0.659,-96607.2,1.314,-0.183,-0.8,621.4,0.043,8.53
BE0.5_TRAIL,SWEEP_RECLAIM,SHORT,ALL,ALL,TRAIN,29401,159.79,0.343,-0.0629,0.99632,-47642.5,-258.93,0.877,-54642.8,1.47,-0.043,-0.581,525.5,0.07,11.11
BE0.5_TRAIL,SWEEP_RECLAIM,SHORT,ALL,ALL,VALID,14411,161.92,0.319,-0.102,0.99988,-39912.6,-448.46,0.797,-48507.7,1.298,-0.079,-0.61,521.1,0.068,11.02
BE0.5_TRAIL,SWEEP_RECLAIM,SHORT,ALL,ALL,TEST,14659,159.34,0.33,-0.0892,0.99993,-36528.2,-397.05,0.806,-40706.6,1.357,-0.066,-0.58,495.9,0.07,11.17
BE0.5_TRAIL,SWEEP_RECLAIM,SHORT,ALL,ALL,HOLDOUT,11929,198.82,0.273,-0.1864,1.0,-63387.6,-1056.46,0.676,-65983.8,1.314,-0.142,-0.631,443.5,0.063,12.43
BE1_TRAIL,SWEEP_RECLAIM,SHORT,ALL,ALL,TRAIN,29401,159.79,0.399,-0.0428,0.91522,-33040.0,-179.56,0.937,-57722.6,1.47,-0.029,-0.724,759.9,0.048,7.66
BE1_TRAIL,SWEEP_RECLAIM,SHORT,ALL,ALL,VALID,14411,161.92,0.404,-0.0701,0.97019,-28914.9,-324.89,0.89,-48204.7,1.298,-0.054,-0.753,774.5,0.046,7.53
BE1_TRAIL,SWEEP_RECLAIM,SHORT,ALL,ALL,TEST,14659,159.34,0.397,-0.0747,0.99173,-34245.8,-372.24,0.868,-40736.4,1.357,-0.055,-0.728,756.9,0.047,7.51
BE1_TRAIL,SWEEP_RECLAIM,SHORT,ALL,ALL,HOLDOUT,11929,198.82,0.32,-0.2396,1.0,-87376.0,-1456.27,0.679,-91947.9,1.314,-0.182,-0.802,679.7,0.039,7.73
ATR_TRAIL2,SWEEP_RECLAIM,SHORT,ALL,ALL,TRAIN,29401,159.79,0.317,-0.0901,1.0,-71316.5,-387.59,0.711,-72855.9,1.47,-0.061,-0.305,142.8,0.213,34.06
ATR_TRAIL2,SWEEP_RECLAIM,SHORT,ALL,ALL,VALID,14411,161.92,0.305,-0.1135,1.0,-45860.2,-515.28,0.63,-48625.5,1.298,-0.087,-0.316,136.9,0.222,35.98
ATR_TRAIL2,SWEEP_RECLAIM,SHORT,ALL,ALL,TEST,14659,159.34,0.326,-0.099,1.0,-32007.1,-347.9,0.731,-32903.2,1.357,-0.073,-0.309,143.3,0.23,36.72
ATR_TRAIL2,SWEEP_RECLAIM,SHORT,ALL,ALL,HOLDOUT,11929,198.82,0.301,-0.1271,1.0,-37658.4,-627.64,0.661,-38805.0,1.314,-0.097,-0.322,127.6,0.203,40.37
ATR_TRAIL3,SWEEP_RECLAIM,SHORT,ALL,ALL,TRAIN,29401,159.79,0.345,-0.0599,0.97782,-52583.9,-285.78,0.839,-54788.6,1.47,-0.041,-0.418,289.7,0.117,18.75
ATR_TRAIL3,SWEEP_RECLAIM,SHORT,ALL,ALL,VALID,14411,161.92,0.336,-0.1114,1.0,-43071.2,-483.95,0.739,-47581.6,1.298,-0.086,-0.438,290.1,0.116,18.71
ATR_TRAIL3,SWEEP_RECLAIM,SHORT,ALL,ALL,TEST,14659,159.34,0.36,-0.0957,1.0,-34344.4,-373.31,0.783,-36527.2,1.357,-0.071,-0.425,293.0,0.12,19.16
ATR_TRAIL3,SWEEP_RECLAIM,SHORT,ALL,ALL,HOLDOUT,11929,198.82,0.314,-0.1569,1.0,-52165.7,-869.43,0.658,-54898.4,1.314,-0.119,-0.445,256.2,0.104,20.62
ATR_TRAIL4,SWEEP_RECLAIM,SHORT,ALL,ALL,TRAIN,29401,159.79,0.364,-0.0354,0.80763,-36729.4,-199.62,0.907,-55352.9,1.47,-0.024,-0.52,463.1,0.077,12.3
ATR_TRAIL4,SWEEP_RECLAIM,SHORT,ALL,ALL,VALID,14411,161.92,0.357,-0.1186,0.99999,-44934.0,-504.88,0.775,-52491.1,1.298,-0.091,-0.548,459.0,0.075,12.07
ATR_TRAIL4,SWEEP_RECLAIM,SHORT,ALL,ALL,TEST,14659,159.34,0.38,-0.0792,0.99907,-34638.6,-376.51,0.821,-38556.1,1.357,-0.058,-0.53,465.9,0.078,12.45
ATR_TRAIL4,SWEEP_RECLAIM,SHORT,ALL,ALL,HOLDOUT,11929,198.82,0.32,-0.1915,1.0,-67453.6,-1124.23,0.645,-70913.1,1.314,-0.146,-0.561,403.9,0.064,12.63
MFE_LOCK0.3,SWEEP_RECLAIM,SHORT,ALL,ALL,TRAIN,29401,159.79,0.523,-0.0493,0.96623,-40515.0,-220.19,0.921,-59554.8,1.47,-0.034,-0.72,621.8,0.058,9.2
MFE_LOCK0.3,SWEEP_RECLAIM,SHORT,ALL,ALL,VALID,14411,161.92,0.504,-0.0976,0.99869,-37357.7,-419.75,0.857,-53540.5,1.298,-0.075,-0.749,622.8,0.059,9.49
MFE_LOCK0.3,SWEEP_RECLAIM,SHORT,ALL,ALL,TEST,14659,159.34,0.523,-0.0775,0.99894,-32868.8,-357.27,0.872,-37344.9,1.357,-0.057,-0.723,603.4,0.056,8.9
MFE_LOCK0.3,SWEEP_RECLAIM,SHORT,ALL,ALL,HOLDOUT,11929,198.82,0.433,-0.2233,1.0,-79916.8,-1331.95,0.704,-83769.3,1.314,-0.17,-0.799,556.5,0.049,9.83
MFE_LOCK0.5,SWEEP_RECLAIM,SHORT,ALL,ALL,TRAIN,29401,159.79,0.523,-0.0278,0.78032,-28625.0,-155.57,0.944,-56403.1,1.47,-0.019,-0.721,713.2,0.051,8.11
MFE_LOCK0.5,SWEEP_RECLAIM,SHORT,ALL,ALL,VALID,14411,161.92,0.503,-0.0818,0.99032,-32867.2,-369.29,0.874,-50048.7,1.298,-0.063,-0.751,720.9,0.051,8.24
MFE_LOCK0.5,SWEEP_RECLAIM,SHORT,ALL,ALL,TEST,14659,159.34,0.522,-0.078,0.99592,-34105.7,-370.71,0.867,-39891.6,1.357,-0.057,-0.724,704.6,0.05,7.99
MFE_LOCK0.5,SWEEP_RECLAIM,SHORT,ALL,ALL,HOLDOUT,11929,198.82,0.433,-0.2456,1.0,-89285.5,-1488.09,0.67,-93149.3,1.314,-0.187,-0.799,632.7,0.042,8.37
NOTP_TRAIL0.5,SWEEP_RECLAIM,SHORT,ALL,ALL,TRAIN,29401,159.79,0.318,-0.0796,1.0,-59100.8,-321.2,0.763,-62191.8,1.47,-0.054,-0.309,186.4,0.187,29.93
NOTP_TRAIL0.5,SWEEP_RECLAIM,SHORT,ALL,ALL,VALID,14411,161.92,0.296,-0.1131,1.0,-45044.0,-506.11,0.64,-48611.5,1.298,-0.087,-0.317,170.1,0.198,32.09
NOTP_TRAIL0.5,SWEEP_RECLAIM,SHORT,ALL,ALL,TEST,14659,159.34,0.314,-0.0947,1.0,-31651.1,-344.03,0.737,-32601.4,1.357,-0.07,-0.309,172.5,0.2,31.83
NOTP_TRAIL0.5,SWEEP_RECLAIM,SHORT,ALL,ALL,HOLDOUT,11929,198.82,0.29,-0.1239,1.0,-36685.1,-611.42,0.674,-38207.2,1.314,-0.094,-0.321,151.1,0.173,34.35
NOTP_TRAIL1,SWEEP_RECLAIM,SHORT,ALL,ALL,TRAIN,29401,159.79,0.372,-0.0479,0.96555,-34047.8,-185.04,0.921,-52749.8,1.47,-0.033,-0.556,604.3,0.061,9.78
NOTP_TRAIL1,SWEEP_RECLAIM,SHORT,ALL,ALL,VALID,14411,161.92,0.348,-0.0894,0.99838,-35213.0,-395.65,0.84,-46790.4,1.298,-0.069,-0.581,599.2,0.061,9.84
NOTP_TRAIL1,SWEEP_RECLAIM,SHORT,ALL,ALL,TEST,14659,159.34,0.364,-0.0777,0.99737,-35911.9,-390.35,0.832,-40730.0,1.357,-0.057,-0.559,590.5,0.06,9.62
NOTP_TRAIL1,SWEEP_RECLAIM,SHORT,ALL,ALL,HOLDOUT,11929,198.82,0.291,-0.1966,1.0,-67347.6,-1122.46,0.682,-71751.3,1.314,-0.15,-0.595,511.7,0.052,10.37
NOTP_TRAIL1.5,SWEEP_RECLAIM,SHORT,ALL,ALL,TRAIN,29401,159.79,0.399,-0.0155,0.65507,-16499.1,-89.67,0.969,-53888.5,1.47,-0.011,-0.716,846.3,0.042,6.77
NOTP_TRAIL1.5,SWEEP_RECLAIM,SHORT,ALL,ALL,VALID,14411,161.92,0.408,-0.0542,0.90916,-22704.6,-255.11,0.915,-40526.4,1.298,-0.042,-0.741,847.4,0.043,6.9
NOTP_TRAIL1.5,SWEEP_RECLAIM,SHORT,ALL,ALL,TEST,14659,159.34,0.402,-0.06,0.94842,-31000.8,-336.97,0.884,-38952.7,1.357,-0.044,-0.718,849.3,0.041,6.47
NOTP_TRAIL1.5,SWEEP_RECLAIM,SHORT,ALL,ALL,HOLDOUT,11929,198.82,0.321,-0.2566,1.0,-93760.3,-1562.67,0.661,-100202.8,1.314,-0.195,-0.784,741.3,0.035,6.97
TIME15m,SWEEP_RECLAIM,SHORT,ALL,ALL,TRAIN,29401,159.79,0.432,-0.0406,1.0,-30673.3,-166.7,0.705,-30977.3,1.47,-0.028,-0.168,15.0,0.611,97.59
TIME15m,SWEEP_RECLAIM,SHORT,ALL,ALL,VALID,14411,161.92,0.439,-0.0409,1.0,-17019.3,-191.23,0.675,-17141.9,1.298,-0.032,-0.173,15.0,0.664,107.49
TIME15m,SWEEP_RECLAIM,SHORT,ALL,ALL,TEST,14659,159.34,0.431,-0.0443,1.0,-12763.7,-138.74,0.739,-12922.7,1.357,-0.033,-0.167,15.0,0.726,115.68
TIME15m,SWEEP_RECLAIM,SHORT,ALL,ALL,HOLDOUT,11929,198.82,0.432,-0.046,1.0,-12422.2,-207.04,0.733,-12731.3,1.314,-0.035,-0.178,15.0,0.707,140.58
TIME30m,SWEEP_RECLAIM,SHORT,ALL,ALL,TRAIN,29401,159.79,0.462,-0.0409,1.0,-33189.6,-180.38,0.764,-33750.2,1.47,-0.028,-0.235,29.8,0.477,76.19
TIME30m,SWEEP_RECLAIM,SHORT,ALL,ALL,VALID,14411,161.92,0.449,-0.0489,1.0,-19737.9,-221.77,0.724,-19976.2,1.298,-0.038,-0.246,29.8,0.526,85.09
TIME30m,SWEEP_RECLAIM,SHORT,ALL,ALL,TEST,14659,159.34,0.468,-0.0444,1.0,-10937.6,-118.89,0.829,-11232.1,1.357,-0.033,-0.236,29.8,0.578,92.11
TIME30m,SWEEP_RECLAIM,SHORT,ALL,ALL,HOLDOUT,11929,198.82,0.459,-0.0534,1.0,-14965.0,-249.42,0.767,-15495.1,1.314,-0.041,-0.253,29.7,0.531,105.55
TIME1h,SWEEP_RECLAIM,SHORT,ALL,ALL,TRAIN,29401,159.79,0.488,-0.0397,1.0,-36766.8,-199.82,0.804,-38503.2,1.47,-0.027,-0.318,58.7,0.347,55.46
TIME1h,SWEEP_RECLAIM,SHORT,ALL,ALL,VALID,14411,161.92,0.479,-0.0576,1.0,-21986.4,-247.04,0.769,-22585.5,1.298,-0.044,-0.339,58.7,0.377,61.12
TIME1h,SWEEP_RECLAIM,SHORT,ALL,ALL,TEST,14659,159.34,0.507,-0.0386,1.0,-6518.7,-70.86,0.923,-7230.9,1.357,-0.028,-0.321,58.7,0.408,64.96
TIME1h,SWEEP_RECLAIM,SHORT,ALL,ALL,HOLDOUT,11929,198.82,0.473,-0.0658,1.0,-19291.7,-321.53,0.782,-20270.0,1.314,-0.05,-0.347,58.2,0.356,70.87
TIME2h,SWEEP_RECLAIM,SHORT,ALL,ALL,TRAIN,29401,159.79,0.503,-0.0374,0.99766,-37730.5,-205.06,0.847,-41676.5,1.47,-0.025,-0.416,113.4,0.223,35.67
TIME2h,SWEEP_RECLAIM,SHORT,ALL,ALL,VALID,14411,161.92,0.506,-0.0567,0.99955,-20121.0,-226.08,0.836,-23381.0,1.298,-0.044,-0.439,113.3,0.239,38.67
TIME2h,SWEEP_RECLAIM,SHORT,ALL,ALL,TEST,14659,159.34,0.519,-0.0406,0.99944,-5910.4,-64.24,0.948,-7973.6,1.357,-0.03,-0.423,113.6,0.251,39.93
TIME2h,SWEEP_RECLAIM,SHORT,ALL,ALL,HOLDOUT,11929,198.82,0.479,-0.0858,0.99999,-24920.5,-415.34,0.791,-26300.1,1.314,-0.065,-0.46,111.3,0.216,42.98
TIME4h,SWEEP_RECLAIM,SHORT,ALL,ALL,TRAIN,29401,159.79,0.5,-0.0426,0.99142,-44816.6,-243.57,0.861,-49235.8,1.47,-0.029,-0.521,211.9,0.142,22.68
TIME4h,SWEEP_RECLAIM,SHORT,ALL,ALL,VALID,14411,161.92,0.507,-0.0724,0.99882,-27475.8,-308.72,0.83,-34039.6,1.298,-0.056,-0.55,210.7,0.146,23.72
TIME4h,SWEEP_RECLAIM,SHORT,ALL,ALL,TEST,14659,159.34,0.53,-0.0358,0.97676,-7756.9,-84.31,0.949,-11204.0,1.357,-0.026,-0.528,212.0,0.151,24.08
TIME4h,SWEEP_RECLAIM,SHORT,ALL,ALL,HOLDOUT,11929,198.82,0.478,-0.1099,0.99999,-35542.9,-592.38,0.773,-37193.1,1.314,-0.084,-0.575,205.0,0.128,25.35
SIG_OFF,SWEEP_RECLAIM,SHORT,ALL,ALL,TRAIN,29401,159.79,0.439,-0.0409,1.0,-30991.1,-168.43,0.707,-31298.6,1.47,-0.028,-0.171,15.5,0.604,96.55
SIG_OFF,SWEEP_RECLAIM,SHORT,ALL,ALL,VALID,14411,161.92,0.445,-0.0422,1.0,-17387.3,-195.36,0.674,-17499.6,1.298,-0.033,-0.176,15.5,0.658,106.49
SIG_OFF,SWEEP_RECLAIM,SHORT,ALL,ALL,TEST,14659,159.34,0.44,-0.0444,1.0,-12556.6,-136.49,0.747,-12727.5,1.357,-0.033,-0.17,15.5,0.72,114.75
SIG_OFF,SWEEP_RECLAIM,SHORT,ALL,ALL,HOLDOUT,11929,198.82,0.44,-0.0465,1.0,-12831.3,-213.85,0.727,-13141.6,1.314,-0.035,-0.182,15.5,0.699,139.02
MOM_OFF,SWEEP_RECLAIM,SHORT,ALL,ALL,TRAIN,29401,159.79,0.409,-0.0416,1.0,-31238.9,-169.78,0.709,-31516.7,1.47,-0.028,-0.172,20.3,0.584,93.26
MOM_OFF,SWEEP_RECLAIM,SHORT,ALL,ALL,VALID,14411,161.92,0.419,-0.0439,1.0,-18614.3,-209.15,0.656,-18796.6,1.298,-0.034,-0.176,19.9,0.636,102.92
MOM_OFF,SWEEP_RECLAIM,SHORT,ALL,ALL,TEST,14659,159.34,0.411,-0.045,1.0,-12926.6,-140.51,0.744,-13174.4,1.357,-0.033,-0.17,20.3,0.69,109.95
MOM_OFF,SWEEP_RECLAIM,SHORT,ALL,ALL,HOLDOUT,11929,198.82,0.411,-0.0488,1.0,-14491.9,-241.53,0.698,-14681.6,1.314,-0.037,-0.181,19.8,0.663,131.82
FIXED,ANY,SHORT,sym_funding,hot,TRAIN,6809,37.01,0.461,-0.0075,0.64518,-11895.0,-64.65,0.943,-18377.5,1.446,-0.005,-0.813,758.0,0.179,6.61
FIXED,ANY,SHORT,sym_funding,hot,VALID,3500,39.33,0.425,-0.0766,0.998,-17750.5,-199.44,0.869,-22561.3,1.611,-0.048,-0.823,736.5,0.168,6.6
FIXED,ANY,SHORT,sym_funding,hot,TEST,4370,47.5,0.454,-0.0259,0.85863,-7917.0,-86.05,0.943,-14693.5,1.419,-0.018,-0.807,739.5,0.149,7.05
FIXED,ANY,SHORT,sym_funding,hot,HOLDOUT,1973,32.88,0.425,-0.1128,0.99947,-8705.2,-145.09,0.866,-14011.3,1.53,-0.074,-0.852,749.4,0.115,3.77
TRAIL_A0.5_D0.5,ANY,SHORT,sym_funding,hot,TRAIN,6809,37.01,0.597,-0.0462,0.99961,-23503.4,-127.74,0.841,-25536.2,1.446,-0.032,-0.609,427.4,0.282,10.43
TRAIL_A0.5_D0.5,ANY,SHORT,sym_funding,hot,VALID,3500,39.33,0.583,-0.0615,0.99961,-10734.5,-120.61,0.884,-13127.5,1.611,-0.038,-0.63,428.7,0.268,10.55
TRAIL_A0.5_D0.5,ANY,SHORT,sym_funding,hot,TEST,4370,47.5,0.584,-0.0507,0.99907,-11820.4,-128.48,0.872,-13111.5,1.419,-0.036,-0.602,421.3,0.242,11.5
TRAIL_A0.5_D0.5,ANY,SHORT,sym_funding,hot,HOLDOUT,1973,32.88,0.581,-0.0688,0.99688,-2762.6,-46.04,0.935,-6777.7,1.53,-0.045,-0.622,420.0,0.193,6.33
TRAIL_A0.5_D1,ANY,SHORT,sym_funding,hot,TRAIN,6809,37.01,0.407,-0.0348,0.97923,-22204.8,-120.68,0.874,-25774.6,1.446,-0.024,-0.665,593.6,0.214,7.91
TRAIL_A0.5_D1,ANY,SHORT,sym_funding,hot,VALID,3500,39.33,0.397,-0.0641,0.99827,-12719.4,-142.92,0.883,-16356.6,1.611,-0.04,-0.675,585.6,0.21,8.26
TRAIL_A0.5_D1,ANY,SHORT,sym_funding,hot,TEST,4370,47.5,0.408,-0.034,0.95155,-6747.5,-73.34,0.94,-11446.0,1.419,-0.024,-0.652,582.1,0.182,8.64
TRAIL_A0.5_D1,ANY,SHORT,sym_funding,hot,HOLDOUT,1973,32.88,0.377,-0.114,0.99997,-7249.3,-120.82,0.86,-11985.0,1.53,-0.074,-0.676,568.8,0.145,4.78
TRAIL_A1_D0.5,ANY,SHORT,sym_funding,hot,TRAIN,6809,37.01,0.517,-0.0232,0.90547,-18695.7,-101.61,0.904,-21627.5,1.446,-0.016,-0.753,638.9,0.201,7.43
TRAIL_A1_D0.5,ANY,SHORT,sym_funding,hot,VALID,3500,39.33,0.487,-0.0619,0.99597,-12148.1,-136.5,0.901,-17333.2,1.611,-0.038,-0.77,622.1,0.191,7.53
TRAIL_A1_D0.5,ANY,SHORT,sym_funding,hot,TEST,4370,47.5,0.511,-0.0401,0.97095,-13452.9,-146.23,0.895,-15220.5,1.419,-0.028,-0.75,621.5,0.174,8.25
TRAIL_A1_D0.5,ANY,SHORT,sym_funding,hot,HOLDOUT,1973,32.88,0.499,-0.0772,0.99352,-5683.8,-94.73,0.904,-10786.7,1.53,-0.05,-0.78,615.3,0.131,4.32
TRAIL_A1_D1,ANY,SHORT,sym_funding,hot,TRAIN,6809,37.01,0.495,-0.0182,0.83345,-16787.4,-91.24,0.914,-20518.4,1.446,-0.013,-0.761,690.8,0.192,7.1
TRAIL_A1_D1,ANY,SHORT,sym_funding,hot,VALID,3500,39.33,0.473,-0.0646,0.99541,-13461.3,-151.25,0.89,-18495.5,1.611,-0.04,-0.772,672.2,0.175,6.9
TRAIL_A1_D1,ANY,SHORT,sym_funding,hot,TEST,4370,47.5,0.488,-0.0279,0.89045,-7971.8,-86.65,0.938,-13597.3,1.419,-0.02,-0.754,675.0,0.159,7.55
TRAIL_A1_D1,ANY,SHORT,sym_funding,hot,HOLDOUT,1973,32.88,0.473,-0.099,0.99887,-7148.8,-119.15,0.879,-12115.3,1.53,-0.065,-0.791,670.6,0.125,4.1
BE0.5_TRAIL,ANY,SHORT,sym_funding,hot,TRAIN,6809,37.01,0.354,-0.028,0.94305,-21219.3,-115.32,0.859,-25962.0,1.446,-0.019,-0.62,524.4,0.239,8.84
BE0.5_TRAIL,ANY,SHORT,sym_funding,hot,VALID,3500,39.33,0.359,-0.0581,0.9971,-12157.7,-136.6,0.87,-14632.6,1.611,-0.036,-0.635,518.3,0.228,8.97
BE0.5_TRAIL,ANY,SHORT,sym_funding,hot,TEST,4370,47.5,0.351,-0.0501,0.99599,-12546.6,-136.38,0.866,-14813.3,1.419,-0.035,-0.609,512.3,0.199,9.45
BE0.5_TRAIL,ANY,SHORT,sym_funding,hot,HOLDOUT,1973,32.88,0.336,-0.0779,0.99047,-3005.0,-50.08,0.931,-9104.1,1.53,-0.051,-0.634,505.9,0.164,5.38
BE1_TRAIL,ANY,SHORT,sym_funding,hot,TRAIN,6809,37.01,0.414,0.0122,0.29947,-10048.7,-54.61,0.949,-18588.3,1.446,0.008,-0.767,757.8,0.17,6.29
BE1_TRAIL,ANY,SHORT,sym_funding,hot,VALID,3500,39.33,0.393,-0.063,0.99105,-15329.2,-172.24,0.875,-19858.7,1.611,-0.039,-0.775,726.8,0.165,6.49
BE1_TRAIL,ANY,SHORT,sym_funding,hot,TEST,4370,47.5,0.401,-0.0221,0.80232,-12193.5,-132.54,0.905,-14902.5,1.419,-0.016,-0.759,729.1,0.145,6.9
BE1_TRAIL,ANY,SHORT,sym_funding,hot,HOLDOUT,1973,32.88,0.373,-0.0657,0.94707,-2701.3,-45.02,0.954,-10383.7,1.53,-0.043,-0.795,722.9,0.116,3.82
ATR_TRAIL2,ANY,SHORT,sym_funding,hot,TRAIN,6809,37.01,0.323,-0.0515,1.0,-20498.3,-111.4,0.766,-21173.8,1.446,-0.036,-0.306,136.5,0.587,21.71
ATR_TRAIL2,ANY,SHORT,sym_funding,hot,VALID,3500,39.33,0.333,-0.0541,1.0,-9490.9,-106.64,0.819,-12019.8,1.611,-0.034,-0.313,135.5,0.574,22.58
ATR_TRAIL2,ANY,SHORT,sym_funding,hot,TEST,4370,47.5,0.332,-0.0675,1.0,-13063.6,-142.0,0.757,-13304.9,1.419,-0.048,-0.304,135.8,0.543,25.78
ATR_TRAIL2,ANY,SHORT,sym_funding,hot,HOLDOUT,1973,32.88,0.325,-0.066,1.0,-4487.8,-74.8,0.82,-6024.0,1.53,-0.043,-0.314,128.2,0.509,16.75
ATR_TRAIL3,ANY,SHORT,sym_funding,hot,TRAIN,6809,37.01,0.341,-0.0388,0.9818,-19717.8,-107.16,0.832,-21345.0,1.446,-0.027,-0.432,276.4,0.377,13.96
ATR_TRAIL3,ANY,SHORT,sym_funding,hot,VALID,3500,39.33,0.345,-0.0416,0.98684,-7850.8,-88.21,0.889,-12216.5,1.611,-0.026,-0.432,272.6,0.37,14.54
ATR_TRAIL3,ANY,SHORT,sym_funding,hot,TEST,4370,47.5,0.343,-0.0642,1.0,-13950.7,-151.64,0.809,-14446.9,1.419,-0.045,-0.42,271.5,0.334,15.86
ATR_TRAIL3,ANY,SHORT,sym_funding,hot,HOLDOUT,1973,32.88,0.325,-0.1138,1.0,-9398.2,-156.64,0.73,-11227.9,1.53,-0.074,-0.433,249.6,0.314,10.33
ATR_TRAIL4,ANY,SHORT,sym_funding,hot,TRAIN,6809,37.01,0.361,-0.0258,0.87898,-17662.5,-95.99,0.876,-19811.2,1.446,-0.018,-0.535,444.1,0.272,10.05
ATR_TRAIL4,ANY,SHORT,sym_funding,hot,VALID,3500,39.33,0.363,-0.037,0.94529,-3949.1,-44.37,0.954,-12280.3,1.611,-0.023,-0.537,428.5,0.259,10.19
ATR_TRAIL4,ANY,SHORT,sym_funding,hot,TEST,4370,47.5,0.356,-0.0642,0.99959,-17089.7,-185.76,0.812,-17943.8,1.419,-0.045,-0.525,425.6,0.236,11.23
ATR_TRAIL4,ANY,SHORT,sym_funding,hot,HOLDOUT,1973,32.88,0.331,-0.1426,1.0,-12298.4,-204.97,0.709,-15201.1,1.53,-0.093,-0.535,393.6,0.206,6.78
MFE_LOCK0.3,ANY,SHORT,sym_funding,hot,TRAIN,6809,37.01,0.517,-0.0014,0.52775,-15723.3,-85.45,0.92,-21176.8,1.446,-0.001,-0.751,633.6,0.201,7.45
MFE_LOCK0.3,ANY,SHORT,sym_funding,hot,VALID,3500,39.33,0.487,-0.053,0.9856,-10523.7,-118.24,0.914,-15717.0,1.611,-0.033,-0.77,617.9,0.193,7.57
MFE_LOCK0.3,ANY,SHORT,sym_funding,hot,TEST,4370,47.5,0.511,-0.04,0.97117,-14914.9,-162.12,0.884,-16883.2,1.419,-0.028,-0.75,612.9,0.177,8.42
MFE_LOCK0.3,ANY,SHORT,sym_funding,hot,HOLDOUT,1973,32.88,0.499,-0.0485,0.91486,-2943.2,-49.05,0.95,-8589.1,1.53,-0.032,-0.782,610.3,0.127,4.18
MFE_LOCK0.5,ANY,SHORT,sym_funding,hot,TRAIN,6809,37.01,0.517,0.0013,0.47685,-14828.6,-80.59,0.924,-20499.1,1.446,0.001,-0.759,714.9,0.184,6.8
MFE_LOCK0.5,ANY,SHORT,sym_funding,hot,VALID,3500,39.33,0.487,-0.0719,0.99799,-13704.9,-153.99,0.888,-18432.1,1.611,-0.045,-0.77,688.0,0.175,6.89
MFE_LOCK0.5,ANY,SHORT,sym_funding,hot,TEST,4370,47.5,0.511,-0.0549,0.99306,-17151.5,-186.43,0.866,-18522.7,1.419,-0.039,-0.753,687.8,0.157,7.46
MFE_LOCK0.5,ANY,SHORT,sym_funding,hot,HOLDOUT,1973,32.88,0.499,-0.1049,0.99929,-6145.7,-102.43,0.896,-12774.0,1.53,-0.069,-0.782,672.0,0.128,4.22
NOTP_TRAIL0.5,ANY,SHORT,sym_funding,hot,TRAIN,6809,37.01,0.324,-0.0569,1.0,-21271.8,-115.61,0.774,-22096.3,1.446,-0.039,-0.325,181.1,0.504,18.65
NOTP_TRAIL0.5,ANY,SHORT,sym_funding,hot,VALID,3500,39.33,0.321,-0.0446,0.9999,-8544.3,-96.0,0.85,-10892.0,1.611,-0.028,-0.328,184.8,0.495,19.45
NOTP_TRAIL0.5,ANY,SHORT,sym_funding,hot,TEST,4370,47.5,0.325,-0.0609,1.0,-15618.4,-169.77,0.732,-15762.7,1.419,-0.043,-0.317,179.6,0.454,21.58
NOTP_TRAIL0.5,ANY,SHORT,sym_funding,hot,HOLDOUT,1973,32.88,0.321,-0.0543,0.99797,-3142.3,-52.37,0.882,-5745.6,1.53,-0.035,-0.329,179.7,0.417,13.7
NOTP_TRAIL1,ANY,SHORT,sym_funding,hot,TRAIN,6809,37.01,0.372,-0.0111,0.70039,-16385.0,-89.05,0.901,-21678.0,1.446,-0.008,-0.6,593.4,0.216,7.99
NOTP_TRAIL1,ANY,SHORT,sym_funding,hot,VALID,3500,39.33,0.367,-0.0446,0.9716,-10659.8,-119.77,0.895,-14786.6,1.611,-0.028,-0.597,573.6,0.204,8.01
NOTP_TRAIL1,ANY,SHORT,sym_funding,hot,TEST,4370,47.5,0.373,-0.0412,0.97483,-14934.6,-162.33,0.859,-16309.5,1.419,-0.029,-0.584,571.0,0.175,8.3
NOTP_TRAIL1,ANY,SHORT,sym_funding,hot,HOLDOUT,1973,32.88,0.333,-0.117,0.99985,-6286.5,-104.77,0.871,-12375.5,1.53,-0.076,-0.601,547.2,0.151,4.97
NOTP_TRAIL1.5,ANY,SHORT,sym_funding,hot,TRAIN,6809,37.01,0.407,0.0186,0.25445,-6844.0,-37.2,0.966,-16763.6,1.446,0.013,-0.763,834.6,0.164,6.09
NOTP_TRAIL1.5,ANY,SHORT,sym_funding,hot,VALID,3500,39.33,0.387,-0.0644,0.98571,-14725.5,-165.46,0.883,-20575.1,1.611,-0.04,-0.77,803.1,0.155,6.09
NOTP_TRAIL1.5,ANY,SHORT,sym_funding,hot,TEST,4370,47.5,0.395,-0.0584,0.98551,-16437.8,-178.67,0.875,-19720.8,1.419,-0.041,-0.748,805.3,0.135,6.43
NOTP_TRAIL1.5,ANY,SHORT,sym_funding,hot,HOLDOUT,1973,32.88,0.368,-0.0968,0.99028,-5576.6,-92.94,0.909,-13707.8,1.53,-0.063,-0.784,779.4,0.11,3.62
TIME15m,ANY,SHORT,sym_funding,hot,TRAIN,6809,37.01,0.426,-0.0278,1.0,-6982.5,-37.95,0.799,-7204.5,1.446,-0.019,-0.153,15.0,0.997,36.89
TIME15m,ANY,SHORT,sym_funding,hot,VALID,3500,39.33,0.423,-0.0324,1.0,-6202.5,-69.69,0.731,-6679.4,1.611,-0.02,-0.163,15.0,0.998,39.24
TIME15m,ANY,SHORT,sym_funding,hot,TEST,4370,47.5,0.409,-0.0258,1.0,-3699.5,-40.21,0.822,-4115.3,1.419,-0.018,-0.146,15.0,0.995,47.26
TIME15m,ANY,SHORT,sym_funding,hot,HOLDOUT,1973,32.88,0.412,-0.0342,1.0,-2897.2,-48.29,0.717,-3041.3,1.53,-0.022,-0.152,15.0,0.985,32.38
TIME30m,ANY,SHORT,sym_funding,hot,TRAIN,6809,37.01,0.442,-0.0257,1.0,-6905.0,-37.53,0.853,-7514.8,1.446,-0.018,-0.213,29.8,0.984,36.42
TIME30m,ANY,SHORT,sym_funding,hot,VALID,3500,39.33,0.442,-0.0353,1.0,-5650.5,-63.49,0.814,-6232.5,1.611,-0.022,-0.229,29.7,0.981,38.58
TIME30m,ANY,SHORT,sym_funding,hot,TEST,4370,47.5,0.443,-0.0274,1.0,-3820.3,-41.53,0.862,-4062.5,1.419,-0.019,-0.204,29.8,0.969,46.03
TIME30m,ANY,SHORT,sym_funding,hot,HOLDOUT,1973,32.88,0.427,-0.0396,1.0,-3815.2,-63.59,0.73,-4102.8,1.53,-0.026,-0.216,29.7,0.947,31.13
TIME1h,ANY,SHORT,sym_funding,hot,TRAIN,6809,37.01,0.465,-0.0307,1.0,-9358.7,-50.86,0.851,-9799.3,1.446,-0.021,-0.295,59.0,0.926,34.26
TIME1h,ANY,SHORT,sym_funding,hot,VALID,3500,39.33,0.461,-0.0396,1.0,-7380.1,-82.92,0.823,-8283.6,1.611,-0.025,-0.313,58.7,0.911,35.83
TIME1h,ANY,SHORT,sym_funding,hot,TEST,4370,47.5,0.46,-0.0294,0.99999,-4459.4,-48.47,0.882,-4677.9,1.419,-0.021,-0.287,58.8,0.88,41.8
TIME1h,ANY,SHORT,sym_funding,hot,HOLDOUT,1973,32.88,0.443,-0.0365,0.99946,-2688.1,-44.8,0.857,-3184.9,1.53,-0.024,-0.301,58.5,0.832,27.35
TIME2h,ANY,SHORT,sym_funding,hot,TRAIN,6809,37.01,0.474,-0.0317,0.99996,-12256.5,-66.61,0.857,-13072.2,1.446,-0.022,-0.405,114.8,0.642,23.76
TIME2h,ANY,SHORT,sym_funding,hot,VALID,3500,39.33,0.471,-0.0383,0.99994,-4909.3,-55.16,0.908,-7208.0,1.611,-0.024,-0.413,113.4,0.621,24.42
TIME2h,ANY,SHORT,sym_funding,hot,TEST,4370,47.5,0.484,-0.0308,0.99914,-4067.1,-44.21,0.922,-5242.2,1.419,-0.022,-0.393,114.1,0.597,28.38
TIME2h,ANY,SHORT,sym_funding,hot,HOLDOUT,1973,32.88,0.463,-0.0414,0.99863,-2823.2,-47.05,0.889,-3505.1,1.53,-0.027,-0.409,113.6,0.545,17.93
TIME4h,ANY,SHORT,sym_funding,hot,TRAIN,6809,37.01,0.477,-0.0352,0.99726,-16434.0,-89.32,0.86,-17926.3,1.446,-0.024,-0.529,215.0,0.447,16.53
TIME4h,ANY,SHORT,sym_funding,hot,VALID,3500,39.33,0.483,-0.0452,0.99837,-4976.6,-55.92,0.93,-9469.1,1.611,-0.028,-0.544,211.7,0.43,16.92
TIME4h,ANY,SHORT,sym_funding,hot,TEST,4370,47.5,0.488,-0.0348,0.99285,-4744.8,-51.57,0.933,-5726.8,1.419,-0.024,-0.517,213.5,0.402,19.11
TIME4h,ANY,SHORT,sym_funding,hot,HOLDOUT,1973,32.88,0.473,-0.0483,0.9894,-2525.6,-42.09,0.924,-3894.9,1.53,-0.032,-0.544,212.2,0.345,11.33
SIG_OFF,ANY,SHORT,sym_funding,hot,TRAIN,6809,37.01,0.419,-0.0174,0.9984,-3798.2,-20.64,0.913,-4590.1,1.446,-0.012,-0.195,65.0,0.779,28.83
SIG_OFF,ANY,SHORT,sym_funding,hot,VALID,3500,39.33,0.406,-0.0358,1.0,-6705.7,-75.34,0.77,-7620.3,1.611,-0.022,-0.206,62.0,0.759,29.84
SIG_OFF,ANY,SHORT,sym_funding,hot,TEST,4370,47.5,0.403,-0.0257,0.99994,-3675.1,-39.95,0.859,-4452.0,1.419,-0.018,-0.188,61.1,0.754,35.79
SIG_OFF,ANY,SHORT,sym_funding,hot,HOLDOUT,1973,32.88,0.399,-0.0436,1.0,-3346.6,-55.78,0.753,-4138.2,1.53,-0.028,-0.201,70.8,0.684,22.5
MOM_OFF,ANY,SHORT,sym_funding,hot,TRAIN,6809,37.01,0.351,-0.0272,1.0,-10061.5,-54.68,0.8,-10528.3,1.446,-0.019,-0.208,46.7,0.878,32.48
MOM_OFF,ANY,SHORT,sym_funding,hot,VALID,3500,39.33,0.352,-0.0344,1.0,-8098.0,-90.99,0.749,-8887.8,1.611,-0.021,-0.217,46.1,0.883,34.73
MOM_OFF,ANY,SHORT,sym_funding,hot,TEST,4370,47.5,0.354,-0.0341,1.0,-6665.8,-72.45,0.776,-6887.6,1.419,-0.024,-0.196,45.5,0.869,41.28
MOM_OFF,ANY,SHORT,sym_funding,hot,HOLDOUT,1973,32.88,0.338,-0.0524,1.0,-4364.3,-72.74,0.714,-5189.2,1.53,-0.034,-0.21,44.9,0.848,27.9
FIXED,EARLY_BRK,SHORT,ALL,ALL,TRAIN,46527,252.86,0.435,-0.0636,0.97347,-35966.0,-195.47,0.941,-60422.5,1.911,-0.033,-0.808,611.1,0.03,7.52
FIXED,EARLY_BRK,SHORT,ALL,ALL,VALID,24826,278.94,0.445,-0.0463,0.86345,-23038.2,-258.86,0.925,-57066.6,1.613,-0.029,-0.806,650.8,0.028,7.82
FIXED,EARLY_BRK,SHORT,ALL,ALL,TEST,26959,293.03,0.426,-0.1134,0.99882,-41011.4,-445.78,0.878,-48178.9,1.63,-0.07,-0.823,626.6,0.027,8.01
FIXED,EARLY_BRK,SHORT,ALL,ALL,HOLDOUT,16314,271.9,0.391,-0.2237,1.0,-58460.6,-974.34,0.727,-67482.5,1.657,-0.135,-0.849,627.1,0.03,8.25
TRAIL_A0.5_D0.5,EARLY_BRK,SHORT,ALL,ALL,TRAIN,46527,252.86,0.53,-0.097,1.0,-65380.6,-355.33,0.823,-72194.4,1.911,-0.051,-0.579,313.5,0.052,13.08
TRAIL_A0.5_D0.5,EARLY_BRK,SHORT,ALL,ALL,VALID,24826,278.94,0.515,-0.1164,1.0,-51584.8,-579.6,0.737,-58564.4,1.613,-0.072,-0.593,339.4,0.049,13.54
TRAIL_A0.5_D0.5,EARLY_BRK,SHORT,ALL,ALL,TEST,26959,293.03,0.507,-0.1493,1.0,-55806.0,-606.59,0.733,-56863.7,1.63,-0.092,-0.592,322.4,0.049,14.22
TRAIL_A0.5_D0.5,EARLY_BRK,SHORT,ALL,ALL,HOLDOUT,16314,271.9,0.463,-0.2433,1.0,-61340.4,-1022.34,0.561,-64933.8,1.657,-0.147,-0.616,324.1,0.052,14.08
TRAIL_A0.5_D1,EARLY_BRK,SHORT,ALL,ALL,TRAIN,46527,252.86,0.38,-0.0846,0.99933,-55008.8,-298.96,0.881,-68961.2,1.911,-0.044,-0.625,445.4,0.039,9.82
TRAIL_A0.5_D1,EARLY_BRK,SHORT,ALL,ALL,VALID,24826,278.94,0.382,-0.0745,0.98305,-34248.3,-384.81,0.859,-51187.6,1.613,-0.046,-0.641,480.7,0.037,10.22
TRAIL_A0.5_D1,EARLY_BRK,SHORT,ALL,ALL,TEST,26959,293.03,0.358,-0.1435,1.0,-55070.4,-598.59,0.789,-57515.0,1.63,-0.088,-0.643,452.4,0.035,10.26
TRAIL_A0.5_D1,EARLY_BRK,SHORT,ALL,ALL,HOLDOUT,16314,271.9,0.318,-0.2506,1.0,-67194.4,-1119.91,0.609,-73277.5,1.657,-0.151,-0.666,453.7,0.039,10.52
TRAIL_A1_D0.5,EARLY_BRK,SHORT,ALL,ALL,TRAIN,46527,252.86,0.524,-0.0738,0.99684,-43784.8,-237.96,0.917,-60161.4,1.911,-0.039,-0.731,484.9,0.037,9.3
TRAIL_A1_D0.5,EARLY_BRK,SHORT,ALL,ALL,VALID,24826,278.94,0.523,-0.0729,0.98134,-32645.0,-366.8,0.879,-56227.4,1.613,-0.045,-0.737,521.1,0.033,9.21
TRAIL_A1_D0.5,EARLY_BRK,SHORT,ALL,ALL,TEST,26959,293.03,0.505,-0.134,0.99999,-48796.4,-530.4,0.834,-52626.6,1.63,-0.082,-0.75,500.9,0.033,9.78
TRAIL_A1_D0.5,EARLY_BRK,SHORT,ALL,ALL,HOLDOUT,16314,271.9,0.469,-0.233,1.0,-60464.4,-1007.74,0.683,-67214.6,1.657,-0.141,-0.776,503.3,0.035,9.48
TRAIL_A1_D1,EARLY_BRK,SHORT,ALL,ALL,TRAIN,46527,252.86,0.466,-0.0661,0.98756,-38232.1,-207.78,0.928,-58816.5,1.911,-0.035,-0.734,535.5,0.034,8.6
TRAIL_A1_D1,EARLY_BRK,SHORT,ALL,ALL,VALID,24826,278.94,0.462,-0.0549,0.92148,-25673.3,-288.46,0.906,-54107.3,1.613,-0.034,-0.74,573.7,0.031,8.58
TRAIL_A1_D1,EARLY_BRK,SHORT,ALL,ALL,TEST,26959,293.03,0.444,-0.1278,0.99992,-47507.6,-516.39,0.84,-53166.7,1.63,-0.078,-0.754,548.6,0.03,8.85
TRAIL_A1_D1,EARLY_BRK,SHORT,ALL,ALL,HOLDOUT,16314,271.9,0.402,-0.2359,1.0,-62519.4,-1041.99,0.675,-70053.7,1.657,-0.142,-0.78,549.9,0.033,9.03
BE0.5_TRAIL,EARLY_BRK,SHORT,ALL,ALL,TRAIN,46527,252.86,0.335,-0.0903,0.9996,-60911.0,-331.04,0.842,-81077.2,1.911,-0.047,-0.583,381.0,0.044,11.09
BE0.5_TRAIL,EARLY_BRK,SHORT,ALL,ALL,VALID,24826,278.94,0.328,-0.1207,0.99997,-55993.3,-629.14,0.725,-60102.5,1.613,-0.075,-0.598,420.8,0.04,11.22
BE0.5_TRAIL,EARLY_BRK,SHORT,ALL,ALL,TEST,26959,293.03,0.316,-0.1658,1.0,-64771.1,-704.03,0.702,-65696.7,1.63,-0.102,-0.596,384.8,0.04,11.73
BE0.5_TRAIL,EARLY_BRK,SHORT,ALL,ALL,HOLDOUT,16314,271.9,0.279,-0.2638,1.0,-68309.3,-1138.49,0.528,-72294.7,1.657,-0.159,-0.621,379.9,0.046,12.43
BE1_TRAIL,EARLY_BRK,SHORT,ALL,ALL,TRAIN,46527,252.86,0.364,-0.0646,0.96595,-37049.3,-201.36,0.931,-79339.5,1.911,-0.034,-0.737,591.5,0.029,7.44
BE1_TRAIL,EARLY_BRK,SHORT,ALL,ALL,VALID,24826,278.94,0.374,-0.0972,0.99296,-48130.8,-540.8,0.826,-63015.7,1.613,-0.06,-0.743,640.1,0.028,7.79
BE1_TRAIL,EARLY_BRK,SHORT,ALL,ALL,TEST,26959,293.03,0.351,-0.1619,1.0,-62778.4,-682.37,0.791,-66631.2,1.63,-0.099,-0.756,596.0,0.028,8.15
BE1_TRAIL,EARLY_BRK,SHORT,ALL,ALL,HOLDOUT,16314,271.9,0.316,-0.2767,1.0,-71161.2,-1186.02,0.634,-77744.3,1.657,-0.167,-0.781,589.2,0.03,8.18
ATR_TRAIL2,EARLY_BRK,SHORT,ALL,ALL,TRAIN,46527,252.86,0.285,-0.1268,1.0,-93466.4,-507.97,0.645,-94313.0,1.911,-0.066,-0.3,115.4,0.123,31.2
ATR_TRAIL2,EARLY_BRK,SHORT,ALL,ALL,VALID,24826,278.94,0.276,-0.1531,1.0,-68441.3,-769.0,0.512,-69601.3,1.613,-0.095,-0.309,119.8,0.125,34.96
ATR_TRAIL2,EARLY_BRK,SHORT,ALL,ALL,TEST,26959,293.03,0.274,-0.1782,1.0,-69808.3,-758.79,0.516,-69808.3,1.63,-0.109,-0.298,112.9,0.122,35.72
ATR_TRAIL2,EARLY_BRK,SHORT,ALL,ALL,HOLDOUT,16314,271.9,0.245,-0.2385,1.0,-54826.0,-913.77,0.401,-56133.3,1.657,-0.144,-0.301,107.9,0.139,37.68
ATR_TRAIL3,EARLY_BRK,SHORT,ALL,ALL,TRAIN,46527,252.86,0.306,-0.1009,0.99787,-62623.9,-340.35,0.819,-66412.7,1.911,-0.053,-0.422,247.4,0.072,18.26
ATR_TRAIL3,EARLY_BRK,SHORT,ALL,ALL,VALID,24826,278.94,0.31,-0.1474,1.0,-65263.1,-733.29,0.632,-67759.2,1.613,-0.091,-0.429,261.1,0.066,18.43
ATR_TRAIL3,EARLY_BRK,SHORT,ALL,ALL,TEST,26959,293.03,0.292,-0.1997,1.0,-80373.5,-873.62,0.575,-80703.7,1.63,-0.122,-0.422,235.3,0.068,19.87
ATR_TRAIL3,EARLY_BRK,SHORT,ALL,ALL,HOLDOUT,16314,271.9,0.259,-0.2683,1.0,-64870.1,-1081.17,0.461,-68064.3,1.657,-0.162,-0.426,226.8,0.078,21.2
ATR_TRAIL4,EARLY_BRK,SHORT,ALL,ALL,TRAIN,46527,252.86,0.325,-0.0634,0.90513,-29455.9,-160.09,0.93,-66371.7,1.911,-0.033,-0.536,407.8,0.048,12.04
ATR_TRAIL4,EARLY_BRK,SHORT,ALL,ALL,VALID,24826,278.94,0.324,-0.1396,0.99999,-62816.8,-705.81,0.706,-69249.8,1.613,-0.087,-0.542,425.4,0.044,12.22
ATR_TRAIL4,EARLY_BRK,SHORT,ALL,ALL,TEST,26959,293.03,0.299,-0.2114,1.0,-85123.6,-925.26,0.633,-86252.6,1.63,-0.13,-0.541,385.1,0.044,12.95
ATR_TRAIL4,EARLY_BRK,SHORT,ALL,ALL,HOLDOUT,16314,271.9,0.266,-0.2975,1.0,-73604.3,-1226.74,0.502,-77739.4,1.657,-0.18,-0.546,367.9,0.049,13.42
MFE_LOCK0.3,EARLY_BRK,SHORT,ALL,ALL,TRAIN,46527,252.86,0.524,-0.0745,0.99617,-44405.7,-241.34,0.916,-68737.1,1.911,-0.039,-0.731,482.5,0.036,9.13
MFE_LOCK0.3,EARLY_BRK,SHORT,ALL,ALL,VALID,24826,278.94,0.523,-0.0883,0.99509,-40444.6,-454.43,0.85,-59246.2,1.613,-0.055,-0.737,519.8,0.034,9.52
MFE_LOCK0.3,EARLY_BRK,SHORT,ALL,ALL,TEST,26959,293.03,0.505,-0.1483,1.0,-52957.5,-575.63,0.82,-55673.2,1.63,-0.091,-0.75,496.7,0.033,9.55
MFE_LOCK0.3,EARLY_BRK,SHORT,ALL,ALL,HOLDOUT,16314,271.9,0.47,-0.2511,1.0,-61517.4,-1025.29,0.677,-67129.0,1.657,-0.152,-0.776,497.6,0.037,10.18
MFE_LOCK0.5,EARLY_BRK,SHORT,ALL,ALL,TRAIN,46527,252.86,0.523,-0.0637,0.97321,-34400.5,-186.96,0.935,-60590.2,1.911,-0.033,-0.733,564.3,0.031,7.96
MFE_LOCK0.5,EARLY_BRK,SHORT,ALL,ALL,VALID,24826,278.94,0.521,-0.0991,0.99583,-45827.3,-514.91,0.83,-60085.2,1.613,-0.061,-0.739,608.0,0.031,8.57
MFE_LOCK0.5,EARLY_BRK,SHORT,ALL,ALL,TEST,26959,293.03,0.503,-0.1816,1.0,-70218.9,-763.25,0.762,-74941.5,1.63,-0.111,-0.752,563.3,0.029,8.4
MFE_LOCK0.5,EARLY_BRK,SHORT,ALL,ALL,HOLDOUT,16314,271.9,0.467,-0.2951,1.0,-74897.9,-1248.3,0.607,-80573.5,1.657,-0.178,-0.777,550.1,0.032,8.7
NOTP_TRAIL0.5,EARLY_BRK,SHORT,ALL,ALL,TRAIN,46527,252.86,0.293,-0.133,1.0,-97951.8,-532.35,0.635,-100002.0,1.911,-0.07,-0.305,126.5,0.107,27.12
NOTP_TRAIL0.5,EARLY_BRK,SHORT,ALL,ALL,VALID,24826,278.94,0.282,-0.1525,1.0,-67217.3,-755.25,0.532,-68211.8,1.613,-0.095,-0.314,134.7,0.107,29.88
NOTP_TRAIL0.5,EARLY_BRK,SHORT,ALL,ALL,TEST,26959,293.03,0.281,-0.1691,1.0,-64772.6,-704.05,0.564,-64813.1,1.63,-0.104,-0.305,128.3,0.104,30.47
NOTP_TRAIL0.5,EARLY_BRK,SHORT,ALL,ALL,HOLDOUT,16314,271.9,0.253,-0.2297,1.0,-52634.0,-877.23,0.441,-53775.3,1.657,-0.139,-0.307,125.7,0.113,30.7
NOTP_TRAIL1,EARLY_BRK,SHORT,ALL,ALL,TRAIN,46527,252.86,0.348,-0.0873,0.9961,-53332.0,-289.85,0.878,-77626.0,1.911,-0.046,-0.56,449.5,0.039,9.74
NOTP_TRAIL1,EARLY_BRK,SHORT,ALL,ALL,VALID,24826,278.94,0.349,-0.1129,0.99944,-51876.3,-582.88,0.773,-57614.0,1.613,-0.07,-0.572,496.1,0.035,9.83
NOTP_TRAIL1,EARLY_BRK,SHORT,ALL,ALL,TEST,26959,293.03,0.325,-0.1874,1.0,-74884.9,-813.97,0.697,-77022.5,1.63,-0.115,-0.573,445.9,0.036,10.47
NOTP_TRAIL1,EARLY_BRK,SHORT,ALL,ALL,HOLDOUT,16314,271.9,0.283,-0.2939,1.0,-76222.4,-1270.37,0.531,-80575.3,1.657,-0.177,-0.586,430.6,0.037,10.07
NOTP_TRAIL1.5,EARLY_BRK,SHORT,ALL,ALL,TRAIN,46527,252.86,0.355,-0.0439,0.83015,-13586.9,-73.84,0.976,-60641.1,1.911,-0.023,-0.726,700.9,0.027,6.94
NOTP_TRAIL1.5,EARLY_BRK,SHORT,ALL,ALL,VALID,24826,278.94,0.363,-0.1042,0.98974,-51757.9,-581.55,0.821,-65682.5,1.613,-0.065,-0.737,751.5,0.025,6.93
NOTP_TRAIL1.5,EARLY_BRK,SHORT,ALL,ALL,TEST,26959,293.03,0.342,-0.1935,1.0,-79563.9,-864.82,0.747,-85345.5,1.63,-0.119,-0.746,698.1,0.024,7.11
NOTP_TRAIL1.5,EARLY_BRK,SHORT,ALL,ALL,HOLDOUT,16314,271.9,0.311,-0.3014,1.0,-73491.9,-1224.87,0.636,-82582.1,1.657,-0.182,-0.769,678.0,0.027,7.38
TIME15m,EARLY_BRK,SHORT,ALL,ALL,TRAIN,46527,252.86,0.348,-0.0628,1.0,-48105.8,-261.44,0.557,-48762.6,1.911,-0.033,-0.156,15.0,0.398,100.61
TIME15m,EARLY_BRK,SHORT,ALL,ALL,VALID,24826,278.94,0.318,-0.0691,1.0,-29413.9,-330.49,0.488,-29519.3,1.613,-0.043,-0.155,15.0,0.439,122.33
TIME15m,EARLY_BRK,SHORT,ALL,ALL,TEST,26959,293.03,0.335,-0.0751,1.0,-28138.8,-305.86,0.522,-28469.0,1.63,-0.046,-0.15,15.0,0.446,130.77
TIME15m,EARLY_BRK,SHORT,ALL,ALL,HOLDOUT,16314,271.9,0.319,-0.0874,1.0,-18061.8,-301.03,0.483,-18278.1,1.657,-0.053,-0.147,15.0,0.504,136.92
TIME30m,EARLY_BRK,SHORT,ALL,ALL,TRAIN,46527,252.86,0.388,-0.0586,1.0,-43178.3,-234.66,0.69,-43915.2,1.911,-0.031,-0.22,29.9,0.301,76.03
TIME30m,EARLY_BRK,SHORT,ALL,ALL,VALID,24826,278.94,0.361,-0.0724,1.0,-33242.2,-373.51,0.549,-33440.0,1.613,-0.045,-0.219,29.8,0.326,90.97
TIME30m,EARLY_BRK,SHORT,ALL,ALL,TEST,26959,293.03,0.373,-0.0751,1.0,-27775.0,-301.9,0.618,-27971.1,1.63,-0.046,-0.21,29.8,0.33,96.79
TIME30m,EARLY_BRK,SHORT,ALL,ALL,HOLDOUT,16314,271.9,0.347,-0.1034,1.0,-23921.1,-398.68,0.5,-24515.7,1.657,-0.062,-0.215,29.9,0.366,99.53
TIME1h,EARLY_BRK,SHORT,ALL,ALL,TRAIN,46527,252.86,0.414,-0.0587,1.0,-41965.2,-228.07,0.766,-42509.2,1.911,-0.031,-0.309,59.0,0.212,53.69
TIME1h,EARLY_BRK,SHORT,ALL,ALL,VALID,24826,278.94,0.396,-0.0742,1.0,-34511.3,-387.77,0.627,-34940.5,1.613,-0.046,-0.299,59.0,0.223,62.22
TIME1h,EARLY_BRK,SHORT,ALL,ALL,TEST,26959,293.03,0.4,-0.0761,1.0,-28002.8,-304.38,0.71,-28745.7,1.63,-0.047,-0.294,59.0,0.221,64.89
TIME1h,EARLY_BRK,SHORT,ALL,ALL,HOLDOUT,16314,271.9,0.371,-0.1144,1.0,-27994.2,-466.57,0.544,-28819.9,1.657,-0.069,-0.304,59.1,0.242,65.82
TIME2h,EARLY_BRK,SHORT,ALL,ALL,TRAIN,46527,252.86,0.451,-0.0507,0.99863,-27924.0,-151.76,0.883,-29078.7,1.911,-0.027,-0.421,114.1,0.137,34.68
TIME2h,EARLY_BRK,SHORT,ALL,ALL,VALID,24826,278.94,0.425,-0.0742,0.99994,-33909.7,-381.01,0.721,-35395.8,1.613,-0.046,-0.413,115.0,0.138,38.43
TIME2h,EARLY_BRK,SHORT,ALL,ALL,TEST,26959,293.03,0.417,-0.0963,1.0,-37958.2,-412.59,0.717,-38718.9,1.63,-0.059,-0.41,114.1,0.135,39.6
TIME2h,EARLY_BRK,SHORT,ALL,ALL,HOLDOUT,16314,271.9,0.396,-0.1436,1.0,-36179.8,-603.0,0.569,-37694.0,1.657,-0.087,-0.423,114.6,0.147,40.02
TIME4h,EARLY_BRK,SHORT,ALL,ALL,TRAIN,46527,252.86,0.464,-0.0527,0.9905,-32072.1,-174.31,0.901,-35881.0,1.911,-0.028,-0.546,210.3,0.086,21.8
TIME4h,EARLY_BRK,SHORT,ALL,ALL,VALID,24826,278.94,0.472,-0.0498,0.96567,-23481.2,-263.83,0.854,-30666.3,1.613,-0.031,-0.536,214.3,0.082,22.99
TIME4h,EARLY_BRK,SHORT,ALL,ALL,TEST,26959,293.03,0.442,-0.107,0.99999,-42508.6,-462.05,0.765,-43789.8,1.63,-0.066,-0.552,210.6,0.081,23.85
TIME4h,EARLY_BRK,SHORT,ALL,ALL,HOLDOUT,16314,271.9,0.414,-0.1778,1.0,-46039.2,-767.32,0.601,-48640.8,1.657,-0.107,-0.566,211.8,0.088,23.87
SIG_OFF,EARLY_BRK,SHORT,ALL,ALL,TRAIN,46527,252.86,0.34,-0.0626,1.0,-48008.3,-260.91,0.56,-48749.6,1.911,-0.033,-0.157,15.5,0.394,99.57
SIG_OFF,EARLY_BRK,SHORT,ALL,ALL,VALID,24826,278.94,0.313,-0.0692,1.0,-29547.9,-332.0,0.486,-29592.8,1.613,-0.043,-0.156,15.4,0.435,121.22
SIG_OFF,EARLY_BRK,SHORT,ALL,ALL,TEST,26959,293.03,0.329,-0.075,1.0,-28216.4,-306.7,0.523,-28587.5,1.63,-0.046,-0.15,15.4,0.442,129.66
SIG_OFF,EARLY_BRK,SHORT,ALL,ALL,HOLDOUT,16314,271.9,0.311,-0.0884,1.0,-18358.8,-305.98,0.476,-18562.2,1.657,-0.053,-0.147,15.4,0.498,135.38
MOM_OFF,EARLY_BRK,SHORT,ALL,ALL,TRAIN,46527,252.86,0.302,-0.0499,0.99872,-34696.2,-188.57,0.81,-35212.9,1.911,-0.026,-0.253,66.1,0.185,46.66
MOM_OFF,EARLY_BRK,SHORT,ALL,ALL,VALID,24826,278.94,0.287,-0.0748,1.0,-36261.3,-407.43,0.615,-36501.9,1.613,-0.046,-0.254,66.1,0.195,54.34
MOM_OFF,EARLY_BRK,SHORT,ALL,ALL,TEST,26959,293.03,0.292,-0.0854,1.0,-33909.1,-368.58,0.649,-34817.2,1.63,-0.052,-0.245,65.3,0.192,56.33
MOM_OFF,EARLY_BRK,SHORT,ALL,ALL,HOLDOUT,16314,271.9,0.264,-0.1281,1.0,-32469.8,-541.16,0.476,-33333.5,1.657,-0.077,-0.25,63.0,0.215,58.45
FIXED,BRK_24H,LONG,ALL,ALL,TRAIN,26289,142.88,0.398,-0.1198,0.99989,-71822.5,-390.34,0.864,-95669.5,1.717,-0.07,-0.798,679.2,0.059,8.42
FIXED,BRK_24H,LONG,ALL,ALL,VALID,13144,147.69,0.401,-0.0918,0.98382,-36023.4,-404.76,0.866,-40841.7,1.732,-0.053,-0.786,668.0,0.059,8.66
FIXED,BRK_24H,LONG,ALL,ALL,TEST,13062,141.98,0.395,-0.1352,1.0,-29413.7,-319.71,0.886,-39760.7,1.637,-0.083,-0.808,661.8,0.058,8.22
FIXED,BRK_24H,LONG,ALL,ALL,HOLDOUT,10771,179.52,0.492,0.1176,0.01313,57284.2,954.74,1.29,-23896.3,2.258,0.052,-0.805,622.9,0.048,8.63
TRAIL_A0.5_D0.5,BRK_24H,LONG,ALL,ALL,TRAIN,26289,142.88,0.511,-0.1453,1.0,-87684.3,-476.55,0.751,-94513.7,1.717,-0.085,-0.609,385.6,0.106,15.18
TRAIL_A0.5_D0.5,BRK_24H,LONG,ALL,ALL,VALID,13144,147.69,0.545,-0.0929,0.99983,-32629.9,-366.63,0.804,-33144.5,1.732,-0.054,-0.577,348.2,0.109,16.15
TRAIL_A0.5_D0.5,BRK_24H,LONG,ALL,ALL,TEST,13062,141.98,0.514,-0.1514,1.0,-41096.0,-446.7,0.757,-43783.4,1.637,-0.092,-0.604,354.1,0.111,15.83
TRAIL_A0.5_D0.5,BRK_24H,LONG,ALL,ALL,HOLDOUT,10771,179.52,0.586,0.0013,0.48352,16373.3,272.89,1.132,-11066.2,2.258,0.001,-0.58,325.1,0.088,15.75
TRAIL_A0.5_D1,BRK_24H,LONG,ALL,ALL,TRAIN,26289,142.88,0.353,-0.1383,1.0,-86830.2,-471.9,0.796,-98688.7,1.717,-0.081,-0.652,510.6,0.083,11.81
TRAIL_A0.5_D1,BRK_24H,LONG,ALL,ALL,VALID,13144,147.69,0.363,-0.0853,0.99403,-32085.2,-360.51,0.844,-32744.2,1.732,-0.049,-0.619,467.1,0.084,12.46
TRAIL_A0.5_D1,BRK_24H,LONG,ALL,ALL,TEST,13062,141.98,0.346,-0.1585,1.0,-39282.7,-426.99,0.81,-42646.1,1.637,-0.097,-0.648,466.6,0.084,11.9
TRAIL_A0.5_D1,BRK_24H,LONG,ALL,ALL,HOLDOUT,10771,179.52,0.435,0.0493,0.11403,34887.7,581.46,1.226,-14460.9,2.258,0.022,-0.629,440.2,0.067,11.98
TRAIL_A1_D0.5,BRK_24H,LONG,ALL,ALL,TRAIN,26289,142.88,0.468,-0.1345,1.0,-79647.6,-432.87,0.833,-94728.7,1.717,-0.078,-0.744,569.0,0.07,10.06
TRAIL_A1_D0.5,BRK_24H,LONG,ALL,ALL,VALID,13144,147.69,0.486,-0.0961,0.99698,-35756.1,-401.75,0.849,-37073.9,1.732,-0.055,-0.723,546.7,0.071,10.53
TRAIL_A1_D0.5,BRK_24H,LONG,ALL,ALL,TEST,13062,141.98,0.466,-0.1531,1.0,-39295.7,-427.13,0.831,-45615.1,1.637,-0.094,-0.75,543.7,0.069,9.8
TRAIL_A1_D0.5,BRK_24H,LONG,ALL,ALL,HOLDOUT,10771,179.52,0.559,0.0656,0.05829,43637.5,727.29,1.252,-16409.5,2.258,0.029,-0.731,503.9,0.057,10.2
TRAIL_A1_D1,BRK_24H,LONG,ALL,ALL,TRAIN,26289,142.88,0.427,-0.1312,1.0,-79964.7,-434.59,0.833,-96272.9,1.717,-0.076,-0.746,609.0,0.066,9.39
TRAIL_A1_D1,BRK_24H,LONG,ALL,ALL,VALID,13144,147.69,0.441,-0.0873,0.98836,-33529.4,-376.73,0.859,-35497.4,1.732,-0.05,-0.725,585.1,0.066,9.7
TRAIL_A1_D1,BRK_24H,LONG,ALL,ALL,TEST,13062,141.98,0.424,-0.1534,1.0,-37538.0,-408.02,0.839,-44088.0,1.637,-0.094,-0.752,579.7,0.066,9.43
TRAIL_A1_D1,BRK_24H,LONG,ALL,ALL,HOLDOUT,10771,179.52,0.521,0.0836,0.03554,48691.9,811.53,1.281,-18133.4,2.258,0.037,-0.735,542.7,0.056,10.02
BE0.5_TRAIL,BRK_24H,LONG,ALL,ALL,TRAIN,26289,142.88,0.3,-0.1453,1.0,-82805.6,-450.03,0.771,-93723.8,1.717,-0.085,-0.612,441.2,0.094,13.43
BE0.5_TRAIL,BRK_24H,LONG,ALL,ALL,VALID,13144,147.69,0.315,-0.0891,0.99466,-34325.0,-385.67,0.799,-35025.3,1.732,-0.051,-0.579,398.2,0.095,14.03
BE0.5_TRAIL,BRK_24H,LONG,ALL,ALL,TEST,13062,141.98,0.296,-0.1623,1.0,-40967.4,-445.3,0.764,-43632.4,1.637,-0.099,-0.608,398.7,0.096,13.67
BE0.5_TRAIL,BRK_24H,LONG,ALL,ALL,HOLDOUT,10771,179.52,0.364,0.0215,0.28321,22973.4,382.89,1.18,-11358.7,2.258,0.01,-0.587,375.7,0.079,14.27
BE1_TRAIL,BRK_24H,LONG,ALL,ALL,TRAIN,26289,142.88,0.338,-0.1364,1.0,-74860.3,-406.85,0.845,-92266.3,1.717,-0.079,-0.748,650.3,0.063,8.98
BE1_TRAIL,BRK_24H,LONG,ALL,ALL,VALID,13144,147.69,0.348,-0.0867,0.97344,-34758.7,-390.55,0.855,-36272.6,1.732,-0.05,-0.726,626.3,0.061,8.96
BE1_TRAIL,BRK_24H,LONG,ALL,ALL,TEST,13062,141.98,0.327,-0.1702,1.0,-39739.1,-431.95,0.831,-48018.1,1.637,-0.104,-0.755,616.5,0.062,8.78
BE1_TRAIL,BRK_24H,LONG,ALL,ALL,HOLDOUT,10771,179.52,0.419,0.1142,0.0183,59622.7,993.71,1.34,-15150.3,2.258,0.051,-0.742,590.0,0.054,9.68
ATR_TRAIL2,BRK_24H,LONG,ALL,ALL,TRAIN,26289,142.88,0.281,-0.1186,1.0,-60799.1,-330.43,0.728,-60800.2,1.717,-0.069,-0.311,109.9,0.247,35.27
ATR_TRAIL2,BRK_24H,LONG,ALL,ALL,VALID,13144,147.69,0.299,-0.0923,0.99978,-30312.6,-340.59,0.73,-30997.0,1.732,-0.053,-0.314,102.2,0.267,39.37
ATR_TRAIL2,BRK_24H,LONG,ALL,ALL,TEST,13062,141.98,0.263,-0.1483,1.0,-41838.2,-454.76,0.638,-41875.4,1.637,-0.091,-0.322,97.7,0.296,41.99
ATR_TRAIL2,BRK_24H,LONG,ALL,ALL,HOLDOUT,10771,179.52,0.307,-0.0747,0.99962,-15163.6,-252.73,0.839,-15315.7,2.258,-0.033,-0.325,96.8,0.25,44.8
ATR_TRAIL3,BRK_24H,LONG,ALL,ALL,TRAIN,26289,142.88,0.29,-0.1128,1.0,-58405.0,-317.42,0.804,-58618.4,1.717,-0.066,-0.429,233.8,0.143,20.42
ATR_TRAIL3,BRK_24H,LONG,ALL,ALL,VALID,13144,147.69,0.302,-0.0921,0.99493,-36667.5,-411.99,0.76,-37829.0,1.732,-0.053,-0.431,226.7,0.151,22.37
ATR_TRAIL3,BRK_24H,LONG,ALL,ALL,TEST,13062,141.98,0.272,-0.1662,1.0,-40790.8,-443.38,0.739,-41342.6,1.637,-0.102,-0.447,220.4,0.156,22.16
ATR_TRAIL3,BRK_24H,LONG,ALL,ALL,HOLDOUT,10771,179.52,0.322,-0.0588,0.96088,-8845.3,-147.42,0.931,-13299.4,2.258,-0.026,-0.446,215.7,0.131,23.5
ATR_TRAIL4,BRK_24H,LONG,ALL,ALL,TRAIN,26289,142.88,0.298,-0.1075,0.99996,-64021.8,-347.94,0.825,-69325.6,1.717,-0.063,-0.538,384.6,0.096,13.7
ATR_TRAIL4,BRK_24H,LONG,ALL,ALL,VALID,13144,147.69,0.313,-0.0694,0.95878,-26874.9,-301.97,0.854,-30305.6,1.732,-0.04,-0.533,379.8,0.096,14.12
ATR_TRAIL4,BRK_24H,LONG,ALL,ALL,TEST,13062,141.98,0.274,-0.1857,1.0,-45752.2,-497.31,0.762,-46233.1,1.637,-0.113,-0.562,367.7,0.098,13.91
ATR_TRAIL4,BRK_24H,LONG,ALL,ALL,HOLDOUT,10771,179.52,0.345,0.0511,0.15963,26389.9,439.83,1.173,-13224.1,2.258,0.023,-0.56,386.2,0.081,14.48
MFE_LOCK0.3,BRK_24H,LONG,ALL,ALL,TRAIN,26289,142.88,0.468,-0.1305,1.0,-72316.0,-393.02,0.849,-87307.5,1.717,-0.076,-0.744,568.1,0.071,10.12
MFE_LOCK0.3,BRK_24H,LONG,ALL,ALL,VALID,13144,147.69,0.486,-0.098,0.99768,-37000.0,-415.73,0.844,-38025.4,1.732,-0.057,-0.723,544.7,0.072,10.63
MFE_LOCK0.3,BRK_24H,LONG,ALL,ALL,TEST,13062,141.98,0.466,-0.1548,1.0,-36928.6,-401.4,0.841,-43516.0,1.637,-0.095,-0.751,541.5,0.072,10.2
MFE_LOCK0.3,BRK_24H,LONG,ALL,ALL,HOLDOUT,10771,179.52,0.559,0.0755,0.04226,46867.9,781.13,1.271,-14008.6,2.258,0.033,-0.731,504.9,0.059,10.55
MFE_LOCK0.5,BRK_24H,LONG,ALL,ALL,TRAIN,26289,142.88,0.467,-0.1292,0.99999,-73286.4,-398.3,0.847,-90866.3,1.717,-0.075,-0.744,623.0,0.065,9.35
MFE_LOCK0.5,BRK_24H,LONG,ALL,ALL,VALID,13144,147.69,0.485,-0.1148,0.99843,-46345.1,-520.73,0.804,-46800.1,1.732,-0.066,-0.724,594.1,0.066,9.69
MFE_LOCK0.5,BRK_24H,LONG,ALL,ALL,TEST,13062,141.98,0.464,-0.1691,1.0,-39846.3,-433.11,0.828,-42870.5,1.637,-0.103,-0.751,585.7,0.063,8.9
MFE_LOCK0.5,BRK_24H,LONG,ALL,ALL,HOLDOUT,10771,179.52,0.558,0.102,0.03236,50333.6,838.89,1.291,-12637.5,2.258,0.045,-0.736,569.3,0.053,9.5
NOTP_TRAIL0.5,BRK_24H,LONG,ALL,ALL,TRAIN,26289,142.88,0.28,-0.1283,1.0,-73395.9,-398.89,0.679,-73395.9,1.717,-0.075,-0.313,124.8,0.247,35.33
NOTP_TRAIL0.5,BRK_24H,LONG,ALL,ALL,VALID,13144,147.69,0.31,-0.0973,1.0,-32449.5,-364.6,0.706,-33106.7,1.732,-0.056,-0.31,104.8,0.271,40.06
NOTP_TRAIL0.5,BRK_24H,LONG,ALL,ALL,TEST,13062,141.98,0.274,-0.1516,1.0,-44218.3,-480.63,0.612,-44226.2,1.637,-0.093,-0.318,97.3,0.303,43.08
NOTP_TRAIL0.5,BRK_24H,LONG,ALL,ALL,HOLDOUT,10771,179.52,0.317,-0.0714,0.99966,-11659.2,-194.32,0.873,-12983.6,2.258,-0.032,-0.318,95.8,0.253,45.47
NOTP_TRAIL1,BRK_24H,LONG,ALL,ALL,TRAIN,26289,142.88,0.322,-0.1345,1.0,-81608.5,-443.52,0.797,-92407.7,1.717,-0.078,-0.581,475.1,0.09,12.91
NOTP_TRAIL1,BRK_24H,LONG,ALL,ALL,VALID,13144,147.69,0.336,-0.0878,0.98822,-34908.9,-392.23,0.819,-36912.8,1.732,-0.051,-0.553,431.0,0.09,13.35
NOTP_TRAIL1,BRK_24H,LONG,ALL,ALL,TEST,13062,141.98,0.317,-0.1706,1.0,-40503.4,-440.25,0.793,-41602.4,1.637,-0.104,-0.578,418.4,0.095,13.48
NOTP_TRAIL1,BRK_24H,LONG,ALL,ALL,HOLDOUT,10771,179.52,0.396,0.0526,0.12571,33800.1,563.34,1.225,-11582.4,2.258,0.023,-0.565,408.8,0.08,14.42
NOTP_TRAIL1.5,BRK_24H,LONG,ALL,ALL,TRAIN,26289,142.88,0.338,-0.1131,0.99906,-57211.5,-310.93,0.885,-82753.4,1.717,-0.066,-0.738,730.1,0.055,7.84
NOTP_TRAIL1.5,BRK_24H,LONG,ALL,ALL,VALID,13144,147.69,0.343,-0.0923,0.97195,-37033.7,-416.11,0.85,-39733.0,1.732,-0.053,-0.713,702.7,0.056,8.25
NOTP_TRAIL1.5,BRK_24H,LONG,ALL,ALL,TEST,13062,141.98,0.328,-0.1794,1.0,-42612.0,-463.17,0.826,-45185.1,1.637,-0.11,-0.744,684.5,0.056,7.97
NOTP_TRAIL1.5,BRK_24H,LONG,ALL,ALL,HOLDOUT,10771,179.52,0.423,0.2091,0.00318,94073.4,1567.89,1.513,-13634.8,2.258,0.093,-0.752,696.8,0.047,8.47
TIME15m,BRK_24H,LONG,ALL,ALL,TRAIN,26289,142.88,0.379,-0.0501,1.0,-29034.6,-157.8,0.712,-29068.4,1.717,-0.029,-0.178,15.0,0.596,85.1
TIME15m,BRK_24H,LONG,ALL,ALL,VALID,13144,147.69,0.372,-0.0476,1.0,-15767.8,-177.17,0.691,-16002.3,1.732,-0.028,-0.182,15.0,0.621,91.74
TIME15m,BRK_24H,LONG,ALL,ALL,TEST,13062,141.98,0.382,-0.0492,1.0,-14056.3,-152.79,0.712,-14265.3,1.637,-0.03,-0.178,15.0,0.723,102.72
TIME15m,BRK_24H,LONG,ALL,ALL,HOLDOUT,10771,179.52,0.393,-0.0405,1.0,-8891.2,-148.19,0.795,-9452.6,2.258,-0.018,-0.182,14.9,0.693,124.37
TIME30m,BRK_24H,LONG,ALL,ALL,TRAIN,26289,142.88,0.395,-0.0476,1.0,-25369.6,-137.88,0.805,-25870.5,1.717,-0.028,-0.244,29.7,0.479,68.48
TIME30m,BRK_24H,LONG,ALL,ALL,VALID,13144,147.69,0.408,-0.0403,1.0,-12789.2,-143.7,0.805,-13243.1,1.732,-0.023,-0.246,29.8,0.507,74.9
TIME30m,BRK_24H,LONG,ALL,ALL,TEST,13062,141.98,0.396,-0.0531,1.0,-17046.1,-185.28,0.737,-17441.3,1.637,-0.032,-0.244,29.7,0.585,83.1
TIME30m,BRK_24H,LONG,ALL,ALL,HOLDOUT,10771,179.52,0.412,-0.0385,0.99975,-7185.0,-119.75,0.876,-7766.1,2.258,-0.017,-0.255,29.6,0.536,96.23
TIME1h,BRK_24H,LONG,ALL,ALL,TRAIN,26289,142.88,0.409,-0.0484,0.99999,-23309.7,-126.68,0.865,-23787.1,1.717,-0.028,-0.325,58.6,0.357,51.02
TIME1h,BRK_24H,LONG,ALL,ALL,VALID,13144,147.69,0.424,-0.04,0.9972,-14896.8,-167.38,0.835,-15825.1,1.732,-0.023,-0.331,58.8,0.376,55.57
TIME1h,BRK_24H,LONG,ALL,ALL,TEST,13062,141.98,0.39,-0.0651,1.0,-21314.9,-231.68,0.759,-22138.3,1.637,-0.04,-0.336,58.7,0.425,60.29
TIME1h,BRK_24H,LONG,ALL,ALL,HOLDOUT,10771,179.52,0.424,-0.0297,0.95832,-3644.3,-60.74,0.952,-7683.4,2.258,-0.013,-0.348,58.1,0.371,66.6
TIME2h,BRK_24H,LONG,ALL,ALL,TRAIN,26289,142.88,0.41,-0.0627,0.99996,-28631.8,-155.61,0.874,-29935.7,1.717,-0.037,-0.429,113.1,0.235,33.52
TIME2h,BRK_24H,LONG,ALL,ALL,VALID,13144,147.69,0.416,-0.0392,0.96486,-15875.9,-178.38,0.866,-16483.9,1.732,-0.023,-0.433,113.6,0.244,35.97
TIME2h,BRK_24H,LONG,ALL,ALL,TEST,13062,141.98,0.403,-0.0738,1.0,-23455.9,-254.96,0.799,-24968.0,1.637,-0.045,-0.444,113.3,0.267,37.85
TIME2h,BRK_24H,LONG,ALL,ALL,HOLDOUT,10771,179.52,0.436,-0.0185,0.78865,-824.0,-13.73,0.992,-10549.6,2.258,-0.008,-0.464,111.5,0.227,40.67
TIME4h,BRK_24H,LONG,ALL,ALL,TRAIN,26289,142.88,0.425,-0.0631,0.99903,-23643.5,-128.5,0.919,-30406.2,1.717,-0.037,-0.537,209.0,0.153,21.83
TIME4h,BRK_24H,LONG,ALL,ALL,VALID,13144,147.69,0.431,-0.0269,0.82034,-12380.9,-139.11,0.917,-16346.3,1.732,-0.016,-0.54,209.7,0.155,22.93
TIME4h,BRK_24H,LONG,ALL,ALL,TEST,13062,141.98,0.393,-0.1041,1.0,-29145.8,-316.8,0.811,-32273.1,1.637,-0.064,-0.564,208.8,0.166,23.58
TIME4h,BRK_24H,LONG,ALL,ALL,HOLDOUT,10771,179.52,0.449,-0.0025,0.5326,5854.1,97.57,1.046,-15308.5,2.258,-0.001,-0.584,203.6,0.138,24.78
SIG_OFF,BRK_24H,LONG,ALL,ALL,TRAIN,26289,142.88,0.37,-0.048,1.0,-26478.1,-143.9,0.739,-26796.4,1.717,-0.028,-0.179,15.9,0.585,83.56
SIG_OFF,BRK_24H,LONG,ALL,ALL,VALID,13144,147.69,0.363,-0.0456,1.0,-15038.9,-168.98,0.708,-15361.2,1.732,-0.026,-0.183,15.7,0.613,90.57
SIG_OFF,BRK_24H,LONG,ALL,ALL,TEST,13062,141.98,0.372,-0.0502,1.0,-14762.1,-160.46,0.7,-14980.0,1.637,-0.031,-0.178,15.8,0.712,101.13
SIG_OFF,BRK_24H,LONG,ALL,ALL,HOLDOUT,10771,179.52,0.381,-0.041,1.0,-9031.0,-150.52,0.795,-9709.7,2.258,-0.018,-0.184,15.8,0.68,122.0
MOM_OFF,BRK_24H,LONG,ALL,ALL,TRAIN,26289,142.88,0.305,-0.0391,0.99571,-9420.7,-51.2,0.945,-16269.5,1.717,-0.023,-0.278,64.3,0.31,44.24
MOM_OFF,BRK_24H,LONG,ALL,ALL,VALID,13144,147.69,0.313,-0.0221,0.83895,-8260.4,-92.81,0.907,-11656.1,1.732,-0.013,-0.284,65.2,0.328,48.48
MOM_OFF,BRK_24H,LONG,ALL,ALL,TEST,13062,141.98,0.284,-0.0628,1.0,-20109.9,-218.59,0.769,-22064.4,1.637,-0.038,-0.287,62.7,0.373,53.01
MOM_OFF,BRK_24H,LONG,ALL,ALL,HOLDOUT,10771,179.52,0.312,-0.0245,0.87514,-7173.2,-119.55,0.909,-8158.7,2.258,-0.011,-0.303,65.2,0.323,58.02
FIXED,MTF_BRK,LONG,ALL,ALL,TRAIN,36480,198.26,0.397,-0.1303,1.0,-105523.5,-573.5,0.851,-137685.9,1.777,-0.073,-0.811,654.0,0.044,8.69
FIXED,MTF_BRK,LONG,ALL,ALL,VALID,18591,208.89,0.399,-0.105,0.9966,-55260.4,-620.9,0.848,-56107.0,1.752,-0.06,-0.794,654.8,0.044,9.22
FIXED,MTF_BRK,LONG,ALL,ALL,TEST,18757,203.88,0.392,-0.1483,1.0,-49077.4,-533.45,0.861,-65079.5,1.694,-0.088,-0.816,641.0,0.042,8.5
FIXED,MTF_BRK,LONG,ALL,ALL,HOLDOUT,15003,250.05,0.482,0.0837,0.04324,64460.8,1074.35,1.244,-32999.7,2.285,0.037,-0.807,610.1,0.036,9.08
TRAIL_A0.5_D0.5,MTF_BRK,LONG,ALL,ALL,TRAIN,36480,198.26,0.507,-0.1576,1.0,-126856.1,-689.44,0.726,-135389.3,1.777,-0.089,-0.613,362.4,0.079,15.62
TRAIL_A0.5_D0.5,MTF_BRK,LONG,ALL,ALL,VALID,18591,208.89,0.536,-0.1075,1.0,-49293.8,-553.86,0.782,-50296.8,1.752,-0.061,-0.586,340.6,0.081,16.85
TRAIL_A0.5_D0.5,MTF_BRK,LONG,ALL,ALL,TEST,18757,203.88,0.509,-0.1523,1.0,-55514.5,-603.42,0.753,-59984.6,1.694,-0.09,-0.603,335.7,0.081,16.53
TRAIL_A0.5_D0.5,MTF_BRK,LONG,ALL,ALL,HOLDOUT,15003,250.05,0.571,-0.0328,0.87509,11913.2,198.55,1.072,-18757.3,2.285,-0.014,-0.584,317.7,0.066,16.6
TRAIL_A0.5_D1,MTF_BRK,LONG,ALL,ALL,TRAIN,36480,198.26,0.348,-0.1494,1.0,-125234.2,-680.62,0.778,-140922.8,1.777,-0.084,-0.656,483.0,0.06,11.83
TRAIL_A0.5_D1,MTF_BRK,LONG,ALL,ALL,VALID,18591,208.89,0.362,-0.0991,0.99915,-49985.2,-561.63,0.821,-50863.0,1.752,-0.057,-0.627,456.8,0.06,12.62
TRAIL_A0.5_D1,MTF_BRK,LONG,ALL,ALL,TEST,18757,203.88,0.346,-0.1571,1.0,-55282.1,-600.89,0.801,-60895.7,1.694,-0.093,-0.647,447.1,0.06,12.25
TRAIL_A0.5_D1,MTF_BRK,LONG,ALL,ALL,HOLDOUT,15003,250.05,0.418,0.0124,0.37392,33791.4,563.19,1.163,-22545.6,2.285,0.005,-0.632,429.0,0.049,12.28
TRAIL_A1_D0.5,MTF_BRK,LONG,ALL,ALL,TRAIN,36480,198.26,0.471,-0.146,1.0,-116170.3,-631.36,0.816,-135651.1,1.777,-0.082,-0.752,542.0,0.051,10.16
TRAIL_A1_D0.5,MTF_BRK,LONG,ALL,ALL,VALID,18591,208.89,0.484,-0.1105,0.9997,-54177.8,-608.74,0.831,-55162.8,1.752,-0.063,-0.729,531.5,0.05,10.46
TRAIL_A1_D0.5,MTF_BRK,LONG,ALL,ALL,TEST,18757,203.88,0.467,-0.1603,1.0,-58152.0,-632.09,0.816,-67599.1,1.694,-0.095,-0.753,521.6,0.053,10.85
TRAIL_A1_D0.5,MTF_BRK,LONG,ALL,ALL,HOLDOUT,15003,250.05,0.551,0.0299,0.22265,44085.4,734.76,1.19,-24601.5,2.285,0.013,-0.732,493.1,0.046,11.4
TRAIL_A1_D1,MTF_BRK,LONG,ALL,ALL,TRAIN,36480,198.26,0.425,-0.141,1.0,-113775.2,-618.34,0.821,-135350.5,1.777,-0.079,-0.754,581.1,0.047,9.33
TRAIL_A1_D1,MTF_BRK,LONG,ALL,ALL,VALID,18591,208.89,0.437,-0.1036,0.9983,-53615.5,-602.42,0.833,-54467.0,1.752,-0.059,-0.731,570.1,0.049,10.22
TRAIL_A1_D1,MTF_BRK,LONG,ALL,ALL,TEST,18757,203.88,0.422,-0.158,1.0,-55530.8,-603.6,0.825,-65465.3,1.694,-0.093,-0.756,558.9,0.049,10.05
TRAIL_A1_D1,MTF_BRK,LONG,ALL,ALL,HOLDOUT,15003,250.05,0.507,0.0495,0.12701,51457.2,857.62,1.221,-26756.6,2.285,0.022,-0.737,530.6,0.041,10.27
BE0.5_TRAIL,MTF_BRK,LONG,ALL,ALL,TRAIN,36480,198.26,0.297,-0.1612,1.0,-124595.2,-677.15,0.738,-138337.7,1.777,-0.091,-0.616,413.8,0.07,13.86
BE0.5_TRAIL,MTF_BRK,LONG,ALL,ALL,VALID,18591,208.89,0.314,-0.0991,0.99787,-47749.0,-536.51,0.795,-49063.3,1.752,-0.057,-0.589,390.4,0.071,14.74
BE0.5_TRAIL,MTF_BRK,LONG,ALL,ALL,TEST,18757,203.88,0.3,-0.1602,1.0,-54327.1,-590.51,0.765,-58074.4,1.694,-0.095,-0.606,379.7,0.071,14.47
BE0.5_TRAIL,MTF_BRK,LONG,ALL,ALL,HOLDOUT,15003,250.05,0.35,-0.0078,0.58537,20730.4,345.51,1.121,-18386.0,2.285,-0.003,-0.591,366.2,0.059,14.87
BE1_TRAIL,MTF_BRK,LONG,ALL,ALL,TRAIN,36480,198.26,0.335,-0.1488,1.0,-111220.2,-604.46,0.826,-134387.3,1.777,-0.084,-0.756,621.1,0.045,8.99
BE1_TRAIL,MTF_BRK,LONG,ALL,ALL,VALID,18591,208.89,0.342,-0.0959,0.98649,-48724.4,-547.46,0.85,-49594.5,1.752,-0.055,-0.732,611.8,0.046,9.6
BE1_TRAIL,MTF_BRK,LONG,ALL,ALL,TEST,18757,203.88,0.327,-0.1718,1.0,-56162.5,-610.46,0.824,-68638.1,1.694,-0.101,-0.757,595.5,0.045,9.27
BE1_TRAIL,MTF_BRK,LONG,ALL,ALL,HOLDOUT,15003,250.05,0.409,0.0798,0.05945,64528.2,1075.47,1.274,-23922.2,2.285,0.035,-0.742,576.1,0.039,9.73
ATR_TRAIL2,MTF_BRK,LONG,ALL,ALL,TRAIN,36480,198.26,0.274,-0.1352,1.0,-101498.0,-551.62,0.658,-101498.0,1.777,-0.076,-0.309,107.1,0.202,40.14
ATR_TRAIL2,MTF_BRK,LONG,ALL,ALL,VALID,18591,208.89,0.29,-0.0972,0.99997,-40640.9,-456.64,0.728,-41391.4,1.752,-0.056,-0.308,103.8,0.211,44.03
ATR_TRAIL2,MTF_BRK,LONG,ALL,ALL,TEST,18757,203.88,0.263,-0.1567,1.0,-56741.7,-616.76,0.631,-56862.7,1.694,-0.092,-0.315,98.1,0.23,46.79
ATR_TRAIL2,MTF_BRK,LONG,ALL,ALL,HOLDOUT,15003,250.05,0.3,-0.0952,1.0,-23239.8,-387.33,0.812,-23898.1,2.285,-0.042,-0.317,97.2,0.194,48.48
ATR_TRAIL3,MTF_BRK,LONG,ALL,ALL,TRAIN,36480,198.26,0.282,-0.1361,1.0,-109215.8,-593.56,0.725,-109357.4,1.777,-0.077,-0.43,227.5,0.115,22.79
ATR_TRAIL3,MTF_BRK,LONG,ALL,ALL,VALID,18591,208.89,0.298,-0.0936,0.99329,-46999.8,-528.09,0.769,-52990.5,1.752,-0.053,-0.427,226.3,0.115,23.93
ATR_TRAIL3,MTF_BRK,LONG,ALL,ALL,TEST,18757,203.88,0.272,-0.1738,1.0,-57975.8,-630.17,0.721,-58038.7,1.694,-0.103,-0.44,218.1,0.117,23.84
ATR_TRAIL3,MTF_BRK,LONG,ALL,ALL,HOLDOUT,15003,250.05,0.312,-0.0747,0.98949,-16375.5,-272.92,0.902,-26113.7,2.285,-0.033,-0.438,214.3,0.101,25.22
ATR_TRAIL4,MTF_BRK,LONG,ALL,ALL,TRAIN,36480,198.26,0.291,-0.1297,1.0,-106290.8,-577.67,0.782,-116382.0,1.777,-0.073,-0.544,379.2,0.072,14.29
ATR_TRAIL4,MTF_BRK,LONG,ALL,ALL,VALID,18591,208.89,0.308,-0.0763,0.96825,-37902.7,-425.87,0.848,-41665.4,1.752,-0.044,-0.533,379.0,0.072,14.96
ATR_TRAIL4,MTF_BRK,LONG,ALL,ALL,TEST,18757,203.88,0.278,-0.1827,1.0,-57921.7,-629.58,0.773,-61070.8,1.694,-0.108,-0.557,367.5,0.071,14.55
ATR_TRAIL4,MTF_BRK,LONG,ALL,ALL,HOLDOUT,15003,250.05,0.334,0.0262,0.29493,26329.3,438.82,1.13,-19820.7,2.285,0.011,-0.557,381.1,0.059,14.7
MFE_LOCK0.3,MTF_BRK,LONG,ALL,ALL,TRAIN,36480,198.26,0.471,-0.1423,1.0,-105875.7,-575.41,0.832,-125771.5,1.777,-0.08,-0.752,540.6,0.051,10.14
MFE_LOCK0.3,MTF_BRK,LONG,ALL,ALL,VALID,18591,208.89,0.484,-0.1071,0.9994,-50986.4,-572.88,0.841,-52097.1,1.752,-0.061,-0.729,530.4,0.051,10.58
MFE_LOCK0.3,MTF_BRK,LONG,ALL,ALL,TEST,18757,203.88,0.468,-0.1615,1.0,-53513.6,-581.67,0.83,-62441.2,1.694,-0.095,-0.754,519.8,0.052,10.67
MFE_LOCK0.3,MTF_BRK,LONG,ALL,ALL,HOLDOUT,15003,250.05,0.55,0.0384,0.17562,47899.2,798.32,1.206,-21917.7,2.285,0.017,-0.732,493.8,0.045,11.23
MFE_LOCK0.5,MTF_BRK,LONG,ALL,ALL,TRAIN,36480,198.26,0.47,-0.1441,1.0,-112088.5,-609.18,0.823,-133828.4,1.777,-0.081,-0.753,593.6,0.047,9.34
MFE_LOCK0.5,MTF_BRK,LONG,ALL,ALL,VALID,18591,208.89,0.484,-0.1249,0.9995,-64797.3,-728.06,0.797,-65665.5,1.752,-0.071,-0.73,579.9,0.047,9.79
MFE_LOCK0.5,MTF_BRK,LONG,ALL,ALL,TEST,18757,203.88,0.466,-0.1761,1.0,-58326.2,-633.98,0.815,-64285.7,1.694,-0.104,-0.755,564.4,0.047,9.63
MFE_LOCK0.5,MTF_BRK,LONG,ALL,ALL,HOLDOUT,15003,250.05,0.549,0.0722,0.08736,53411.7,890.2,1.23,-16741.2,2.285,0.032,-0.738,557.9,0.04,9.9
NOTP_TRAIL0.5,MTF_BRK,LONG,ALL,ALL,TRAIN,36480,198.26,0.275,-0.1418,1.0,-112397.2,-610.85,0.629,-112397.2,1.777,-0.08,-0.313,120.2,0.201,39.79
NOTP_TRAIL0.5,MTF_BRK,LONG,ALL,ALL,VALID,18591,208.89,0.302,-0.1065,1.0,-45969.6,-516.51,0.692,-46702.0,1.752,-0.061,-0.308,106.6,0.217,45.26
NOTP_TRAIL0.5,MTF_BRK,LONG,ALL,ALL,TEST,18757,203.88,0.274,-0.1561,1.0,-58546.2,-636.37,0.615,-58764.8,1.694,-0.092,-0.313,99.5,0.229,46.65
NOTP_TRAIL0.5,MTF_BRK,LONG,ALL,ALL,HOLDOUT,15003,250.05,0.314,-0.0891,1.0,-18136.9,-302.28,0.851,-21600.7,2.285,-0.039,-0.313,97.7,0.192,48.05
NOTP_TRAIL1,MTF_BRK,LONG,ALL,ALL,TRAIN,36480,198.26,0.317,-0.1494,1.0,-122698.2,-666.84,0.768,-137079.4,1.777,-0.084,-0.583,449.9,0.066,13.04
NOTP_TRAIL1,MTF_BRK,LONG,ALL,ALL,VALID,18591,208.89,0.334,-0.0909,0.98903,-47140.0,-529.66,0.819,-53449.0,1.752,-0.052,-0.558,423.0,0.065,13.56
NOTP_TRAIL1,MTF_BRK,LONG,ALL,ALL,TEST,18757,203.88,0.314,-0.1768,1.0,-59406.9,-645.73,0.774,-60676.2,1.694,-0.104,-0.576,403.3,0.069,14.02
NOTP_TRAIL1,MTF_BRK,LONG,ALL,ALL,HOLDOUT,15003,250.05,0.38,0.0172,0.34712,31016.8,516.95,1.154,-18024.1,2.285,0.008,-0.564,399.4,0.057,14.27
NOTP_TRAIL1.5,MTF_BRK,LONG,ALL,ALL,TRAIN,36480,198.26,0.333,-0.1317,0.99998,-94282.4,-512.4,0.858,-129571.3,1.777,-0.074,-0.746,699.9,0.042,8.26
NOTP_TRAIL1.5,MTF_BRK,LONG,ALL,ALL,VALID,18591,208.89,0.338,-0.0937,0.97279,-48057.4,-539.97,0.857,-51418.5,1.752,-0.053,-0.719,690.7,0.039,8.25
NOTP_TRAIL1.5,MTF_BRK,LONG,ALL,ALL,TEST,18757,203.88,0.326,-0.1824,1.0,-60238.3,-654.76,0.818,-65761.0,1.694,-0.108,-0.746,667.6,0.04,8.13
NOTP_TRAIL1.5,MTF_BRK,LONG,ALL,ALL,HOLDOUT,15003,250.05,0.409,0.15,0.0136,96017.7,1600.29,1.389,-22416.3,2.285,0.066,-0.75,678.2,0.034,8.5
TIME15m,MTF_BRK,LONG,ALL,ALL,TRAIN,36480,198.26,0.371,-0.0525,1.0,-39530.3,-214.84,0.69,-39617.8,1.777,-0.03,-0.168,15.0,0.561,111.28
TIME15m,MTF_BRK,LONG,ALL,ALL,VALID,18591,208.89,0.364,-0.0513,1.0,-21443.8,-240.94,0.671,-21911.9,1.752,-0.029,-0.171,15.0,0.582,121.6
TIME15m,MTF_BRK,LONG,ALL,ALL,TEST,18757,203.88,0.371,-0.0557,1.0,-20420.8,-221.97,0.676,-20539.8,1.694,-0.033,-0.169,15.0,0.661,134.67
TIME15m,MTF_BRK,LONG,ALL,ALL,HOLDOUT,15003,250.05,0.387,-0.045,1.0,-11145.1,-185.75,0.79,-11559.4,2.285,-0.02,-0.17,15.0,0.638,159.58
TIME30m,MTF_BRK,LONG,ALL,ALL,TRAIN,36480,198.26,0.387,-0.0527,1.0,-38055.2,-206.82,0.772,-38397.3,1.777,-0.03,-0.234,29.8,0.432,85.69
TIME30m,MTF_BRK,LONG,ALL,ALL,VALID,18591,208.89,0.395,-0.0472,1.0,-20518.5,-230.54,0.757,-21059.1,1.752,-0.027,-0.235,29.8,0.449,93.75
TIME30m,MTF_BRK,LONG,ALL,ALL,TEST,18757,203.88,0.39,-0.0603,1.0,-24290.5,-264.03,0.712,-24692.3,1.694,-0.036,-0.235,29.8,0.502,102.27
TIME30m,MTF_BRK,LONG,ALL,ALL,HOLDOUT,15003,250.05,0.4,-0.0473,1.0,-11890.5,-198.18,0.835,-12602.0,2.285,-0.021,-0.24,29.8,0.46,114.97
TIME1h,MTF_BRK,LONG,ALL,ALL,TRAIN,36480,198.26,0.4,-0.0577,1.0,-40630.9,-220.82,0.817,-41342.0,1.777,-0.032,-0.318,58.9,0.304,60.33
TIME1h,MTF_BRK,LONG,ALL,ALL,VALID,18591,208.89,0.415,-0.0422,0.99985,-19430.5,-218.32,0.83,-21196.2,1.752,-0.024,-0.32,59.1,0.311,64.98
TIME1h,MTF_BRK,LONG,ALL,ALL,TEST,18757,203.88,0.39,-0.0664,1.0,-27324.9,-297.01,0.759,-28330.2,1.694,-0.039,-0.324,58.9,0.337,68.7
TIME1h,MTF_BRK,LONG,ALL,ALL,HOLDOUT,15003,250.05,0.414,-0.0444,0.99796,-9094.3,-151.57,0.906,-13796.4,2.285,-0.019,-0.334,58.6,0.297,74.28
TIME2h,MTF_BRK,LONG,ALL,ALL,TRAIN,36480,198.26,0.403,-0.0764,1.0,-55181.6,-299.9,0.815,-56372.3,1.777,-0.043,-0.429,113.7,0.19,37.71
TIME2h,MTF_BRK,LONG,ALL,ALL,VALID,18591,208.89,0.415,-0.0459,0.99238,-23731.8,-266.65,0.846,-24613.9,1.752,-0.026,-0.426,114.7,0.191,39.88
TIME2h,MTF_BRK,LONG,ALL,ALL,TEST,18757,203.88,0.402,-0.0756,1.0,-29414.5,-319.72,0.806,-31157.2,1.694,-0.045,-0.435,114.0,0.203,41.35
TIME2h,MTF_BRK,LONG,ALL,ALL,HOLDOUT,15003,250.05,0.433,-0.0356,0.94905,-6202.3,-103.37,0.952,-15183.6,2.285,-0.016,-0.456,112.5,0.174,43.4
TIME4h,MTF_BRK,LONG,ALL,ALL,TRAIN,36480,198.26,0.416,-0.0811,1.0,-53147.6,-288.85,0.862,-57958.7,1.777,-0.046,-0.547,210.1,0.118,23.41
TIME4h,MTF_BRK,LONG,ALL,ALL,VALID,18591,208.89,0.43,-0.037,0.91693,-19368.0,-217.62,0.902,-21161.9,1.752,-0.021,-0.541,211.8,0.117,24.48
TIME4h,MTF_BRK,LONG,ALL,ALL,TEST,18757,203.88,0.403,-0.0984,1.0,-34383.4,-373.73,0.829,-39717.5,1.694,-0.058,-0.561,210.2,0.122,24.87
TIME4h,MTF_BRK,LONG,ALL,ALL,HOLDOUT,15003,250.05,0.442,-0.0249,0.80195,722.8,12.05,1.004,-21871.0,2.285,-0.011,-0.58,205.4,0.103,25.8
SIG_OFF,MTF_BRK,LONG,ALL,ALL,TRAIN,36480,198.26,0.361,-0.0515,1.0,-38042.0,-206.75,0.705,-38127.6,1.777,-0.029,-0.169,15.9,0.55,109.09
SIG_OFF,MTF_BRK,LONG,ALL,ALL,VALID,18591,208.89,0.357,-0.0507,1.0,-21148.2,-237.62,0.677,-21586.7,1.752,-0.029,-0.172,15.7,0.573,119.66
SIG_OFF,MTF_BRK,LONG,ALL,ALL,TEST,18757,203.88,0.359,-0.0576,1.0,-21580.7,-234.57,0.661,-21753.2,1.694,-0.034,-0.17,15.8,0.65,132.53
SIG_OFF,MTF_BRK,LONG,ALL,ALL,HOLDOUT,15003,250.05,0.374,-0.0451,1.0,-11358.3,-189.3,0.789,-11861.0,2.285,-0.02,-0.171,15.8,0.622,155.57
MOM_OFF,MTF_BRK,LONG,ALL,ALL,TRAIN,36480,198.26,0.292,-0.054,1.0,-35224.9,-191.44,0.84,-35500.2,1.777,-0.03,-0.265,62.3,0.271,53.78
MOM_OFF,MTF_BRK,LONG,ALL,ALL,VALID,18591,208.89,0.301,-0.0331,0.96075,-15570.8,-174.95,0.863,-19016.4,1.752,-0.019,-0.269,64.0,0.278,58.06
MOM_OFF,MTF_BRK,LONG,ALL,ALL,TEST,18757,203.88,0.277,-0.0683,1.0,-28003.2,-304.38,0.752,-29718.1,1.694,-0.04,-0.271,61.6,0.306,62.38
MOM_OFF,MTF_BRK,LONG,ALL,ALL,HOLDOUT,15003,250.05,0.3,-0.0346,0.96204,-11262.2,-187.7,0.886,-14561.5,2.285,-0.015,-0.283,63.8,0.267,66.87
FIXED,PULLBACK_CONT,LONG,ALL,ALL,TRAIN,58924,320.24,0.394,-0.1384,1.0,-191655.0,-1041.6,0.822,-243783.0,1.644,-0.084,-0.813,695.9,0.022,7.19
FIXED,PULLBACK_CONT,LONG,ALL,ALL,VALID,29583,332.39,0.411,-0.0935,0.99619,-52981.2,-595.29,0.897,-67649.3,1.602,-0.058,-0.779,729.9,0.021,7.09
FIXED,PULLBACK_CONT,LONG,ALL,ALL,TEST,30375,330.16,0.395,-0.1422,1.0,-79747.2,-866.82,0.85,-110413.8,1.542,-0.092,-0.814,715.0,0.023,7.51
FIXED,PULLBACK_CONT,LONG,ALL,ALL,HOLDOUT,21449,357.48,0.469,0.042,0.15284,63578.7,1059.64,1.182,-30911.0,2.0,0.021,-0.779,719.9,0.021,7.42
TRAIL_A0.5_D0.5,PULLBACK_CONT,LONG,ALL,ALL,TRAIN,58924,320.24,0.509,-0.1525,1.0,-214213.4,-1164.2,0.701,-233948.9,1.644,-0.093,-0.608,394.2,0.04,12.79
TRAIL_A0.5_D0.5,PULLBACK_CONT,LONG,ALL,ALL,VALID,29583,332.39,0.514,-0.1212,1.0,-83423.2,-937.34,0.766,-84588.6,1.602,-0.076,-0.596,427.6,0.038,12.69
TRAIL_A0.5_D0.5,PULLBACK_CONT,LONG,ALL,ALL,TEST,30375,330.16,0.506,-0.1443,1.0,-88462.3,-961.55,0.748,-100039.7,1.542,-0.094,-0.609,408.9,0.041,13.51
TRAIL_A0.5_D0.5,PULLBACK_CONT,LONG,ALL,ALL,HOLDOUT,21449,357.48,0.554,-0.0596,0.99441,4511.6,75.19,1.02,-24036.8,2.0,-0.03,-0.577,407.5,0.036,13.0
TRAIL_A0.5_D1,PULLBACK_CONT,LONG,ALL,ALL,TRAIN,58924,320.24,0.348,-0.1521,1.0,-212554.4,-1155.19,0.756,-245920.6,1.644,-0.092,-0.654,526.5,0.031,9.77
TRAIL_A0.5_D1,PULLBACK_CONT,LONG,ALL,ALL,VALID,29583,332.39,0.37,-0.1036,0.99982,-69155.4,-777.03,0.838,-71408.1,1.602,-0.065,-0.638,560.6,0.028,9.33
TRAIL_A0.5_D1,PULLBACK_CONT,LONG,ALL,ALL,TEST,30375,330.16,0.348,-0.1474,1.0,-87378.6,-949.77,0.796,-103828.2,1.542,-0.096,-0.653,538.9,0.03,9.99
TRAIL_A0.5_D1,PULLBACK_CONT,LONG,ALL,ALL,HOLDOUT,21449,357.48,0.406,-0.0127,0.64918,31484.3,524.74,1.111,-27126.3,2.0,-0.006,-0.626,542.4,0.029,10.25
TRAIL_A1_D0.5,PULLBACK_CONT,LONG,ALL,ALL,TRAIN,58924,320.24,0.467,-0.1545,1.0,-209924.4,-1140.89,0.784,-247012.4,1.644,-0.094,-0.754,576.8,0.027,8.66
TRAIL_A1_D0.5,PULLBACK_CONT,LONG,ALL,ALL,VALID,29583,332.39,0.478,-0.1174,0.99995,-73314.2,-823.75,0.844,-77734.6,1.602,-0.073,-0.726,612.4,0.025,8.46
TRAIL_A1_D0.5,PULLBACK_CONT,LONG,ALL,ALL,TEST,30375,330.16,0.468,-0.1481,1.0,-83880.4,-911.74,0.824,-103979.7,1.542,-0.096,-0.754,596.2,0.027,8.9
TRAIL_A1_D0.5,PULLBACK_CONT,LONG,ALL,ALL,HOLDOUT,21449,357.48,0.535,-0.0074,0.58793,34939.0,582.32,1.112,-28952.2,2.0,-0.004,-0.717,600.3,0.024,8.45
TRAIL_A1_D1,PULLBACK_CONT,LONG,ALL,ALL,TRAIN,58924,320.24,0.422,-0.1517,1.0,-208443.7,-1132.85,0.787,-250613.3,1.644,-0.092,-0.756,621.6,0.026,8.26
TRAIL_A1_D1,PULLBACK_CONT,LONG,ALL,ALL,VALID,29583,332.39,0.437,-0.1036,0.99936,-63714.7,-715.9,0.865,-71789.7,1.602,-0.065,-0.728,655.5,0.024,7.89
TRAIL_A1_D1,PULLBACK_CONT,LONG,ALL,ALL,TEST,30375,330.16,0.419,-0.1463,1.0,-81363.0,-884.38,0.83,-103401.0,1.542,-0.095,-0.755,638.5,0.025,8.21
TRAIL_A1_D1,PULLBACK_CONT,LONG,ALL,ALL,HOLDOUT,21449,357.48,0.488,0.0145,0.34742,47644.4,794.07,1.151,-29001.9,2.0,0.007,-0.722,644.5,0.024,8.45
BE0.5_TRAIL,PULLBACK_CONT,LONG,ALL,ALL,TRAIN,58924,320.24,0.301,-0.1579,1.0,-213345.2,-1159.48,0.71,-239045.7,1.644,-0.096,-0.61,455.0,0.035,11.28
BE0.5_TRAIL,PULLBACK_CONT,LONG,ALL,ALL,VALID,29583,332.39,0.32,-0.1156,0.99999,-76108.6,-855.15,0.792,-77095.2,1.602,-0.072,-0.599,489.1,0.033,10.93
BE0.5_TRAIL,PULLBACK_CONT,LONG,ALL,ALL,TEST,30375,330.16,0.305,-0.1557,1.0,-94858.1,-1031.07,0.738,-106328.6,1.542,-0.101,-0.611,464.2,0.036,11.73
BE0.5_TRAIL,PULLBACK_CONT,LONG,ALL,ALL,HOLDOUT,21449,357.48,0.345,-0.0294,0.83844,19438.2,323.97,1.082,-26258.0,2.0,-0.015,-0.583,470.6,0.033,11.68
BE1_TRAIL,PULLBACK_CONT,LONG,ALL,ALL,TRAIN,58924,320.24,0.331,-0.1633,1.0,-210784.7,-1145.57,0.786,-257772.5,1.644,-0.099,-0.758,665.9,0.024,7.69
BE1_TRAIL,PULLBACK_CONT,LONG,ALL,ALL,VALID,29583,332.39,0.355,-0.1045,0.99877,-54361.5,-610.8,0.886,-65409.1,1.602,-0.065,-0.729,699.9,0.024,7.82
BE1_TRAIL,PULLBACK_CONT,LONG,ALL,ALL,TEST,30375,330.16,0.334,-0.1626,1.0,-91435.6,-993.87,0.811,-114848.8,1.542,-0.105,-0.757,677.9,0.024,8.0
BE1_TRAIL,PULLBACK_CONT,LONG,ALL,ALL,HOLDOUT,21449,357.48,0.401,0.0494,0.1286,63805.6,1063.43,1.201,-28216.0,2.0,0.025,-0.726,692.6,0.021,7.47
ATR_TRAIL2,PULLBACK_CONT,LONG,ALL,ALL,TRAIN,58924,320.24,0.277,-0.1345,1.0,-180335.5,-980.08,0.581,-180621.1,1.644,-0.082,-0.286,122.7,0.126,40.23
ATR_TRAIL2,PULLBACK_CONT,LONG,ALL,ALL,VALID,29583,332.39,0.287,-0.111,1.0,-70970.2,-797.42,0.665,-71113.1,1.602,-0.069,-0.281,127.0,0.126,41.75
ATR_TRAIL2,PULLBACK_CONT,LONG,ALL,ALL,TEST,30375,330.16,0.268,-0.1428,1.0,-88671.9,-963.82,0.595,-88826.3,1.542,-0.093,-0.289,120.9,0.128,42.29
ATR_TRAIL2,PULLBACK_CONT,LONG,ALL,ALL,HOLDOUT,21449,357.48,0.293,-0.1153,1.0,-41633.7,-693.89,0.734,-41644.3,2.0,-0.058,-0.283,121.9,0.124,44.25
ATR_TRAIL3,PULLBACK_CONT,LONG,ALL,ALL,TRAIN,58924,320.24,0.286,-0.1445,1.0,-202024.4,-1097.96,0.644,-207983.2,1.644,-0.088,-0.399,240.0,0.069,22.18
ATR_TRAIL3,PULLBACK_CONT,LONG,ALL,ALL,VALID,29583,332.39,0.302,-0.0969,1.0,-59807.5,-671.99,0.785,-60281.9,1.602,-0.06,-0.389,253.0,0.067,22.17
ATR_TRAIL3,PULLBACK_CONT,LONG,ALL,ALL,TEST,30375,330.16,0.281,-0.1544,1.0,-96432.4,-1048.18,0.663,-97868.4,1.542,-0.1,-0.4,239.1,0.069,22.64
ATR_TRAIL3,PULLBACK_CONT,LONG,ALL,ALL,HOLDOUT,21449,357.48,0.308,-0.0899,0.99992,-28545.8,-475.76,0.859,-33477.4,2.0,-0.045,-0.393,240.2,0.066,23.6
ATR_TRAIL4,PULLBACK_CONT,LONG,ALL,ALL,TRAIN,58924,320.24,0.292,-0.1422,1.0,-196922.2,-1070.23,0.719,-214961.9,1.644,-0.086,-0.51,388.0,0.044,14.03
ATR_TRAIL4,PULLBACK_CONT,LONG,ALL,ALL,VALID,29583,332.39,0.309,-0.0891,0.99929,-55802.8,-627.0,0.837,-57307.2,1.602,-0.056,-0.489,407.2,0.043,14.36
ATR_TRAIL4,PULLBACK_CONT,LONG,ALL,ALL,TEST,30375,330.16,0.283,-0.1675,1.0,-102040.1,-1109.13,0.711,-106079.1,1.542,-0.109,-0.507,383.2,0.045,14.79
ATR_TRAIL4,PULLBACK_CONT,LONG,ALL,ALL,HOLDOUT,21449,357.48,0.318,-0.0204,0.70359,11437.0,190.62,1.047,-29941.2,2.0,-0.01,-0.498,398.9,0.04,14.17
MFE_LOCK0.3,PULLBACK_CONT,LONG,ALL,ALL,TRAIN,58924,320.24,0.467,-0.1483,1.0,-189246.0,-1028.51,0.806,-227688.5,1.644,-0.09,-0.754,575.2,0.027,8.7
MFE_LOCK0.3,PULLBACK_CONT,LONG,ALL,ALL,VALID,29583,332.39,0.478,-0.1192,0.99996,-70268.0,-789.53,0.85,-76745.2,1.602,-0.074,-0.726,610.0,0.025,8.46
MFE_LOCK0.3,PULLBACK_CONT,LONG,ALL,ALL,TEST,30375,330.16,0.468,-0.1519,1.0,-82627.3,-898.12,0.827,-102679.4,1.542,-0.099,-0.754,593.2,0.026,8.67
MFE_LOCK0.3,PULLBACK_CONT,LONG,ALL,ALL,HOLDOUT,21449,357.48,0.535,0.003,0.46525,40604.1,676.73,1.13,-26783.9,2.0,0.002,-0.718,599.8,0.025,8.78
MFE_LOCK0.5,PULLBACK_CONT,LONG,ALL,ALL,TRAIN,58924,320.24,0.466,-0.1555,1.0,-208283.9,-1131.98,0.786,-244690.4,1.644,-0.095,-0.754,631.9,0.025,8.11
MFE_LOCK0.5,PULLBACK_CONT,LONG,ALL,ALL,VALID,29583,332.39,0.477,-0.1279,0.99996,-82291.4,-924.62,0.825,-83926.0,1.602,-0.08,-0.727,669.5,0.024,8.11
MFE_LOCK0.5,PULLBACK_CONT,LONG,ALL,ALL,TEST,30375,330.16,0.466,-0.1716,1.0,-99133.4,-1077.54,0.792,-114172.0,1.542,-0.111,-0.754,644.8,0.026,8.43
MFE_LOCK0.5,PULLBACK_CONT,LONG,ALL,ALL,HOLDOUT,21449,357.48,0.533,0.0371,0.19561,54361.7,906.03,1.173,-31055.8,2.0,0.019,-0.723,666.3,0.022,7.9
NOTP_TRAIL0.5,PULLBACK_CONT,LONG,ALL,ALL,TRAIN,58924,320.24,0.28,-0.14,1.0,-194301.6,-1055.99,0.589,-195716.5,1.644,-0.085,-0.307,154.5,0.1,31.94
NOTP_TRAIL0.5,PULLBACK_CONT,LONG,ALL,ALL,VALID,29583,332.39,0.293,-0.1079,1.0,-66090.3,-742.59,0.716,-66337.8,1.602,-0.067,-0.302,163.6,0.103,34.25
NOTP_TRAIL0.5,PULLBACK_CONT,LONG,ALL,ALL,TEST,30375,330.16,0.279,-0.1411,1.0,-88134.1,-957.98,0.628,-88194.3,1.542,-0.092,-0.309,152.2,0.104,34.42
NOTP_TRAIL0.5,PULLBACK_CONT,LONG,ALL,ALL,HOLDOUT,21449,357.48,0.306,-0.1069,1.0,-34777.7,-579.63,0.795,-34777.7,2.0,-0.053,-0.303,155.6,0.101,35.93
NOTP_TRAIL1,PULLBACK_CONT,LONG,ALL,ALL,TRAIN,58924,320.24,0.318,-0.1564,1.0,-212468.7,-1154.72,0.74,-242920.1,1.644,-0.095,-0.58,500.9,0.032,10.18
NOTP_TRAIL1,PULLBACK_CONT,LONG,ALL,ALL,VALID,29583,332.39,0.341,-0.103,0.99985,-63662.4,-715.31,0.842,-64718.0,1.602,-0.064,-0.565,530.9,0.031,10.33
NOTP_TRAIL1,PULLBACK_CONT,LONG,ALL,ALL,TEST,30375,330.16,0.319,-0.1647,1.0,-99681.1,-1083.49,0.753,-111924.4,1.542,-0.107,-0.58,505.6,0.032,10.46
NOTP_TRAIL1,PULLBACK_CONT,LONG,ALL,ALL,HOLDOUT,21449,357.48,0.367,-0.0099,0.60134,25394.9,423.25,1.092,-30411.3,2.0,-0.005,-0.562,516.8,0.031,11.25
NOTP_TRAIL1.5,PULLBACK_CONT,LONG,ALL,ALL,TRAIN,58924,320.24,0.329,-0.1495,1.0,-193788.3,-1053.2,0.811,-245410.4,1.644,-0.091,-0.747,749.7,0.021,6.78
NOTP_TRAIL1.5,PULLBACK_CONT,LONG,ALL,ALL,VALID,29583,332.39,0.358,-0.0848,0.98333,-47544.9,-534.21,0.903,-59596.7,1.602,-0.053,-0.72,792.8,0.021,6.84
NOTP_TRAIL1.5,PULLBACK_CONT,LONG,ALL,ALL,TEST,30375,330.16,0.333,-0.1779,1.0,-104047.7,-1130.95,0.793,-126489.3,1.542,-0.115,-0.747,756.6,0.022,7.23
NOTP_TRAIL1.5,PULLBACK_CONT,LONG,ALL,ALL,HOLDOUT,21449,357.48,0.404,0.1102,0.02752,92606.4,1543.44,1.277,-33975.7,2.0,0.055,-0.732,793.9,0.02,7.0
TIME15m,PULLBACK_CONT,LONG,ALL,ALL,TRAIN,58924,320.24,0.361,-0.0499,1.0,-63881.1,-347.18,0.596,-64022.4,1.644,-0.03,-0.134,15.0,0.529,169.43
TIME15m,PULLBACK_CONT,LONG,ALL,ALL,VALID,29583,332.39,0.359,-0.0471,1.0,-31792.8,-357.22,0.591,-31792.8,1.602,-0.029,-0.129,15.0,0.561,186.49
TIME15m,PULLBACK_CONT,LONG,ALL,ALL,TEST,30375,330.16,0.362,-0.0502,1.0,-29357.0,-319.1,0.612,-29403.8,1.542,-0.033,-0.128,15.0,0.589,194.32
TIME15m,PULLBACK_CONT,LONG,ALL,ALL,HOLDOUT,21449,357.48,0.366,-0.0507,1.0,-20458.5,-340.97,0.632,-20679.2,2.0,-0.025,-0.126,15.0,0.598,213.9
TIME30m,PULLBACK_CONT,LONG,ALL,ALL,TRAIN,58924,320.24,0.392,-0.0514,1.0,-66314.2,-360.4,0.676,-66989.6,1.644,-0.031,-0.192,29.9,0.369,118.16
TIME30m,PULLBACK_CONT,LONG,ALL,ALL,VALID,29583,332.39,0.39,-0.0476,1.0,-32118.3,-360.88,0.684,-32173.1,1.602,-0.03,-0.185,29.9,0.387,128.56
TIME30m,PULLBACK_CONT,LONG,ALL,ALL,TEST,30375,330.16,0.388,-0.0496,1.0,-28478.8,-309.55,0.712,-28530.5,1.542,-0.032,-0.184,29.9,0.402,132.62
TIME30m,PULLBACK_CONT,LONG,ALL,ALL,HOLDOUT,21449,357.48,0.406,-0.0482,1.0,-17179.2,-286.32,0.763,-17395.0,2.0,-0.024,-0.181,29.9,0.4,142.85
TIME1h,PULLBACK_CONT,LONG,ALL,ALL,TRAIN,58924,320.24,0.416,-0.0539,1.0,-69271.9,-376.48,0.749,-70348.6,1.644,-0.033,-0.273,59.4,0.233,74.63
TIME1h,PULLBACK_CONT,LONG,ALL,ALL,VALID,29583,332.39,0.409,-0.0487,1.0,-30288.6,-340.32,0.774,-30462.0,1.602,-0.03,-0.262,59.6,0.239,79.6
TIME1h,PULLBACK_CONT,LONG,ALL,ALL,TEST,30375,330.16,0.403,-0.0564,1.0,-34590.1,-375.98,0.747,-34716.3,1.542,-0.037,-0.265,59.5,0.243,80.34
TIME1h,PULLBACK_CONT,LONG,ALL,ALL,HOLDOUT,21449,357.48,0.421,-0.0469,1.0,-15196.7,-253.28,0.846,-16847.6,2.0,-0.023,-0.26,59.5,0.235,84.17
TIME2h,PULLBACK_CONT,LONG,ALL,ALL,TRAIN,58924,320.24,0.429,-0.0641,1.0,-80280.4,-436.31,0.788,-82961.5,1.644,-0.039,-0.38,116.1,0.132,42.41
TIME2h,PULLBACK_CONT,LONG,ALL,ALL,VALID,29583,332.39,0.429,-0.0432,0.9998,-24494.2,-275.22,0.864,-25209.9,1.602,-0.027,-0.363,117.0,0.133,44.19
TIME2h,PULLBACK_CONT,LONG,ALL,ALL,TEST,30375,330.16,0.408,-0.0677,1.0,-41199.3,-447.82,0.782,-44411.4,1.542,-0.044,-0.371,116.7,0.135,44.57
TIME2h,PULLBACK_CONT,LONG,ALL,ALL,HOLDOUT,21449,357.48,0.434,-0.0471,0.99987,-9056.1,-150.94,0.932,-16060.7,2.0,-0.024,-0.368,116.5,0.128,45.77
TIME4h,PULLBACK_CONT,LONG,ALL,ALL,TRAIN,58924,320.24,0.434,-0.0819,1.0,-107352.7,-583.44,0.799,-117904.7,1.644,-0.05,-0.513,217.9,0.075,23.92
TIME4h,PULLBACK_CONT,LONG,ALL,ALL,VALID,29583,332.39,0.437,-0.0438,0.98535,-23686.3,-266.14,0.905,-32815.7,1.602,-0.027,-0.486,221.5,0.074,24.54
TIME4h,PULLBACK_CONT,LONG,ALL,ALL,TEST,30375,330.16,0.421,-0.0833,1.0,-52411.8,-569.69,0.803,-60649.1,1.542,-0.054,-0.508,220.2,0.075,24.64
TIME4h,PULLBACK_CONT,LONG,ALL,ALL,HOLDOUT,21449,357.48,0.449,-0.0425,0.97672,1756.0,29.27,1.01,-18554.5,2.0,-0.021,-0.497,219.7,0.07,25.17
SIG_OFF,PULLBACK_CONT,LONG,ALL,ALL,TRAIN,58924,320.24,0.36,-0.0499,1.0,-63832.8,-346.92,0.601,-63963.2,1.644,-0.03,-0.135,15.5,0.524,167.79
SIG_OFF,PULLBACK_CONT,LONG,ALL,ALL,VALID,29583,332.39,0.358,-0.047,1.0,-31439.9,-353.26,0.601,-31439.9,1.602,-0.029,-0.13,15.4,0.555,184.44
SIG_OFF,PULLBACK_CONT,LONG,ALL,ALL,TEST,30375,330.16,0.361,-0.0506,1.0,-29908.9,-325.1,0.611,-29920.0,1.542,-0.033,-0.129,15.5,0.582,192.27
SIG_OFF,PULLBACK_CONT,LONG,ALL,ALL,HOLDOUT,21449,357.48,0.363,-0.0512,1.0,-20468.4,-341.14,0.639,-20668.7,2.0,-0.026,-0.127,15.5,0.593,212.03
MOM_OFF,PULLBACK_CONT,LONG,ALL,ALL,TRAIN,58924,320.24,0.291,-0.0565,1.0,-74613.6,-405.51,0.642,-74649.8,1.644,-0.034,-0.167,37.2,0.348,111.36
MOM_OFF,PULLBACK_CONT,LONG,ALL,ALL,VALID,29583,332.39,0.296,-0.044,1.0,-27988.8,-314.48,0.724,-28165.1,1.602,-0.027,-0.161,37.5,0.359,119.19
MOM_OFF,PULLBACK_CONT,LONG,ALL,ALL,TEST,30375,330.16,0.29,-0.0534,1.0,-32567.1,-353.99,0.681,-32903.0,1.542,-0.035,-0.161,37.9,0.367,121.25
MOM_OFF,PULLBACK_CONT,LONG,ALL,ALL,HOLDOUT,21449,357.48,0.299,-0.0466,1.0,-15613.0,-260.22,0.794,-16253.6,2.0,-0.023,-0.16,37.9,0.359,128.42
FIXED,ANY,LONG,sym_funding,hot,TRAIN,6762,36.75,0.415,-0.0607,0.99897,-5231.1,-28.43,0.975,-28479.2,1.956,-0.031,-0.807,718.2,0.185,6.82
FIXED,ANY,LONG,sym_funding,hot,VALID,3603,40.48,0.447,0.0174,0.26721,1329.0,14.93,1.01,-10223.0,2.116,0.008,-0.777,720.1,0.168,6.81
FIXED,ANY,LONG,sym_funding,hot,TEST,4283,46.55,0.407,-0.0628,0.9962,-2485.9,-27.02,0.983,-20138.9,1.799,-0.035,-0.826,696.6,0.154,7.18
FIXED,ANY,LONG,sym_funding,hot,HOLDOUT,1913,31.88,0.394,-0.0749,0.96593,-7811.8,-130.2,0.879,-16239.2,1.914,-0.039,-0.89,690.2,0.121,3.87
TRAIL_A0.5_D0.5,ANY,LONG,sym_funding,hot,TRAIN,6762,36.75,0.56,-0.0727,1.0,-11273.2,-61.27,0.919,-17908.6,1.956,-0.037,-0.605,415.1,0.291,10.71
TRAIL_A0.5_D0.5,ANY,LONG,sym_funding,hot,VALID,3603,40.48,0.591,-0.0245,0.91201,-5527.5,-62.11,0.937,-9345.3,2.116,-0.012,-0.583,407.3,0.27,10.94
TRAIL_A0.5_D0.5,ANY,LONG,sym_funding,hot,TEST,4283,46.55,0.553,-0.0683,0.99998,-5675.2,-61.69,0.94,-16800.8,1.799,-0.038,-0.622,401.7,0.242,11.28
TRAIL_A0.5_D0.5,ANY,LONG,sym_funding,hot,HOLDOUT,1913,31.88,0.567,-0.0535,0.97513,-3247.4,-54.12,0.918,-7878.5,1.914,-0.028,-0.627,411.1,0.205,6.53
TRAIL_A0.5_D1,ANY,LONG,sym_funding,hot,TRAIN,6762,36.75,0.367,-0.0856,1.0,-15461.6,-84.03,0.909,-27930.0,1.956,-0.044,-0.655,543.2,0.231,8.5
TRAIL_A0.5_D1,ANY,LONG,sym_funding,hot,VALID,3603,40.48,0.415,-0.0156,0.75788,-6081.5,-68.33,0.943,-9660.7,2.116,-0.007,-0.631,537.5,0.206,8.34
TRAIL_A0.5_D1,ANY,LONG,sym_funding,hot,TEST,4283,46.55,0.38,-0.0656,0.9995,-4296.8,-46.7,0.962,-18589.5,1.799,-0.036,-0.671,527.1,0.197,9.17
TRAIL_A0.5_D1,ANY,LONG,sym_funding,hot,HOLDOUT,1913,31.88,0.374,-0.0495,0.92282,-4156.8,-69.28,0.915,-11516.4,1.914,-0.026,-0.691,524.8,0.163,5.2
TRAIL_A1_D0.5,ANY,LONG,sym_funding,hot,TRAIN,6762,36.75,0.482,-0.0751,0.99999,-9985.3,-54.27,0.948,-24734.3,1.956,-0.038,-0.749,607.4,0.209,7.7
TRAIL_A1_D0.5,ANY,LONG,sym_funding,hot,VALID,3603,40.48,0.523,-0.0007,0.51207,752.6,8.46,1.006,-8843.6,2.116,-0.0,-0.716,600.0,0.188,7.63
TRAIL_A1_D0.5,ANY,LONG,sym_funding,hot,TEST,4283,46.55,0.477,-0.0766,0.99989,-8211.8,-89.26,0.937,-22613.3,1.799,-0.043,-0.765,586.2,0.178,8.28
TRAIL_A1_D0.5,ANY,LONG,sym_funding,hot,HOLDOUT,1913,31.88,0.477,-0.0634,0.96066,-5862.8,-97.71,0.898,-12987.7,1.914,-0.033,-0.801,587.3,0.146,4.67
TRAIL_A1_D1,ANY,LONG,sym_funding,hot,TRAIN,6762,36.75,0.446,-0.0808,1.0,-11970.5,-65.06,0.937,-28959.7,1.956,-0.041,-0.753,645.9,0.202,7.43
TRAIL_A1_D1,ANY,LONG,sym_funding,hot,VALID,3603,40.48,0.497,0.0009,0.48489,-465.5,-5.23,0.996,-8362.8,2.116,0.0,-0.719,640.4,0.185,7.51
TRAIL_A1_D1,ANY,LONG,sym_funding,hot,TEST,4283,46.55,0.448,-0.0731,0.99955,-7445.5,-80.93,0.943,-21977.5,1.799,-0.041,-0.769,623.9,0.165,7.66
TRAIL_A1_D1,ANY,LONG,sym_funding,hot,HOLDOUT,1913,31.88,0.441,-0.0688,0.96492,-6383.0,-106.38,0.889,-14364.5,1.914,-0.036,-0.807,620.5,0.146,4.65
BE0.5_TRAIL,ANY,LONG,sym_funding,hot,TRAIN,6762,36.75,0.317,-0.07,0.99999,-11590.3,-62.99,0.918,-21735.2,1.956,-0.036,-0.609,469.9,0.255,9.38
BE0.5_TRAIL,ANY,LONG,sym_funding,hot,VALID,3603,40.48,0.344,-0.0061,0.6057,-2182.6,-24.52,0.976,-8643.8,2.116,-0.003,-0.59,464.9,0.232,9.39
BE0.5_TRAIL,ANY,LONG,sym_funding,hot,TEST,4283,46.55,0.321,-0.0755,0.99995,-8363.2,-90.9,0.913,-19076.6,1.799,-0.042,-0.632,455.9,0.218,10.15
BE0.5_TRAIL,ANY,LONG,sym_funding,hot,HOLDOUT,1913,31.88,0.323,-0.0482,0.93384,-2786.0,-46.43,0.932,-10663.4,1.914,-0.025,-0.641,461.5,0.177,5.65
BE1_TRAIL,ANY,LONG,sym_funding,hot,TRAIN,6762,36.75,0.353,-0.0586,0.99675,-1927.8,-10.48,0.99,-22159.8,1.956,-0.03,-0.756,682.3,0.189,6.96
BE1_TRAIL,ANY,LONG,sym_funding,hot,VALID,3603,40.48,0.382,0.0232,0.21796,5323.9,59.82,1.045,-9530.8,2.116,0.011,-0.723,677.3,0.17,6.88
BE1_TRAIL,ANY,LONG,sym_funding,hot,TEST,4283,46.55,0.35,-0.081,0.99965,-10138.4,-110.2,0.923,-24458.4,1.799,-0.045,-0.774,661.4,0.154,7.17
BE1_TRAIL,ANY,LONG,sym_funding,hot,HOLDOUT,1913,31.88,0.336,-0.0598,0.92539,-6401.0,-106.68,0.889,-15305.8,1.914,-0.031,-0.814,654.4,0.13,4.13
ATR_TRAIL2,ANY,LONG,sym_funding,hot,TRAIN,6762,36.75,0.318,-0.0596,1.0,-11963.0,-65.02,0.857,-14909.5,1.956,-0.03,-0.305,119.3,0.619,22.76
ATR_TRAIL2,ANY,LONG,sym_funding,hot,VALID,3603,40.48,0.344,-0.0328,0.9974,-7387.7,-83.01,0.861,-7957.7,2.116,-0.015,-0.302,117.2,0.602,24.38
ATR_TRAIL2,ANY,LONG,sym_funding,hot,TEST,4283,46.55,0.312,-0.0681,1.0,-11478.4,-124.76,0.793,-13876.0,1.799,-0.038,-0.317,118.4,0.567,26.39
ATR_TRAIL2,ANY,LONG,sym_funding,hot,HOLDOUT,1913,31.88,0.322,-0.0614,0.99974,-3262.9,-54.38,0.865,-7301.4,1.914,-0.032,-0.316,120.9,0.532,16.95
ATR_TRAIL3,ANY,LONG,sym_funding,hot,TRAIN,6762,36.75,0.322,-0.0688,1.0,-18841.0,-102.4,0.835,-25488.2,1.956,-0.035,-0.417,233.8,0.408,15.01
ATR_TRAIL3,ANY,LONG,sym_funding,hot,VALID,3603,40.48,0.337,-0.0292,0.93497,-6009.6,-67.52,0.916,-6664.8,2.116,-0.014,-0.411,226.9,0.39,15.78
ATR_TRAIL3,ANY,LONG,sym_funding,hot,TEST,4283,46.55,0.316,-0.0818,1.0,-11933.3,-129.71,0.841,-18884.7,1.799,-0.045,-0.433,234.1,0.368,17.15
ATR_TRAIL3,ANY,LONG,sym_funding,hot,HOLDOUT,1913,31.88,0.317,-0.0624,0.97343,-5722.1,-95.37,0.829,-10879.0,1.914,-0.033,-0.434,227.4,0.326,10.4
ATR_TRAIL4,ANY,LONG,sym_funding,hot,TRAIN,6762,36.75,0.31,-0.0578,0.99842,-12607.8,-68.52,0.911,-24837.0,1.956,-0.03,-0.526,374.9,0.294,10.81
ATR_TRAIL4,ANY,LONG,sym_funding,hot,VALID,3603,40.48,0.344,0.0147,0.31385,-7740.9,-86.98,0.914,-9984.2,2.116,0.007,-0.514,372.4,0.272,11.0
ATR_TRAIL4,ANY,LONG,sym_funding,hot,TEST,4283,46.55,0.331,-0.0556,0.99452,-4344.8,-47.23,0.952,-16536.7,1.799,-0.031,-0.535,387.8,0.257,11.96
ATR_TRAIL4,ANY,LONG,sym_funding,hot,HOLDOUT,1913,31.88,0.315,-0.0187,0.66008,-4029.1,-67.15,0.904,-13075.7,1.914,-0.01,-0.564,373.2,0.22,7.02
MFE_LOCK0.3,ANY,LONG,sym_funding,hot,TRAIN,6762,36.75,0.482,-0.0545,0.9963,397.1,2.16,1.002,-17326.5,1.956,-0.028,-0.748,603.6,0.215,7.92
MFE_LOCK0.3,ANY,LONG,sym_funding,hot,VALID,3603,40.48,0.523,0.026,0.15569,7164.8,80.5,1.062,-8102.7,2.116,0.012,-0.716,596.7,0.195,7.91
MFE_LOCK0.3,ANY,LONG,sym_funding,hot,TEST,4283,46.55,0.477,-0.0698,0.99936,-8454.6,-91.9,0.935,-21251.6,1.799,-0.039,-0.765,582.0,0.173,8.05
MFE_LOCK0.3,ANY,LONG,sym_funding,hot,HOLDOUT,1913,31.88,0.477,-0.0312,0.78499,-3968.4,-66.14,0.931,-12269.5,1.914,-0.016,-0.801,586.0,0.142,4.52
MFE_LOCK0.5,ANY,LONG,sym_funding,hot,TRAIN,6762,36.75,0.482,-0.0343,0.90637,6860.4,37.28,1.036,-18156.2,1.956,-0.018,-0.749,649.1,0.197,7.23
MFE_LOCK0.5,ANY,LONG,sym_funding,hot,VALID,3603,40.48,0.522,-0.0028,0.54256,-1256.6,-14.12,0.989,-9621.6,2.116,-0.001,-0.719,639.5,0.175,7.1
MFE_LOCK0.5,ANY,LONG,sym_funding,hot,TEST,4283,46.55,0.477,-0.0818,0.99884,-14362.4,-156.11,0.889,-24116.1,1.799,-0.045,-0.767,625.9,0.17,7.91
MFE_LOCK0.5,ANY,LONG,sym_funding,hot,HOLDOUT,1913,31.88,0.477,-0.0188,0.63174,-126.0,-2.1,0.998,-14913.8,1.914,-0.01,-0.809,623.0,0.144,4.6
NOTP_TRAIL0.5,ANY,LONG,sym_funding,hot,TRAIN,6762,36.75,0.322,-0.0589,1.0,-13097.5,-71.18,0.855,-16859.9,1.956,-0.03,-0.317,146.8,0.555,20.39
NOTP_TRAIL0.5,ANY,LONG,sym_funding,hot,VALID,3603,40.48,0.342,-0.0312,0.99515,-5835.6,-65.57,0.898,-6727.7,2.116,-0.015,-0.316,149.2,0.518,20.97
NOTP_TRAIL0.5,ANY,LONG,sym_funding,hot,TEST,4283,46.55,0.318,-0.057,1.0,-6734.6,-73.2,0.886,-11599.7,1.799,-0.032,-0.327,148.3,0.503,23.42
NOTP_TRAIL0.5,ANY,LONG,sym_funding,hot,HOLDOUT,1913,31.88,0.32,-0.0612,0.99967,-3957.9,-65.97,0.848,-8279.8,1.914,-0.032,-0.326,151.2,0.459,14.63
NOTP_TRAIL1,ANY,LONG,sym_funding,hot,TRAIN,6762,36.75,0.338,-0.074,0.99996,-12207.0,-66.34,0.925,-25799.0,1.956,-0.038,-0.587,494.3,0.237,8.71
NOTP_TRAIL1,ANY,LONG,sym_funding,hot,VALID,3603,40.48,0.384,0.0043,0.43091,-924.9,-10.39,0.991,-7740.1,2.116,0.002,-0.57,499.8,0.214,8.65
NOTP_TRAIL1,ANY,LONG,sym_funding,hot,TEST,4283,46.55,0.354,-0.0792,0.99995,-8439.1,-91.73,0.919,-20416.2,1.799,-0.044,-0.599,490.9,0.204,9.51
NOTP_TRAIL1,ANY,LONG,sym_funding,hot,HOLDOUT,1913,31.88,0.348,-0.049,0.92545,-5365.9,-89.43,0.886,-11795.9,1.914,-0.026,-0.616,481.0,0.168,5.35
NOTP_TRAIL1.5,ANY,LONG,sym_funding,hot,TRAIN,6762,36.75,0.355,-0.0466,0.9683,6602.4,35.88,1.033,-21508.6,1.956,-0.024,-0.749,746.4,0.171,6.3
NOTP_TRAIL1.5,ANY,LONG,sym_funding,hot,VALID,3603,40.48,0.387,0.0332,0.16597,2521.5,28.33,1.02,-11849.5,2.116,0.016,-0.721,747.2,0.15,6.09
NOTP_TRAIL1.5,ANY,LONG,sym_funding,hot,TEST,4283,46.55,0.355,-0.0786,0.99838,-11598.6,-126.07,0.913,-22437.4,1.799,-0.044,-0.767,735.7,0.143,6.67
NOTP_TRAIL1.5,ANY,LONG,sym_funding,hot,HOLDOUT,1913,31.88,0.339,-0.0307,0.73465,-4095.8,-68.26,0.931,-16232.1,1.914,-0.016,-0.837,721.9,0.113,3.6
TIME15m,ANY,LONG,sym_funding,hot,TRAIN,6762,36.75,0.409,-0.0273,1.0,-5957.5,-32.38,0.822,-6176.0,1.956,-0.014,-0.154,15.0,0.999,36.7
TIME15m,ANY,LONG,sym_funding,hot,VALID,3603,40.48,0.428,-0.0203,1.0,-4537.7,-50.99,0.792,-4640.4,2.116,-0.01,-0.154,15.0,0.999,40.46
TIME15m,ANY,LONG,sym_funding,hot,TEST,4283,46.55,0.417,-0.0286,1.0,-5287.9,-57.48,0.76,-5667.0,1.799,-0.016,-0.154,15.0,0.996,46.35
TIME15m,ANY,LONG,sym_funding,hot,HOLDOUT,1913,31.88,0.395,-0.0328,1.0,-2881.4,-48.02,0.706,-3150.0,1.914,-0.017,-0.155,15.0,0.991,31.6
TIME30m,ANY,LONG,sym_funding,hot,TRAIN,6762,36.75,0.434,-0.0247,1.0,-3807.7,-20.69,0.916,-4176.9,1.956,-0.013,-0.213,29.8,0.988,36.29
TIME30m,ANY,LONG,sym_funding,hot,VALID,3603,40.48,0.442,-0.0212,0.99992,-5572.9,-62.62,0.816,-5748.1,2.116,-0.01,-0.216,29.8,0.983,39.79
TIME30m,ANY,LONG,sym_funding,hot,TEST,4283,46.55,0.44,-0.0284,1.0,-6513.3,-70.8,0.783,-7139.5,1.799,-0.016,-0.214,29.8,0.971,45.21
TIME30m,ANY,LONG,sym_funding,hot,HOLDOUT,1913,31.88,0.42,-0.0321,0.99991,-2481.4,-41.36,0.802,-2914.1,1.914,-0.017,-0.222,29.7,0.961,30.63
TIME1h,ANY,LONG,sym_funding,hot,TRAIN,6762,36.75,0.436,-0.0242,0.99999,-4609.4,-25.05,0.926,-5500.5,1.956,-0.012,-0.292,58.9,0.934,34.32
TIME1h,ANY,LONG,sym_funding,hot,VALID,3603,40.48,0.44,-0.0195,0.99631,-5754.5,-64.66,0.861,-6263.3,2.116,-0.009,-0.295,58.8,0.916,37.08
TIME1h,ANY,LONG,sym_funding,hot,TEST,4283,46.55,0.435,-0.031,1.0,-5982.0,-65.02,0.852,-7514.3,1.799,-0.017,-0.297,58.9,0.887,41.29
TIME1h,ANY,LONG,sym_funding,hot,HOLDOUT,1913,31.88,0.427,-0.0274,0.98644,-3003.2,-50.05,0.832,-4050.3,1.914,-0.014,-0.303,58.7,0.857,27.32
TIME2h,ANY,LONG,sym_funding,hot,TRAIN,6762,36.75,0.438,-0.0265,0.99906,-6752.8,-36.7,0.92,-9186.4,1.956,-0.014,-0.393,114.5,0.643,23.62
TIME2h,ANY,LONG,sym_funding,hot,VALID,3603,40.48,0.451,-0.0048,0.67012,-6006.2,-67.49,0.892,-6611.7,2.116,-0.002,-0.39,114.0,0.618,25.01
TIME2h,ANY,LONG,sym_funding,hot,TEST,4283,46.55,0.444,-0.0271,0.99688,-3752.7,-40.79,0.931,-7047.0,1.799,-0.015,-0.397,114.4,0.596,27.73
TIME2h,ANY,LONG,sym_funding,hot,HOLDOUT,1913,31.88,0.452,-0.033,0.97976,-2560.1,-42.67,0.897,-4841.0,1.914,-0.017,-0.434,113.6,0.564,17.97
TIME4h,ANY,LONG,sym_funding,hot,TRAIN,6762,36.75,0.442,-0.0277,0.98806,-1715.1,-9.32,0.985,-8187.2,1.956,-0.014,-0.512,213.8,0.446,16.4
TIME4h,ANY,LONG,sym_funding,hot,VALID,3603,40.48,0.46,0.0156,0.168,-4202.3,-47.22,0.943,-5471.4,2.116,0.007,-0.503,213.4,0.412,16.66
TIME4h,ANY,LONG,sym_funding,hot,TEST,4283,46.55,0.444,-0.0275,0.96933,-2755.8,-29.95,0.962,-8605.1,1.799,-0.015,-0.524,213.9,0.396,18.46
TIME4h,ANY,LONG,sym_funding,hot,HOLDOUT,1913,31.88,0.453,-0.0472,0.97429,-5987.5,-99.79,0.826,-9354.0,1.914,-0.025,-0.575,211.2,0.363,11.57
SIG_OFF,ANY,LONG,sym_funding,hot,TRAIN,6762,36.75,0.394,-0.0228,0.99944,-4747.1,-25.8,0.889,-5817.8,1.956,-0.012,-0.195,60.2,0.776,28.52
SIG_OFF,ANY,LONG,sym_funding,hot,VALID,3603,40.48,0.412,-0.0078,0.7807,-3457.9,-38.85,0.872,-3570.5,2.116,-0.004,-0.192,57.8,0.738,29.88
SIG_OFF,ANY,LONG,sym_funding,hot,TEST,4283,46.55,0.396,-0.0249,0.9892,-4342.2,-47.2,0.848,-7560.9,1.799,-0.014,-0.194,56.6,0.754,35.1
SIG_OFF,ANY,LONG,sym_funding,hot,HOLDOUT,1913,31.88,0.373,-0.0513,1.0,-4722.9,-78.71,0.641,-4811.2,1.914,-0.027,-0.208,53.4,0.773,24.63
MOM_OFF,ANY,LONG,sym_funding,hot,TRAIN,6762,36.75,0.324,-0.0208,0.99353,-73.2,-0.4,0.999,-6446.8,1.956,-0.011,-0.212,45.5,0.882,32.42
MOM_OFF,ANY,LONG,sym_funding,hot,VALID,3603,40.48,0.334,-0.0096,0.83054,-4517.0,-50.75,0.866,-5316.5,2.116,-0.005,-0.213,47.0,0.859,34.76
MOM_OFF,ANY,LONG,sym_funding,hot,TEST,4283,46.55,0.329,-0.0304,0.99986,-7033.2,-76.45,0.794,-8747.5,1.799,-0.017,-0.214,45.7,0.855,39.83
MOM_OFF,ANY,LONG,sym_funding,hot,HOLDOUT,1913,31.88,0.31,-0.0198,0.80461,-2018.6,-33.64,0.867,-5303.3,1.914,-0.01,-0.22,46.7,0.84,26.78
FIXED,VOL_PRICE,SHORT,ALL,ALL,TRAIN,29963,162.84,0.445,-0.0395,0.87578,-39325.3,-213.72,0.934,-55914.2,1.658,-0.024,-0.784,701.9,0.046,7.51
FIXED,VOL_PRICE,SHORT,ALL,ALL,VALID,15201,170.8,0.435,-0.0781,0.96575,-43812.1,-492.27,0.858,-62624.3,1.34,-0.058,-0.793,722.2,0.045,7.7
FIXED,VOL_PRICE,SHORT,ALL,ALL,TEST,17101,185.88,0.436,-0.0873,0.98902,-32810.3,-356.63,0.897,-37271.3,1.331,-0.066,-0.79,726.8,0.041,7.54
FIXED,VOL_PRICE,SHORT,ALL,ALL,HOLDOUT,11098,184.97,0.414,-0.1621,0.99999,-54486.0,-908.1,0.771,-61504.5,1.361,-0.119,-0.806,745.4,0.04,7.33
TRAIL_A0.5_D0.5,VOL_PRICE,SHORT,ALL,ALL,TRAIN,29963,162.84,0.562,-0.0587,0.99665,-51637.7,-280.64,0.87,-57734.7,1.658,-0.035,-0.578,368.1,0.079,12.87
TRAIL_A0.5_D0.5,VOL_PRICE,SHORT,ALL,ALL,VALID,15201,170.8,0.54,-0.0948,0.99968,-48741.6,-547.66,0.77,-56234.9,1.34,-0.071,-0.599,394.6,0.077,13.2
TRAIL_A0.5_D0.5,VOL_PRICE,SHORT,ALL,ALL,TEST,17101,185.88,0.542,-0.103,0.99999,-36903.6,-401.13,0.825,-37832.7,1.331,-0.077,-0.594,378.6,0.073,13.54
TRAIL_A0.5_D0.5,VOL_PRICE,SHORT,ALL,ALL,HOLDOUT,11098,184.97,0.525,-0.1551,1.0,-50083.8,-834.73,0.691,-52896.0,1.361,-0.114,-0.606,390.0,0.074,13.68
TRAIL_A0.5_D1,VOL_PRICE,SHORT,ALL,ALL,TRAIN,29963,162.84,0.398,-0.0458,0.94868,-46919.2,-255.0,0.903,-56840.7,1.658,-0.028,-0.626,530.7,0.057,9.3
TRAIL_A0.5_D1,VOL_PRICE,SHORT,ALL,ALL,VALID,15201,170.8,0.39,-0.0716,0.97649,-36003.1,-404.53,0.857,-51721.5,1.34,-0.053,-0.644,558.0,0.055,9.38
TRAIL_A0.5_D1,VOL_PRICE,SHORT,ALL,ALL,TEST,17101,185.88,0.372,-0.112,0.99985,-45996.2,-499.96,0.824,-48838.7,1.331,-0.084,-0.64,539.7,0.051,9.54
TRAIL_A0.5_D1,VOL_PRICE,SHORT,ALL,ALL,HOLDOUT,11098,184.97,0.351,-0.1732,1.0,-56506.5,-941.77,0.714,-61349.2,1.361,-0.127,-0.651,562.5,0.053,9.77
TRAIL_A1_D0.5,VOL_PRICE,SHORT,ALL,ALL,TRAIN,29963,162.84,0.509,-0.0587,0.97912,-51370.0,-279.18,0.906,-60823.2,1.658,-0.035,-0.729,574.6,0.051,8.39
TRAIL_A1_D0.5,VOL_PRICE,SHORT,ALL,ALL,VALID,15201,170.8,0.501,-0.0848,0.98859,-43182.4,-485.2,0.846,-58097.1,1.34,-0.063,-0.737,600.1,0.053,9.01
TRAIL_A1_D0.5,VOL_PRICE,SHORT,ALL,ALL,TEST,17101,185.88,0.496,-0.1081,0.99951,-38728.3,-420.96,0.867,-42191.0,1.331,-0.081,-0.737,589.4,0.049,9.05
TRAIL_A1_D0.5,VOL_PRICE,SHORT,ALL,ALL,HOLDOUT,11098,184.97,0.475,-0.1656,1.0,-54905.7,-915.1,0.75,-60060.7,1.361,-0.122,-0.754,617.9,0.048,8.97
TRAIL_A1_D1,VOL_PRICE,SHORT,ALL,ALL,TRAIN,29963,162.84,0.472,-0.049,0.94083,-48336.9,-262.7,0.912,-61381.7,1.658,-0.03,-0.731,630.6,0.049,7.95
TRAIL_A1_D1,VOL_PRICE,SHORT,ALL,ALL,VALID,15201,170.8,0.463,-0.0691,0.95587,-35905.2,-403.43,0.873,-53980.4,1.34,-0.052,-0.739,655.9,0.048,8.21
TRAIL_A1_D1,VOL_PRICE,SHORT,ALL,ALL,TEST,17101,185.88,0.454,-0.1052,0.99875,-40561.2,-440.88,0.861,-44825.6,1.331,-0.079,-0.739,647.0,0.046,8.54
TRAIL_A1_D1,VOL_PRICE,SHORT,ALL,ALL,HOLDOUT,11098,184.97,0.432,-0.172,1.0,-56085.8,-934.76,0.745,-62216.6,1.361,-0.126,-0.756,673.3,0.044,8.07
BE0.5_TRAIL,VOL_PRICE,SHORT,ALL,ALL,TRAIN,29963,162.84,0.342,-0.0344,0.84533,-36861.2,-200.33,0.909,-57329.4,1.658,-0.021,-0.584,458.3,0.061,9.9
BE0.5_TRAIL,VOL_PRICE,SHORT,ALL,ALL,VALID,15201,170.8,0.334,-0.1033,0.99974,-51396.4,-577.49,0.763,-57771.2,1.34,-0.077,-0.603,491.3,0.061,10.34
BE0.5_TRAIL,VOL_PRICE,SHORT,ALL,ALL,TEST,17101,185.88,0.321,-0.1209,1.0,-48783.8,-530.26,0.775,-51756.7,1.331,-0.091,-0.597,462.8,0.058,10.84
BE0.5_TRAIL,VOL_PRICE,SHORT,ALL,ALL,HOLDOUT,11098,184.97,0.292,-0.1719,1.0,-55205.1,-920.09,0.668,-58934.6,1.361,-0.126,-0.609,470.8,0.059,10.97
BE1_TRAIL,VOL_PRICE,SHORT,ALL,ALL,TRAIN,29963,162.84,0.385,-0.0204,0.6812,-27768.1,-150.91,0.95,-58117.1,1.658,-0.012,-0.735,693.1,0.044,7.21
BE1_TRAIL,VOL_PRICE,SHORT,ALL,ALL,VALID,15201,170.8,0.384,-0.0997,0.99347,-50471.3,-567.09,0.822,-62523.8,1.34,-0.074,-0.741,720.0,0.043,7.27
BE1_TRAIL,VOL_PRICE,SHORT,ALL,ALL,TEST,17101,185.88,0.366,-0.1279,0.99984,-52724.2,-573.09,0.821,-57849.4,1.331,-0.096,-0.741,704.4,0.039,7.3
BE1_TRAIL,VOL_PRICE,SHORT,ALL,ALL,HOLDOUT,11098,184.97,0.352,-0.1842,1.0,-57259.8,-954.33,0.742,-63558.1,1.361,-0.135,-0.757,720.7,0.041,7.52
ATR_TRAIL2,VOL_PRICE,SHORT,ALL,ALL,TRAIN,29963,162.84,0.321,-0.0511,0.96521,-38209.6,-207.66,0.856,-45266.9,1.658,-0.031,-0.321,128.7,0.194,31.67
ATR_TRAIL2,VOL_PRICE,SHORT,ALL,ALL,VALID,15201,170.8,0.298,-0.1151,1.0,-53970.9,-606.41,0.617,-54893.0,1.34,-0.086,-0.328,131.9,0.2,34.17
ATR_TRAIL2,VOL_PRICE,SHORT,ALL,ALL,TEST,17101,185.88,0.294,-0.1321,1.0,-52401.8,-569.59,0.643,-53950.3,1.331,-0.099,-0.323,122.9,0.183,34.08
ATR_TRAIL2,VOL_PRICE,SHORT,ALL,ALL,HOLDOUT,11098,184.97,0.289,-0.1464,1.0,-40982.8,-683.05,0.612,-41966.4,1.361,-0.108,-0.326,123.2,0.187,34.62
ATR_TRAIL3,VOL_PRICE,SHORT,ALL,ALL,TRAIN,29963,162.84,0.345,0.026,0.34269,30117.3,163.68,1.086,-53100.2,1.658,0.016,-0.44,270.5,0.11,17.91
ATR_TRAIL3,VOL_PRICE,SHORT,ALL,ALL,VALID,15201,170.8,0.328,-0.1234,1.0,-54397.7,-611.21,0.704,-56227.4,1.34,-0.092,-0.448,281.3,0.104,17.75
ATR_TRAIL3,VOL_PRICE,SHORT,ALL,ALL,TEST,17101,185.88,0.316,-0.1531,1.0,-64134.3,-697.11,0.668,-66148.4,1.331,-0.115,-0.447,260.2,0.1,18.64
ATR_TRAIL3,VOL_PRICE,SHORT,ALL,ALL,HOLDOUT,11098,184.97,0.308,-0.1737,1.0,-50036.4,-833.94,0.638,-51705.5,1.361,-0.128,-0.445,255.5,0.107,19.78
ATR_TRAIL4,VOL_PRICE,SHORT,ALL,ALL,TRAIN,29963,162.84,0.356,0.0564,0.24771,45629.8,247.99,1.108,-62948.1,1.658,0.034,-0.541,420.8,0.074,11.99
ATR_TRAIL4,VOL_PRICE,SHORT,ALL,ALL,VALID,15201,170.8,0.346,-0.1275,0.99997,-57869.7,-650.22,0.737,-59531.5,1.34,-0.095,-0.548,440.1,0.071,12.17
ATR_TRAIL4,VOL_PRICE,SHORT,ALL,ALL,TEST,17101,185.88,0.332,-0.1605,1.0,-69108.3,-751.18,0.7,-71738.7,1.331,-0.121,-0.552,414.1,0.065,12.07
ATR_TRAIL4,VOL_PRICE,SHORT,ALL,ALL,HOLDOUT,11098,184.97,0.32,-0.1963,1.0,-62310.7,-1038.51,0.626,-64676.2,1.361,-0.144,-0.548,403.2,0.072,13.27
MFE_LOCK0.3,VOL_PRICE,SHORT,ALL,ALL,TRAIN,29963,162.84,0.509,-0.0477,0.93215,-39793.1,-216.27,0.927,-53376.6,1.658,-0.029,-0.73,571.9,0.052,8.55
MFE_LOCK0.3,VOL_PRICE,SHORT,ALL,ALL,VALID,15201,170.8,0.501,-0.1001,0.99738,-49950.8,-561.24,0.822,-61799.7,1.34,-0.075,-0.737,596.8,0.052,8.85
MFE_LOCK0.3,VOL_PRICE,SHORT,ALL,ALL,TEST,17101,185.88,0.496,-0.1125,0.99977,-40291.4,-437.95,0.861,-44552.9,1.331,-0.084,-0.737,584.8,0.049,9.07
MFE_LOCK0.3,VOL_PRICE,SHORT,ALL,ALL,HOLDOUT,11098,184.97,0.474,-0.1635,1.0,-50946.3,-849.1,0.768,-55886.3,1.361,-0.12,-0.754,611.8,0.046,8.57
MFE_LOCK0.5,VOL_PRICE,SHORT,ALL,ALL,TRAIN,29963,162.84,0.509,-0.0222,0.69963,-21147.2,-114.93,0.961,-50791.3,1.658,-0.013,-0.731,652.8,0.046,7.45
MFE_LOCK0.5,VOL_PRICE,SHORT,ALL,ALL,VALID,15201,170.8,0.501,-0.1078,0.99819,-52853.3,-593.86,0.812,-58278.9,1.34,-0.08,-0.738,676.1,0.046,7.83
MFE_LOCK0.5,VOL_PRICE,SHORT,ALL,ALL,TEST,17101,185.88,0.496,-0.1356,0.99999,-53288.4,-579.22,0.817,-58168.0,1.331,-0.102,-0.738,658.3,0.043,7.93
MFE_LOCK0.5,VOL_PRICE,SHORT,ALL,ALL,HOLDOUT,11098,184.97,0.473,-0.1983,1.0,-62443.3,-1040.72,0.716,-67577.8,1.361,-0.146,-0.755,668.2,0.042,7.75
NOTP_TRAIL0.5,VOL_PRICE,SHORT,ALL,ALL,TRAIN,29963,162.84,0.319,-0.0709,0.99984,-59337.2,-322.48,0.774,-64799.1,1.658,-0.043,-0.31,138.5,0.177,28.75
NOTP_TRAIL0.5,VOL_PRICE,SHORT,ALL,ALL,VALID,15201,170.8,0.295,-0.1126,1.0,-48856.9,-548.95,0.647,-49981.8,1.34,-0.084,-0.318,147.0,0.172,29.36
NOTP_TRAIL0.5,VOL_PRICE,SHORT,ALL,ALL,TEST,17101,185.88,0.297,-0.1187,1.0,-47316.8,-514.31,0.67,-47805.8,1.331,-0.089,-0.312,137.6,0.159,29.62
NOTP_TRAIL0.5,VOL_PRICE,SHORT,ALL,ALL,HOLDOUT,11098,184.97,0.292,-0.1388,1.0,-39709.7,-661.83,0.617,-40334.7,1.361,-0.102,-0.313,141.7,0.168,31.13
NOTP_TRAIL1,VOL_PRICE,SHORT,ALL,ALL,TRAIN,29963,162.84,0.365,-0.0078,0.57056,-12306.3,-66.88,0.973,-50553.2,1.658,-0.005,-0.559,524.5,0.056,9.19
NOTP_TRAIL1,VOL_PRICE,SHORT,ALL,ALL,VALID,15201,170.8,0.358,-0.0923,0.997,-43712.5,-491.15,0.815,-51120.4,1.34,-0.069,-0.573,557.3,0.055,9.36
NOTP_TRAIL1,VOL_PRICE,SHORT,ALL,ALL,TEST,17101,185.88,0.342,-0.1321,1.0,-55088.8,-598.79,0.776,-58367.5,1.331,-0.099,-0.572,531.6,0.048,8.93
NOTP_TRAIL1,VOL_PRICE,SHORT,ALL,ALL,HOLDOUT,11098,184.97,0.317,-0.1889,1.0,-58252.5,-970.88,0.685,-62920.6,1.361,-0.139,-0.577,533.6,0.051,9.42
NOTP_TRAIL1.5,VOL_PRICE,SHORT,ALL,ALL,TRAIN,29963,162.84,0.384,0.0377,0.28572,32110.9,174.52,1.056,-64503.3,1.658,0.023,-0.722,781.5,0.041,6.76
NOTP_TRAIL1.5,VOL_PRICE,SHORT,ALL,ALL,VALID,15201,170.8,0.383,-0.0978,0.98659,-51360.9,-577.09,0.824,-59997.3,1.34,-0.073,-0.731,799.2,0.04,6.75
NOTP_TRAIL1.5,VOL_PRICE,SHORT,ALL,ALL,TEST,17101,185.88,0.371,-0.1478,0.99998,-61919.0,-673.03,0.796,-67932.2,1.331,-0.111,-0.731,796.6,0.035,6.52
NOTP_TRAIL1.5,VOL_PRICE,SHORT,ALL,ALL,HOLDOUT,11098,184.97,0.359,-0.1911,1.0,-56741.1,-945.68,0.749,-65346.0,1.361,-0.14,-0.745,795.6,0.038,6.95
TIME15m,VOL_PRICE,SHORT,ALL,ALL,TRAIN,29963,162.84,0.407,-0.0384,1.0,-30153.3,-163.88,0.756,-32260.7,1.658,-0.023,-0.197,15.0,0.536,87.36
TIME15m,VOL_PRICE,SHORT,ALL,ALL,VALID,15201,170.8,0.384,-0.0415,0.99807,-23717.8,-266.49,0.653,-23920.6,1.34,-0.031,-0.189,14.9,0.6,102.46
TIME15m,VOL_PRICE,SHORT,ALL,ALL,TEST,17101,185.88,0.378,-0.0523,1.0,-19896.5,-216.27,0.694,-20628.8,1.331,-0.039,-0.181,15.0,0.567,105.47
TIME15m,VOL_PRICE,SHORT,ALL,ALL,HOLDOUT,11098,184.97,0.369,-0.0519,1.0,-14068.0,-234.47,0.692,-14245.9,1.361,-0.038,-0.175,14.9,0.611,112.98
TIME30m,VOL_PRICE,SHORT,ALL,ALL,TRAIN,29963,162.84,0.451,-0.0183,0.93664,-12780.4,-69.46,0.916,-19554.6,1.658,-0.011,-0.255,29.7,0.459,74.8
TIME30m,VOL_PRICE,SHORT,ALL,ALL,VALID,15201,170.8,0.401,-0.0542,0.99961,-33077.6,-371.66,0.635,-33612.8,1.34,-0.04,-0.259,29.5,0.509,86.96
TIME30m,VOL_PRICE,SHORT,ALL,ALL,TEST,17101,185.88,0.397,-0.0613,1.0,-21946.8,-238.55,0.733,-22663.4,1.331,-0.046,-0.244,29.8,0.48,89.24
TIME30m,VOL_PRICE,SHORT,ALL,ALL,HOLDOUT,11098,184.97,0.377,-0.0774,1.0,-21799.4,-363.32,0.649,-22237.8,1.361,-0.057,-0.252,29.7,0.508,93.9
TIME1h,VOL_PRICE,SHORT,ALL,ALL,TRAIN,29963,162.84,0.455,-0.0177,0.87318,-17747.7,-96.45,0.91,-21392.0,1.658,-0.011,-0.332,58.2,0.352,57.29
TIME1h,VOL_PRICE,SHORT,ALL,ALL,VALID,15201,170.8,0.432,-0.0569,0.99883,-35435.0,-398.15,0.688,-35959.7,1.34,-0.042,-0.336,58.1,0.376,64.25
TIME1h,VOL_PRICE,SHORT,ALL,ALL,TEST,17101,185.88,0.421,-0.0624,0.99999,-23057.5,-250.63,0.788,-24269.7,1.331,-0.047,-0.327,58.6,0.354,65.77
TIME1h,VOL_PRICE,SHORT,ALL,ALL,HOLDOUT,11098,184.97,0.383,-0.0941,1.0,-29336.4,-488.94,0.643,-29626.1,1.361,-0.069,-0.34,58.5,0.366,67.67
TIME2h,VOL_PRICE,SHORT,ALL,ALL,TRAIN,29963,162.84,0.465,-0.0261,0.90254,-28041.2,-152.4,0.894,-29099.3,1.658,-0.016,-0.434,111.9,0.234,38.12
TIME2h,VOL_PRICE,SHORT,ALL,ALL,VALID,15201,170.8,0.446,-0.0601,0.99521,-37331.6,-419.46,0.737,-38757.0,1.34,-0.045,-0.432,112.2,0.24,41.06
TIME2h,VOL_PRICE,SHORT,ALL,ALL,TEST,17101,185.88,0.422,-0.0876,0.99999,-35083.0,-381.34,0.762,-36145.9,1.331,-0.066,-0.433,113.1,0.223,41.43
TIME2h,VOL_PRICE,SHORT,ALL,ALL,HOLDOUT,11098,184.97,0.422,-0.0994,1.0,-30461.8,-507.7,0.708,-30957.5,1.361,-0.073,-0.443,112.9,0.227,42.03
TIME4h,VOL_PRICE,SHORT,ALL,ALL,TRAIN,29963,162.84,0.479,-0.0275,0.86129,-25357.9,-137.81,0.925,-29189.5,1.658,-0.017,-0.538,206.4,0.145,23.59
TIME4h,VOL_PRICE,SHORT,ALL,ALL,VALID,15201,170.8,0.464,-0.0553,0.96576,-32309.3,-363.03,0.818,-42823.2,1.34,-0.041,-0.535,209.4,0.143,24.44
TIME4h,VOL_PRICE,SHORT,ALL,ALL,TEST,17101,185.88,0.44,-0.0971,0.9999,-39134.3,-425.37,0.791,-40336.3,1.331,-0.073,-0.547,210.0,0.132,24.51
TIME4h,VOL_PRICE,SHORT,ALL,ALL,HOLDOUT,11098,184.97,0.439,-0.1082,1.0,-31687.9,-528.13,0.76,-33242.4,1.361,-0.079,-0.549,210.2,0.133,24.67
SIG_OFF,VOL_PRICE,SHORT,ALL,ALL,TRAIN,29963,162.84,0.403,-0.0088,0.60085,5582.0,30.34,1.045,-27660.1,1.658,-0.005,-0.197,15.2,0.535,87.15
SIG_OFF,VOL_PRICE,SHORT,ALL,ALL,VALID,15201,170.8,0.382,-0.0463,0.99985,-24662.7,-277.11,0.639,-24876.4,1.34,-0.035,-0.189,15.1,0.599,102.3
SIG_OFF,VOL_PRICE,SHORT,ALL,ALL,TEST,17101,185.88,0.379,-0.0534,1.0,-20428.3,-222.05,0.686,-21117.2,1.331,-0.04,-0.181,15.1,0.566,105.27
SIG_OFF,VOL_PRICE,SHORT,ALL,ALL,HOLDOUT,11098,184.97,0.37,-0.0519,1.0,-14587.5,-243.13,0.681,-14764.7,1.361,-0.038,-0.175,15.1,0.609,112.72
MOM_OFF,VOL_PRICE,SHORT,ALL,ALL,TRAIN,29963,162.84,0.362,-0.0059,0.59275,-7691.0,-41.8,0.957,-24270.5,1.658,-0.004,-0.275,59.1,0.357,58.2
MOM_OFF,VOL_PRICE,SHORT,ALL,ALL,VALID,15201,170.8,0.33,-0.0638,0.99988,-38682.3,-434.63,0.623,-40174.2,1.34,-0.048,-0.276,58.7,0.383,65.42
MOM_OFF,VOL_PRICE,SHORT,ALL,ALL,TEST,17101,185.88,0.327,-0.0727,1.0,-29560.8,-321.31,0.702,-30366.9,1.331,-0.055,-0.271,58.8,0.351,65.2
MOM_OFF,VOL_PRICE,SHORT,ALL,ALL,HOLDOUT,11098,184.97,0.294,-0.0995,1.0,-32439.7,-540.66,0.55,-32591.1,1.361,-0.073,-0.271,53.3,0.387,71.63
FIXED,ANY,LONG,sym_oi,up,TRAIN,16655,90.52,0.419,-0.0284,0.90524,6452.3,35.07,1.013,-46756.7,1.648,-0.017,-0.763,769.7,0.077,6.93
FIXED,ANY,LONG,sym_oi,up,VALID,8528,95.82,0.401,-0.0704,0.99115,-21330.1,-239.66,0.921,-31499.9,1.644,-0.043,-0.764,749.9,0.077,7.37
FIXED,ANY,LONG,sym_oi,up,TEST,7795,84.73,0.415,-0.0528,0.98725,4750.0,51.63,1.019,-30601.5,1.531,-0.034,-0.77,774.4,0.081,6.87
FIXED,ANY,LONG,sym_oi,up,HOLDOUT,7676,127.93,0.497,0.1623,7e-05,73653.5,1227.56,1.318,-22468.4,2.057,0.079,-0.768,730.9,0.059,7.53
TRAIL_A0.5_D0.5,ANY,LONG,sym_oi,up,TRAIN,16655,90.52,0.572,-0.0572,0.99999,-26563.0,-144.36,0.922,-43687.0,1.648,-0.035,-0.582,446.1,0.125,11.32
TRAIL_A0.5_D0.5,ANY,LONG,sym_oi,up,VALID,8528,95.82,0.562,-0.0791,0.99997,-26861.8,-301.82,0.852,-28575.1,1.644,-0.048,-0.581,432.3,0.121,11.63
TRAIL_A0.5_D0.5,ANY,LONG,sym_oi,up,TEST,7795,84.73,0.576,-0.0751,1.0,-13414.2,-145.81,0.919,-29626.0,1.531,-0.049,-0.585,442.1,0.145,12.28
TRAIL_A0.5_D0.5,ANY,LONG,sym_oi,up,HOLDOUT,7676,127.93,0.63,0.0528,0.01482,33328.5,555.48,1.222,-7265.9,2.057,0.026,-0.57,415.6,0.095,12.13
TRAIL_A0.5_D1,ANY,LONG,sym_oi,up,TRAIN,16655,90.52,0.383,-0.0523,0.99922,-16983.8,-92.3,0.959,-50683.4,1.648,-0.032,-0.623,579.3,0.097,8.74
TRAIL_A0.5_D1,ANY,LONG,sym_oi,up,VALID,8528,95.82,0.375,-0.0839,0.99981,-27636.9,-310.53,0.874,-29859.1,1.644,-0.051,-0.624,554.8,0.101,9.66
TRAIL_A0.5_D1,ANY,LONG,sym_oi,up,TEST,7795,84.73,0.378,-0.0826,0.99998,-9772.1,-106.22,0.952,-29487.7,1.531,-0.054,-0.632,573.3,0.108,9.18
TRAIL_A0.5_D1,ANY,LONG,sym_oi,up,HOLDOUT,7676,127.93,0.454,0.1083,0.00086,53610.6,893.51,1.29,-11622.6,2.057,0.053,-0.621,547.7,0.078,9.97
TRAIL_A1_D0.5,ANY,LONG,sym_oi,up,TRAIN,16655,90.52,0.487,-0.0399,0.98701,-1246.6,-6.77,0.997,-42205.5,1.648,-0.024,-0.712,651.5,0.086,7.76
TRAIL_A1_D0.5,ANY,LONG,sym_oi,up,VALID,8528,95.82,0.473,-0.076,0.99859,-22909.4,-257.41,0.905,-29746.3,1.644,-0.046,-0.71,631.5,0.089,8.52
TRAIL_A1_D0.5,ANY,LONG,sym_oi,up,TEST,7795,84.73,0.483,-0.0671,0.99938,-5885.1,-63.97,0.974,-30642.8,1.531,-0.044,-0.718,655.1,0.097,8.26
TRAIL_A1_D0.5,ANY,LONG,sym_oi,up,HOLDOUT,7676,127.93,0.559,0.1145,0.00046,59075.9,984.6,1.285,-14704.9,2.057,0.056,-0.706,613.5,0.065,8.28
TRAIL_A1_D1,ANY,LONG,sym_oi,up,TRAIN,16655,90.52,0.463,-0.0387,0.97667,104.5,0.57,1.0,-44883.1,1.648,-0.023,-0.714,691.7,0.084,7.57
TRAIL_A1_D1,ANY,LONG,sym_oi,up,VALID,8528,95.82,0.448,-0.0749,0.9977,-20842.7,-234.19,0.914,-29250.9,1.644,-0.046,-0.712,668.0,0.083,7.94
TRAIL_A1_D1,ANY,LONG,sym_oi,up,TEST,7795,84.73,0.46,-0.0686,0.99895,-3411.6,-37.08,0.985,-28677.8,1.531,-0.045,-0.72,693.1,0.093,7.88
TRAIL_A1_D1,ANY,LONG,sym_oi,up,HOLDOUT,7676,127.93,0.534,0.1344,0.00022,64214.5,1070.24,1.309,-16724.5,2.057,0.065,-0.711,653.8,0.061,7.83
BE0.5_TRAIL,ANY,LONG,sym_oi,up,TRAIN,16655,90.52,0.332,-0.0552,0.99985,-15177.3,-82.49,0.956,-44940.5,1.648,-0.034,-0.585,503.6,0.11,9.92
BE0.5_TRAIL,ANY,LONG,sym_oi,up,VALID,8528,95.82,0.326,-0.0715,0.9989,-24795.8,-278.6,0.866,-29298.3,1.644,-0.043,-0.585,482.3,0.109,10.44
BE0.5_TRAIL,ANY,LONG,sym_oi,up,TEST,7795,84.73,0.322,-0.0695,0.9999,-7369.3,-80.1,0.956,-24353.8,1.531,-0.045,-0.59,498.2,0.127,10.74
BE0.5_TRAIL,ANY,LONG,sym_oi,up,HOLDOUT,7676,127.93,0.382,0.0864,0.0037,50739.6,845.66,1.332,-8602.8,2.057,0.042,-0.579,481.0,0.081,10.38
BE1_TRAIL,ANY,LONG,sym_oi,up,TRAIN,16655,90.52,0.37,-0.0278,0.90687,18098.0,98.36,1.039,-41543.6,1.648,-0.017,-0.716,732.5,0.077,6.97
BE1_TRAIL,ANY,LONG,sym_oi,up,VALID,8528,95.82,0.354,-0.0515,0.95471,-9981.0,-112.15,0.959,-25847.0,1.644,-0.031,-0.714,705.9,0.077,7.4
BE1_TRAIL,ANY,LONG,sym_oi,up,TEST,7795,84.73,0.357,-0.0585,0.99412,2383.7,25.91,1.01,-29175.1,1.531,-0.038,-0.722,732.7,0.084,7.12
BE1_TRAIL,ANY,LONG,sym_oi,up,HOLDOUT,7676,127.93,0.431,0.1634,0.00018,79151.5,1319.19,1.378,-14748.5,2.057,0.079,-0.72,702.9,0.06,7.65
ATR_TRAIL2,ANY,LONG,sym_oi,up,TRAIN,16655,90.52,0.315,-0.06,1.0,-31165.0,-169.38,0.851,-34615.7,1.648,-0.036,-0.295,117.1,0.372,33.67
ATR_TRAIL2,ANY,LONG,sym_oi,up,VALID,8528,95.82,0.326,-0.0537,0.99999,-17507.1,-196.71,0.837,-18060.3,1.644,-0.033,-0.296,115.1,0.377,36.1
ATR_TRAIL2,ANY,LONG,sym_oi,up,TEST,7795,84.73,0.315,-0.0707,1.0,-16148.3,-175.52,0.842,-19597.5,1.531,-0.046,-0.299,115.5,0.403,34.12
ATR_TRAIL2,ANY,LONG,sym_oi,up,HOLDOUT,7676,127.93,0.344,-0.0282,0.96605,-2619.6,-43.66,0.974,-8641.7,2.057,-0.014,-0.305,116.5,0.291,37.22
ATR_TRAIL3,ANY,LONG,sym_oi,up,TRAIN,16655,90.52,0.321,-0.0571,1.0,-29137.3,-158.35,0.897,-40785.8,1.648,-0.035,-0.402,236.4,0.214,19.34
ATR_TRAIL3,ANY,LONG,sym_oi,up,VALID,8528,95.82,0.316,-0.0651,0.9997,-24002.4,-269.69,0.838,-24767.6,1.644,-0.04,-0.406,226.3,0.221,21.18
ATR_TRAIL3,ANY,LONG,sym_oi,up,TEST,7795,84.73,0.313,-0.0708,0.99999,-7179.9,-78.04,0.948,-15047.7,1.531,-0.046,-0.411,241.6,0.228,19.3
ATR_TRAIL3,ANY,LONG,sym_oi,up,HOLDOUT,7676,127.93,0.357,0.0266,0.16458,22123.8,368.73,1.167,-7586.7,2.057,0.013,-0.41,239.2,0.161,20.57
ATR_TRAIL4,ANY,LONG,sym_oi,up,TRAIN,16655,90.52,0.327,-0.0426,0.99414,-5989.0,-32.55,0.982,-39838.1,1.648,-0.026,-0.499,385.7,0.144,13.07
ATR_TRAIL4,ANY,LONG,sym_oi,up,VALID,8528,95.82,0.31,-0.0496,0.97305,-19246.3,-216.25,0.895,-23780.6,1.644,-0.03,-0.504,367.4,0.146,14.0
ATR_TRAIL4,ANY,LONG,sym_oi,up,TEST,7795,84.73,0.305,-0.0779,0.99976,-4973.7,-54.06,0.971,-25254.3,1.531,-0.051,-0.513,388.8,0.153,12.98
ATR_TRAIL4,ANY,LONG,sym_oi,up,HOLDOUT,7676,127.93,0.367,0.0902,0.00945,49784.2,829.74,1.307,-8213.0,2.057,0.044,-0.523,399.1,0.103,13.17
MFE_LOCK0.3,ANY,LONG,sym_oi,up,TRAIN,16655,90.52,0.487,-0.0327,0.9659,9174.1,49.86,1.02,-42358.7,1.648,-0.02,-0.712,648.7,0.083,7.55
MFE_LOCK0.3,ANY,LONG,sym_oi,up,VALID,8528,95.82,0.472,-0.062,0.99093,-17932.4,-201.49,0.926,-27666.1,1.644,-0.038,-0.71,628.9,0.089,8.51
MFE_LOCK0.3,ANY,LONG,sym_oi,up,TEST,7795,84.73,0.484,-0.0574,0.99671,-1714.1,-18.63,0.992,-26605.0,1.531,-0.037,-0.718,652.4,0.095,8.03
MFE_LOCK0.3,ANY,LONG,sym_oi,up,HOLDOUT,7676,127.93,0.559,0.1223,0.00028,62829.9,1047.17,1.303,-13114.0,2.057,0.059,-0.706,613.4,0.065,8.37
MFE_LOCK0.5,ANY,LONG,sym_oi,up,TRAIN,16655,90.52,0.487,-0.0268,0.90039,13162.1,71.53,1.029,-42542.5,1.648,-0.016,-0.713,698.7,0.08,7.28
MFE_LOCK0.5,ANY,LONG,sym_oi,up,VALID,8528,95.82,0.472,-0.0715,0.99427,-22982.7,-258.23,0.905,-27522.9,1.644,-0.044,-0.712,672.7,0.08,7.66
MFE_LOCK0.5,ANY,LONG,sym_oi,up,TEST,7795,84.73,0.483,-0.0551,0.99013,1953.8,21.24,1.009,-28220.5,1.531,-0.036,-0.718,699.9,0.087,7.35
MFE_LOCK0.5,ANY,LONG,sym_oi,up,HOLDOUT,7676,127.93,0.559,0.1356,0.0005,63896.4,1064.94,1.308,-10743.1,2.057,0.066,-0.715,674.3,0.06,7.65
NOTP_TRAIL0.5,ANY,LONG,sym_oi,up,TRAIN,16655,90.52,0.323,-0.062,1.0,-35837.1,-194.77,0.841,-40199.8,1.648,-0.038,-0.308,149.8,0.304,27.51
NOTP_TRAIL0.5,ANY,LONG,sym_oi,up,VALID,8528,95.82,0.33,-0.0526,1.0,-18105.7,-203.43,0.843,-18800.1,1.644,-0.032,-0.307,143.2,0.314,30.1
NOTP_TRAIL0.5,ANY,LONG,sym_oi,up,TEST,7795,84.73,0.32,-0.0736,1.0,-17821.6,-193.71,0.835,-22155.7,1.531,-0.048,-0.309,139.1,0.352,29.79
NOTP_TRAIL0.5,ANY,LONG,sym_oi,up,HOLDOUT,7676,127.93,0.353,-0.0178,0.86556,1863.0,31.05,1.018,-7768.4,2.057,-0.009,-0.313,139.6,0.246,31.42
NOTP_TRAIL1,ANY,LONG,sym_oi,up,TRAIN,16655,90.52,0.354,-0.0485,0.99822,-5526.8,-30.04,0.986,-41336.9,1.648,-0.029,-0.56,531.4,0.104,9.37
NOTP_TRAIL1,ANY,LONG,sym_oi,up,VALID,8528,95.82,0.347,-0.0608,0.9939,-16488.1,-185.26,0.92,-20904.2,1.644,-0.037,-0.56,504.4,0.102,9.75
NOTP_TRAIL1,ANY,LONG,sym_oi,up,TEST,7795,84.73,0.347,-0.0865,0.99999,-8276.6,-89.96,0.957,-25126.5,1.531,-0.057,-0.568,514.9,0.119,10.04
NOTP_TRAIL1,ANY,LONG,sym_oi,up,HOLDOUT,7676,127.93,0.419,0.1152,0.00157,64101.1,1068.35,1.364,-7621.3,2.057,0.056,-0.562,510.8,0.076,9.78
NOTP_TRAIL1.5,ANY,LONG,sym_oi,up,TRAIN,16655,90.52,0.369,-0.0131,0.70271,33152.2,180.18,1.069,-43835.2,1.648,-0.008,-0.708,802.1,0.071,6.44
NOTP_TRAIL1.5,ANY,LONG,sym_oi,up,VALID,8528,95.82,0.35,-0.0488,0.92948,-10504.2,-118.02,0.959,-24805.7,1.644,-0.03,-0.707,769.9,0.073,6.96
NOTP_TRAIL1.5,ANY,LONG,sym_oi,up,TEST,7795,84.73,0.365,-0.0598,0.98939,2897.1,31.49,1.012,-32774.2,1.531,-0.039,-0.717,798.5,0.079,6.66
NOTP_TRAIL1.5,ANY,LONG,sym_oi,up,HOLDOUT,7676,127.93,0.444,0.2109,6e-05,99586.1,1659.77,1.457,-14260.9,2.057,0.103,-0.734,795.3,0.054,6.88
TIME15m,ANY,LONG,sym_oi,up,TRAIN,16655,90.52,0.412,-0.0259,1.0,-15857.5,-86.18,0.817,-16198.9,1.648,-0.016,-0.153,15.0,0.892,80.72
TIME15m,ANY,LONG,sym_oi,up,VALID,8528,95.82,0.412,-0.0297,1.0,-11155.0,-125.34,0.754,-11841.1,1.644,-0.018,-0.154,15.0,0.911,87.31
TIME15m,ANY,LONG,sym_oi,up,TEST,7795,84.73,0.435,-0.0245,1.0,-7704.4,-83.74,0.809,-8078.9,1.531,-0.016,-0.149,15.0,0.954,80.84
TIME15m,ANY,LONG,sym_oi,up,HOLDOUT,7676,127.93,0.432,-0.023,1.0,-5829.2,-97.15,0.852,-6199.1,2.057,-0.011,-0.154,15.0,0.841,107.55
TIME30m,ANY,LONG,sym_oi,up,TRAIN,16655,90.52,0.423,-0.0255,1.0,-12989.2,-70.59,0.887,-14242.6,1.648,-0.015,-0.211,29.8,0.788,71.31
TIME30m,ANY,LONG,sym_oi,up,VALID,8528,95.82,0.423,-0.0319,1.0,-14535.4,-163.32,0.767,-14886.7,1.644,-0.019,-0.215,29.8,0.801,76.75
TIME30m,ANY,LONG,sym_oi,up,TEST,7795,84.73,0.439,-0.0307,1.0,-11112.6,-120.79,0.806,-11758.6,1.531,-0.02,-0.21,29.8,0.857,72.63
TIME30m,ANY,LONG,sym_oi,up,HOLDOUT,7676,127.93,0.454,-0.0168,0.99272,-1230.5,-20.51,0.977,-2889.5,2.057,-0.008,-0.215,29.8,0.694,88.8
TIME1h,ANY,LONG,sym_oi,up,TRAIN,16655,90.52,0.428,-0.0232,0.99999,-10876.0,-59.11,0.929,-12392.7,1.648,-0.014,-0.286,59.0,0.626,56.63
TIME1h,ANY,LONG,sym_oi,up,VALID,8528,95.82,0.428,-0.0325,1.0,-15898.9,-178.64,0.813,-16516.9,1.644,-0.02,-0.295,59.0,0.63,60.33
TIME1h,ANY,LONG,sym_oi,up,TEST,7795,84.73,0.431,-0.0335,1.0,-11255.9,-122.35,0.853,-12783.8,1.531,-0.022,-0.289,59.1,0.679,57.55
TIME1h,ANY,LONG,sym_oi,up,HOLDOUT,7676,127.93,0.457,-0.0089,0.76321,-74.3,-1.24,0.999,-4082.0,2.057,-0.004,-0.297,58.9,0.51,65.23
TIME2h,ANY,LONG,sym_oi,up,TRAIN,16655,90.52,0.433,-0.0254,0.99771,-10641.5,-57.83,0.948,-15728.7,1.648,-0.015,-0.382,115.2,0.387,35.04
TIME2h,ANY,LONG,sym_oi,up,VALID,8528,95.82,0.421,-0.0394,0.99914,-19331.6,-217.21,0.833,-19953.7,1.644,-0.024,-0.396,114.8,0.388,37.17
TIME2h,ANY,LONG,sym_oi,up,TEST,7795,84.73,0.43,-0.0409,0.99999,-10971.6,-119.26,0.894,-13395.8,1.531,-0.027,-0.389,115.3,0.421,35.65
TIME2h,ANY,LONG,sym_oi,up,HOLDOUT,7676,127.93,0.475,0.0052,0.36781,8340.6,139.01,1.084,-8077.1,2.057,0.003,-0.406,114.5,0.306,39.18
TIME4h,ANY,LONG,sym_oi,up,TRAIN,16655,90.52,0.433,-0.024,0.9705,867.0,4.71,1.003,-16885.2,1.648,-0.015,-0.497,216.6,0.24,21.74
TIME4h,ANY,LONG,sym_oi,up,VALID,8528,95.82,0.426,-0.0343,0.96442,-17326.3,-194.68,0.886,-19143.1,1.644,-0.021,-0.509,215.2,0.237,22.75
TIME4h,ANY,LONG,sym_oi,up,TEST,7795,84.73,0.428,-0.0521,0.99969,-10156.9,-110.4,0.926,-16328.9,1.531,-0.034,-0.509,217.6,0.257,21.76
TIME4h,ANY,LONG,sym_oi,up,HOLDOUT,7676,127.93,0.477,0.0376,0.0586,22162.4,369.37,1.169,-11246.9,2.057,0.018,-0.527,214.1,0.183,23.42
SIG_OFF,ANY,LONG,sym_oi,up,TRAIN,16655,90.52,0.396,-0.0252,1.0,-15839.7,-86.09,0.846,-15951.2,1.648,-0.015,-0.178,41.1,0.645,58.39
SIG_OFF,ANY,LONG,sym_oi,up,VALID,8528,95.82,0.398,-0.0311,1.0,-11241.7,-126.31,0.78,-12044.6,1.644,-0.019,-0.174,36.6,0.725,69.44
SIG_OFF,ANY,LONG,sym_oi,up,TEST,7795,84.73,0.427,-0.0261,1.0,-7649.2,-83.14,0.835,-8797.7,1.531,-0.017,-0.17,37.6,0.74,62.68
SIG_OFF,ANY,LONG,sym_oi,up,HOLDOUT,7676,127.93,0.417,-0.016,0.9964,-2254.6,-37.58,0.951,-2952.7,2.057,-0.008,-0.174,37.0,0.604,77.25
MOM_OFF,ANY,LONG,sym_oi,up,TRAIN,16655,90.52,0.32,-0.0159,0.99234,-4587.5,-24.93,0.966,-13817.5,1.648,-0.01,-0.217,50.4,0.624,56.51
MOM_OFF,ANY,LONG,sym_oi,up,VALID,8528,95.82,0.322,-0.0203,0.98182,-12680.0,-142.47,0.826,-13731.2,1.644,-0.012,-0.22,50.8,0.635,60.88
MOM_OFF,ANY,LONG,sym_oi,up,TEST,7795,84.73,0.325,-0.032,1.0,-9997.2,-108.67,0.85,-11135.5,1.531,-0.021,-0.216,50.2,0.68,57.61
MOM_OFF,ANY,LONG,sym_oi,up,HOLDOUT,7676,127.93,0.338,-0.0135,0.86155,-3094.9,-51.58,0.955,-6126.4,2.057,-0.007,-0.227,53.6,0.519,66.35
FIXED,FUNDING_SQUEEZE,LONG,ALL,ALL,TRAIN,4048,22.0,0.4,-0.0519,0.95151,6855.0,37.26,1.064,-8147.6,1.747,-0.03,-0.804,664.6,0.271,5.95
FIXED,FUNDING_SQUEEZE,LONG,ALL,ALL,VALID,2559,28.75,0.383,-0.1073,0.99715,-12032.8,-135.2,0.785,-13009.4,1.711,-0.063,-0.832,639.2,0.244,7.01
FIXED,FUNDING_SQUEEZE,LONG,ALL,ALL,TEST,947,10.29,0.401,-0.0494,0.81258,192.9,2.1,1.007,-5106.4,1.693,-0.029,-0.823,647.2,0.431,4.43
FIXED,FUNDING_SQUEEZE,LONG,ALL,ALL,HOLDOUT,293,4.88,0.365,-0.1091,0.93245,-1365.4,-22.76,0.842,-2218.1,1.645,-0.066,-0.896,661.6,0.468,2.28
TRAIL_A0.5_D0.5,FUNDING_SQUEEZE,LONG,ALL,ALL,TRAIN,4048,22.0,0.568,-0.0602,0.99898,-723.2,-3.93,0.99,-7486.1,1.747,-0.034,-0.603,367.9,0.391,8.59
TRAIL_A0.5_D0.5,FUNDING_SQUEEZE,LONG,ALL,ALL,VALID,2559,28.75,0.548,-0.0884,0.99948,-6690.0,-75.17,0.817,-7082.3,1.711,-0.052,-0.616,350.9,0.372,10.71
TRAIL_A0.5_D0.5,FUNDING_SQUEEZE,LONG,ALL,ALL,TEST,947,10.29,0.552,-0.0699,0.98061,-115.6,-1.26,0.993,-2301.0,1.693,-0.041,-0.606,358.6,0.551,5.67
TRAIL_A0.5_D0.5,FUNDING_SQUEEZE,LONG,ALL,ALL,HOLDOUT,293,4.88,0.573,-0.1106,0.99187,-541.2,-9.02,0.896,-1555.8,1.645,-0.067,-0.641,343.5,0.57,2.78
TRAIL_A0.5_D1,FUNDING_SQUEEZE,LONG,ALL,ALL,TRAIN,4048,22.0,0.379,-0.0538,0.98408,5285.3,28.72,1.063,-6603.3,1.747,-0.031,-0.645,477.7,0.332,7.3
TRAIL_A0.5_D1,FUNDING_SQUEEZE,LONG,ALL,ALL,VALID,2559,28.75,0.368,-0.0941,0.99828,-9056.2,-101.76,0.793,-9198.6,1.711,-0.055,-0.657,450.2,0.31,8.91
TRAIL_A0.5_D1,FUNDING_SQUEEZE,LONG,ALL,ALL,TEST,947,10.29,0.393,-0.0303,0.74852,978.7,10.64,1.049,-3333.1,1.693,-0.018,-0.654,465.9,0.482,4.96
TRAIL_A0.5_D1,FUNDING_SQUEEZE,LONG,ALL,ALL,HOLDOUT,293,4.88,0.365,-0.1254,0.98683,-1305.0,-21.75,0.794,-2010.1,1.645,-0.076,-0.678,435.6,0.522,2.55
TRAIL_A1_D0.5,FUNDING_SQUEEZE,LONG,ALL,ALL,TRAIN,4048,22.0,0.475,-0.0575,0.98706,3843.8,20.89,1.04,-7601.0,1.747,-0.033,-0.748,553.0,0.31,6.82
TRAIL_A1_D0.5,FUNDING_SQUEEZE,LONG,ALL,ALL,VALID,2559,28.75,0.46,-0.1073,0.99925,-10281.3,-115.52,0.796,-10535.4,1.711,-0.063,-0.767,526.6,0.279,8.02
TRAIL_A1_D0.5,FUNDING_SQUEEZE,LONG,ALL,ALL,TEST,947,10.29,0.479,-0.0571,0.8863,-280.2,-3.05,0.988,-4079.9,1.693,-0.034,-0.756,543.5,0.465,4.78
TRAIL_A1_D0.5,FUNDING_SQUEEZE,LONG,ALL,ALL,HOLDOUT,293,4.88,0.464,-0.1087,0.96221,-1389.9,-23.16,0.819,-1877.5,1.645,-0.066,-0.796,536.9,0.502,2.45
TRAIL_A1_D1,FUNDING_SQUEEZE,LONG,ALL,ALL,TRAIN,4048,22.0,0.453,-0.0546,0.97479,5300.0,28.8,1.055,-7337.2,1.747,-0.031,-0.749,586.1,0.293,6.45
TRAIL_A1_D1,FUNDING_SQUEEZE,LONG,ALL,ALL,VALID,2559,28.75,0.43,-0.1011,0.99766,-10261.6,-115.3,0.797,-10784.8,1.711,-0.059,-0.767,557.8,0.272,7.83
TRAIL_A1_D1,FUNDING_SQUEEZE,LONG,ALL,ALL,TEST,947,10.29,0.453,-0.0452,0.81237,471.1,5.12,1.02,-4609.7,1.693,-0.027,-0.761,570.3,0.457,4.71
TRAIL_A1_D1,FUNDING_SQUEEZE,LONG,ALL,ALL,HOLDOUT,293,4.88,0.44,-0.112,0.95714,-1467.4,-24.46,0.81,-1953.7,1.645,-0.068,-0.798,566.5,0.488,2.38
BE0.5_TRAIL,FUNDING_SQUEEZE,LONG,ALL,ALL,TRAIN,4048,22.0,0.384,-0.0326,0.91112,8718.2,47.38,1.123,-5168.2,1.747,-0.019,-0.607,418.8,0.35,7.71
BE0.5_TRAIL,FUNDING_SQUEEZE,LONG,ALL,ALL,VALID,2559,28.75,0.362,-0.0813,0.99296,-7208.6,-80.99,0.806,-7477.0,1.711,-0.048,-0.619,394.9,0.338,9.73
BE0.5_TRAIL,FUNDING_SQUEEZE,LONG,ALL,ALL,TEST,947,10.29,0.375,-0.0408,0.84824,1728.6,18.79,1.104,-2899.3,1.693,-0.024,-0.615,409.3,0.495,5.1
BE0.5_TRAIL,FUNDING_SQUEEZE,LONG,ALL,ALL,HOLDOUT,293,4.88,0.375,-0.12,0.98408,-1238.3,-20.64,0.765,-1843.8,1.645,-0.073,-0.643,387.0,0.536,2.62
BE1_TRAIL,FUNDING_SQUEEZE,LONG,ALL,ALL,TRAIN,4048,22.0,0.383,-0.019,0.71246,13049.4,70.92,1.134,-7165.4,1.747,-0.011,-0.75,626.4,0.271,5.96
BE1_TRAIL,FUNDING_SQUEEZE,LONG,ALL,ALL,VALID,2559,28.75,0.36,-0.0869,0.9812,-9836.6,-110.52,0.806,-10425.3,1.711,-0.051,-0.768,591.5,0.249,7.17
BE1_TRAIL,FUNDING_SQUEEZE,LONG,ALL,ALL,TEST,947,10.29,0.392,-0.0405,0.76372,914.8,9.94,1.039,-4779.4,1.693,-0.024,-0.766,608.7,0.422,4.35
BE1_TRAIL,FUNDING_SQUEEZE,LONG,ALL,ALL,HOLDOUT,293,4.88,0.355,-0.1434,0.97531,-2429.4,-40.49,0.686,-2557.2,1.645,-0.087,-0.801,599.3,0.471,2.3
ATR_TRAIL2,FUNDING_SQUEEZE,LONG,ALL,ALL,TRAIN,4048,22.0,0.318,-0.0509,0.99972,-2942.7,-15.99,0.933,-5133.3,1.747,-0.029,-0.301,108.0,0.647,14.23
ATR_TRAIL2,FUNDING_SQUEEZE,LONG,ALL,ALL,VALID,2559,28.75,0.285,-0.0934,1.0,-7512.6,-84.41,0.674,-7551.5,1.711,-0.055,-0.316,101.9,0.624,17.96
ATR_TRAIL2,FUNDING_SQUEEZE,LONG,ALL,ALL,TEST,947,10.29,0.312,-0.0762,0.99908,-1053.5,-11.45,0.897,-1862.7,1.693,-0.045,-0.305,103.0,0.715,7.36
ATR_TRAIL2,FUNDING_SQUEEZE,LONG,ALL,ALL,HOLDOUT,293,4.88,0.314,-0.1253,0.99997,-1143.1,-19.05,0.661,-1376.1,1.645,-0.076,-0.32,91.9,0.778,3.8
ATR_TRAIL3,FUNDING_SQUEEZE,LONG,ALL,ALL,TRAIN,4048,22.0,0.332,-0.0323,0.9344,83.9,0.46,1.001,-6122.2,1.747,-0.019,-0.414,223.9,0.474,10.42
ATR_TRAIL3,FUNDING_SQUEEZE,LONG,ALL,ALL,VALID,2559,28.75,0.296,-0.0999,0.99959,-9066.9,-101.88,0.711,-9075.8,1.711,-0.058,-0.438,216.2,0.456,13.1
ATR_TRAIL3,FUNDING_SQUEEZE,LONG,ALL,ALL,TEST,947,10.29,0.314,-0.0734,0.97941,-1095.9,-11.91,0.924,-2801.5,1.693,-0.043,-0.434,212.2,0.579,5.96
ATR_TRAIL3,FUNDING_SQUEEZE,LONG,ALL,ALL,HOLDOUT,293,4.88,0.294,-0.1232,0.99167,-1184.4,-19.74,0.747,-1557.8,1.645,-0.075,-0.458,214.4,0.621,3.03
ATR_TRAIL4,FUNDING_SQUEEZE,LONG,ALL,ALL,TRAIN,4048,22.0,0.331,-0.0364,0.90574,6156.3,33.46,1.086,-7137.4,1.747,-0.021,-0.525,360.3,0.371,8.17
ATR_TRAIL4,FUNDING_SQUEEZE,LONG,ALL,ALL,VALID,2559,28.75,0.299,-0.1101,0.99764,-10246.4,-115.13,0.732,-11053.6,1.711,-0.064,-0.551,350.0,0.354,10.17
ATR_TRAIL4,FUNDING_SQUEEZE,LONG,ALL,ALL,TEST,947,10.29,0.333,-0.0135,0.59702,2144.0,23.3,1.12,-3069.7,1.693,-0.008,-0.54,369.2,0.487,5.01
ATR_TRAIL4,FUNDING_SQUEEZE,LONG,ALL,ALL,HOLDOUT,293,4.88,0.29,-0.1085,0.94168,-1707.3,-28.46,0.709,-2062.6,1.645,-0.066,-0.577,362.4,0.553,2.7
MFE_LOCK0.3,FUNDING_SQUEEZE,LONG,ALL,ALL,TRAIN,4048,22.0,0.475,-0.0347,0.88908,6232.2,33.87,1.064,-7663.9,1.747,-0.02,-0.748,552.0,0.307,6.76
MFE_LOCK0.3,FUNDING_SQUEEZE,LONG,ALL,ALL,VALID,2559,28.75,0.461,-0.1,0.99816,-10099.6,-113.48,0.799,-10455.8,1.711,-0.058,-0.767,526.5,0.279,8.03
MFE_LOCK0.3,FUNDING_SQUEEZE,LONG,ALL,ALL,TEST,947,10.29,0.479,-0.063,0.90888,-107.6,-1.17,0.995,-3478.4,1.693,-0.037,-0.757,540.9,0.471,4.85
MFE_LOCK0.3,FUNDING_SQUEEZE,LONG,ALL,ALL,HOLDOUT,293,4.88,0.464,-0.1237,0.98202,-1674.9,-27.91,0.782,-1996.0,1.645,-0.075,-0.796,533.8,0.495,2.42
MFE_LOCK0.5,FUNDING_SQUEEZE,LONG,ALL,ALL,TRAIN,4048,22.0,0.475,-0.0083,0.59267,10946.1,59.49,1.113,-8308.1,1.747,-0.005,-0.748,603.8,0.284,6.24
MFE_LOCK0.5,FUNDING_SQUEEZE,LONG,ALL,ALL,VALID,2559,28.75,0.46,-0.1192,0.99893,-12629.0,-141.9,0.749,-12868.3,1.711,-0.07,-0.767,572.2,0.263,7.57
MFE_LOCK0.5,FUNDING_SQUEEZE,LONG,ALL,ALL,TEST,947,10.29,0.479,-0.0676,0.90559,833.4,9.06,1.036,-3542.9,1.693,-0.04,-0.761,588.1,0.434,4.47
MFE_LOCK0.5,FUNDING_SQUEEZE,LONG,ALL,ALL,HOLDOUT,293,4.88,0.464,-0.1423,0.97616,-2472.5,-41.21,0.679,-2702.9,1.645,-0.086,-0.8,569.0,0.468,2.28
NOTP_TRAIL0.5,FUNDING_SQUEEZE,LONG,ALL,ALL,TRAIN,4048,22.0,0.32,-0.059,0.99999,-5732.0,-31.15,0.874,-7550.6,1.747,-0.034,-0.308,123.5,0.627,13.8
NOTP_TRAIL0.5,FUNDING_SQUEEZE,LONG,ALL,ALL,VALID,2559,28.75,0.297,-0.0917,1.0,-6838.8,-76.84,0.706,-6865.9,1.711,-0.054,-0.319,107.4,0.614,17.66
NOTP_TRAIL0.5,FUNDING_SQUEEZE,LONG,ALL,ALL,TEST,947,10.29,0.32,-0.079,0.99985,-1091.7,-11.87,0.894,-2001.2,1.693,-0.047,-0.309,109.5,0.715,7.36
NOTP_TRAIL0.5,FUNDING_SQUEEZE,LONG,ALL,ALL,HOLDOUT,293,4.88,0.321,-0.1039,0.99942,-299.0,-4.98,0.907,-948.6,1.645,-0.063,-0.313,89.7,0.795,3.88
NOTP_TRAIL1,FUNDING_SQUEEZE,LONG,ALL,ALL,TRAIN,4048,22.0,0.352,-0.0231,0.77152,9468.9,51.46,1.121,-5524.2,1.747,-0.013,-0.57,441.6,0.333,7.34
NOTP_TRAIL1,FUNDING_SQUEEZE,LONG,ALL,ALL,VALID,2559,28.75,0.327,-0.1024,0.99708,-10271.3,-115.41,0.75,-10412.9,1.711,-0.06,-0.583,407.3,0.316,9.09
NOTP_TRAIL1,FUNDING_SQUEEZE,LONG,ALL,ALL,TEST,947,10.29,0.357,-0.0472,0.85431,245.6,2.67,1.013,-4157.0,1.693,-0.028,-0.578,419.0,0.478,4.92
NOTP_TRAIL1,FUNDING_SQUEEZE,LONG,ALL,ALL,HOLDOUT,293,4.88,0.348,-0.1248,0.98518,-2136.4,-35.61,0.639,-2350.1,1.645,-0.076,-0.599,390.6,0.539,2.63
NOTP_TRAIL1.5,FUNDING_SQUEEZE,LONG,ALL,ALL,TRAIN,4048,22.0,0.355,-0.0117,0.611,15573.6,84.64,1.156,-9242.8,1.747,-0.007,-0.737,688.7,0.258,5.67
NOTP_TRAIL1.5,FUNDING_SQUEEZE,LONG,ALL,ALL,VALID,2559,28.75,0.339,-0.1106,0.99443,-13058.5,-146.72,0.749,-13359.0,1.711,-0.065,-0.756,663.2,0.229,6.58
NOTP_TRAIL1.5,FUNDING_SQUEEZE,LONG,ALL,ALL,TEST,947,10.29,0.364,-0.0593,0.85381,-690.9,-7.51,0.971,-5811.5,1.693,-0.035,-0.756,677.1,0.396,4.08
NOTP_TRAIL1.5,FUNDING_SQUEEZE,LONG,ALL,ALL,HOLDOUT,293,4.88,0.317,-0.0985,0.85213,-2669.5,-44.49,0.668,-3404.7,1.645,-0.06,-0.832,665.8,0.437,2.13
TIME15m,FUNDING_SQUEEZE,LONG,ALL,ALL,TRAIN,4048,22.0,0.406,-0.0269,1.0,-2099.7,-11.41,0.887,-2759.4,1.747,-0.015,-0.166,15.0,0.96,21.11
TIME15m,FUNDING_SQUEEZE,LONG,ALL,ALL,VALID,2559,28.75,0.353,-0.0519,1.0,-3642.5,-40.93,0.662,-4084.0,1.711,-0.03,-0.176,15.0,0.95,27.31
TIME15m,FUNDING_SQUEEZE,LONG,ALL,ALL,TEST,947,10.29,0.41,-0.0291,0.9999,-784.1,-8.52,0.823,-795.0,1.693,-0.017,-0.16,15.0,0.99,10.2
TIME15m,FUNDING_SQUEEZE,LONG,ALL,ALL,HOLDOUT,293,4.88,0.375,-0.0498,0.99988,-536.0,-8.93,0.651,-757.8,1.645,-0.03,-0.177,15,1.0,4.88
TIME30m,FUNDING_SQUEEZE,LONG,ALL,ALL,TRAIN,4048,22.0,0.417,-0.0235,0.9999,-1137.6,-6.18,0.954,-1987.9,1.747,-0.013,-0.227,29.8,0.93,20.45
TIME30m,FUNDING_SQUEEZE,LONG,ALL,ALL,VALID,2559,28.75,0.376,-0.0526,1.0,-4979.6,-55.95,0.654,-5119.6,1.711,-0.031,-0.242,29.8,0.908,26.11
TIME30m,FUNDING_SQUEEZE,LONG,ALL,ALL,TEST,947,10.29,0.412,-0.0301,0.9963,-948.7,-10.31,0.848,-955.4,1.693,-0.018,-0.221,29.8,0.986,10.15
TIME30m,FUNDING_SQUEEZE,LONG,ALL,ALL,HOLDOUT,293,4.88,0.406,-0.0515,0.99554,-475.7,-7.93,0.769,-627.6,1.645,-0.031,-0.233,29.9,1.0,4.88
TIME1h,FUNDING_SQUEEZE,LONG,ALL,ALL,TRAIN,4048,22.0,0.424,-0.02,0.98768,-673.0,-3.66,0.98,-2209.0,1.747,-0.011,-0.309,58.9,0.874,19.22
TIME1h,FUNDING_SQUEEZE,LONG,ALL,ALL,VALID,2559,28.75,0.397,-0.0431,0.99991,-3616.6,-40.64,0.797,-3928.7,1.711,-0.025,-0.326,58.9,0.85,24.43
TIME1h,FUNDING_SQUEEZE,LONG,ALL,ALL,TEST,947,10.29,0.407,-0.0461,0.99732,-1387.5,-15.08,0.847,-1506.8,1.693,-0.027,-0.323,58.9,0.978,10.07
TIME1h,FUNDING_SQUEEZE,LONG,ALL,ALL,HOLDOUT,293,4.88,0.427,-0.0408,0.93601,-380.4,-6.34,0.851,-696.5,1.645,-0.025,-0.322,59.5,0.997,4.87
TIME2h,FUNDING_SQUEEZE,LONG,ALL,ALL,TRAIN,4048,22.0,0.434,-0.0106,0.78295,2025.9,11.01,1.046,-2363.1,1.747,-0.006,-0.414,114.1,0.675,14.84
TIME2h,FUNDING_SQUEEZE,LONG,ALL,ALL,VALID,2559,28.75,0.412,-0.04,0.98489,-3415.3,-38.37,0.855,-3982.0,1.711,-0.023,-0.436,114.0,0.646,18.57
TIME2h,FUNDING_SQUEEZE,LONG,ALL,ALL,TEST,947,10.29,0.416,-0.0264,0.87377,-1367.9,-14.87,0.887,-2316.3,1.693,-0.016,-0.434,113.7,0.77,7.92
TIME2h,FUNDING_SQUEEZE,LONG,ALL,ALL,HOLDOUT,293,4.88,0.413,-0.0709,0.96788,-385.1,-6.42,0.895,-1103.5,1.645,-0.043,-0.469,115.3,0.802,3.92
TIME4h,FUNDING_SQUEEZE,LONG,ALL,ALL,TRAIN,4048,22.0,0.453,-0.0014,0.52846,5845.9,31.77,1.099,-3011.7,1.747,-0.001,-0.537,211.0,0.526,11.57
TIME4h,FUNDING_SQUEEZE,LONG,ALL,ALL,VALID,2559,28.75,0.426,-0.0462,0.95382,-3851.0,-43.27,0.875,-4607.4,1.711,-0.027,-0.562,209.0,0.501,14.39
TIME4h,FUNDING_SQUEEZE,LONG,ALL,ALL,TEST,947,10.29,0.435,-0.0102,0.62389,-312.3,-3.39,0.98,-2040.2,1.693,-0.006,-0.552,210.0,0.65,6.7
TIME4h,FUNDING_SQUEEZE,LONG,ALL,ALL,HOLDOUT,293,4.88,0.427,-0.0729,0.94318,-563.8,-9.4,0.882,-1088.6,1.645,-0.044,-0.587,214.0,0.689,3.37
SIG_OFF,FUNDING_SQUEEZE,LONG,ALL,ALL,TRAIN,4048,22.0,0.399,-0.0264,1.0,-1804.5,-9.81,0.903,-2448.3,1.747,-0.015,-0.166,15.8,0.958,21.08
SIG_OFF,FUNDING_SQUEEZE,LONG,ALL,ALL,VALID,2559,28.75,0.351,-0.0512,1.0,-3699.8,-41.57,0.658,-4061.5,1.711,-0.03,-0.177,15.8,0.944,27.15
SIG_OFF,FUNDING_SQUEEZE,LONG,ALL,ALL,TEST,947,10.29,0.407,-0.0249,0.9973,-448.7,-4.88,0.899,-620.4,1.693,-0.015,-0.16,15.8,0.99,10.2
SIG_OFF,FUNDING_SQUEEZE,LONG,ALL,ALL,HOLDOUT,293,4.88,0.379,-0.053,0.99997,-578.3,-9.64,0.624,-801.0,1.645,-0.032,-0.177,15.5,1.0,4.88
MOM_OFF,FUNDING_SQUEEZE,LONG,ALL,ALL,TRAIN,4048,22.0,0.314,-0.0218,0.9459,-1294.9,-7.04,0.962,-3347.4,1.747,-0.012,-0.26,63.1,0.76,16.71
MOM_OFF,FUNDING_SQUEEZE,LONG,ALL,ALL,VALID,2559,28.75,0.279,-0.0463,0.98996,-4813.2,-54.08,0.732,-5364.0,1.711,-0.027,-0.275,62.0,0.731,21.02
MOM_OFF,FUNDING_SQUEEZE,LONG,ALL,ALL,TEST,947,10.29,0.289,-0.0378,0.95995,-1348.9,-14.66,0.846,-1401.5,1.693,-0.022,-0.269,62.5,0.833,8.58
MOM_OFF,FUNDING_SQUEEZE,LONG,ALL,ALL,HOLDOUT,293,4.88,0.3,-0.0655,0.97719,-519.6,-8.66,0.792,-1156.4,1.645,-0.04,-0.282,63.2,0.887,4.33
FIXED,OI_COVER,SHORT,ALL,ALL,TRAIN,20570,111.79,0.456,-0.024,0.75737,-43485.6,-236.33,0.921,-55665.7,1.388,-0.017,-0.745,842.0,0.055,6.17
FIXED,OI_COVER,SHORT,ALL,ALL,VALID,9427,105.92,0.447,-0.0766,0.95572,-31025.1,-348.6,0.884,-50907.3,1.112,-0.069,-0.748,849.0,0.056,5.93
FIXED,OI_COVER,SHORT,ALL,ALL,TEST,10500,114.13,0.452,-0.0527,0.89329,-16449.4,-178.8,0.94,-30216.3,1.095,-0.048,-0.751,851.6,0.055,6.28
FIXED,OI_COVER,SHORT,ALL,ALL,HOLDOUT,7028,117.13,0.41,-0.1755,1.0,-52663.0,-877.72,0.757,-58885.5,0.946,-0.185,-0.776,918.3,0.049,5.75
TRAIL_A0.5_D0.5,OI_COVER,SHORT,ALL,ALL,TRAIN,20570,111.79,0.585,-0.038,0.94365,-47967.9,-260.7,0.876,-53870.6,1.388,-0.027,-0.575,498.6,0.082,9.19
TRAIL_A0.5_D0.5,OI_COVER,SHORT,ALL,ALL,VALID,9427,105.92,0.571,-0.0754,0.99023,-23711.2,-266.42,0.872,-35277.5,1.112,-0.068,-0.587,531.4,0.085,8.96
TRAIL_A0.5_D0.5,OI_COVER,SHORT,ALL,ALL,TEST,10500,114.13,0.58,-0.0724,0.99645,-31679.4,-344.34,0.837,-33177.3,1.095,-0.066,-0.585,500.3,0.08,9.16
TRAIL_A0.5_D0.5,OI_COVER,SHORT,ALL,ALL,HOLDOUT,7028,117.13,0.537,-0.1486,1.0,-44294.7,-738.24,0.721,-48127.4,0.946,-0.157,-0.626,591.9,0.077,8.98
TRAIL_A0.5_D1,OI_COVER,SHORT,ALL,ALL,TRAIN,20570,111.79,0.415,-0.0344,0.87382,-48651.3,-264.41,0.895,-56008.4,1.388,-0.025,-0.616,677.5,0.063,7.09
TRAIL_A0.5_D1,OI_COVER,SHORT,ALL,ALL,VALID,9427,105.92,0.428,-0.0452,0.85985,-11614.9,-130.5,0.946,-32502.9,1.112,-0.041,-0.624,706.0,0.067,7.1
TRAIL_A0.5_D1,OI_COVER,SHORT,ALL,ALL,TEST,10500,114.13,0.387,-0.086,0.99432,-36119.9,-392.61,0.847,-38734.3,1.095,-0.079,-0.626,673.4,0.066,7.52
TRAIL_A0.5_D1,OI_COVER,SHORT,ALL,ALL,HOLDOUT,7028,117.13,0.366,-0.1723,1.0,-49836.4,-830.61,0.734,-55330.2,0.946,-0.182,-0.665,777.2,0.061,7.2
TRAIL_A1_D0.5,OI_COVER,SHORT,ALL,ALL,TRAIN,20570,111.79,0.51,-0.0255,0.79956,-38523.7,-209.37,0.925,-46788.8,1.388,-0.018,-0.702,724.0,0.061,6.8
TRAIL_A1_D0.5,OI_COVER,SHORT,ALL,ALL,VALID,9427,105.92,0.506,-0.0641,0.94559,-19873.5,-223.3,0.918,-40751.4,1.112,-0.058,-0.7,738.0,0.066,6.96
TRAIL_A1_D0.5,OI_COVER,SHORT,ALL,ALL,TEST,10500,114.13,0.497,-0.0694,0.9681,-24257.3,-263.67,0.905,-33493.6,1.095,-0.063,-0.712,728.4,0.063,7.23
TRAIL_A1_D0.5,OI_COVER,SHORT,ALL,ALL,HOLDOUT,7028,117.13,0.446,-0.1804,1.0,-54844.9,-914.08,0.735,-59708.2,0.946,-0.191,-0.748,820.4,0.056,6.52
TRAIL_A1_D1,OI_COVER,SHORT,ALL,ALL,TRAIN,20570,111.79,0.488,-0.0266,0.79389,-42456.1,-230.74,0.917,-50651.2,1.388,-0.019,-0.704,779.5,0.058,6.53
TRAIL_A1_D1,OI_COVER,SHORT,ALL,ALL,VALID,9427,105.92,0.482,-0.0552,0.89552,-18329.4,-205.95,0.924,-39282.1,1.112,-0.05,-0.703,791.8,0.059,6.26
TRAIL_A1_D1,OI_COVER,SHORT,ALL,ALL,TEST,10500,114.13,0.471,-0.0722,0.96804,-24985.7,-271.58,0.902,-33463.8,1.095,-0.066,-0.714,782.3,0.058,6.57
TRAIL_A1_D1,OI_COVER,SHORT,ALL,ALL,HOLDOUT,7028,117.13,0.429,-0.1816,1.0,-53444.8,-890.75,0.742,-59696.0,0.946,-0.192,-0.749,873.2,0.052,6.1
BE0.5_TRAIL,OI_COVER,SHORT,ALL,ALL,TRAIN,20570,111.79,0.352,-0.0012,0.51182,-18779.7,-102.06,0.953,-58236.3,1.388,-0.001,-0.58,600.5,0.067,7.46
BE0.5_TRAIL,OI_COVER,SHORT,ALL,ALL,VALID,9427,105.92,0.36,-0.0797,0.99083,-27171.2,-305.29,0.856,-36818.8,1.112,-0.072,-0.591,632.8,0.073,7.72
BE0.5_TRAIL,OI_COVER,SHORT,ALL,ALL,TEST,10500,114.13,0.324,-0.0972,0.99974,-44050.8,-478.81,0.779,-46806.0,1.095,-0.089,-0.589,596.5,0.068,7.76
BE0.5_TRAIL,OI_COVER,SHORT,ALL,ALL,HOLDOUT,7028,117.13,0.293,-0.1696,1.0,-50401.3,-840.02,0.688,-54750.8,0.946,-0.179,-0.628,684.4,0.068,7.92
BE1_TRAIL,OI_COVER,SHORT,ALL,ALL,TRAIN,20570,111.79,0.407,0.0125,0.39998,-11488.5,-62.44,0.978,-61131.0,1.388,0.009,-0.708,836.3,0.053,5.93
BE1_TRAIL,OI_COVER,SHORT,ALL,ALL,VALID,9427,105.92,0.407,-0.0876,0.97997,-35006.9,-393.34,0.856,-48167.1,1.112,-0.079,-0.705,844.0,0.057,6.09
BE1_TRAIL,OI_COVER,SHORT,ALL,ALL,TEST,10500,114.13,0.391,-0.1003,0.99564,-38866.2,-422.46,0.849,-43472.0,1.095,-0.092,-0.716,839.0,0.051,5.82
BE1_TRAIL,OI_COVER,SHORT,ALL,ALL,HOLDOUT,7028,117.13,0.372,-0.1886,1.0,-55643.8,-927.4,0.732,-62059.6,0.946,-0.199,-0.75,912.6,0.051,5.93
ATR_TRAIL2,OI_COVER,SHORT,ALL,ALL,TRAIN,20570,111.79,0.348,-0.0055,0.55978,-18070.7,-98.21,0.925,-47209.4,1.388,-0.004,-0.301,145.5,0.224,25.01
ATR_TRAIL2,OI_COVER,SHORT,ALL,ALL,VALID,9427,105.92,0.332,-0.0814,1.0,-32533.8,-365.55,0.711,-33322.9,1.112,-0.073,-0.303,151.5,0.242,25.61
ATR_TRAIL2,OI_COVER,SHORT,ALL,ALL,TEST,10500,114.13,0.327,-0.0876,1.0,-34640.2,-376.52,0.708,-35922.4,1.095,-0.08,-0.295,140.6,0.235,26.83
ATR_TRAIL2,OI_COVER,SHORT,ALL,ALL,HOLDOUT,7028,117.13,0.299,-0.1182,1.0,-36606.9,-610.11,0.607,-37980.4,0.946,-0.125,-0.307,151.0,0.235,27.48
ATR_TRAIL3,OI_COVER,SHORT,ALL,ALL,TRAIN,20570,111.79,0.363,0.066,0.18574,35678.8,193.91,1.114,-53962.8,1.388,0.048,-0.401,290.2,0.137,15.33
ATR_TRAIL3,OI_COVER,SHORT,ALL,ALL,VALID,9427,105.92,0.351,-0.0859,0.99968,-28052.0,-315.19,0.806,-29500.2,1.112,-0.077,-0.406,301.1,0.145,15.31
ATR_TRAIL3,OI_COVER,SHORT,ALL,ALL,TEST,10500,114.13,0.332,-0.1127,1.0,-48516.9,-527.36,0.691,-50440.4,1.095,-0.103,-0.405,278.9,0.138,15.79
ATR_TRAIL3,OI_COVER,SHORT,ALL,ALL,HOLDOUT,7028,117.13,0.317,-0.1404,1.0,-44562.8,-742.71,0.622,-45543.0,0.946,-0.148,-0.407,295.6,0.139,16.27
ATR_TRAIL4,OI_COVER,SHORT,ALL,ALL,TRAIN,20570,111.79,0.364,0.0795,0.19046,35534.9,193.12,1.095,-68019.3,1.388,0.057,-0.489,446.8,0.094,10.46
ATR_TRAIL4,OI_COVER,SHORT,ALL,ALL,VALID,9427,105.92,0.359,-0.0871,0.99328,-34398.7,-386.5,0.802,-35856.9,1.112,-0.078,-0.491,462.7,0.102,10.76
ATR_TRAIL4,OI_COVER,SHORT,ALL,ALL,TEST,10500,114.13,0.333,-0.1335,1.0,-60061.3,-652.84,0.686,-61640.6,1.095,-0.122,-0.499,429.7,0.096,10.91
ATR_TRAIL4,OI_COVER,SHORT,ALL,ALL,HOLDOUT,7028,117.13,0.316,-0.1568,1.0,-52635.9,-877.26,0.627,-54251.3,0.946,-0.166,-0.489,450.5,0.096,11.27
MFE_LOCK0.3,OI_COVER,SHORT,ALL,ALL,TRAIN,20570,111.79,0.51,-0.0107,0.62025,-26600.9,-144.57,0.948,-45315.3,1.388,-0.008,-0.702,718.6,0.059,6.59
MFE_LOCK0.3,OI_COVER,SHORT,ALL,ALL,VALID,9427,105.92,0.506,-0.0744,0.97426,-25223.4,-283.41,0.895,-43730.8,1.112,-0.067,-0.701,729.6,0.065,6.84
MFE_LOCK0.3,OI_COVER,SHORT,ALL,ALL,TEST,10500,114.13,0.497,-0.0735,0.97769,-26316.5,-286.05,0.897,-33019.7,1.095,-0.067,-0.712,722.3,0.06,6.86
MFE_LOCK0.3,OI_COVER,SHORT,ALL,ALL,HOLDOUT,7028,117.13,0.446,-0.1773,1.0,-53441.1,-890.68,0.742,-57755.7,0.946,-0.187,-0.748,812.8,0.056,6.58
MFE_LOCK0.5,OI_COVER,SHORT,ALL,ALL,TRAIN,20570,111.79,0.51,0.0111,0.40785,-12444.6,-67.63,0.976,-63836.2,1.388,0.008,-0.703,790.7,0.056,6.21
MFE_LOCK0.5,OI_COVER,SHORT,ALL,ALL,VALID,9427,105.92,0.506,-0.0889,0.9901,-32060.0,-360.22,0.867,-43033.4,1.112,-0.08,-0.701,796.1,0.061,6.48
MFE_LOCK0.5,OI_COVER,SHORT,ALL,ALL,TEST,10500,114.13,0.497,-0.1031,0.99816,-41068.9,-446.4,0.839,-45581.0,1.095,-0.094,-0.713,788.9,0.055,6.27
MFE_LOCK0.5,OI_COVER,SHORT,ALL,ALL,HOLDOUT,7028,117.13,0.446,-0.197,1.0,-58945.3,-982.42,0.715,-64423.6,0.946,-0.208,-0.749,864.2,0.05,5.83
NOTP_TRAIL0.5,OI_COVER,SHORT,ALL,ALL,TRAIN,20570,111.79,0.337,-0.0287,0.86099,-44207.7,-240.26,0.829,-51311.0,1.388,-0.021,-0.305,201.6,0.161,18.04
NOTP_TRAIL0.5,OI_COVER,SHORT,ALL,ALL,VALID,9427,105.92,0.324,-0.0753,1.0,-28170.7,-316.52,0.767,-29267.4,1.112,-0.068,-0.31,224.0,0.175,18.49
NOTP_TRAIL0.5,OI_COVER,SHORT,ALL,ALL,TEST,10500,114.13,0.324,-0.0811,1.0,-36229.3,-393.8,0.714,-37589.0,1.095,-0.074,-0.299,194.2,0.166,18.9
NOTP_TRAIL0.5,OI_COVER,SHORT,ALL,ALL,HOLDOUT,7028,117.13,0.288,-0.1154,1.0,-35505.3,-591.75,0.647,-37445.3,0.946,-0.122,-0.315,233.3,0.169,19.78
NOTP_TRAIL1,OI_COVER,SHORT,ALL,ALL,TRAIN,20570,111.79,0.384,0.0228,0.33564,4028.9,21.9,1.009,-63340.6,1.388,0.016,-0.552,654.8,0.062,6.95
NOTP_TRAIL1,OI_COVER,SHORT,ALL,ALL,VALID,9427,105.92,0.4,-0.0632,0.94944,-20644.5,-231.96,0.898,-30898.7,1.112,-0.057,-0.559,688.6,0.064,6.8
NOTP_TRAIL1,OI_COVER,SHORT,ALL,ALL,TEST,10500,114.13,0.356,-0.1145,0.99994,-51783.2,-562.86,0.769,-55829.5,1.095,-0.105,-0.557,645.0,0.065,7.47
NOTP_TRAIL1,OI_COVER,SHORT,ALL,ALL,HOLDOUT,7028,117.13,0.333,-0.1762,1.0,-52768.7,-879.48,0.702,-57759.4,0.946,-0.186,-0.59,730.5,0.065,7.62
NOTP_TRAIL1.5,OI_COVER,SHORT,ALL,ALL,TRAIN,20570,111.79,0.413,0.0604,0.21209,29733.6,161.6,1.056,-78064.8,1.388,0.044,-0.699,900.8,0.05,5.56
NOTP_TRAIL1.5,OI_COVER,SHORT,ALL,ALL,VALID,9427,105.92,0.409,-0.0913,0.97154,-41717.2,-468.73,0.833,-45795.9,1.112,-0.082,-0.698,901.3,0.053,5.63
NOTP_TRAIL1.5,OI_COVER,SHORT,ALL,ALL,TEST,10500,114.13,0.403,-0.1231,0.99954,-46186.4,-502.03,0.825,-50191.0,1.095,-0.112,-0.706,912.2,0.049,5.6
NOTP_TRAIL1.5,OI_COVER,SHORT,ALL,ALL,HOLDOUT,7028,117.13,0.383,-0.1758,1.0,-52996.0,-883.27,0.747,-60197.7,0.946,-0.186,-0.737,959.5,0.05,5.82
TIME15m,OI_COVER,SHORT,ALL,ALL,TRAIN,20570,111.79,0.432,-0.0167,0.9338,-18274.8,-99.32,0.817,-20153.9,1.388,-0.012,-0.166,14.9,0.59,65.94
TIME15m,OI_COVER,SHORT,ALL,ALL,VALID,9427,105.92,0.39,-0.0308,0.9957,-12740.5,-143.15,0.735,-13180.6,1.112,-0.028,-0.161,14.9,0.662,70.15
TIME15m,OI_COVER,SHORT,ALL,ALL,TEST,10500,114.13,0.413,-0.0298,0.99998,-10617.7,-115.41,0.778,-11160.1,1.095,-0.027,-0.155,15.0,0.627,71.58
TIME15m,OI_COVER,SHORT,ALL,ALL,HOLDOUT,7028,117.13,0.379,-0.0456,1.0,-14026.1,-233.77,0.635,-14786.8,0.946,-0.048,-0.155,15.0,0.661,77.38
TIME30m,OI_COVER,SHORT,ALL,ALL,TRAIN,20570,111.79,0.451,-0.0117,0.78711,-19027.6,-103.41,0.856,-25217.8,1.388,-0.008,-0.219,29.7,0.504,56.3
TIME30m,OI_COVER,SHORT,ALL,ALL,VALID,9427,105.92,0.404,-0.0478,0.99991,-24003.8,-269.71,0.634,-24433.5,1.112,-0.043,-0.223,29.7,0.581,61.49
TIME30m,OI_COVER,SHORT,ALL,ALL,TEST,10500,114.13,0.423,-0.035,0.99995,-12842.0,-139.59,0.793,-13294.1,1.095,-0.032,-0.207,29.9,0.542,61.85
TIME30m,OI_COVER,SHORT,ALL,ALL,HOLDOUT,7028,117.13,0.377,-0.0602,1.0,-18612.9,-310.21,0.629,-19626.2,0.946,-0.064,-0.212,29.9,0.567,66.42
TIME1h,OI_COVER,SHORT,ALL,ALL,TRAIN,20570,111.79,0.454,-0.0165,0.82725,-27300.8,-148.37,0.843,-29317.8,1.388,-0.012,-0.294,58.7,0.4,44.67
TIME1h,OI_COVER,SHORT,ALL,ALL,VALID,9427,105.92,0.434,-0.052,0.99928,-24633.7,-276.78,0.71,-26502.9,1.112,-0.047,-0.292,59.0,0.469,49.71
TIME1h,OI_COVER,SHORT,ALL,ALL,TEST,10500,114.13,0.427,-0.0434,0.99871,-17394.0,-189.07,0.797,-17505.8,1.095,-0.04,-0.282,59.2,0.435,49.61
TIME1h,OI_COVER,SHORT,ALL,ALL,HOLDOUT,7028,117.13,0.379,-0.0841,1.0,-24643.0,-410.72,0.628,-26428.3,0.946,-0.089,-0.286,59.4,0.447,52.4
TIME2h,OI_COVER,SHORT,ALL,ALL,TRAIN,20570,111.79,0.475,-0.0079,0.64776,-23822.3,-129.47,0.893,-30077.8,1.388,-0.006,-0.38,114.4,0.288,32.2
TIME2h,OI_COVER,SHORT,ALL,ALL,VALID,9427,105.92,0.457,-0.0461,0.98527,-20920.9,-235.07,0.797,-23031.6,1.112,-0.041,-0.382,115.4,0.328,34.74
TIME2h,OI_COVER,SHORT,ALL,ALL,TEST,10500,114.13,0.424,-0.0724,0.99986,-29266.6,-318.11,0.756,-29941.5,1.095,-0.066,-0.383,115.9,0.303,34.62
TIME2h,OI_COVER,SHORT,ALL,ALL,HOLDOUT,7028,117.13,0.414,-0.0849,1.0,-24689.4,-411.49,0.706,-26992.9,0.946,-0.09,-0.379,116.8,0.309,36.15
TIME4h,OI_COVER,SHORT,ALL,ALL,TRAIN,20570,111.79,0.487,-0.0059,0.59434,-22059.3,-119.89,0.924,-30518.4,1.388,-0.004,-0.481,216.7,0.186,20.74
TIME4h,OI_COVER,SHORT,ALL,ALL,VALID,9427,105.92,0.476,-0.033,0.85848,-12285.5,-138.04,0.91,-21996.0,1.112,-0.03,-0.484,220.1,0.206,21.85
TIME4h,OI_COVER,SHORT,ALL,ALL,TEST,10500,114.13,0.437,-0.0939,0.99983,-36724.7,-399.18,0.766,-37860.3,1.095,-0.086,-0.503,219.6,0.191,21.84
TIME4h,OI_COVER,SHORT,ALL,ALL,HOLDOUT,7028,117.13,0.429,-0.1012,1.0,-29063.8,-484.4,0.736,-31015.4,0.946,-0.107,-0.485,223.8,0.19,22.22
SIG_OFF,OI_COVER,SHORT,ALL,ALL,TRAIN,20570,111.79,0.403,0.0002,0.49649,-5505.2,-29.92,0.952,-20477.7,1.388,0.0,-0.179,23.4,0.528,58.97
SIG_OFF,OI_COVER,SHORT,ALL,ALL,VALID,9427,105.92,0.351,-0.0538,1.0,-24917.6,-279.97,0.581,-25902.3,1.112,-0.048,-0.182,22.9,0.61,64.61
SIG_OFF,OI_COVER,SHORT,ALL,ALL,TEST,10500,114.13,0.375,-0.0397,0.99997,-15525.6,-168.76,0.724,-15941.0,1.095,-0.036,-0.174,24.0,0.564,64.42
SIG_OFF,OI_COVER,SHORT,ALL,ALL,HOLDOUT,7028,117.13,0.335,-0.0641,1.0,-20668.5,-344.48,0.552,-21599.3,0.946,-0.068,-0.176,24.0,0.594,69.57
MOM_OFF,OI_COVER,SHORT,ALL,ALL,TRAIN,20570,111.79,0.353,-0.0038,0.55903,-13763.2,-74.8,0.918,-27532.3,1.388,-0.003,-0.254,65.6,0.358,40.02
MOM_OFF,OI_COVER,SHORT,ALL,ALL,VALID,9427,105.92,0.321,-0.0644,0.99999,-29339.5,-329.66,0.648,-31263.3,1.112,-0.058,-0.256,64.9,0.426,45.17
MOM_OFF,OI_COVER,SHORT,ALL,ALL,TEST,10500,114.13,0.325,-0.0578,0.99999,-22598.7,-245.64,0.725,-22969.1,1.095,-0.053,-0.244,63.9,0.386,44.0
MOM_OFF,OI_COVER,SHORT,ALL,ALL,HOLDOUT,7028,117.13,0.292,-0.0898,1.0,-27317.9,-455.3,0.577,-29023.4,0.946,-0.095,-0.247,60.3,0.407,47.65
FIXED,ACCEL,SHORT,ALL,ALL,TRAIN,21388,116.24,0.446,-0.0475,0.87099,-31593.4,-171.7,0.927,-44684.7,1.666,-0.029,-0.774,721.9,0.059,6.82
FIXED,ACCEL,SHORT,ALL,ALL,VALID,11649,130.89,0.426,-0.1015,0.97137,-39367.1,-442.33,0.841,-60248.7,1.284,-0.079,-0.794,737.1,0.055,7.15
FIXED,ACCEL,SHORT,ALL,ALL,TEST,12394,134.72,0.447,-0.0623,0.90735,-14859.5,-161.52,0.935,-20885.8,1.282,-0.049,-0.772,753.1,0.052,7.05
FIXED,ACCEL,SHORT,ALL,ALL,HOLDOUT,7932,132.2,0.401,-0.2,0.99999,-45884.2,-764.74,0.738,-55480.6,1.322,-0.151,-0.806,766.5,0.051,6.7
TRAIL_A0.5_D0.5,ACCEL,SHORT,ALL,ALL,TRAIN,21388,116.24,0.56,-0.0624,0.98614,-37611.5,-204.41,0.872,-41995.7,1.666,-0.037,-0.578,393.8,0.095,11.04
TRAIL_A0.5_D0.5,ACCEL,SHORT,ALL,ALL,VALID,11649,130.89,0.538,-0.1033,0.99699,-39508.2,-443.91,0.771,-50617.4,1.284,-0.08,-0.606,418.1,0.083,10.85
TRAIL_A0.5_D0.5,ACCEL,SHORT,ALL,ALL,TEST,12394,134.72,0.551,-0.0929,0.99927,-24025.2,-261.14,0.844,-24986.8,1.282,-0.072,-0.582,400.4,0.086,11.63
TRAIL_A0.5_D0.5,ACCEL,SHORT,ALL,ALL,HOLDOUT,7932,132.2,0.513,-0.1802,1.0,-42535.7,-708.93,0.659,-47102.2,1.322,-0.136,-0.617,428.4,0.082,10.8
TRAIL_A0.5_D1,ACCEL,SHORT,ALL,ALL,TRAIN,21388,116.24,0.399,-0.0545,0.93687,-39035.8,-212.15,0.891,-44628.3,1.666,-0.033,-0.623,554.3,0.073,8.47
TRAIL_A0.5_D1,ACCEL,SHORT,ALL,ALL,VALID,11649,130.89,0.388,-0.0849,0.96584,-29651.4,-333.16,0.853,-49738.8,1.284,-0.066,-0.648,574.2,0.063,8.29
TRAIL_A0.5_D1,ACCEL,SHORT,ALL,ALL,TEST,12394,134.72,0.387,-0.0913,0.99168,-25981.3,-282.41,0.863,-29423.2,1.282,-0.071,-0.628,567.6,0.062,8.37
TRAIL_A0.5_D1,ACCEL,SHORT,ALL,ALL,HOLDOUT,7932,132.2,0.344,-0.1994,1.0,-46638.3,-777.31,0.687,-54378.6,1.322,-0.151,-0.66,596.4,0.06,7.9
TRAIL_A1_D0.5,ACCEL,SHORT,ALL,ALL,TRAIN,21388,116.24,0.506,-0.0625,0.95859,-38252.0,-207.89,0.904,-44258.2,1.666,-0.038,-0.722,602.4,0.067,7.76
TRAIL_A1_D0.5,ACCEL,SHORT,ALL,ALL,VALID,11649,130.89,0.491,-0.1029,0.98449,-35563.9,-399.59,0.842,-56211.6,1.284,-0.08,-0.738,619.0,0.061,7.93
TRAIL_A1_D0.5,ACCEL,SHORT,ALL,ALL,TEST,12394,134.72,0.506,-0.0869,0.9852,-21454.5,-233.2,0.898,-24367.7,1.282,-0.068,-0.722,614.5,0.06,8.08
TRAIL_A1_D0.5,ACCEL,SHORT,ALL,ALL,HOLDOUT,7932,132.2,0.458,-0.2001,1.0,-48488.7,-808.15,0.704,-55251.8,1.322,-0.151,-0.755,649.2,0.059,7.78
TRAIL_A1_D1,ACCEL,SHORT,ALL,ALL,TRAIN,21388,116.24,0.472,-0.0547,0.91924,-37734.3,-205.08,0.906,-44093.5,1.666,-0.033,-0.725,654.9,0.063,7.3
TRAIL_A1_D1,ACCEL,SHORT,ALL,ALL,VALID,11649,130.89,0.453,-0.0925,0.96479,-31701.3,-356.19,0.859,-53263.6,1.284,-0.072,-0.741,671.2,0.059,7.66
TRAIL_A1_D1,ACCEL,SHORT,ALL,ALL,TEST,12394,134.72,0.465,-0.0849,0.97587,-23137.9,-251.5,0.891,-27082.1,1.282,-0.066,-0.723,671.9,0.057,7.62
TRAIL_A1_D1,ACCEL,SHORT,ALL,ALL,HOLDOUT,7932,132.2,0.415,-0.2021,1.0,-47069.8,-784.5,0.714,-55735.0,1.322,-0.153,-0.757,701.4,0.056,7.47
BE0.5_TRAIL,ACCEL,SHORT,ALL,ALL,TRAIN,21388,116.24,0.34,-0.0372,0.80592,-25354.2,-137.79,0.916,-40667.5,1.666,-0.022,-0.582,482.8,0.079,9.17
BE0.5_TRAIL,ACCEL,SHORT,ALL,ALL,VALID,11649,130.89,0.335,-0.1198,0.99884,-44854.9,-503.99,0.746,-55362.1,1.284,-0.093,-0.611,510.3,0.067,8.8
BE0.5_TRAIL,ACCEL,SHORT,ALL,ALL,TEST,12394,134.72,0.328,-0.1084,0.99976,-32407.2,-352.25,0.795,-35310.8,1.282,-0.085,-0.586,485.6,0.068,9.2
BE0.5_TRAIL,ACCEL,SHORT,ALL,ALL,HOLDOUT,7932,132.2,0.292,-0.196,1.0,-46992.5,-783.21,0.631,-52635.2,1.322,-0.148,-0.619,508.2,0.072,9.47
BE1_TRAIL,ACCEL,SHORT,ALL,ALL,TRAIN,21388,116.24,0.39,-0.0216,0.65226,-17365.1,-94.38,0.957,-46163.6,1.666,-0.013,-0.729,714.6,0.055,6.45
BE1_TRAIL,ACCEL,SHORT,ALL,ALL,VALID,11649,130.89,0.376,-0.128,0.99541,-46760.2,-525.4,0.794,-60459.6,1.284,-0.1,-0.743,733.2,0.053,6.9
BE1_TRAIL,ACCEL,SHORT,ALL,ALL,TEST,12394,134.72,0.379,-0.107,0.99256,-31684.2,-344.39,0.852,-36285.5,1.282,-0.083,-0.725,731.6,0.051,6.82
BE1_TRAIL,ACCEL,SHORT,ALL,ALL,HOLDOUT,7932,132.2,0.346,-0.2124,1.0,-48547.2,-809.12,0.706,-56751.7,1.322,-0.161,-0.758,743.5,0.052,6.88
ATR_TRAIL2,ACCEL,SHORT,ALL,ALL,TRAIN,21388,116.24,0.325,-0.0333,0.81145,-20130.5,-109.4,0.896,-33409.7,1.666,-0.02,-0.319,130.0,0.218,25.32
ATR_TRAIL2,ACCEL,SHORT,ALL,ALL,VALID,11649,130.89,0.309,-0.1148,1.0,-44081.1,-495.29,0.616,-44824.8,1.284,-0.089,-0.333,135.4,0.211,27.61
ATR_TRAIL2,ACCEL,SHORT,ALL,ALL,TEST,12394,134.72,0.307,-0.1194,1.0,-33641.6,-365.67,0.687,-34948.4,1.282,-0.093,-0.314,126.3,0.213,28.72
ATR_TRAIL2,ACCEL,SHORT,ALL,ALL,HOLDOUT,7932,132.2,0.291,-0.1638,1.0,-33257.6,-554.29,0.582,-36020.4,1.322,-0.124,-0.333,127.6,0.228,30.13
ATR_TRAIL3,ACCEL,SHORT,ALL,ALL,TRAIN,21388,116.24,0.347,0.0741,0.20905,51787.7,281.45,1.202,-39738.5,1.666,0.044,-0.434,270.9,0.135,15.65
ATR_TRAIL3,ACCEL,SHORT,ALL,ALL,VALID,11649,130.89,0.337,-0.1203,0.99986,-40071.9,-450.25,0.728,-41421.6,1.284,-0.094,-0.451,285.0,0.123,16.13
ATR_TRAIL3,ACCEL,SHORT,ALL,ALL,TEST,12394,134.72,0.329,-0.1352,1.0,-42480.0,-461.74,0.693,-44465.2,1.282,-0.105,-0.432,264.0,0.125,16.89
ATR_TRAIL3,ACCEL,SHORT,ALL,ALL,HOLDOUT,7932,132.2,0.306,-0.184,1.0,-38332.9,-638.88,0.626,-42910.5,1.322,-0.139,-0.452,262.0,0.137,18.12
ATR_TRAIL4,ACCEL,SHORT,ALL,ALL,TRAIN,21388,116.24,0.351,0.1048,0.18611,65356.5,355.2,1.214,-48980.4,1.666,0.063,-0.53,416.7,0.095,11.08
ATR_TRAIL4,ACCEL,SHORT,ALL,ALL,VALID,11649,130.89,0.339,-0.1356,0.99971,-47872.8,-537.9,0.727,-49108.5,1.284,-0.106,-0.548,437.3,0.085,11.09
ATR_TRAIL4,ACCEL,SHORT,ALL,ALL,TEST,12394,134.72,0.335,-0.1551,1.0,-51008.6,-554.44,0.693,-55048.2,1.282,-0.121,-0.536,412.0,0.084,11.3
ATR_TRAIL4,ACCEL,SHORT,ALL,ALL,HOLDOUT,7932,132.2,0.313,-0.202,1.0,-45572.8,-759.55,0.626,-50559.7,1.322,-0.153,-0.552,405.8,0.095,12.53
MFE_LOCK0.3,ACCEL,SHORT,ALL,ALL,TRAIN,21388,116.24,0.506,-0.0511,0.89798,-29452.0,-160.07,0.926,-37131.4,1.666,-0.031,-0.723,600.0,0.066,7.66
MFE_LOCK0.3,ACCEL,SHORT,ALL,ALL,VALID,11649,130.89,0.491,-0.1173,0.9948,-41908.8,-470.89,0.814,-59010.0,1.284,-0.091,-0.738,616.6,0.062,8.08
MFE_LOCK0.3,ACCEL,SHORT,ALL,ALL,TEST,12394,134.72,0.506,-0.0915,0.98977,-22203.8,-241.35,0.895,-25640.1,1.282,-0.071,-0.722,609.7,0.059,7.95
MFE_LOCK0.3,ACCEL,SHORT,ALL,ALL,HOLDOUT,7932,132.2,0.458,-0.2016,1.0,-47718.2,-795.3,0.709,-53959.8,1.322,-0.153,-0.755,642.0,0.061,8.02
MFE_LOCK0.5,ACCEL,SHORT,ALL,ALL,TRAIN,21388,116.24,0.506,-0.0049,0.5338,-1192.4,-6.48,0.997,-46790.2,1.666,-0.003,-0.724,678.5,0.058,6.73
MFE_LOCK0.5,ACCEL,SHORT,ALL,ALL,VALID,11649,130.89,0.49,-0.1314,0.99767,-46419.6,-521.57,0.794,-56145.4,1.284,-0.102,-0.739,691.7,0.055,7.2
MFE_LOCK0.5,ACCEL,SHORT,ALL,ALL,TEST,12394,134.72,0.505,-0.1173,0.99847,-34341.5,-373.28,0.837,-38098.5,1.282,-0.092,-0.722,681.0,0.054,7.28
MFE_LOCK0.5,ACCEL,SHORT,ALL,ALL,HOLDOUT,7932,132.2,0.457,-0.2259,1.0,-52992.3,-883.21,0.677,-59698.2,1.322,-0.171,-0.756,697.1,0.055,7.32
NOTP_TRAIL0.5,ACCEL,SHORT,ALL,ALL,TRAIN,21388,116.24,0.323,-0.0606,0.99084,-39647.1,-215.47,0.795,-42198.9,1.666,-0.036,-0.308,146.6,0.194,22.51
NOTP_TRAIL0.5,ACCEL,SHORT,ALL,ALL,VALID,11649,130.89,0.302,-0.1134,1.0,-42804.1,-480.95,0.63,-43561.8,1.284,-0.088,-0.323,156.2,0.176,23.04
NOTP_TRAIL0.5,ACCEL,SHORT,ALL,ALL,TEST,12394,134.72,0.3,-0.1109,1.0,-32559.6,-353.91,0.692,-33233.6,1.282,-0.087,-0.302,143.3,0.181,24.33
NOTP_TRAIL0.5,ACCEL,SHORT,ALL,ALL,HOLDOUT,7932,132.2,0.291,-0.1515,1.0,-30671.6,-511.19,0.611,-32897.2,1.322,-0.115,-0.318,156.5,0.185,24.48
NOTP_TRAIL1,ACCEL,SHORT,ALL,ALL,TRAIN,21388,116.24,0.367,0.0131,0.41259,7966.9,43.3,1.024,-44220.3,1.666,0.008,-0.556,544.2,0.071,8.2
NOTP_TRAIL1,ACCEL,SHORT,ALL,ALL,VALID,11649,130.89,0.357,-0.1119,0.99581,-39925.5,-448.6,0.793,-50013.9,1.284,-0.087,-0.582,571.8,0.064,8.34
NOTP_TRAIL1,ACCEL,SHORT,ALL,ALL,TEST,12394,134.72,0.356,-0.1102,0.99908,-33963.8,-369.17,0.81,-38934.8,1.282,-0.086,-0.555,555.3,0.06,8.07
NOTP_TRAIL1,ACCEL,SHORT,ALL,ALL,HOLDOUT,7932,132.2,0.312,-0.2151,1.0,-46766.5,-779.44,0.665,-53435.3,1.322,-0.163,-0.591,565.8,0.067,8.8
NOTP_TRAIL1.5,ACCEL,SHORT,ALL,ALL,TRAIN,21388,116.24,0.389,0.0715,0.21735,52073.0,283.01,1.126,-57756.8,1.666,0.043,-0.716,793.2,0.053,6.14
NOTP_TRAIL1.5,ACCEL,SHORT,ALL,ALL,VALID,11649,130.89,0.379,-0.1239,0.99058,-49401.3,-555.07,0.787,-55840.4,1.284,-0.096,-0.734,808.7,0.049,6.37
NOTP_TRAIL1.5,ACCEL,SHORT,ALL,ALL,TEST,12394,134.72,0.384,-0.1363,0.99889,-43308.5,-470.74,0.804,-48792.9,1.282,-0.106,-0.717,819.1,0.046,6.24
NOTP_TRAIL1.5,ACCEL,SHORT,ALL,ALL,HOLDOUT,7932,132.2,0.35,-0.2293,1.0,-49997.2,-833.29,0.703,-60058.8,1.322,-0.173,-0.749,811.4,0.048,6.35
TIME15m,ACCEL,SHORT,ALL,ALL,TRAIN,21388,116.24,0.407,-0.0367,0.99821,-20539.3,-111.63,0.771,-20903.6,1.666,-0.022,-0.195,14.9,0.45,52.34
TIME15m,ACCEL,SHORT,ALL,ALL,VALID,11649,130.89,0.361,-0.0564,0.99897,-26578.1,-298.63,0.558,-27397.4,1.284,-0.044,-0.201,14.9,0.482,63.04
TIME15m,ACCEL,SHORT,ALL,ALL,TEST,12394,134.72,0.401,-0.0438,0.99994,-11776.4,-128.0,0.748,-14005.9,1.282,-0.034,-0.18,15.0,0.503,67.79
TIME15m,ACCEL,SHORT,ALL,ALL,HOLDOUT,7932,132.2,0.356,-0.0693,1.0,-13111.7,-218.53,0.646,-13299.7,1.322,-0.052,-0.185,15.0,0.56,73.97
TIME30m,ACCEL,SHORT,ALL,ALL,TRAIN,21388,116.24,0.455,-0.0121,0.75809,-7115.4,-38.67,0.936,-14185.0,1.666,-0.007,-0.25,29.6,0.41,47.65
TIME30m,ACCEL,SHORT,ALL,ALL,VALID,11649,130.89,0.378,-0.0691,0.99964,-33993.6,-381.95,0.56,-35409.4,1.284,-0.054,-0.273,29.5,0.438,57.37
TIME30m,ACCEL,SHORT,ALL,ALL,TEST,12394,134.72,0.397,-0.065,1.0,-16341.5,-177.63,0.734,-17094.5,1.282,-0.051,-0.246,29.8,0.45,60.65
TIME30m,ACCEL,SHORT,ALL,ALL,HOLDOUT,7932,132.2,0.36,-0.099,1.0,-20515.7,-341.93,0.585,-20708.0,1.322,-0.075,-0.264,29.7,0.494,65.32
TIME1h,ACCEL,SHORT,ALL,ALL,TRAIN,21388,116.24,0.453,-0.0196,0.81735,-13619.4,-74.02,0.907,-15683.7,1.666,-0.012,-0.331,58.0,0.347,40.33
TIME1h,ACCEL,SHORT,ALL,ALL,VALID,11649,130.89,0.41,-0.0719,0.99903,-38073.0,-427.79,0.602,-39938.2,1.284,-0.056,-0.343,58.1,0.362,47.44
TIME1h,ACCEL,SHORT,ALL,ALL,TEST,12394,134.72,0.417,-0.0605,0.99991,-16636.3,-180.83,0.787,-17922.8,1.282,-0.047,-0.322,58.7,0.368,49.57
TIME1h,ACCEL,SHORT,ALL,ALL,HOLDOUT,7932,132.2,0.371,-0.114,1.0,-26065.3,-434.42,0.592,-26580.2,1.322,-0.086,-0.348,58.5,0.396,52.33
TIME2h,ACCEL,SHORT,ALL,ALL,TRAIN,21388,116.24,0.459,-0.0256,0.82802,-21229.9,-115.38,0.89,-21240.4,1.666,-0.015,-0.429,111.1,0.26,30.28
TIME2h,ACCEL,SHORT,ALL,ALL,VALID,11649,130.89,0.436,-0.0666,0.98898,-33634.0,-377.91,0.7,-37367.2,1.284,-0.052,-0.432,112.6,0.259,33.96
TIME2h,ACCEL,SHORT,ALL,ALL,TEST,12394,134.72,0.43,-0.0685,0.99816,-17959.1,-195.21,0.827,-19016.9,1.282,-0.053,-0.42,113.6,0.26,35.0
TIME2h,ACCEL,SHORT,ALL,ALL,HOLDOUT,7932,132.2,0.41,-0.1266,1.0,-26693.9,-444.9,0.662,-29152.1,1.322,-0.096,-0.449,112.9,0.275,36.38
TIME4h,ACCEL,SHORT,ALL,ALL,TRAIN,21388,116.24,0.469,-0.0378,0.87282,-25782.1,-140.12,0.895,-25789.3,1.666,-0.023,-0.53,204.9,0.178,20.71
TIME4h,ACCEL,SHORT,ALL,ALL,VALID,11649,130.89,0.459,-0.0605,0.94005,-25360.1,-284.95,0.819,-40993.5,1.284,-0.047,-0.528,211.3,0.169,22.07
TIME4h,ACCEL,SHORT,ALL,ALL,TEST,12394,134.72,0.442,-0.0941,0.999,-26869.3,-292.06,0.802,-27864.1,1.282,-0.073,-0.537,211.3,0.166,22.3
TIME4h,ACCEL,SHORT,ALL,ALL,HOLDOUT,7932,132.2,0.424,-0.1395,1.0,-28013.5,-466.89,0.714,-32118.2,1.322,-0.106,-0.55,210.5,0.173,22.87
SIG_OFF,ACCEL,SHORT,ALL,ALL,TRAIN,21388,116.24,0.405,-0.0059,0.56403,5785.7,31.44,1.064,-18842.1,1.666,-0.004,-0.196,15.4,0.447,51.99
SIG_OFF,ACCEL,SHORT,ALL,ALL,VALID,11649,130.89,0.362,-0.063,0.99994,-27918.5,-313.69,0.535,-28436.3,1.284,-0.049,-0.201,15.3,0.48,62.78
SIG_OFF,ACCEL,SHORT,ALL,ALL,TEST,12394,134.72,0.403,-0.0466,1.0,-13086.8,-142.25,0.72,-15072.6,1.282,-0.036,-0.18,15.3,0.501,67.46
SIG_OFF,ACCEL,SHORT,ALL,ALL,HOLDOUT,7932,132.2,0.357,-0.0683,1.0,-14145.0,-235.75,0.617,-14187.5,1.322,-0.052,-0.185,15.3,0.557,73.62
MOM_OFF,ACCEL,SHORT,ALL,ALL,TRAIN,21388,116.24,0.365,0.0068,0.42499,463.8,2.52,1.003,-17838.2,1.666,0.004,-0.291,65.4,0.326,37.94
MOM_OFF,ACCEL,SHORT,ALL,ALL,VALID,11649,130.89,0.317,-0.078,0.99969,-37820.1,-424.94,0.583,-41002.1,1.284,-0.061,-0.299,62.9,0.342,44.72
MOM_OFF,ACCEL,SHORT,ALL,ALL,TEST,12394,134.72,0.331,-0.0727,0.99999,-22093.4,-240.15,0.711,-22858.5,1.282,-0.057,-0.285,64.4,0.342,46.07
MOM_OFF,ACCEL,SHORT,ALL,ALL,HOLDOUT,7932,132.2,0.288,-0.122,1.0,-27544.0,-459.07,0.536,-28409.8,1.322,-0.092,-0.296,58.9,0.377,49.9
FIXED,CHANGE_POINT,SHORT,ALL,ALL,TRAIN,14627,79.49,0.49,0.0266,0.27175,16238.4,88.25,1.055,-25018.4,1.58,0.017,-0.725,789.0,0.078,6.17
FIXED,CHANGE_POINT,SHORT,ALL,ALL,VALID,7983,89.7,0.442,-0.0929,0.95046,-28429.3,-319.43,0.844,-39093.0,1.14,-0.082,-0.762,804.3,0.068,6.08
FIXED,CHANGE_POINT,SHORT,ALL,ALL,TEST,8391,91.21,0.455,-0.0607,0.89788,-14450.2,-157.07,0.913,-17512.5,1.198,-0.051,-0.75,810.4,0.069,6.33
FIXED,CHANGE_POINT,SHORT,ALL,ALL,HOLDOUT,6053,100.88,0.391,-0.2355,1.0,-52668.0,-877.8,0.648,-55616.7,1.116,-0.211,-0.793,834.2,0.061,6.17
TRAIL_A0.5_D0.5,CHANGE_POINT,SHORT,ALL,ALL,TRAIN,14627,79.49,0.585,-0.0176,0.71285,-1498.6,-8.14,0.993,-23851.2,1.58,-0.011,-0.558,453.4,0.118,9.38
TRAIL_A0.5_D0.5,CHANGE_POINT,SHORT,ALL,ALL,VALID,7983,89.7,0.545,-0.097,0.9923,-33148.9,-372.46,0.751,-37178.8,1.14,-0.085,-0.597,492.6,0.108,9.67
TRAIL_A0.5_D0.5,CHANGE_POINT,SHORT,ALL,ALL,TEST,8391,91.21,0.559,-0.0884,0.99888,-20203.9,-219.61,0.826,-22067.5,1.198,-0.074,-0.574,451.4,0.113,10.29
TRAIL_A0.5_D0.5,CHANGE_POINT,SHORT,ALL,ALL,HOLDOUT,6053,100.88,0.508,-0.1993,1.0,-42823.5,-713.73,0.605,-44462.9,1.116,-0.179,-0.612,495.8,0.102,10.25
TRAIL_A0.5_D1,CHANGE_POINT,SHORT,ALL,ALL,TRAIN,14627,79.49,0.442,0.0073,0.42523,5835.9,31.72,1.023,-23456.0,1.58,0.005,-0.597,632.1,0.089,7.11
TRAIL_A0.5_D1,CHANGE_POINT,SHORT,ALL,ALL,VALID,7983,89.7,0.408,-0.0716,0.92478,-23271.4,-261.48,0.85,-33441.5,1.14,-0.063,-0.638,665.6,0.082,7.39
TRAIL_A0.5_D1,CHANGE_POINT,SHORT,ALL,ALL,TEST,8391,91.21,0.393,-0.0852,0.98537,-22141.1,-240.66,0.844,-25084.4,1.198,-0.071,-0.616,632.3,0.083,7.54
TRAIL_A0.5_D1,CHANGE_POINT,SHORT,ALL,ALL,HOLDOUT,6053,100.88,0.331,-0.2348,1.0,-52242.7,-870.71,0.597,-54621.2,1.116,-0.21,-0.657,673.6,0.075,7.6
TRAIL_A1_D0.5,CHANGE_POINT,SHORT,ALL,ALL,TRAIN,14627,79.49,0.544,0.0098,0.39821,11814.5,64.21,1.043,-22090.2,1.58,0.006,-0.679,662.0,0.088,6.99
TRAIL_A1_D0.5,CHANGE_POINT,SHORT,ALL,ALL,VALID,7983,89.7,0.495,-0.0922,0.96472,-26975.2,-303.09,0.841,-38495.4,1.14,-0.081,-0.719,705.8,0.078,6.98
TRAIL_A1_D0.5,CHANGE_POINT,SHORT,ALL,ALL,TEST,8391,91.21,0.508,-0.0835,0.9814,-20693.8,-224.93,0.868,-23381.7,1.198,-0.07,-0.705,672.6,0.076,6.95
TRAIL_A1_D0.5,CHANGE_POINT,SHORT,ALL,ALL,HOLDOUT,6053,100.88,0.436,-0.238,1.0,-54261.5,-904.36,0.62,-56422.9,1.116,-0.213,-0.754,730.4,0.069,6.93
TRAIL_A1_D1,CHANGE_POINT,SHORT,ALL,ALL,TRAIN,14627,79.49,0.513,0.0189,0.3234,12567.4,68.3,1.045,-22946.7,1.58,0.012,-0.682,722.7,0.082,6.52
TRAIL_A1_D1,CHANGE_POINT,SHORT,ALL,ALL,VALID,7983,89.7,0.469,-0.0797,0.92764,-23947.7,-269.08,0.859,-35712.4,1.14,-0.07,-0.721,757.9,0.073,6.52
TRAIL_A1_D1,CHANGE_POINT,SHORT,ALL,ALL,TEST,8391,91.21,0.47,-0.0806,0.96691,-21168.0,-230.09,0.865,-24077.9,1.198,-0.067,-0.706,735.7,0.075,6.88
TRAIL_A1_D1,CHANGE_POINT,SHORT,ALL,ALL,HOLDOUT,6053,100.88,0.402,-0.2413,1.0,-53795.9,-896.6,0.624,-56780.4,1.116,-0.216,-0.755,779.4,0.066,6.63
BE0.5_TRAIL,CHANGE_POINT,SHORT,ALL,ALL,TRAIN,14627,79.49,0.374,0.0389,0.25953,29504.5,160.35,1.136,-24506.3,1.58,0.025,-0.561,559.8,0.099,7.85
BE0.5_TRAIL,CHANGE_POINT,SHORT,ALL,ALL,VALID,7983,89.7,0.339,-0.1056,0.99392,-35597.5,-399.97,0.739,-39238.2,1.14,-0.093,-0.601,597.9,0.086,7.69
BE0.5_TRAIL,CHANGE_POINT,SHORT,ALL,ALL,TEST,8391,91.21,0.337,-0.1017,0.99921,-25523.3,-277.43,0.786,-28475.6,1.198,-0.085,-0.577,548.1,0.094,8.54
BE0.5_TRAIL,CHANGE_POINT,SHORT,ALL,ALL,HOLDOUT,6053,100.88,0.277,-0.224,1.0,-47980.4,-799.67,0.566,-49842.1,1.116,-0.201,-0.614,579.5,0.09,9.07
BE1_TRAIL,CHANGE_POINT,SHORT,ALL,ALL,TRAIN,14627,79.49,0.436,0.0834,0.11467,47612.1,258.76,1.17,-26620.4,1.58,0.053,-0.684,787.9,0.076,6.05
BE1_TRAIL,CHANGE_POINT,SHORT,ALL,ALL,VALID,7983,89.7,0.404,-0.1095,0.97967,-31605.5,-355.12,0.815,-40549.7,1.14,-0.096,-0.724,817.3,0.069,6.18
BE1_TRAIL,CHANGE_POINT,SHORT,ALL,ALL,TEST,8391,91.21,0.389,-0.1012,0.98781,-27739.3,-301.51,0.824,-30869.1,1.198,-0.084,-0.708,794.4,0.069,6.3
BE1_TRAIL,CHANGE_POINT,SHORT,ALL,ALL,HOLDOUT,6053,100.88,0.344,-0.254,1.0,-54691.6,-911.53,0.619,-57545.2,1.116,-0.228,-0.756,816.9,0.062,6.25
ATR_TRAIL2,CHANGE_POINT,SHORT,ALL,ALL,TRAIN,14627,79.49,0.366,0.0244,0.33037,27374.4,148.77,1.199,-15363.3,1.58,0.015,-0.306,149.9,0.282,22.45
ATR_TRAIL2,CHANGE_POINT,SHORT,ALL,ALL,VALID,7983,89.7,0.324,-0.0976,0.99995,-28849.9,-324.16,0.652,-29417.5,1.14,-0.086,-0.321,148.4,0.277,24.83
ATR_TRAIL2,CHANGE_POINT,SHORT,ALL,ALL,TEST,8391,91.21,0.333,-0.1043,1.0,-23410.2,-254.46,0.697,-24596.6,1.198,-0.087,-0.309,140.9,0.28,25.5
ATR_TRAIL2,CHANGE_POINT,SHORT,ALL,ALL,HOLDOUT,6053,100.88,0.304,-0.153,1.0,-26123.3,-435.39,0.592,-26641.1,1.116,-0.137,-0.321,141.7,0.268,27.07
ATR_TRAIL3,CHANGE_POINT,SHORT,ALL,ALL,TRAIN,14627,79.49,0.391,0.1153,0.11762,66527.4,361.56,1.375,-16221.3,1.58,0.073,-0.408,296.2,0.181,14.42
ATR_TRAIL3,CHANGE_POINT,SHORT,ALL,ALL,VALID,7983,89.7,0.333,-0.1219,0.99984,-35080.7,-394.17,0.684,-35655.7,1.14,-0.107,-0.433,295.3,0.173,15.48
ATR_TRAIL3,CHANGE_POINT,SHORT,ALL,ALL,TEST,8391,91.21,0.344,-0.1209,1.0,-30324.3,-329.61,0.696,-32148.5,1.198,-0.101,-0.42,282.2,0.175,15.93
ATR_TRAIL3,CHANGE_POINT,SHORT,ALL,ALL,HOLDOUT,6053,100.88,0.315,-0.1842,1.0,-33436.4,-557.27,0.597,-33936.5,1.116,-0.165,-0.43,277.8,0.169,17.0
ATR_TRAIL4,CHANGE_POINT,SHORT,ALL,ALL,TRAIN,14627,79.49,0.394,0.1562,0.10454,78827.2,428.41,1.377,-19572.0,1.58,0.099,-0.494,450.3,0.131,10.39
ATR_TRAIL4,CHANGE_POINT,SHORT,ALL,ALL,VALID,7983,89.7,0.343,-0.1397,0.99969,-40207.1,-451.77,0.696,-40945.3,1.14,-0.123,-0.524,449.3,0.119,10.67
ATR_TRAIL4,CHANGE_POINT,SHORT,ALL,ALL,TEST,8391,91.21,0.344,-0.1396,0.99997,-36676.3,-398.66,0.695,-39697.2,1.198,-0.116,-0.513,433.1,0.121,11.0
ATR_TRAIL4,CHANGE_POINT,SHORT,ALL,ALL,HOLDOUT,6053,100.88,0.318,-0.2089,1.0,-41911.7,-698.53,0.575,-42600.0,1.116,-0.187,-0.525,422.1,0.12,12.12
MFE_LOCK0.3,CHANGE_POINT,SHORT,ALL,ALL,TRAIN,14627,79.49,0.544,0.0219,0.30534,20690.0,112.45,1.075,-21986.8,1.58,0.014,-0.679,656.5,0.088,7.01
MFE_LOCK0.3,CHANGE_POINT,SHORT,ALL,ALL,VALID,7983,89.7,0.495,-0.1076,0.98594,-31581.8,-354.85,0.814,-41709.2,1.14,-0.094,-0.72,702.2,0.076,6.85
MFE_LOCK0.3,CHANGE_POINT,SHORT,ALL,ALL,TEST,8391,91.21,0.508,-0.0862,0.98596,-21179.8,-230.21,0.864,-24128.1,1.198,-0.072,-0.705,665.4,0.079,7.17
MFE_LOCK0.3,CHANGE_POINT,SHORT,ALL,ALL,HOLDOUT,6053,100.88,0.435,-0.2408,1.0,-53929.0,-898.82,0.622,-55730.0,1.116,-0.216,-0.754,721.4,0.07,7.03
MFE_LOCK0.5,CHANGE_POINT,SHORT,ALL,ALL,TRAIN,14627,79.49,0.543,0.065,0.14099,39230.1,213.21,1.142,-24770.0,1.58,0.041,-0.679,745.4,0.078,6.21
MFE_LOCK0.5,CHANGE_POINT,SHORT,ALL,ALL,VALID,7983,89.7,0.495,-0.1166,0.99035,-32777.0,-368.28,0.807,-36793.6,1.14,-0.102,-0.72,776.5,0.071,6.33
MFE_LOCK0.5,CHANGE_POINT,SHORT,ALL,ALL,TEST,8391,91.21,0.507,-0.1045,0.995,-27392.7,-297.75,0.825,-30547.0,1.198,-0.087,-0.705,742.6,0.072,6.61
MFE_LOCK0.5,CHANGE_POINT,SHORT,ALL,ALL,HOLDOUT,6053,100.88,0.434,-0.2628,1.0,-57211.5,-953.53,0.599,-59450.2,1.116,-0.236,-0.754,771.7,0.067,6.78
NOTP_TRAIL0.5,CHANGE_POINT,SHORT,ALL,ALL,TRAIN,14627,79.49,0.351,-0.0096,0.59597,2469.6,13.42,1.018,-18676.3,1.58,-0.006,-0.301,194.0,0.232,18.47
NOTP_TRAIL0.5,CHANGE_POINT,SHORT,ALL,ALL,VALID,7983,89.7,0.321,-0.0843,0.99968,-23794.7,-267.36,0.717,-24189.7,1.14,-0.074,-0.317,199.8,0.227,20.33
NOTP_TRAIL0.5,CHANGE_POINT,SHORT,ALL,ALL,TEST,8391,91.21,0.323,-0.0893,1.0,-20856.8,-226.7,0.727,-21969.7,1.198,-0.075,-0.3,175.4,0.226,20.58
NOTP_TRAIL0.5,CHANGE_POINT,SHORT,ALL,ALL,HOLDOUT,6053,100.88,0.301,-0.1413,1.0,-25685.8,-428.1,0.606,-26227.1,1.116,-0.127,-0.314,194.4,0.211,21.25
NOTP_TRAIL1,CHANGE_POINT,SHORT,ALL,ALL,TRAIN,14627,79.49,0.412,0.0928,0.10646,56634.4,307.8,1.236,-19717.8,1.58,0.059,-0.535,631.4,0.091,7.27
NOTP_TRAIL1,CHANGE_POINT,SHORT,ALL,ALL,VALID,7983,89.7,0.379,-0.089,0.96846,-26213.7,-294.54,0.823,-34035.5,1.14,-0.078,-0.574,658.3,0.081,7.28
NOTP_TRAIL1,CHANGE_POINT,SHORT,ALL,ALL,TEST,8391,91.21,0.363,-0.0942,0.99498,-25712.1,-279.48,0.807,-29714.1,1.198,-0.079,-0.545,619.9,0.084,7.62
NOTP_TRAIL1,CHANGE_POINT,SHORT,ALL,ALL,HOLDOUT,6053,100.88,0.302,-0.2434,1.0,-49817.8,-830.3,0.584,-52102.7,1.116,-0.218,-0.585,631.7,0.076,7.65
NOTP_TRAIL1.5,CHANGE_POINT,SHORT,ALL,ALL,TRAIN,14627,79.49,0.44,0.1486,0.06546,80956.8,439.98,1.282,-28095.9,1.58,0.094,-0.675,870.6,0.071,5.65
NOTP_TRAIL1.5,CHANGE_POINT,SHORT,ALL,ALL,VALID,7983,89.7,0.408,-0.109,0.97491,-31750.9,-356.75,0.816,-35374.8,1.14,-0.096,-0.715,873.7,0.062,5.54
NOTP_TRAIL1.5,CHANGE_POINT,SHORT,ALL,ALL,TEST,8391,91.21,0.403,-0.1136,0.99355,-28959.5,-314.78,0.822,-32866.4,1.198,-0.095,-0.7,874.9,0.064,5.82
NOTP_TRAIL1.5,CHANGE_POINT,SHORT,ALL,ALL,HOLDOUT,6053,100.88,0.349,-0.267,1.0,-55320.2,-922.0,0.618,-58018.7,1.116,-0.239,-0.744,864.8,0.059,6.0
TIME15m,CHANGE_POINT,SHORT,ALL,ALL,TRAIN,14627,79.49,0.432,-0.0147,0.83769,-742.7,-4.04,0.987,-6852.7,1.58,-0.009,-0.176,14.9,0.535,42.55
TIME15m,CHANGE_POINT,SHORT,ALL,ALL,VALID,7983,89.7,0.404,-0.0442,0.98741,-17752.0,-199.46,0.598,-17874.2,1.14,-0.039,-0.194,14.9,0.558,50.03
TIME15m,CHANGE_POINT,SHORT,ALL,ALL,TEST,8391,91.21,0.39,-0.0546,1.0,-11753.2,-127.75,0.664,-12453.2,1.198,-0.046,-0.18,15.0,0.611,55.71
TIME15m,CHANGE_POINT,SHORT,ALL,ALL,HOLDOUT,6053,100.88,0.365,-0.0661,1.0,-11926.8,-198.78,0.597,-12101.9,1.116,-0.059,-0.176,15.0,0.631,63.65
TIME30m,CHANGE_POINT,SHORT,ALL,ALL,TRAIN,14627,79.49,0.464,0.0024,0.45282,6069.7,32.99,1.079,-7101.2,1.58,0.002,-0.232,29.6,0.481,38.21
TIME30m,CHANGE_POINT,SHORT,ALL,ALL,VALID,7983,89.7,0.416,-0.0504,0.99174,-20886.7,-234.68,0.618,-21207.6,1.14,-0.044,-0.257,29.6,0.501,44.93
TIME30m,CHANGE_POINT,SHORT,ALL,ALL,TEST,8391,91.21,0.41,-0.0631,0.99999,-11852.4,-128.83,0.726,-12728.0,1.198,-0.053,-0.244,29.8,0.543,49.52
TIME30m,CHANGE_POINT,SHORT,ALL,ALL,HOLDOUT,6053,100.88,0.385,-0.078,1.0,-14463.0,-241.05,0.615,-14645.6,1.116,-0.07,-0.242,29.8,0.552,55.73
TIME1h,CHANGE_POINT,SHORT,ALL,ALL,TRAIN,14627,79.49,0.47,-0.0006,0.5101,2142.6,11.64,1.021,-8820.6,1.58,-0.0,-0.311,58.1,0.426,33.88
TIME1h,CHANGE_POINT,SHORT,ALL,ALL,VALID,7983,89.7,0.444,-0.0535,0.9854,-22238.1,-249.87,0.672,-22999.0,1.14,-0.047,-0.322,58.3,0.439,39.36
TIME1h,CHANGE_POINT,SHORT,ALL,ALL,TEST,8391,91.21,0.439,-0.061,0.99884,-12584.8,-136.79,0.777,-13710.0,1.198,-0.051,-0.318,58.7,0.466,42.54
TIME1h,CHANGE_POINT,SHORT,ALL,ALL,HOLDOUT,6053,100.88,0.389,-0.099,1.0,-19082.3,-318.04,0.615,-19435.2,1.116,-0.089,-0.322,58.8,0.458,46.25
TIME2h,CHANGE_POINT,SHORT,ALL,ALL,TRAIN,14627,79.49,0.494,0.0061,0.41829,3179.7,17.28,1.024,-13121.2,1.58,0.004,-0.395,112.0,0.337,26.79
TIME2h,CHANGE_POINT,SHORT,ALL,ALL,VALID,7983,89.7,0.459,-0.0585,0.97253,-22094.3,-248.25,0.736,-27346.5,1.14,-0.051,-0.416,113.1,0.34,30.46
TIME2h,CHANGE_POINT,SHORT,ALL,ALL,TEST,8391,91.21,0.447,-0.0658,0.99762,-15239.7,-165.65,0.793,-16479.4,1.198,-0.055,-0.405,113.8,0.348,31.71
TIME2h,CHANGE_POINT,SHORT,ALL,ALL,HOLDOUT,6053,100.88,0.432,-0.1037,1.0,-17964.2,-299.4,0.703,-18502.1,1.116,-0.093,-0.419,114.5,0.332,33.53
TIME4h,CHANGE_POINT,SHORT,ALL,ALL,TRAIN,14627,79.49,0.502,0.0079,0.40859,7338.2,39.88,1.044,-14867.0,1.58,0.005,-0.489,209.2,0.239,19.01
TIME4h,CHANGE_POINT,SHORT,ALL,ALL,VALID,7983,89.7,0.454,-0.0783,0.98187,-30155.3,-338.82,0.716,-33397.1,1.14,-0.069,-0.513,213.4,0.228,20.45
TIME4h,CHANGE_POINT,SHORT,ALL,ALL,TEST,8391,91.21,0.456,-0.0923,0.99918,-23712.9,-257.75,0.755,-24814.5,1.198,-0.077,-0.511,213.6,0.233,21.23
TIME4h,CHANGE_POINT,SHORT,ALL,ALL,HOLDOUT,6053,100.88,0.431,-0.1348,1.0,-23864.0,-397.73,0.697,-24635.6,1.116,-0.121,-0.524,216.1,0.215,21.7
SIG_OFF,CHANGE_POINT,SHORT,ALL,ALL,TRAIN,14627,79.49,0.433,0.021,0.26243,22879.6,124.35,1.376,-4900.7,1.58,0.013,-0.181,17.0,0.523,41.56
SIG_OFF,CHANGE_POINT,SHORT,ALL,ALL,VALID,7983,89.7,0.388,-0.0566,0.99946,-20701.2,-232.6,0.548,-20864.2,1.14,-0.05,-0.197,16.6,0.548,49.16
SIG_OFF,CHANGE_POINT,SHORT,ALL,ALL,TEST,8391,91.21,0.375,-0.0642,1.0,-13665.8,-148.54,0.625,-14126.1,1.198,-0.054,-0.185,16.4,0.601,54.85
SIG_OFF,CHANGE_POINT,SHORT,ALL,ALL,HOLDOUT,6053,100.88,0.364,-0.0645,1.0,-12312.1,-205.2,0.595,-12425.9,1.116,-0.058,-0.181,16.8,0.615,62.02
MOM_OFF,CHANGE_POINT,SHORT,ALL,ALL,TRAIN,14627,79.49,0.384,0.0282,0.22219,16566.1,90.03,1.172,-7796.8,1.58,0.018,-0.267,66.8,0.408,32.46
MOM_OFF,CHANGE_POINT,SHORT,ALL,ALL,VALID,7983,89.7,0.333,-0.0741,0.99845,-26761.8,-300.69,0.601,-28047.5,1.14,-0.065,-0.286,64.0,0.427,38.26
MOM_OFF,CHANGE_POINT,SHORT,ALL,ALL,TEST,8391,91.21,0.342,-0.0695,0.99996,-15417.6,-167.58,0.716,-16223.7,1.198,-0.058,-0.276,64.7,0.447,40.79
MOM_OFF,CHANGE_POINT,SHORT,ALL,ALL,HOLDOUT,6053,100.88,0.293,-0.1051,1.0,-20767.9,-346.13,0.549,-20823.2,1.116,-0.094,-0.271,59.5,0.441,44.45
FIXED,SQUEEZE_EXP,SHORT,ALL,ALL,TRAIN,20242,110.01,0.429,-0.0882,0.98966,-37035.8,-201.28,0.896,-43922.4,1.613,-0.055,-0.811,648.7,0.066,7.29
FIXED,SQUEEZE_EXP,SHORT,ALL,ALL,VALID,11174,125.55,0.458,-0.0243,0.69788,-10181.3,-114.4,0.945,-24109.8,1.498,-0.016,-0.8,705.3,0.06,7.52
FIXED,SQUEEZE_EXP,SHORT,ALL,ALL,TEST,11807,128.34,0.409,-0.1559,0.99991,-33285.6,-361.8,0.832,-37952.7,1.442,-0.108,-0.831,657.2,0.059,7.57
FIXED,SQUEEZE_EXP,SHORT,ALL,ALL,HOLDOUT,7740,129.0,0.386,-0.238,1.0,-39905.1,-665.08,0.729,-43347.7,1.576,-0.151,-0.84,668.0,0.062,8.05
TRAIL_A0.5_D0.5,SQUEEZE_EXP,SHORT,ALL,ALL,TRAIN,20242,110.01,0.537,-0.103,0.99988,-45345.2,-246.44,0.81,-48576.3,1.613,-0.064,-0.607,331.0,0.117,12.89
TRAIL_A0.5_D0.5,SQUEEZE_EXP,SHORT,ALL,ALL,VALID,11174,125.55,0.565,-0.0638,0.98911,-15061.9,-169.24,0.866,-21063.4,1.498,-0.043,-0.576,346.9,0.11,13.85
TRAIL_A0.5_D0.5,SQUEEZE_EXP,SHORT,ALL,ALL,TEST,11807,128.34,0.498,-0.1781,1.0,-37494.4,-407.55,0.715,-38691.2,1.442,-0.123,-0.614,332.9,0.108,13.8
TRAIL_A0.5_D0.5,SQUEEZE_EXP,SHORT,ALL,ALL,HOLDOUT,7740,129.0,0.499,-0.2027,1.0,-31916.5,-531.94,0.666,-33856.8,1.576,-0.129,-0.612,331.7,0.113,14.55
TRAIL_A0.5_D1,SQUEEZE_EXP,SHORT,ALL,ALL,TRAIN,20242,110.01,0.377,-0.1045,0.99926,-46952.5,-255.18,0.838,-48804.7,1.613,-0.065,-0.655,475.0,0.086,9.42
TRAIL_A0.5_D1,SQUEEZE_EXP,SHORT,ALL,ALL,VALID,11174,125.55,0.405,-0.0278,0.76871,-6947.9,-78.07,0.951,-17628.6,1.498,-0.019,-0.626,512.1,0.076,9.51
TRAIL_A0.5_D1,SQUEEZE_EXP,SHORT,ALL,ALL,TEST,11807,128.34,0.342,-0.1846,1.0,-40293.1,-437.97,0.751,-42550.4,1.442,-0.128,-0.668,475.7,0.076,9.76
TRAIL_A0.5_D1,SQUEEZE_EXP,SHORT,ALL,ALL,HOLDOUT,7740,129.0,0.325,-0.2303,1.0,-37376.5,-622.94,0.68,-39962.3,1.576,-0.146,-0.661,485.3,0.077,9.93
TRAIL_A1_D0.5,SQUEEZE_EXP,SHORT,ALL,ALL,TRAIN,20242,110.01,0.494,-0.1035,0.99876,-43367.5,-235.69,0.866,-48183.9,1.613,-0.064,-0.753,515.7,0.081,8.9
TRAIL_A1_D0.5,SQUEEZE_EXP,SHORT,ALL,ALL,VALID,11174,125.55,0.532,-0.0439,0.87077,-12814.7,-143.99,0.922,-23949.1,1.498,-0.029,-0.733,564.0,0.07,8.83
TRAIL_A1_D0.5,SQUEEZE_EXP,SHORT,ALL,ALL,TEST,11807,128.34,0.471,-0.1767,1.0,-36972.7,-401.88,0.794,-39734.3,1.442,-0.123,-0.773,531.0,0.071,9.13
TRAIL_A1_D0.5,SQUEEZE_EXP,SHORT,ALL,ALL,HOLDOUT,7740,129.0,0.456,-0.2375,1.0,-39046.4,-650.77,0.709,-41942.5,1.576,-0.151,-0.778,534.8,0.077,9.88
TRAIL_A1_D1,SQUEEZE_EXP,SHORT,ALL,ALL,TRAIN,20242,110.01,0.453,-0.1015,0.9977,-44007.9,-239.17,0.865,-49082.6,1.613,-0.063,-0.756,570.6,0.073,7.99
TRAIL_A1_D1,SQUEEZE_EXP,SHORT,ALL,ALL,VALID,11174,125.55,0.486,-0.0287,0.74873,-9034.2,-101.51,0.945,-21632.0,1.498,-0.019,-0.737,624.2,0.066,8.24
TRAIL_A1_D1,SQUEEZE_EXP,SHORT,ALL,ALL,TEST,11807,128.34,0.425,-0.1713,1.0,-35771.9,-388.82,0.802,-39510.8,1.442,-0.119,-0.775,582.4,0.064,8.18
TRAIL_A1_D1,SQUEEZE_EXP,SHORT,ALL,ALL,HOLDOUT,7740,129.0,0.403,-0.2433,1.0,-39951.3,-665.86,0.704,-43581.9,1.576,-0.154,-0.782,590.9,0.068,8.8
BE0.5_TRAIL,SQUEEZE_EXP,SHORT,ALL,ALL,TRAIN,20242,110.01,0.332,-0.105,0.99864,-51074.8,-277.58,0.792,-55693.3,1.613,-0.065,-0.612,409.1,0.095,10.45
BE0.5_TRAIL,SQUEEZE_EXP,SHORT,ALL,ALL,VALID,11174,125.55,0.346,-0.0698,0.98851,-16218.5,-182.23,0.861,-25237.0,1.498,-0.047,-0.581,443.7,0.084,10.6
BE0.5_TRAIL,SQUEEZE_EXP,SHORT,ALL,ALL,TEST,11807,128.34,0.293,-0.1963,1.0,-44906.2,-488.11,0.668,-47296.8,1.442,-0.136,-0.618,402.4,0.087,11.21
BE0.5_TRAIL,SQUEEZE_EXP,SHORT,ALL,ALL,HOLDOUT,7740,129.0,0.28,-0.2254,1.0,-35120.3,-585.34,0.642,-36947.1,1.576,-0.143,-0.616,404.0,0.093,12.05
BE1_TRAIL,SQUEEZE_EXP,SHORT,ALL,ALL,TRAIN,20242,110.01,0.361,-0.1085,0.99514,-52163.0,-283.49,0.841,-63688.3,1.613,-0.067,-0.759,630.1,0.066,7.29
BE1_TRAIL,SQUEEZE_EXP,SHORT,ALL,ALL,VALID,11174,125.55,0.391,-0.065,0.93649,-19320.1,-217.08,0.884,-32421.5,1.498,-0.043,-0.741,694.5,0.06,7.55
BE1_TRAIL,SQUEEZE_EXP,SHORT,ALL,ALL,TEST,11807,128.34,0.343,-0.1969,1.0,-44129.3,-479.67,0.758,-47298.9,1.442,-0.137,-0.778,635.5,0.058,7.45
BE1_TRAIL,SQUEEZE_EXP,SHORT,ALL,ALL,HOLDOUT,7740,129.0,0.317,-0.269,1.0,-41809.8,-696.83,0.692,-45018.8,1.576,-0.171,-0.785,640.7,0.064,8.27
ATR_TRAIL2,SQUEEZE_EXP,SHORT,ALL,ALL,TRAIN,20242,110.01,0.305,-0.0894,0.99962,-38883.9,-211.33,0.753,-40872.5,1.613,-0.055,-0.33,119.7,0.25,27.46
ATR_TRAIL2,SQUEEZE_EXP,SHORT,ALL,ALL,VALID,11174,125.55,0.322,-0.1009,1.0,-24681.1,-277.32,0.687,-24903.4,1.498,-0.067,-0.314,132.6,0.248,31.1
ATR_TRAIL2,SQUEEZE_EXP,SHORT,ALL,ALL,TEST,11807,128.34,0.271,-0.1743,1.0,-37135.0,-403.64,0.573,-38637.1,1.442,-0.121,-0.329,118.0,0.251,32.22
ATR_TRAIL2,SQUEEZE_EXP,SHORT,ALL,ALL,HOLDOUT,7740,129.0,0.287,-0.1831,1.0,-22750.7,-379.18,0.624,-23607.2,1.576,-0.116,-0.324,118.6,0.269,34.67
ATR_TRAIL3,SQUEEZE_EXP,SHORT,ALL,ALL,TRAIN,20242,110.01,0.328,-0.076,0.93991,-33700.1,-183.15,0.841,-36010.2,1.613,-0.047,-0.457,255.0,0.151,16.63
ATR_TRAIL3,SQUEEZE_EXP,SHORT,ALL,ALL,VALID,11174,125.55,0.347,-0.1006,0.99984,-21686.1,-243.66,0.788,-25957.1,1.498,-0.067,-0.439,279.5,0.142,17.89
ATR_TRAIL3,SQUEEZE_EXP,SHORT,ALL,ALL,TEST,11807,128.34,0.288,-0.2094,1.0,-45894.1,-498.85,0.605,-47813.1,1.442,-0.145,-0.458,242.8,0.142,18.25
ATR_TRAIL3,SQUEEZE_EXP,SHORT,ALL,ALL,HOLDOUT,7740,129.0,0.291,-0.2114,1.0,-30107.1,-501.79,0.631,-31079.3,1.576,-0.134,-0.45,244.2,0.153,19.78
ATR_TRAIL4,SQUEEZE_EXP,SHORT,ALL,ALL,TRAIN,20242,110.01,0.338,-0.0744,0.87004,-36618.8,-199.02,0.857,-41236.0,1.613,-0.046,-0.57,402.8,0.105,11.55
ATR_TRAIL4,SQUEEZE_EXP,SHORT,ALL,ALL,VALID,11174,125.55,0.367,-0.0882,0.99481,-15627.4,-175.59,0.874,-29750.9,1.498,-0.059,-0.544,445.7,0.096,12.09
ATR_TRAIL4,SQUEEZE_EXP,SHORT,ALL,ALL,TEST,11807,128.34,0.305,-0.2306,1.0,-52747.5,-573.34,0.627,-54784.1,1.442,-0.16,-0.579,388.1,0.096,12.3
ATR_TRAIL4,SQUEEZE_EXP,SHORT,ALL,ALL,HOLDOUT,7740,129.0,0.298,-0.2548,1.0,-37817.2,-630.29,0.624,-39322.4,1.576,-0.162,-0.566,381.9,0.104,13.4
MFE_LOCK0.3,SQUEEZE_EXP,SHORT,ALL,ALL,TRAIN,20242,110.01,0.494,-0.1121,0.99955,-47722.3,-259.36,0.853,-52106.2,1.613,-0.069,-0.752,512.3,0.081,8.89
MFE_LOCK0.3,SQUEEZE_EXP,SHORT,ALL,ALL,VALID,11174,125.55,0.531,-0.0612,0.94969,-16776.7,-188.5,0.898,-26967.0,1.498,-0.041,-0.734,560.1,0.072,9.08
MFE_LOCK0.3,SQUEEZE_EXP,SHORT,ALL,ALL,TEST,11807,128.34,0.472,-0.185,1.0,-38317.6,-416.5,0.787,-41052.5,1.442,-0.128,-0.773,527.8,0.071,9.12
MFE_LOCK0.3,SQUEEZE_EXP,SHORT,ALL,ALL,HOLDOUT,7740,129.0,0.455,-0.2469,1.0,-37007.3,-616.79,0.724,-39576.7,1.576,-0.157,-0.778,529.0,0.073,9.37
MFE_LOCK0.5,SQUEEZE_EXP,SHORT,ALL,ALL,TRAIN,20242,110.01,0.493,-0.0919,0.98287,-42342.9,-230.12,0.87,-47952.5,1.613,-0.057,-0.755,592.4,0.07,7.75
MFE_LOCK0.5,SQUEEZE_EXP,SHORT,ALL,ALL,VALID,11174,125.55,0.531,-0.0729,0.96875,-20354.2,-228.7,0.876,-32266.8,1.498,-0.049,-0.735,648.5,0.064,7.99
MFE_LOCK0.5,SQUEEZE_EXP,SHORT,ALL,ALL,TEST,11807,128.34,0.47,-0.2055,1.0,-45776.2,-497.57,0.746,-48287.5,1.442,-0.143,-0.774,597.3,0.062,7.99
MFE_LOCK0.5,SQUEEZE_EXP,SHORT,ALL,ALL,HOLDOUT,7740,129.0,0.453,-0.2804,1.0,-43672.0,-727.87,0.675,-46174.5,1.576,-0.178,-0.779,589.3,0.064,8.27
NOTP_TRAIL0.5,SQUEEZE_EXP,SHORT,ALL,ALL,TRAIN,20242,110.01,0.309,-0.0899,0.99995,-38818.1,-210.97,0.749,-42206.7,1.613,-0.056,-0.321,121.8,0.23,25.33
NOTP_TRAIL0.5,SQUEEZE_EXP,SHORT,ALL,ALL,VALID,11174,125.55,0.322,-0.1046,1.0,-24186.7,-271.76,0.691,-24356.3,1.498,-0.07,-0.308,135.8,0.229,28.7
NOTP_TRAIL0.5,SQUEEZE_EXP,SHORT,ALL,ALL,TEST,11807,128.34,0.278,-0.1616,1.0,-33794.4,-367.33,0.604,-34880.2,1.442,-0.112,-0.321,124.5,0.227,29.08
NOTP_TRAIL0.5,SQUEEZE_EXP,SHORT,ALL,ALL,HOLDOUT,7740,129.0,0.289,-0.178,1.0,-22832.8,-380.55,0.622,-23609.4,1.576,-0.113,-0.316,126.1,0.25,32.2
NOTP_TRAIL1,SQUEEZE_EXP,SHORT,ALL,ALL,TRAIN,20242,110.01,0.344,-0.1102,0.99837,-52668.7,-286.24,0.805,-57013.4,1.613,-0.068,-0.583,469.0,0.083,9.17
NOTP_TRAIL1,SQUEEZE_EXP,SHORT,ALL,ALL,VALID,11174,125.55,0.371,-0.0618,0.96146,-11341.4,-127.43,0.915,-23003.4,1.498,-0.041,-0.56,525.3,0.076,9.57
NOTP_TRAIL1,SQUEEZE_EXP,SHORT,ALL,ALL,TEST,11807,128.34,0.309,-0.2092,1.0,-47298.3,-514.11,0.686,-49862.1,1.442,-0.145,-0.59,467.0,0.074,9.53
NOTP_TRAIL1,SQUEEZE_EXP,SHORT,ALL,ALL,HOLDOUT,7740,129.0,0.296,-0.2467,1.0,-34795.2,-579.92,0.677,-36902.4,1.576,-0.157,-0.586,473.5,0.078,10.08
NOTP_TRAIL1.5,SQUEEZE_EXP,SHORT,ALL,ALL,TRAIN,20242,110.01,0.362,-0.0884,0.96362,-43778.2,-237.92,0.872,-55042.2,1.613,-0.055,-0.751,731.8,0.059,6.53
NOTP_TRAIL1.5,SQUEEZE_EXP,SHORT,ALL,ALL,VALID,11174,125.55,0.39,-0.0406,0.78739,-8971.7,-100.81,0.948,-32078.6,1.498,-0.027,-0.731,797.1,0.055,6.9
NOTP_TRAIL1.5,SQUEEZE_EXP,SHORT,ALL,ALL,TEST,11807,128.34,0.342,-0.218,1.0,-52814.1,-574.07,0.719,-55966.2,1.442,-0.151,-0.768,725.0,0.052,6.73
NOTP_TRAIL1.5,SQUEEZE_EXP,SHORT,ALL,ALL,HOLDOUT,7740,129.0,0.32,-0.2855,1.0,-43167.5,-719.46,0.688,-46718.3,1.576,-0.181,-0.768,720.9,0.055,7.08
TIME15m,SQUEEZE_EXP,SHORT,ALL,ALL,TRAIN,20242,110.01,0.404,-0.0515,1.0,-22202.7,-120.67,0.681,-22351.4,1.613,-0.032,-0.188,15.0,0.554,60.9
TIME15m,SQUEEZE_EXP,SHORT,ALL,ALL,VALID,11174,125.55,0.4,-0.0433,0.99981,-9454.9,-106.23,0.727,-10926.0,1.498,-0.029,-0.18,14.9,0.586,73.62
TIME15m,SQUEEZE_EXP,SHORT,ALL,ALL,TEST,11807,128.34,0.382,-0.0688,1.0,-12675.1,-137.77,0.646,-12733.0,1.442,-0.048,-0.173,15.0,0.627,80.52
TIME15m,SQUEEZE_EXP,SHORT,ALL,ALL,HOLDOUT,7740,129.0,0.372,-0.0793,1.0,-9206.9,-153.45,0.63,-9499.6,1.576,-0.05,-0.172,15.0,0.71,91.6
TIME30m,SQUEEZE_EXP,SHORT,ALL,ALL,TRAIN,20242,110.01,0.439,-0.0423,0.99886,-19152.1,-104.09,0.788,-22109.6,1.613,-0.026,-0.263,29.7,0.463,50.98
TIME30m,SQUEEZE_EXP,SHORT,ALL,ALL,VALID,11174,125.55,0.439,-0.0367,0.99033,-7334.5,-82.41,0.83,-7762.5,1.498,-0.024,-0.245,29.6,0.491,61.63
TIME30m,SQUEEZE_EXP,SHORT,ALL,ALL,TEST,11807,128.34,0.405,-0.0861,1.0,-17909.3,-194.67,0.636,-18155.5,1.442,-0.06,-0.248,29.7,0.517,66.37
TIME30m,SQUEEZE_EXP,SHORT,ALL,ALL,HOLDOUT,7740,129.0,0.401,-0.0896,1.0,-12069.2,-201.15,0.65,-12445.0,1.576,-0.057,-0.247,29.8,0.582,75.02
TIME1h,SQUEEZE_EXP,SHORT,ALL,ALL,TRAIN,20242,110.01,0.46,-0.0335,0.96299,-14956.3,-81.28,0.871,-17547.2,1.613,-0.021,-0.348,58.0,0.374,41.11
TIME1h,SQUEEZE_EXP,SHORT,ALL,ALL,VALID,11174,125.55,0.469,-0.0343,0.95827,-7864.9,-88.37,0.862,-9626.8,1.498,-0.023,-0.327,58.4,0.386,48.45
TIME1h,SQUEEZE_EXP,SHORT,ALL,ALL,TEST,11807,128.34,0.414,-0.1041,1.0,-25126.1,-273.11,0.638,-25421.6,1.442,-0.072,-0.344,58.3,0.401,51.45
TIME1h,SQUEEZE_EXP,SHORT,ALL,ALL,HOLDOUT,7740,129.0,0.418,-0.0984,1.0,-13784.9,-229.75,0.704,-14104.0,1.576,-0.062,-0.338,58.3,0.439,56.67
TIME2h,SQUEEZE_EXP,SHORT,ALL,ALL,TRAIN,20242,110.01,0.455,-0.0496,0.97203,-21266.9,-115.58,0.866,-24493.8,1.613,-0.031,-0.459,110.6,0.27,29.73
TIME2h,SQUEEZE_EXP,SHORT,ALL,ALL,VALID,11174,125.55,0.492,-0.0217,0.78691,-5041.6,-56.65,0.932,-11794.4,1.498,-0.014,-0.425,112.5,0.272,34.11
TIME2h,SQUEEZE_EXP,SHORT,ALL,ALL,TEST,11807,128.34,0.424,-0.1295,1.0,-31274.1,-339.94,0.657,-32794.9,1.442,-0.09,-0.46,111.6,0.274,35.16
TIME2h,SQUEEZE_EXP,SHORT,ALL,ALL,HOLDOUT,7740,129.0,0.441,-0.1049,1.0,-14716.3,-245.27,0.757,-15861.9,1.576,-0.067,-0.447,111.8,0.291,37.53
TIME4h,SQUEEZE_EXP,SHORT,ALL,ALL,TRAIN,20242,110.01,0.459,-0.0622,0.97491,-23326.5,-126.77,0.89,-25555.5,1.613,-0.039,-0.573,201.2,0.186,20.48
TIME4h,SQUEEZE_EXP,SHORT,ALL,ALL,VALID,11174,125.55,0.491,-0.0241,0.77567,-4383.9,-49.26,0.954,-13837.9,1.498,-0.016,-0.532,209.1,0.179,22.44
TIME4h,SQUEEZE_EXP,SHORT,ALL,ALL,TEST,11807,128.34,0.42,-0.1739,1.0,-41216.0,-448.0,0.655,-42787.6,1.442,-0.121,-0.585,204.2,0.177,22.67
TIME4h,SQUEEZE_EXP,SHORT,ALL,ALL,HOLDOUT,7740,129.0,0.433,-0.1542,1.0,-23552.4,-392.54,0.71,-24475.4,1.576,-0.098,-0.567,206.0,0.182,23.53
SIG_OFF,SQUEEZE_EXP,SHORT,ALL,ALL,TRAIN,20242,110.01,0.38,-0.0324,0.9605,-16847.0,-91.56,0.789,-20814.4,1.613,-0.02,-0.207,22.5,0.498,54.76
SIG_OFF,SQUEEZE_EXP,SHORT,ALL,ALL,VALID,11174,125.55,0.376,-0.0485,0.99951,-11109.0,-124.82,0.719,-11977.3,1.498,-0.032,-0.199,21.9,0.527,66.22
SIG_OFF,SQUEEZE_EXP,SHORT,ALL,ALL,TEST,11807,128.34,0.346,-0.0839,1.0,-16997.0,-184.75,0.589,-17026.7,1.442,-0.058,-0.194,21.8,0.561,72.04
SIG_OFF,SQUEEZE_EXP,SHORT,ALL,ALL,HOLDOUT,7740,129.0,0.346,-0.0828,1.0,-12027.6,-200.46,0.588,-12217.9,1.576,-0.053,-0.193,21.8,0.637,82.18
MOM_OFF,SQUEEZE_EXP,SHORT,ALL,ALL,TRAIN,20242,110.01,0.347,-0.032,0.92914,-16750.7,-91.04,0.827,-19180.2,1.613,-0.02,-0.251,45.4,0.417,45.9
MOM_OFF,SQUEEZE_EXP,SHORT,ALL,ALL,VALID,11174,125.55,0.348,-0.0491,0.99857,-11543.6,-129.7,0.757,-13262.6,1.498,-0.033,-0.236,47.3,0.431,54.08
MOM_OFF,SQUEEZE_EXP,SHORT,ALL,ALL,TEST,11807,128.34,0.314,-0.0993,1.0,-23250.9,-252.73,0.569,-23384.5,1.442,-0.069,-0.245,45.0,0.448,57.51
MOM_OFF,SQUEEZE_EXP,SHORT,ALL,ALL,HOLDOUT,7740,129.0,0.305,-0.1024,1.0,-15301.8,-255.03,0.582,-15708.5,1.576,-0.065,-0.233,44.1,0.504,65.02
FIXED,SQUEEZE_EXP,LONG,ALL,ALL,TRAIN,20698,112.49,0.423,-0.0788,0.98491,-33916.8,-184.33,0.907,-50097.1,1.739,-0.045,-0.801,643.2,0.074,8.31
FIXED,SQUEEZE_EXP,LONG,ALL,ALL,VALID,11252,126.43,0.404,-0.1148,0.99647,-24461.1,-274.84,0.875,-25458.5,1.79,-0.064,-0.819,650.6,0.064,8.13
FIXED,SQUEEZE_EXP,LONG,ALL,ALL,TEST,12001,130.45,0.431,-0.0799,0.97062,-4089.3,-44.45,0.978,-12594.8,1.708,-0.047,-0.802,660.6,0.067,8.77
FIXED,SQUEEZE_EXP,LONG,ALL,ALL,HOLDOUT,7798,129.97,0.461,-0.0156,0.64158,7429.1,123.82,1.058,-11549.1,2.157,-0.007,-0.812,638.8,0.066,8.53
TRAIL_A0.5_D0.5,SQUEEZE_EXP,LONG,ALL,ALL,TRAIN,20698,112.49,0.549,-0.0882,0.9998,-39433.9,-214.31,0.83,-45766.7,1.739,-0.051,-0.595,325.2,0.129,14.47
TRAIL_A0.5_D0.5,SQUEEZE_EXP,LONG,ALL,ALL,VALID,11252,126.43,0.509,-0.1627,1.0,-41403.0,-465.2,0.686,-41944.9,1.79,-0.091,-0.616,334.7,0.121,15.33
TRAIL_A0.5_D0.5,SQUEEZE_EXP,LONG,ALL,ALL,TEST,12001,130.45,0.542,-0.1053,0.99986,-11867.8,-129.0,0.9,-12583.6,1.708,-0.062,-0.587,336.9,0.117,15.23
TRAIL_A0.5_D0.5,SQUEEZE_EXP,LONG,ALL,ALL,HOLDOUT,7798,129.97,0.527,-0.1107,0.99996,-7479.2,-124.65,0.913,-11501.2,2.157,-0.051,-0.608,335.5,0.123,16.05
TRAIL_A0.5_D1,SQUEEZE_EXP,LONG,ALL,ALL,TRAIN,20698,112.49,0.386,-0.0795,0.99581,-35225.9,-191.45,0.877,-41726.3,1.739,-0.046,-0.64,468.0,0.099,11.09
TRAIL_A0.5_D1,SQUEEZE_EXP,LONG,ALL,ALL,VALID,11252,126.43,0.344,-0.1555,1.0,-37940.3,-426.3,0.764,-38577.6,1.79,-0.087,-0.663,464.5,0.09,11.37
TRAIL_A0.5_D1,SQUEEZE_EXP,LONG,ALL,ALL,TEST,12001,130.45,0.381,-0.0997,0.99796,-10161.2,-110.45,0.932,-11954.9,1.708,-0.058,-0.631,472.4,0.092,11.97
TRAIL_A0.5_D1,SQUEEZE_EXP,LONG,ALL,ALL,HOLDOUT,7798,129.97,0.393,-0.0725,0.97777,-2148.0,-35.8,0.979,-10256.8,2.157,-0.034,-0.658,460.6,0.092,11.9
TRAIL_A1_D0.5,SQUEEZE_EXP,LONG,ALL,ALL,TRAIN,20698,112.49,0.501,-0.0846,0.99641,-35496.7,-192.92,0.89,-44105.6,1.739,-0.049,-0.739,514.6,0.09,10.1
TRAIL_A1_D0.5,SQUEEZE_EXP,LONG,ALL,ALL,VALID,11252,126.43,0.47,-0.1476,0.99998,-34144.8,-383.65,0.808,-34892.0,1.79,-0.082,-0.765,530.0,0.078,9.9
TRAIL_A1_D0.5,SQUEEZE_EXP,LONG,ALL,ALL,TEST,12001,130.45,0.506,-0.0981,0.99653,-8128.5,-88.35,0.952,-12939.7,1.708,-0.057,-0.737,524.9,0.078,10.16
TRAIL_A1_D0.5,SQUEEZE_EXP,LONG,ALL,ALL,HOLDOUT,7798,129.97,0.524,-0.0646,0.96075,-580.5,-9.67,0.995,-11642.8,2.157,-0.03,-0.749,517.3,0.081,10.55
TRAIL_A1_D1,SQUEEZE_EXP,LONG,ALL,ALL,TRAIN,20698,112.49,0.459,-0.0803,0.99215,-35661.8,-193.81,0.89,-44974.8,1.739,-0.046,-0.741,565.8,0.084,9.43
TRAIL_A1_D1,SQUEEZE_EXP,LONG,ALL,ALL,VALID,11252,126.43,0.427,-0.1353,0.99973,-30238.3,-339.76,0.831,-30909.9,1.79,-0.076,-0.767,573.4,0.073,9.17
TRAIL_A1_D1,SQUEEZE_EXP,LONG,ALL,ALL,TEST,12001,130.45,0.46,-0.0933,0.99241,-7127.1,-77.47,0.958,-12319.3,1.708,-0.055,-0.738,574.8,0.074,9.72
TRAIL_A1_D1,SQUEEZE_EXP,LONG,ALL,ALL,HOLDOUT,7798,129.97,0.475,-0.0462,0.88093,2830.7,47.18,1.024,-11265.2,2.157,-0.021,-0.753,560.3,0.075,9.68
BE0.5_TRAIL,SQUEEZE_EXP,LONG,ALL,ALL,TRAIN,20698,112.49,0.337,-0.0901,0.99966,-37183.2,-202.08,0.845,-41741.5,1.739,-0.052,-0.599,396.2,0.112,12.54
BE0.5_TRAIL,SQUEEZE_EXP,LONG,ALL,ALL,VALID,11252,126.43,0.299,-0.1606,1.0,-39211.2,-440.58,0.711,-39891.9,1.79,-0.09,-0.619,389.1,0.107,13.56
BE0.5_TRAIL,SQUEEZE_EXP,LONG,ALL,ALL,TEST,12001,130.45,0.334,-0.1175,0.99988,-14913.6,-162.1,0.879,-15394.3,1.708,-0.069,-0.59,399.2,0.101,13.21
BE0.5_TRAIL,SQUEEZE_EXP,LONG,ALL,ALL,HOLDOUT,7798,129.97,0.334,-0.0864,0.99425,-3392.0,-56.53,0.962,-9210.1,2.157,-0.04,-0.615,389.2,0.105,13.7
BE1_TRAIL,SQUEEZE_EXP,LONG,ALL,ALL,TRAIN,20698,112.49,0.359,-0.0969,0.99774,-38513.6,-209.31,0.883,-47819.7,1.739,-0.056,-0.743,615.1,0.077,8.61
BE1_TRAIL,SQUEEZE_EXP,LONG,ALL,ALL,VALID,11252,126.43,0.339,-0.1352,0.99948,-27010.6,-303.49,0.85,-29442.0,1.79,-0.076,-0.769,619.5,0.067,8.49
BE1_TRAIL,SQUEEZE_EXP,LONG,ALL,ALL,TEST,12001,130.45,0.363,-0.1204,0.99873,-13999.1,-152.16,0.918,-15654.7,1.708,-0.07,-0.741,623.9,0.07,9.11
BE1_TRAIL,SQUEEZE_EXP,LONG,ALL,ALL,HOLDOUT,7798,129.97,0.386,-0.0292,0.7371,7333.8,122.23,1.063,-10228.9,2.157,-0.014,-0.756,604.5,0.069,8.95
ATR_TRAIL2,SQUEEZE_EXP,LONG,ALL,ALL,TRAIN,20698,112.49,0.303,-0.1113,1.0,-43455.2,-236.17,0.734,-44404.8,1.739,-0.064,-0.329,114.7,0.296,33.27
ATR_TRAIL2,SQUEEZE_EXP,LONG,ALL,ALL,VALID,11252,126.43,0.278,-0.1448,1.0,-35355.7,-397.26,0.589,-35505.9,1.79,-0.081,-0.326,106.9,0.294,37.16
ATR_TRAIL2,SQUEEZE_EXP,LONG,ALL,ALL,TEST,12001,130.45,0.316,-0.1266,1.0,-17882.7,-194.38,0.781,-17917.6,1.708,-0.074,-0.318,120.8,0.29,37.87
ATR_TRAIL2,SQUEEZE_EXP,LONG,ALL,ALL,HOLDOUT,7798,129.97,0.289,-0.139,1.0,-14279.9,-238.0,0.764,-14289.6,2.157,-0.064,-0.327,112.8,0.304,39.55
ATR_TRAIL3,SQUEEZE_EXP,LONG,ALL,ALL,TRAIN,20698,112.49,0.332,-0.0965,0.99995,-39656.8,-215.53,0.814,-41460.0,1.739,-0.055,-0.452,242.0,0.18,20.21
ATR_TRAIL3,SQUEEZE_EXP,LONG,ALL,ALL,VALID,11252,126.43,0.289,-0.1623,1.0,-41073.1,-461.5,0.647,-41506.3,1.79,-0.091,-0.454,228.3,0.171,21.62
ATR_TRAIL3,SQUEEZE_EXP,LONG,ALL,ALL,TEST,12001,130.45,0.325,-0.1368,1.0,-20431.9,-222.09,0.809,-20483.8,1.708,-0.08,-0.437,242.1,0.17,22.22
ATR_TRAIL3,SQUEEZE_EXP,LONG,ALL,ALL,HOLDOUT,7798,129.97,0.306,-0.1247,0.99997,-12293.7,-204.9,0.847,-12293.7,2.157,-0.058,-0.459,231.3,0.171,22.17
ATR_TRAIL4,SQUEEZE_EXP,LONG,ALL,ALL,TRAIN,20698,112.49,0.341,-0.0955,0.99879,-44950.8,-244.3,0.827,-48085.5,1.739,-0.055,-0.563,388.5,0.117,13.21
ATR_TRAIL4,SQUEEZE_EXP,LONG,ALL,ALL,VALID,11252,126.43,0.293,-0.1296,0.99986,-32160.5,-361.35,0.772,-32686.1,1.79,-0.072,-0.564,382.4,0.109,13.82
ATR_TRAIL4,SQUEEZE_EXP,LONG,ALL,ALL,TEST,12001,130.45,0.335,-0.1362,0.99992,-20302.2,-220.68,0.843,-20468.8,1.708,-0.08,-0.538,392.7,0.109,14.23
ATR_TRAIL4,SQUEEZE_EXP,LONG,ALL,ALL,HOLDOUT,7798,129.97,0.328,-0.0634,0.91656,620.7,10.34,1.007,-10102.4,2.157,-0.029,-0.573,383.2,0.108,14.1
MFE_LOCK0.3,SQUEEZE_EXP,LONG,ALL,ALL,TRAIN,20698,112.49,0.5,-0.0847,0.99663,-29160.0,-158.48,0.91,-38176.1,1.739,-0.049,-0.739,512.6,0.09,10.08
MFE_LOCK0.3,SQUEEZE_EXP,LONG,ALL,ALL,VALID,11252,126.43,0.47,-0.1463,0.99998,-32292.0,-362.83,0.818,-33061.2,1.79,-0.082,-0.766,527.7,0.079,9.93
MFE_LOCK0.3,SQUEEZE_EXP,LONG,ALL,ALL,TEST,12001,130.45,0.505,-0.106,0.99839,-7862.0,-85.46,0.953,-13777.3,1.708,-0.062,-0.737,522.0,0.079,10.36
MFE_LOCK0.3,SQUEEZE_EXP,LONG,ALL,ALL,HOLDOUT,7798,129.97,0.522,-0.0522,0.91131,4261.0,71.02,1.037,-9505.3,2.157,-0.024,-0.749,515.3,0.08,10.35
MFE_LOCK0.5,SQUEEZE_EXP,LONG,ALL,ALL,TRAIN,20698,112.49,0.5,-0.0945,0.99814,-40885.2,-222.2,0.874,-50016.7,1.739,-0.054,-0.739,577.8,0.08,9.05
MFE_LOCK0.5,SQUEEZE_EXP,LONG,ALL,ALL,VALID,11252,126.43,0.469,-0.1506,0.99996,-33221.7,-373.28,0.813,-33806.7,1.79,-0.084,-0.767,582.2,0.071,9.0
MFE_LOCK0.5,SQUEEZE_EXP,LONG,ALL,ALL,TEST,12001,130.45,0.504,-0.1374,0.99987,-18236.0,-198.22,0.892,-19744.9,1.708,-0.08,-0.738,583.2,0.073,9.53
MFE_LOCK0.5,SQUEEZE_EXP,LONG,ALL,ALL,HOLDOUT,7798,129.97,0.519,-0.0225,0.65378,8752.7,145.88,1.076,-9580.5,2.157,-0.01,-0.753,578.1,0.073,9.52
NOTP_TRAIL0.5,SQUEEZE_EXP,LONG,ALL,ALL,TRAIN,20698,112.49,0.307,-0.1149,1.0,-47162.7,-256.32,0.705,-48176.7,1.739,-0.066,-0.321,119.8,0.287,32.27
NOTP_TRAIL0.5,SQUEEZE_EXP,LONG,ALL,ALL,VALID,11252,126.43,0.288,-0.1375,1.0,-33683.7,-378.47,0.603,-33879.0,1.79,-0.077,-0.32,108.4,0.29,36.64
NOTP_TRAIL0.5,SQUEEZE_EXP,LONG,ALL,ALL,TEST,12001,130.45,0.317,-0.1244,1.0,-17447.3,-189.64,0.787,-17477.2,1.708,-0.073,-0.312,126.0,0.284,37.05
NOTP_TRAIL0.5,SQUEEZE_EXP,LONG,ALL,ALL,HOLDOUT,7798,129.97,0.285,-0.1441,1.0,-16229.2,-270.49,0.726,-16229.4,2.157,-0.067,-0.319,117.5,0.293,38.13
NOTP_TRAIL1,SQUEEZE_EXP,LONG,ALL,ALL,TRAIN,20698,112.49,0.355,-0.0873,0.9984,-34402.5,-186.97,0.872,-41879.3,1.739,-0.05,-0.574,455.2,0.101,11.38
NOTP_TRAIL1,SQUEEZE_EXP,LONG,ALL,ALL,VALID,11252,126.43,0.308,-0.1592,1.0,-36656.7,-411.87,0.756,-37329.5,1.79,-0.089,-0.589,433.1,0.094,11.84
NOTP_TRAIL1,SQUEEZE_EXP,LONG,ALL,ALL,TEST,12001,130.45,0.351,-0.1292,0.99991,-17075.3,-185.6,0.878,-17987.0,1.708,-0.076,-0.564,458.1,0.095,12.4
NOTP_TRAIL1,SQUEEZE_EXP,LONG,ALL,ALL,HOLDOUT,7798,129.97,0.356,-0.0796,0.98013,87.3,1.45,1.001,-9064.8,2.157,-0.037,-0.59,432.8,0.098,12.78
NOTP_TRAIL1.5,SQUEEZE_EXP,LONG,ALL,ALL,TRAIN,20698,112.49,0.356,-0.1002,0.99638,-40903.3,-222.3,0.88,-52863.7,1.739,-0.058,-0.733,699.9,0.067,7.54
NOTP_TRAIL1.5,SQUEEZE_EXP,LONG,ALL,ALL,VALID,11252,126.43,0.339,-0.1164,0.99204,-23550.0,-264.61,0.874,-27724.3,1.79,-0.065,-0.756,706.0,0.062,7.82
NOTP_TRAIL1.5,SQUEEZE_EXP,LONG,ALL,ALL,TEST,12001,130.45,0.358,-0.1424,0.99961,-21127.3,-229.64,0.881,-22149.6,1.708,-0.083,-0.731,722.2,0.064,8.41
NOTP_TRAIL1.5,SQUEEZE_EXP,LONG,ALL,ALL,HOLDOUT,7798,129.97,0.386,0.0096,0.43254,15319.9,255.33,1.125,-11106.2,2.157,0.004,-0.752,698.3,0.06,7.85
TIME15m,SQUEEZE_EXP,LONG,ALL,ALL,TRAIN,20698,112.49,0.383,-0.0528,1.0,-22462.6,-122.08,0.694,-22602.5,1.739,-0.03,-0.192,15.0,0.558,62.76
TIME15m,SQUEEZE_EXP,LONG,ALL,ALL,VALID,11252,126.43,0.37,-0.0516,1.0,-11929.1,-134.03,0.685,-12092.5,1.79,-0.029,-0.183,14.9,0.604,76.38
TIME15m,SQUEEZE_EXP,LONG,ALL,ALL,TEST,12001,130.45,0.371,-0.0585,1.0,-9522.7,-103.51,0.732,-9679.9,1.708,-0.034,-0.174,15.0,0.633,82.53
TIME15m,SQUEEZE_EXP,LONG,ALL,ALL,HOLDOUT,7798,129.97,0.383,-0.06,1.0,-6553.8,-109.23,0.745,-6650.1,2.157,-0.028,-0.175,14.9,0.746,96.92
TIME30m,SQUEEZE_EXP,LONG,ALL,ALL,TRAIN,20698,112.49,0.409,-0.0527,1.0,-19938.0,-108.36,0.786,-21091.0,1.739,-0.03,-0.265,29.7,0.472,53.04
TIME30m,SQUEEZE_EXP,LONG,ALL,ALL,VALID,11252,126.43,0.395,-0.0518,0.99999,-12151.8,-136.54,0.753,-12351.2,1.79,-0.029,-0.252,29.7,0.507,64.08
TIME30m,SQUEEZE_EXP,LONG,ALL,ALL,TEST,12001,130.45,0.421,-0.051,1.0,-6214.0,-67.54,0.861,-6656.2,1.708,-0.03,-0.238,29.8,0.525,68.42
TIME30m,SQUEEZE_EXP,LONG,ALL,ALL,HOLDOUT,7798,129.97,0.408,-0.0653,1.0,-7449.0,-124.15,0.783,-7456.7,2.157,-0.03,-0.246,29.6,0.616,80.0
TIME1h,SQUEEZE_EXP,LONG,ALL,ALL,TRAIN,20698,112.49,0.43,-0.0537,0.99971,-21062.0,-114.47,0.832,-24972.2,1.739,-0.031,-0.358,58.3,0.381,42.84
TIME1h,SQUEEZE_EXP,LONG,ALL,ALL,VALID,11252,126.43,0.397,-0.0694,0.99996,-15808.4,-177.62,0.759,-16261.5,1.79,-0.039,-0.347,58.5,0.399,50.46
TIME1h,SQUEEZE_EXP,LONG,ALL,ALL,TEST,12001,130.45,0.434,-0.0465,0.99769,-1924.9,-20.92,0.967,-5574.9,1.708,-0.027,-0.324,58.7,0.406,52.95
TIME1h,SQUEEZE_EXP,LONG,ALL,ALL,HOLDOUT,7798,129.97,0.426,-0.0646,1.0,-6725.1,-112.09,0.85,-6850.0,2.157,-0.03,-0.337,58.2,0.457,59.45
TIME2h,SQUEEZE_EXP,LONG,ALL,ALL,TRAIN,20698,112.49,0.462,-0.0474,0.98262,-13805.1,-75.03,0.915,-21961.5,1.739,-0.027,-0.463,111.3,0.273,30.73
TIME2h,SQUEEZE_EXP,LONG,ALL,ALL,VALID,11252,126.43,0.412,-0.0834,0.99964,-18837.3,-211.66,0.784,-20334.3,1.79,-0.047,-0.453,112.3,0.275,34.82
TIME2h,SQUEEZE_EXP,LONG,ALL,ALL,TEST,12001,130.45,0.465,-0.0461,0.97832,63.1,0.69,1.001,-7178.0,1.708,-0.027,-0.431,112.8,0.278,36.33
TIME2h,SQUEEZE_EXP,LONG,ALL,ALL,HOLDOUT,7798,129.97,0.432,-0.0819,0.99976,-8921.1,-148.69,0.853,-9343.5,2.157,-0.038,-0.465,110.9,0.3,38.97
TIME4h,SQUEEZE_EXP,LONG,ALL,ALL,TRAIN,20698,112.49,0.465,-0.045,0.94668,-14989.3,-81.46,0.929,-22850.7,1.739,-0.026,-0.568,201.4,0.19,21.41
TIME4h,SQUEEZE_EXP,LONG,ALL,ALL,VALID,11252,126.43,0.429,-0.0829,0.99771,-19819.8,-222.69,0.821,-20236.6,1.79,-0.046,-0.567,206.3,0.184,23.3
TIME4h,SQUEEZE_EXP,LONG,ALL,ALL,TEST,12001,130.45,0.471,-0.0319,0.8591,6419.3,69.77,1.064,-7394.0,1.708,-0.019,-0.534,207.9,0.181,23.67
TIME4h,SQUEEZE_EXP,LONG,ALL,ALL,HOLDOUT,7798,129.97,0.448,-0.0644,0.98683,-5254.3,-87.57,0.931,-8541.3,2.157,-0.03,-0.571,202.5,0.189,24.57
SIG_OFF,SQUEEZE_EXP,LONG,ALL,ALL,TRAIN,20698,112.49,0.351,-0.0554,1.0,-22272.6,-121.05,0.737,-22429.2,1.739,-0.032,-0.212,22.0,0.508,57.11
SIG_OFF,SQUEEZE_EXP,LONG,ALL,ALL,VALID,11252,126.43,0.339,-0.0545,1.0,-12246.3,-137.6,0.717,-12246.3,1.79,-0.03,-0.202,21.8,0.55,69.54
SIG_OFF,SQUEEZE_EXP,LONG,ALL,ALL,TEST,12001,130.45,0.352,-0.053,1.0,-8721.5,-94.8,0.784,-8976.8,1.708,-0.031,-0.191,22.2,0.575,75.01
SIG_OFF,SQUEEZE_EXP,LONG,ALL,ALL,HOLDOUT,7798,129.97,0.358,-0.0535,1.0,-4068.2,-67.8,0.862,-4230.3,2.157,-0.025,-0.194,22.2,0.669,86.97
MOM_OFF,SQUEEZE_EXP,LONG,ALL,ALL,TRAIN,20698,112.49,0.317,-0.0541,0.99996,-22643.6,-123.06,0.785,-22887.0,1.739,-0.031,-0.256,44.7,0.424,47.72
MOM_OFF,SQUEEZE_EXP,LONG,ALL,ALL,VALID,11252,126.43,0.299,-0.0634,0.99999,-14843.6,-166.78,0.729,-15116.7,1.79,-0.035,-0.248,44.1,0.442,55.93
MOM_OFF,SQUEEZE_EXP,LONG,ALL,ALL,TEST,12001,130.45,0.317,-0.0606,1.0,-10305.2,-112.01,0.797,-10820.9,1.708,-0.035,-0.235,45.1,0.451,58.82
MOM_OFF,SQUEEZE_EXP,LONG,ALL,ALL,HOLDOUT,7798,129.97,0.317,-0.0463,0.99916,-2182.4,-36.37,0.942,-2996.0,2.157,-0.021,-0.244,45.8,0.516,67.1
FIXED,CAPITULATION_REV,LONG,ALL,ALL,TRAIN,2305,12.53,0.389,-0.2378,0.99753,-15730.1,-85.49,0.713,-21683.3,1.013,-0.235,-0.954,749.2,0.275,3.45
FIXED,CAPITULATION_REV,LONG,ALL,ALL,VALID,1006,11.3,0.523,0.1763,0.1921,12580.1,141.35,1.5,-8244.9,1.544,0.114,-0.678,780.2,0.335,3.79
FIXED,CAPITULATION_REV,LONG,ALL,ALL,TEST,1079,11.73,0.411,-0.1678,0.96108,-6791.3,-73.82,0.741,-11020.9,1.113,-0.151,-0.796,904.3,0.317,3.72
FIXED,CAPITULATION_REV,LONG,ALL,ALL,HOLDOUT,692,11.53,0.539,0.1368,0.10898,1843.5,30.72,1.138,-3145.6,1.268,0.108,-0.651,997.2,0.319,3.68
TRAIL_A0.5_D0.5,CAPITULATION_REV,LONG,ALL,ALL,TRAIN,2305,12.53,0.471,-0.2328,0.99913,-16530.5,-89.84,0.622,-21003.8,1.013,-0.23,-0.82,488.4,0.319,4.0
TRAIL_A0.5_D0.5,CAPITULATION_REV,LONG,ALL,ALL,VALID,1006,11.3,0.576,0.0435,0.39273,6001.7,67.43,1.305,-7207.9,1.544,0.028,-0.533,459.7,0.384,4.34
TRAIL_A0.5_D0.5,CAPITULATION_REV,LONG,ALL,ALL,TEST,1079,11.73,0.573,-0.0612,0.83806,-1531.9,-16.65,0.904,-4315.9,1.113,-0.055,-0.552,458.1,0.364,4.27
TRAIL_A0.5_D0.5,CAPITULATION_REV,LONG,ALL,ALL,HOLDOUT,692,11.53,0.59,0.0184,0.38673,-547.1,-9.12,0.948,-2961.0,1.268,0.015,-0.518,662.3,0.377,4.35
TRAIL_A0.5_D1,CAPITULATION_REV,LONG,ALL,ALL,TRAIN,2305,12.53,0.355,-0.2252,0.99781,-15821.7,-85.99,0.675,-21587.8,1.013,-0.222,-0.847,631.8,0.295,3.7
TRAIL_A0.5_D1,CAPITULATION_REV,LONG,ALL,ALL,VALID,1006,11.3,0.481,0.1439,0.21693,12072.4,135.64,1.54,-7700.5,1.544,0.093,-0.565,648.9,0.363,4.1
TRAIL_A0.5_D1,CAPITULATION_REV,LONG,ALL,ALL,TEST,1079,11.73,0.337,-0.1515,0.99243,-4880.0,-53.04,0.771,-8491.8,1.113,-0.136,-0.61,647.4,0.34,3.99
TRAIL_A0.5_D1,CAPITULATION_REV,LONG,ALL,ALL,HOLDOUT,692,11.53,0.477,0.096,0.15782,670.6,11.18,1.054,-2851.4,1.268,0.076,-0.56,876.9,0.353,4.07
TRAIL_A1_D0.5,CAPITULATION_REV,LONG,ALL,ALL,TRAIN,2305,12.53,0.427,-0.2382,0.99856,-15596.5,-84.76,0.699,-20567.1,1.013,-0.235,-0.92,664.0,0.287,3.6
TRAIL_A1_D0.5,CAPITULATION_REV,LONG,ALL,ALL,VALID,1006,11.3,0.581,0.1623,0.18986,11664.6,131.06,1.499,-7759.6,1.544,0.105,-0.628,665.0,0.356,4.02
TRAIL_A1_D0.5,CAPITULATION_REV,LONG,ALL,ALL,TEST,1079,11.73,0.475,-0.1351,0.93414,-5792.9,-62.97,0.761,-9138.1,1.113,-0.121,-0.747,780.7,0.329,3.86
TRAIL_A1_D0.5,CAPITULATION_REV,LONG,ALL,ALL,HOLDOUT,692,11.53,0.577,0.1004,0.15123,1227.1,20.45,1.096,-2971.6,1.268,0.079,-0.618,889.8,0.337,3.88
TRAIL_A1_D1,CAPITULATION_REV,LONG,ALL,ALL,TRAIN,2305,12.53,0.412,-0.2331,0.99774,-15381.7,-83.6,0.703,-20712.6,1.013,-0.23,-0.921,710.7,0.281,3.52
TRAIL_A1_D1,CAPITULATION_REV,LONG,ALL,ALL,VALID,1006,11.3,0.55,0.1937,0.16043,13561.5,152.38,1.579,-7886.5,1.544,0.125,-0.629,721.6,0.349,3.94
TRAIL_A1_D1,CAPITULATION_REV,LONG,ALL,ALL,TEST,1079,11.73,0.443,-0.1583,0.96012,-5959.5,-64.78,0.754,-10019.3,1.113,-0.142,-0.749,823.3,0.326,3.83
TRAIL_A1_D1,CAPITULATION_REV,LONG,ALL,ALL,HOLDOUT,692,11.53,0.538,0.1209,0.12589,1561.6,26.03,1.121,-2974.1,1.268,0.095,-0.618,953.7,0.332,3.83
BE0.5_TRAIL,CAPITULATION_REV,LONG,ALL,ALL,TRAIN,2305,12.53,0.308,-0.2296,0.99873,-16597.2,-90.2,0.625,-22111.9,1.013,-0.227,-0.822,574.9,0.308,3.85
BE0.5_TRAIL,CAPITULATION_REV,LONG,ALL,ALL,VALID,1006,11.3,0.404,0.0972,0.29586,10252.1,115.19,1.514,-7594.0,1.544,0.063,-0.535,613.7,0.376,4.25
BE0.5_TRAIL,CAPITULATION_REV,LONG,ALL,ALL,TEST,1079,11.73,0.287,-0.1176,0.98613,-2462.2,-26.76,0.851,-6367.6,1.113,-0.106,-0.555,533.7,0.355,4.16
BE0.5_TRAIL,CAPITULATION_REV,LONG,ALL,ALL,HOLDOUT,692,11.53,0.392,0.0469,0.25917,84.5,1.41,1.008,-2689.3,1.268,0.037,-0.521,768.1,0.363,4.18
BE1_TRAIL,CAPITULATION_REV,LONG,ALL,ALL,TRAIN,2305,12.53,0.356,-0.2476,0.99866,-16419.2,-89.23,0.685,-22190.3,1.013,-0.244,-0.921,750.5,0.277,3.47
BE1_TRAIL,CAPITULATION_REV,LONG,ALL,ALL,VALID,1006,11.3,0.481,0.2137,0.1476,14233.3,159.92,1.605,-8319.9,1.544,0.138,-0.629,836.4,0.346,3.91
BE1_TRAIL,CAPITULATION_REV,LONG,ALL,ALL,TEST,1079,11.73,0.361,-0.1867,0.98177,-6665.1,-72.45,0.727,-10952.9,1.113,-0.168,-0.75,864.8,0.318,3.73
BE1_TRAIL,CAPITULATION_REV,LONG,ALL,ALL,HOLDOUT,692,11.53,0.5,0.1295,0.1201,1938.8,32.31,1.15,-3010.6,1.268,0.102,-0.619,1009.7,0.325,3.75
ATR_TRAIL2,CAPITULATION_REV,LONG,ALL,ALL,TRAIN,2305,12.53,0.234,-0.2176,1.0,-16518.9,-89.78,0.504,-17124.7,1.013,-0.215,-0.495,127.2,0.385,4.83
ATR_TRAIL2,CAPITULATION_REV,LONG,ALL,ALL,VALID,1006,11.3,0.373,0.0134,0.43664,3256.1,36.59,1.279,-2712.5,1.544,0.009,-0.29,168.5,0.427,4.83
ATR_TRAIL2,CAPITULATION_REV,LONG,ALL,ALL,TEST,1079,11.73,0.396,-0.0631,0.94103,-1671.7,-18.17,0.837,-2526.4,1.113,-0.057,-0.318,165.9,0.443,5.2
ATR_TRAIL2,CAPITULATION_REV,LONG,ALL,ALL,HOLDOUT,692,11.53,0.322,-0.0878,0.99949,-1650.8,-27.51,0.76,-1897.7,1.268,-0.069,-0.306,173.9,0.465,5.37
ATR_TRAIL3,CAPITULATION_REV,LONG,ALL,ALL,TRAIN,2305,12.53,0.265,-0.2572,1.0,-18877.0,-102.59,0.537,-19828.7,1.013,-0.254,-0.623,249.6,0.354,4.44
ATR_TRAIL3,CAPITULATION_REV,LONG,ALL,ALL,VALID,1006,11.3,0.43,0.0307,0.40173,2572.3,28.9,1.159,-4685.0,1.544,0.02,-0.394,306.4,0.412,4.65
ATR_TRAIL3,CAPITULATION_REV,LONG,ALL,ALL,TEST,1079,11.73,0.416,-0.0687,0.93022,-1027.6,-11.17,0.915,-2945.8,1.113,-0.062,-0.396,300.2,0.414,4.86
ATR_TRAIL3,CAPITULATION_REV,LONG,ALL,ALL,HOLDOUT,692,11.53,0.39,0.0162,0.38869,-526.8,-8.78,0.935,-1705.4,1.268,0.013,-0.378,345.4,0.428,4.93
ATR_TRAIL4,CAPITULATION_REV,LONG,ALL,ALL,TRAIN,2305,12.53,0.285,-0.2695,0.99998,-19490.4,-105.93,0.57,-21795.3,1.013,-0.266,-0.736,388.0,0.324,4.05
ATR_TRAIL4,CAPITULATION_REV,LONG,ALL,ALL,VALID,1006,11.3,0.452,0.0756,0.30524,4851.6,54.51,1.253,-6419.0,1.544,0.049,-0.482,480.8,0.384,4.34
ATR_TRAIL4,CAPITULATION_REV,LONG,ALL,ALL,TEST,1079,11.73,0.376,-0.1075,0.98103,-2047.3,-22.25,0.858,-4091.1,1.113,-0.097,-0.467,423.9,0.386,4.52
ATR_TRAIL4,CAPITULATION_REV,LONG,ALL,ALL,HOLDOUT,692,11.53,0.412,0.0215,0.3689,-574.7,-9.58,0.938,-1976.9,1.268,0.017,-0.428,489.2,0.393,4.53
MFE_LOCK0.3,CAPITULATION_REV,LONG,ALL,ALL,TRAIN,2305,12.53,0.426,-0.2466,0.99922,-15475.9,-84.11,0.701,-20319.5,1.013,-0.243,-0.92,654.0,0.288,3.6
MFE_LOCK0.3,CAPITULATION_REV,LONG,ALL,ALL,VALID,1006,11.3,0.583,0.1192,0.23829,7869.0,88.42,1.336,-7930.7,1.544,0.077,-0.628,663.5,0.361,4.08
MFE_LOCK0.3,CAPITULATION_REV,LONG,ALL,ALL,TEST,1079,11.73,0.475,-0.1521,0.95559,-6182.3,-67.2,0.745,-9207.9,1.113,-0.137,-0.748,772.7,0.329,3.86
MFE_LOCK0.3,CAPITULATION_REV,LONG,ALL,ALL,HOLDOUT,692,11.53,0.577,0.1011,0.15631,1334.2,22.24,1.104,-3019.2,1.268,0.08,-0.618,887.7,0.332,3.83
MFE_LOCK0.5,CAPITULATION_REV,LONG,ALL,ALL,TRAIN,2305,12.53,0.427,-0.2463,0.99893,-15723.7,-85.45,0.696,-21813.1,1.013,-0.243,-0.92,713.7,0.284,3.55
MFE_LOCK0.5,CAPITULATION_REV,LONG,ALL,ALL,VALID,1006,11.3,0.581,0.181,0.18103,12580.3,141.35,1.538,-7968.2,1.544,0.117,-0.628,792.7,0.351,3.97
MFE_LOCK0.5,CAPITULATION_REV,LONG,ALL,ALL,TEST,1079,11.73,0.475,-0.1709,0.97449,-6179.4,-67.17,0.745,-9168.6,1.113,-0.154,-0.748,830.2,0.32,3.75
MFE_LOCK0.5,CAPITULATION_REV,LONG,ALL,ALL,HOLDOUT,692,11.53,0.577,0.1114,0.13961,1819.8,30.33,1.142,-2951.8,1.268,0.088,-0.618,971.4,0.327,3.77
NOTP_TRAIL0.5,CAPITULATION_REV,LONG,ALL,ALL,TRAIN,2305,12.53,0.223,-0.2135,1.0,-16422.0,-89.25,0.487,-18008.9,1.013,-0.211,-0.47,151.3,0.39,4.89
NOTP_TRAIL0.5,CAPITULATION_REV,LONG,ALL,ALL,VALID,1006,11.3,0.353,0.033,0.39828,8874.8,99.72,1.76,-3246.7,1.544,0.021,-0.279,238.7,0.428,4.84
NOTP_TRAIL0.5,CAPITULATION_REV,LONG,ALL,ALL,TEST,1079,11.73,0.349,-0.0618,0.91701,-1860.4,-20.22,0.823,-2848.4,1.113,-0.056,-0.307,188.2,0.449,5.27
NOTP_TRAIL0.5,CAPITULATION_REV,LONG,ALL,ALL,HOLDOUT,692,11.53,0.324,-0.0777,0.98976,-2435.0,-40.58,0.69,-3324.1,1.268,-0.061,-0.307,274.3,0.46,5.3
NOTP_TRAIL1,CAPITULATION_REV,LONG,ALL,ALL,TRAIN,2305,12.53,0.324,-0.2396,0.99964,-17356.1,-94.33,0.635,-22872.8,1.013,-0.237,-0.762,587.3,0.3,3.76
NOTP_TRAIL1,CAPITULATION_REV,LONG,ALL,ALL,VALID,1006,11.3,0.445,0.1325,0.22748,11553.5,129.81,1.555,-6443.1,1.544,0.086,-0.497,693.8,0.364,4.11
NOTP_TRAIL1,CAPITULATION_REV,LONG,ALL,ALL,TEST,1079,11.73,0.306,-0.1745,0.99951,-4501.5,-48.93,0.774,-8143.7,1.113,-0.157,-0.538,613.5,0.353,4.14
NOTP_TRAIL1,CAPITULATION_REV,LONG,ALL,ALL,HOLDOUT,692,11.53,0.442,0.0783,0.20473,734.2,12.24,1.059,-2811.0,1.268,0.062,-0.515,881.5,0.357,4.12
NOTP_TRAIL1.5,CAPITULATION_REV,LONG,ALL,ALL,TRAIN,2305,12.53,0.349,-0.2632,0.99942,-18110.6,-98.43,0.66,-23886.4,1.013,-0.26,-0.912,788.9,0.275,3.44
NOTP_TRAIL1.5,CAPITULATION_REV,LONG,ALL,ALL,VALID,1006,11.3,0.482,0.2136,0.15817,13921.4,156.42,1.578,-8411.9,1.544,0.138,-0.629,935.1,0.327,3.7
NOTP_TRAIL1.5,CAPITULATION_REV,LONG,ALL,ALL,TEST,1079,11.73,0.361,-0.2226,0.99264,-8039.9,-87.39,0.685,-11506.3,1.113,-0.2,-0.737,911.6,0.312,3.66
NOTP_TRAIL1.5,CAPITULATION_REV,LONG,ALL,ALL,HOLDOUT,692,11.53,0.503,0.1411,0.11347,1928.5,32.14,1.144,-2999.1,1.268,0.111,-0.622,1094.0,0.312,3.6
TIME15m,CAPITULATION_REV,LONG,ALL,ALL,TRAIN,2305,12.53,0.332,-0.1532,0.99999,-11462.9,-62.3,0.429,-11502.7,1.013,-0.151,-0.362,14.6,0.448,5.61
TIME15m,CAPITULATION_REV,LONG,ALL,ALL,VALID,1006,11.3,0.473,-0.0105,0.58697,1339.0,15.04,1.209,-2083.8,1.544,-0.007,-0.195,15.0,0.472,5.34
TIME15m,CAPITULATION_REV,LONG,ALL,ALL,TEST,1079,11.73,0.462,-0.0265,0.85674,-852.5,-9.27,0.831,-1593.2,1.113,-0.024,-0.2,14.9,0.493,5.78
TIME15m,CAPITULATION_REV,LONG,ALL,ALL,HOLDOUT,692,11.53,0.509,0.0009,0.48372,378.2,6.3,1.133,-600.6,1.268,0.001,-0.192,14.9,0.527,6.08
TIME30m,CAPITULATION_REV,LONG,ALL,ALL,TRAIN,2305,12.53,0.397,-0.1526,0.99967,-10202.2,-55.45,0.557,-10712.9,1.013,-0.151,-0.469,28.3,0.404,5.06
TIME30m,CAPITULATION_REV,LONG,ALL,ALL,VALID,1006,11.3,0.504,0.0255,0.32026,2264.4,25.44,1.288,-1540.9,1.544,0.017,-0.251,29.7,0.442,5.0
TIME30m,CAPITULATION_REV,LONG,ALL,ALL,TEST,1079,11.73,0.513,0.0037,0.45167,695.6,7.56,1.131,-991.5,1.113,0.003,-0.247,29.7,0.467,5.48
TIME30m,CAPITULATION_REV,LONG,ALL,ALL,HOLDOUT,692,11.53,0.556,0.0019,0.4724,291.9,4.86,1.083,-762.4,1.268,0.002,-0.229,29.7,0.48,5.53
TIME1h,CAPITULATION_REV,LONG,ALL,ALL,TRAIN,2305,12.53,0.381,-0.1754,0.99992,-12916.3,-70.2,0.527,-13532.7,1.013,-0.173,-0.536,54.3,0.366,4.58
TIME1h,CAPITULATION_REV,LONG,ALL,ALL,VALID,1006,11.3,0.536,0.044,0.21912,4961.5,55.75,1.615,-1267.9,1.544,0.029,-0.297,58.7,0.423,4.79
TIME1h,CAPITULATION_REV,LONG,ALL,ALL,TEST,1079,11.73,0.551,0.0161,0.38699,2588.2,28.13,1.376,-1957.3,1.113,0.014,-0.319,58.9,0.438,5.14
TIME1h,CAPITULATION_REV,LONG,ALL,ALL,HOLDOUT,692,11.53,0.595,0.0406,0.09469,824.2,13.74,1.207,-697.1,1.268,0.032,-0.266,58.8,0.441,5.08
TIME2h,CAPITULATION_REV,LONG,ALL,ALL,TRAIN,2305,12.53,0.384,-0.1875,0.99909,-12015.3,-65.3,0.63,-14558.7,1.013,-0.185,-0.63,103.8,0.351,4.39
TIME2h,CAPITULATION_REV,LONG,ALL,ALL,VALID,1006,11.3,0.464,-0.0046,0.52322,1672.9,18.8,1.137,-2870.2,1.544,-0.003,-0.383,114.9,0.409,4.62
TIME2h,CAPITULATION_REV,LONG,ALL,ALL,TEST,1079,11.73,0.599,0.0928,0.10069,6319.5,68.69,1.804,-1502.9,1.113,0.083,-0.385,114.9,0.418,4.9
TIME2h,CAPITULATION_REV,LONG,ALL,ALL,HOLDOUT,692,11.53,0.539,-0.0108,0.65083,-486.3,-8.1,0.916,-1156.7,1.268,-0.009,-0.352,115.5,0.429,4.95
TIME4h,CAPITULATION_REV,LONG,ALL,ALL,TRAIN,2305,12.53,0.35,-0.2443,0.99994,-16100.7,-87.5,0.58,-16665.1,1.013,-0.241,-0.731,192.3,0.335,4.2
TIME4h,CAPITULATION_REV,LONG,ALL,ALL,VALID,1006,11.3,0.538,0.0662,0.26491,3884.0,43.64,1.26,-4824.1,1.544,0.043,-0.456,220.1,0.395,4.46
TIME4h,CAPITULATION_REV,LONG,ALL,ALL,TEST,1079,11.73,0.627,0.0764,0.09436,4942.7,53.72,1.494,-1984.2,1.113,0.069,-0.447,219.7,0.397,4.65
TIME4h,CAPITULATION_REV,LONG,ALL,ALL,HOLDOUT,692,11.53,0.535,0.0472,0.17438,377.4,6.29,1.054,-1543.0,1.268,0.037,-0.417,224.4,0.413,4.77
SIG_OFF,CAPITULATION_REV,LONG,ALL,ALL,TRAIN,2305,12.53,0.331,-0.152,1.0,-10864.1,-59.04,0.462,-10906.6,1.013,-0.15,-0.362,14.8,0.447,5.6
SIG_OFF,CAPITULATION_REV,LONG,ALL,ALL,VALID,1006,11.3,0.478,-0.0085,0.57234,1243.7,13.97,1.193,-2198.5,1.544,-0.006,-0.196,15.2,0.472,5.34
SIG_OFF,CAPITULATION_REV,LONG,ALL,ALL,TEST,1079,11.73,0.463,-0.0318,0.89152,-1042.5,-11.33,0.798,-1639.1,1.113,-0.029,-0.201,15.0,0.492,5.77
SIG_OFF,CAPITULATION_REV,LONG,ALL,ALL,HOLDOUT,692,11.53,0.513,0.0031,0.44674,423.4,7.06,1.153,-589.7,1.268,0.002,-0.192,15.2,0.522,6.02
MOM_OFF,CAPITULATION_REV,LONG,ALL,ALL,TRAIN,2305,12.53,0.328,-0.1519,1.0,-11081.2,-60.22,0.451,-11116.6,1.013,-0.15,-0.362,15.4,0.448,5.61
MOM_OFF,CAPITULATION_REV,LONG,ALL,ALL,VALID,1006,11.3,0.473,-0.0098,0.58163,1297.7,14.58,1.201,-2302.7,1.544,-0.006,-0.195,16.0,0.472,5.34
MOM_OFF,CAPITULATION_REV,LONG,ALL,ALL,TEST,1079,11.73,0.464,-0.0313,0.88386,-991.2,-10.77,0.805,-1665.5,1.113,-0.028,-0.201,15.5,0.493,5.78
MOM_OFF,CAPITULATION_REV,LONG,ALL,ALL,HOLDOUT,692,11.53,0.509,0.0008,0.48507,308.7,5.15,1.108,-599.0,1.268,0.001,-0.192,15.4,0.527,6.08
FIXED,ACCEL,LONG,ALL,ALL,TRAIN,25118,136.51,0.397,-0.1221,0.99972,-69738.8,-379.02,0.872,-101194.9,1.607,-0.076,-0.8,683.8,0.064,8.74
FIXED,ACCEL,LONG,ALL,ALL,VALID,13525,151.97,0.442,-0.0118,0.60289,1696.6,19.06,1.006,-32032.4,1.712,-0.007,-0.762,703.2,0.056,8.44
FIXED,ACCEL,LONG,ALL,ALL,TEST,13397,145.62,0.389,-0.154,0.99999,-35623.7,-387.21,0.863,-49441.1,1.571,-0.098,-0.81,682.2,0.058,8.4
FIXED,ACCEL,LONG,ALL,ALL,HOLDOUT,9375,156.25,0.454,0.0051,0.45078,21777.8,362.96,1.121,-12650.9,2.084,0.002,-0.795,659.2,0.056,8.77
TRAIL_A0.5_D0.5,ACCEL,LONG,ALL,ALL,TRAIN,25118,136.51,0.54,-0.1082,1.0,-65229.1,-354.51,0.816,-72247.4,1.607,-0.067,-0.599,375.2,0.112,15.22
TRAIL_A0.5_D0.5,ACCEL,LONG,ALL,ALL,VALID,13525,151.97,0.564,-0.0502,0.94752,-10193.7,-114.54,0.941,-25786.4,1.712,-0.029,-0.578,392.8,0.107,16.3
TRAIL_A0.5_D0.5,ACCEL,LONG,ALL,ALL,TEST,13397,145.62,0.513,-0.1533,1.0,-40794.0,-443.41,0.759,-46652.0,1.571,-0.098,-0.603,362.1,0.109,15.88
TRAIL_A0.5_D0.5,ACCEL,LONG,ALL,ALL,HOLDOUT,9375,156.25,0.55,-0.0779,0.99815,-2552.5,-42.54,0.978,-9869.0,2.084,-0.037,-0.599,354.8,0.102,15.88
TRAIL_A0.5_D1,ACCEL,LONG,ALL,ALL,TRAIN,25118,136.51,0.371,-0.1117,0.99994,-63697.4,-346.18,0.852,-89562.9,1.607,-0.07,-0.642,511.8,0.086,11.72
TRAIL_A0.5_D1,ACCEL,LONG,ALL,ALL,VALID,13525,151.97,0.406,-0.026,0.75086,-1951.2,-21.92,0.991,-29522.2,1.712,-0.015,-0.617,529.0,0.079,12.0
TRAIL_A0.5_D1,ACCEL,LONG,ALL,ALL,TEST,13397,145.62,0.341,-0.1665,1.0,-43030.9,-467.73,0.794,-50789.7,1.571,-0.106,-0.648,491.7,0.083,12.05
TRAIL_A0.5_D1,ACCEL,LONG,ALL,ALL,HOLDOUT,9375,156.25,0.397,-0.0517,0.94233,5048.4,84.14,1.035,-10592.8,2.084,-0.025,-0.646,478.7,0.076,11.9
TRAIL_A1_D0.5,ACCEL,LONG,ALL,ALL,TRAIN,25118,136.51,0.476,-0.1118,0.99987,-61322.9,-333.28,0.874,-85508.4,1.607,-0.07,-0.74,565.9,0.075,10.27
TRAIL_A1_D0.5,ACCEL,LONG,ALL,ALL,VALID,13525,151.97,0.514,-0.0321,0.78963,-1644.9,-18.48,0.993,-29256.8,1.712,-0.019,-0.71,582.6,0.07,10.65
TRAIL_A1_D0.5,ACCEL,LONG,ALL,ALL,TEST,13397,145.62,0.457,-0.169,1.0,-44823.5,-487.21,0.811,-54488.6,1.571,-0.108,-0.753,563.9,0.071,10.27
TRAIL_A1_D0.5,ACCEL,LONG,ALL,ALL,HOLDOUT,9375,156.25,0.518,-0.0388,0.87283,7321.3,122.02,1.045,-11994.1,2.084,-0.019,-0.734,544.0,0.069,10.73
TRAIL_A1_D1,ACCEL,LONG,ALL,ALL,TRAIN,25118,136.51,0.439,-0.1193,0.99988,-69777.4,-379.22,0.857,-96255.1,1.607,-0.074,-0.741,609.4,0.073,9.93
TRAIL_A1_D1,ACCEL,LONG,ALL,ALL,VALID,13525,151.97,0.477,-0.0205,0.68469,1673.9,18.81,1.007,-30647.5,1.712,-0.012,-0.711,627.6,0.062,9.49
TRAIL_A1_D1,ACCEL,LONG,ALL,ALL,TEST,13397,145.62,0.415,-0.1711,1.0,-44586.6,-484.64,0.813,-55453.3,1.571,-0.109,-0.755,604.4,0.068,9.87
TRAIL_A1_D1,ACCEL,LONG,ALL,ALL,HOLDOUT,9375,156.25,0.478,-0.0215,0.72092,11900.0,198.33,1.073,-11912.9,2.084,-0.01,-0.738,583.8,0.061,9.55
BE0.5_TRAIL,ACCEL,LONG,ALL,ALL,TRAIN,25118,136.51,0.319,-0.1102,0.99999,-56706.0,-308.18,0.844,-80008.1,1.607,-0.069,-0.602,442.1,0.096,13.05
BE0.5_TRAIL,ACCEL,LONG,ALL,ALL,VALID,13525,151.97,0.352,-0.0402,0.87077,-7746.9,-87.04,0.957,-27751.9,1.712,-0.023,-0.581,462.7,0.09,13.7
BE0.5_TRAIL,ACCEL,LONG,ALL,ALL,TEST,13397,145.62,0.291,-0.1727,1.0,-44951.7,-488.61,0.742,-51675.4,1.571,-0.11,-0.607,414.9,0.097,14.09
BE0.5_TRAIL,ACCEL,LONG,ALL,ALL,HOLDOUT,9375,156.25,0.333,-0.0713,0.98955,-267.6,-4.46,0.998,-10723.6,2.084,-0.034,-0.605,407.1,0.088,13.73
BE1_TRAIL,ACCEL,LONG,ALL,ALL,TRAIN,25118,136.51,0.343,-0.1271,0.99987,-67127.8,-364.82,0.864,-99596.3,1.607,-0.079,-0.744,653.2,0.068,9.32
BE1_TRAIL,ACCEL,LONG,ALL,ALL,VALID,13525,151.97,0.39,-0.0226,0.69117,554.8,6.23,1.002,-31286.3,1.712,-0.013,-0.713,677.9,0.058,8.81
BE1_TRAIL,ACCEL,LONG,ALL,ALL,TEST,13397,145.62,0.326,-0.1861,1.0,-47297.7,-514.11,0.803,-60464.1,1.571,-0.118,-0.757,643.4,0.062,9.02
BE1_TRAIL,ACCEL,LONG,ALL,ALL,HOLDOUT,9375,156.25,0.386,-0.006,0.55564,19735.9,328.93,1.12,-13073.5,2.084,-0.003,-0.743,624.8,0.058,9.07
ATR_TRAIL2,ACCEL,LONG,ALL,ALL,TRAIN,25118,136.51,0.314,-0.0795,0.99999,-37683.1,-204.8,0.837,-46034.9,1.607,-0.05,-0.324,118.0,0.276,37.7
ATR_TRAIL2,ACCEL,LONG,ALL,ALL,VALID,13525,151.97,0.308,-0.0849,0.99994,-29355.1,-329.83,0.757,-31923.3,1.712,-0.05,-0.322,115.7,0.261,39.67
ATR_TRAIL2,ACCEL,LONG,ALL,ALL,TEST,13397,145.62,0.288,-0.1316,1.0,-32454.0,-352.76,0.709,-32653.0,1.571,-0.084,-0.322,109.9,0.293,42.72
ATR_TRAIL2,ACCEL,LONG,ALL,ALL,HOLDOUT,9375,156.25,0.298,-0.1201,1.0,-16119.7,-268.66,0.816,-16496.9,2.084,-0.058,-0.338,104.5,0.282,44.0
ATR_TRAIL3,ACCEL,LONG,ALL,ALL,TRAIN,25118,136.51,0.326,-0.076,0.9914,-28150.1,-152.99,0.908,-63747.5,1.607,-0.047,-0.44,245.0,0.162,22.18
ATR_TRAIL3,ACCEL,LONG,ALL,ALL,VALID,13525,151.97,0.329,-0.0818,0.99675,-35056.7,-393.9,0.784,-41782.1,1.712,-0.048,-0.438,247.3,0.153,23.18
ATR_TRAIL3,ACCEL,LONG,ALL,ALL,TEST,13397,145.62,0.29,-0.1545,1.0,-36435.1,-396.03,0.76,-39030.7,1.571,-0.098,-0.446,231.1,0.156,22.78
ATR_TRAIL3,ACCEL,LONG,ALL,ALL,HOLDOUT,9375,156.25,0.315,-0.1058,0.99996,-13573.5,-226.23,0.882,-14529.5,2.084,-0.051,-0.461,230.0,0.148,23.05
ATR_TRAIL4,ACCEL,LONG,ALL,ALL,TRAIN,25118,136.51,0.328,-0.0811,0.98826,-32375.0,-175.95,0.913,-76559.1,1.607,-0.051,-0.545,385.8,0.108,14.76
ATR_TRAIL4,ACCEL,LONG,ALL,ALL,VALID,13525,151.97,0.35,-0.0283,0.76835,-13390.2,-150.45,0.93,-34144.3,1.712,-0.017,-0.531,412.5,0.095,14.49
ATR_TRAIL4,ACCEL,LONG,ALL,ALL,TEST,13397,145.62,0.291,-0.176,1.0,-44839.0,-487.38,0.758,-48684.7,1.571,-0.112,-0.556,372.4,0.101,14.7
ATR_TRAIL4,ACCEL,LONG,ALL,ALL,HOLDOUT,9375,156.25,0.321,-0.0468,0.86055,1893.7,31.56,1.014,-11452.3,2.084,-0.022,-0.571,383.0,0.098,15.32
MFE_LOCK0.3,ACCEL,LONG,ALL,ALL,TRAIN,25118,136.51,0.476,-0.1068,0.99973,-52356.5,-284.55,0.893,-82593.5,1.607,-0.066,-0.74,563.5,0.076,10.37
MFE_LOCK0.3,ACCEL,LONG,ALL,ALL,VALID,13525,151.97,0.514,-0.0412,0.85516,-4026.0,-45.24,0.983,-28801.2,1.712,-0.024,-0.71,579.2,0.068,10.31
MFE_LOCK0.3,ACCEL,LONG,ALL,ALL,TEST,13397,145.62,0.457,-0.1674,1.0,-43454.6,-472.33,0.817,-52407.0,1.571,-0.107,-0.754,560.4,0.073,10.63
MFE_LOCK0.3,ACCEL,LONG,ALL,ALL,HOLDOUT,9375,156.25,0.518,-0.0255,0.76072,10325.5,172.09,1.064,-11510.1,2.084,-0.012,-0.734,542.6,0.069,10.72
MFE_LOCK0.5,ACCEL,LONG,ALL,ALL,TRAIN,25118,136.51,0.476,-0.1102,0.99865,-58023.0,-315.34,0.881,-98948.3,1.607,-0.069,-0.741,624.5,0.07,9.49
MFE_LOCK0.5,ACCEL,LONG,ALL,ALL,VALID,13525,151.97,0.514,-0.0443,0.85776,-9508.4,-106.84,0.96,-29454.7,1.712,-0.026,-0.71,647.0,0.063,9.58
MFE_LOCK0.5,ACCEL,LONG,ALL,ALL,TEST,13397,145.62,0.456,-0.1817,1.0,-46871.1,-509.47,0.802,-55394.5,1.571,-0.116,-0.754,605.6,0.066,9.63
MFE_LOCK0.5,ACCEL,LONG,ALL,ALL,HOLDOUT,9375,156.25,0.516,-0.016,0.64756,16887.2,281.45,1.104,-13704.1,2.084,-0.008,-0.737,598.3,0.062,9.72
NOTP_TRAIL0.5,ACCEL,LONG,ALL,ALL,TRAIN,25118,136.51,0.312,-0.087,1.0,-48707.6,-264.72,0.787,-50971.2,1.607,-0.054,-0.312,129.9,0.277,37.78
NOTP_TRAIL0.5,ACCEL,LONG,ALL,ALL,VALID,13525,151.97,0.318,-0.0754,0.99982,-19206.5,-215.8,0.836,-22223.8,1.712,-0.044,-0.312,134.3,0.263,39.96
NOTP_TRAIL0.5,ACCEL,LONG,ALL,ALL,TEST,13397,145.62,0.295,-0.1304,1.0,-33500.3,-364.13,0.696,-34041.5,1.571,-0.083,-0.312,115.4,0.297,43.23
NOTP_TRAIL0.5,ACCEL,LONG,ALL,ALL,HOLDOUT,9375,156.25,0.299,-0.1216,1.0,-16881.0,-281.35,0.803,-17278.9,2.084,-0.058,-0.323,109.2,0.289,45.18
NOTP_TRAIL1,ACCEL,LONG,ALL,ALL,TRAIN,25118,136.51,0.342,-0.1034,0.99958,-47189.1,-256.46,0.883,-85291.7,1.607,-0.064,-0.571,481.8,0.092,12.52
NOTP_TRAIL1,ACCEL,LONG,ALL,ALL,VALID,13525,151.97,0.372,-0.0385,0.8488,-6171.8,-69.35,0.969,-28605.7,1.712,-0.023,-0.551,506.4,0.082,12.48
NOTP_TRAIL1,ACCEL,LONG,ALL,ALL,TEST,13397,145.62,0.31,-0.1816,1.0,-46717.8,-507.8,0.765,-52826.5,1.571,-0.116,-0.576,446.7,0.089,12.95
NOTP_TRAIL1,ACCEL,LONG,ALL,ALL,HOLDOUT,9375,156.25,0.363,-0.0556,0.94487,6088.2,101.47,1.043,-12037.5,2.084,-0.027,-0.579,444.4,0.082,12.88
NOTP_TRAIL1.5,ACCEL,LONG,ALL,ALL,TRAIN,25118,136.51,0.341,-0.1209,0.99832,-57298.3,-311.4,0.888,-104507.2,1.607,-0.075,-0.734,727.0,0.061,8.29
NOTP_TRAIL1.5,ACCEL,LONG,ALL,ALL,VALID,13525,151.97,0.393,-0.0331,0.76017,-5190.1,-58.32,0.979,-32504.8,1.712,-0.019,-0.701,767.2,0.052,7.91
NOTP_TRAIL1.5,ACCEL,LONG,ALL,ALL,TEST,13397,145.62,0.331,-0.1905,1.0,-46977.1,-510.62,0.81,-59042.6,1.571,-0.121,-0.745,712.4,0.053,7.77
NOTP_TRAIL1.5,ACCEL,LONG,ALL,ALL,HOLDOUT,9375,156.25,0.389,0.0399,0.23535,43272.5,721.21,1.254,-14516.6,2.084,0.019,-0.744,708.6,0.054,8.48
TIME15m,ACCEL,LONG,ALL,ALL,TRAIN,25118,136.51,0.412,-0.0329,0.99999,-1406.9,-7.65,0.987,-15861.5,1.607,-0.02,-0.193,14.9,0.494,67.46
TIME15m,ACCEL,LONG,ALL,ALL,VALID,13525,151.97,0.371,-0.0542,1.0,-21200.3,-238.21,0.646,-21313.0,1.712,-0.032,-0.197,14.9,0.487,74.02
TIME15m,ACCEL,LONG,ALL,ALL,TEST,13397,145.62,0.391,-0.0418,1.0,-9272.5,-100.79,0.812,-10020.2,1.571,-0.027,-0.184,14.9,0.608,88.54
TIME15m,ACCEL,LONG,ALL,ALL,HOLDOUT,9375,156.25,0.382,-0.0519,1.0,-8563.6,-142.73,0.791,-8716.4,2.084,-0.025,-0.198,14.9,0.675,105.45
TIME30m,ACCEL,LONG,ALL,ALL,TRAIN,25118,136.51,0.424,-0.0216,0.98623,865.8,4.71,1.007,-15399.2,1.607,-0.013,-0.255,29.7,0.446,60.95
TIME30m,ACCEL,LONG,ALL,ALL,VALID,13525,151.97,0.405,-0.0408,0.99934,-15221.8,-171.03,0.793,-16471.3,1.712,-0.024,-0.259,29.7,0.441,67.02
TIME30m,ACCEL,LONG,ALL,ALL,TEST,13397,145.62,0.401,-0.0446,0.9998,-10566.8,-114.86,0.839,-13441.7,1.571,-0.028,-0.253,29.7,0.531,77.37
TIME30m,ACCEL,LONG,ALL,ALL,HOLDOUT,9375,156.25,0.401,-0.051,0.99972,-7032.5,-117.21,0.87,-7572.4,2.084,-0.024,-0.27,29.5,0.571,89.18
TIME1h,ACCEL,LONG,ALL,ALL,TRAIN,25118,136.51,0.442,-0.0233,0.9305,2211.6,12.02,1.012,-19315.5,1.607,-0.014,-0.34,58.3,0.368,50.22
TIME1h,ACCEL,LONG,ALL,ALL,VALID,13525,151.97,0.404,-0.0461,0.99693,-16923.1,-190.15,0.819,-17975.8,1.712,-0.027,-0.337,58.4,0.358,54.36
TIME1h,ACCEL,LONG,ALL,ALL,TEST,13397,145.62,0.42,-0.0473,0.99818,-7766.2,-84.42,0.908,-14889.1,1.571,-0.03,-0.339,58.3,0.411,59.87
TIME1h,ACCEL,LONG,ALL,ALL,HOLDOUT,9375,156.25,0.405,-0.0515,0.99877,-6097.2,-101.62,0.912,-7007.9,2.084,-0.025,-0.356,57.7,0.419,65.48
TIME2h,ACCEL,LONG,ALL,ALL,TRAIN,25118,136.51,0.444,-0.0378,0.9568,7841.5,42.62,1.033,-20559.6,1.607,-0.024,-0.443,111.4,0.261,35.68
TIME2h,ACCEL,LONG,ALL,ALL,VALID,13525,151.97,0.416,-0.0376,0.94302,-14191.2,-159.45,0.885,-20289.0,1.712,-0.022,-0.432,112.8,0.25,37.92
TIME2h,ACCEL,LONG,ALL,ALL,TEST,13397,145.62,0.431,-0.0635,0.99789,-10564.0,-114.83,0.905,-16647.2,1.571,-0.04,-0.441,112.0,0.276,40.24
TIME2h,ACCEL,LONG,ALL,ALL,HOLDOUT,9375,156.25,0.422,-0.0516,0.98879,-5128.4,-85.47,0.944,-7361.7,2.084,-0.025,-0.462,109.9,0.271,42.28
TIME4h,ACCEL,LONG,ALL,ALL,TRAIN,25118,136.51,0.447,-0.0436,0.94708,-4308.0,-23.41,0.986,-36064.2,1.607,-0.027,-0.546,203.5,0.175,23.9
TIME4h,ACCEL,LONG,ALL,ALL,VALID,13525,151.97,0.457,-0.0163,0.70604,-11082.8,-124.53,0.928,-26613.3,1.712,-0.009,-0.531,209.1,0.162,24.64
TIME4h,ACCEL,LONG,ALL,ALL,TEST,13397,145.62,0.423,-0.084,0.99926,-15377.0,-167.14,0.894,-19800.0,1.571,-0.053,-0.554,206.1,0.173,25.15
TIME4h,ACCEL,LONG,ALL,ALL,HOLDOUT,9375,156.25,0.429,-0.0487,0.97044,-2609.0,-43.48,0.977,-7506.2,2.084,-0.023,-0.567,201.1,0.165,25.78
SIG_OFF,ACCEL,LONG,ALL,ALL,TRAIN,25118,136.51,0.412,-0.0296,0.9999,2683.7,14.59,1.025,-12267.2,1.607,-0.018,-0.193,15.3,0.492,67.14
SIG_OFF,ACCEL,LONG,ALL,ALL,VALID,13525,151.97,0.371,-0.0566,1.0,-22126.3,-248.61,0.631,-22154.7,1.712,-0.033,-0.197,15.2,0.485,73.78
SIG_OFF,ACCEL,LONG,ALL,ALL,TEST,13397,145.62,0.39,-0.0423,1.0,-10384.6,-112.88,0.791,-10853.4,1.571,-0.027,-0.184,15.3,0.605,88.14
SIG_OFF,ACCEL,LONG,ALL,ALL,HOLDOUT,9375,156.25,0.38,-0.0534,1.0,-9429.5,-157.16,0.773,-9541.8,2.084,-0.026,-0.2,15.4,0.67,104.67
MOM_OFF,ACCEL,LONG,ALL,ALL,TRAIN,25118,136.51,0.351,-0.0132,0.73162,18243.7,99.15,1.103,-21010.9,1.607,-0.008,-0.301,65.9,0.336,45.88
MOM_OFF,ACCEL,LONG,ALL,ALL,VALID,13525,151.97,0.318,-0.0413,0.97729,-16132.9,-181.27,0.829,-22103.4,1.712,-0.024,-0.3,62.7,0.325,49.36
MOM_OFF,ACCEL,LONG,ALL,ALL,TEST,13397,145.62,0.329,-0.054,0.9997,-15098.5,-164.11,0.821,-18112.5,1.571,-0.034,-0.299,63.9,0.38,55.4
MOM_OFF,ACCEL,LONG,ALL,ALL,HOLDOUT,9375,156.25,0.322,-0.0459,0.98899,-5996.5,-99.94,0.914,-6882.6,2.084,-0.022,-0.321,63.4,0.378,59.03
FIXED,VOL_PRICE,LONG,ALL,ALL,TRAIN,25112,136.48,0.407,-0.0989,0.99882,-51376.0,-279.22,0.902,-66513.7,1.701,-0.058,-0.808,647.9,0.062,8.49
FIXED,VOL_PRICE,LONG,ALL,ALL,VALID,13794,154.99,0.444,-0.0028,0.52566,254.2,2.86,1.001,-37591.4,1.766,-0.002,-0.762,675.1,0.056,8.62
FIXED,VOL_PRICE,LONG,ALL,ALL,TEST,14396,156.48,0.401,-0.1252,0.99999,-29411.4,-319.69,0.893,-44697.2,1.62,-0.077,-0.814,663.9,0.055,8.57
FIXED,VOL_PRICE,LONG,ALL,ALL,HOLDOUT,9066,151.1,0.457,0.0131,0.36385,24117.1,401.95,1.136,-11551.1,2.12,0.006,-0.795,629.8,0.061,9.15
TRAIL_A0.5_D0.5,VOL_PRICE,LONG,ALL,ALL,TRAIN,25112,136.48,0.545,-0.0937,1.0,-47395.9,-257.59,0.859,-51830.5,1.701,-0.055,-0.597,344.4,0.117,15.9
TRAIL_A0.5_D0.5,VOL_PRICE,LONG,ALL,ALL,VALID,13794,154.99,0.558,-0.063,0.98354,-21027.4,-236.26,0.887,-30219.5,1.766,-0.036,-0.578,360.6,0.106,16.49
TRAIL_A0.5_D0.5,VOL_PRICE,LONG,ALL,ALL,TEST,14396,156.48,0.522,-0.1353,1.0,-37719.4,-409.99,0.79,-44060.2,1.62,-0.083,-0.606,345.4,0.104,16.22
TRAIL_A0.5_D0.5,VOL_PRICE,LONG,ALL,ALL,HOLDOUT,9066,151.1,0.557,-0.0619,0.99579,-1852.1,-30.87,0.984,-10677.5,2.12,-0.029,-0.596,329.4,0.109,16.48
TRAIL_A0.5_D1,VOL_PRICE,LONG,ALL,ALL,TRAIN,25112,136.48,0.372,-0.0934,0.99982,-49182.4,-267.3,0.88,-59542.6,1.701,-0.055,-0.643,473.1,0.084,11.46
TRAIL_A0.5_D1,VOL_PRICE,LONG,ALL,ALL,VALID,13794,154.99,0.393,-0.039,0.85959,-13969.8,-156.96,0.938,-34607.3,1.766,-0.022,-0.618,491.7,0.073,11.25
TRAIL_A0.5_D1,VOL_PRICE,LONG,ALL,ALL,TEST,14396,156.48,0.347,-0.1473,1.0,-40780.5,-443.27,0.816,-49967.6,1.62,-0.091,-0.651,469.5,0.078,12.15
TRAIL_A0.5_D1,VOL_PRICE,LONG,ALL,ALL,HOLDOUT,9066,151.1,0.406,-0.0311,0.85799,7607.2,126.79,1.053,-10040.5,2.12,-0.015,-0.639,447.9,0.081,12.23
TRAIL_A1_D0.5,VOL_PRICE,LONG,ALL,ALL,TRAIN,25112,136.48,0.487,-0.0966,0.99982,-48241.5,-262.18,0.897,-58008.8,1.701,-0.057,-0.745,531.3,0.076,10.3
TRAIL_A1_D0.5,VOL_PRICE,LONG,ALL,ALL,VALID,13794,154.99,0.517,-0.0273,0.76705,-7800.2,-87.64,0.969,-35152.4,1.766,-0.015,-0.708,556.8,0.069,10.64
TRAIL_A1_D0.5,VOL_PRICE,LONG,ALL,ALL,TEST,14396,156.48,0.47,-0.1406,1.0,-38051.5,-413.6,0.847,-50352.6,1.62,-0.087,-0.759,546.6,0.068,10.63
TRAIL_A1_D0.5,VOL_PRICE,LONG,ALL,ALL,HOLDOUT,9066,151.1,0.528,-0.019,0.73498,14731.3,245.52,1.093,-9805.5,2.12,-0.009,-0.727,508.0,0.071,10.68
TRAIL_A1_D1,VOL_PRICE,LONG,ALL,ALL,TRAIN,25112,136.48,0.448,-0.0961,0.99949,-49889.9,-271.14,0.894,-60867.3,1.701,-0.057,-0.747,575.6,0.069,9.42
TRAIL_A1_D1,VOL_PRICE,LONG,ALL,ALL,VALID,13794,154.99,0.477,-0.011,0.60798,-2526.4,-28.39,0.99,-36169.5,1.766,-0.006,-0.71,600.4,0.064,9.84
TRAIL_A1_D1,VOL_PRICE,LONG,ALL,ALL,TEST,14396,156.48,0.428,-0.1421,1.0,-37917.8,-412.15,0.848,-50466.2,1.62,-0.088,-0.76,584.9,0.064,10.09
TRAIL_A1_D1,VOL_PRICE,LONG,ALL,ALL,HOLDOUT,9066,151.1,0.485,-0.0038,0.54623,18961.3,316.02,1.12,-9718.9,2.12,-0.002,-0.73,547.9,0.065,9.78
BE0.5_TRAIL,VOL_PRICE,LONG,ALL,ALL,TRAIN,25112,136.48,0.324,-0.0919,0.99993,-43715.6,-237.58,0.873,-52314.3,1.701,-0.054,-0.601,408.5,0.096,13.16
BE0.5_TRAIL,VOL_PRICE,LONG,ALL,ALL,VALID,13794,154.99,0.338,-0.0544,0.94074,-19104.6,-214.66,0.9,-32306.2,1.766,-0.031,-0.581,426.4,0.088,13.64
BE0.5_TRAIL,VOL_PRICE,LONG,ALL,ALL,TEST,14396,156.48,0.301,-0.1543,1.0,-42997.7,-467.37,0.767,-50531.4,1.62,-0.095,-0.61,397.9,0.093,14.61
BE0.5_TRAIL,VOL_PRICE,LONG,ALL,ALL,HOLDOUT,9066,151.1,0.346,-0.0498,0.96695,1259.4,20.99,1.01,-10428.2,2.12,-0.023,-0.601,380.9,0.093,14.02
BE1_TRAIL,VOL_PRICE,LONG,ALL,ALL,TRAIN,25112,136.48,0.351,-0.102,0.9993,-48486.4,-263.51,0.898,-63813.1,1.701,-0.06,-0.749,622.3,0.064,8.68
BE1_TRAIL,VOL_PRICE,LONG,ALL,ALL,VALID,13794,154.99,0.391,-0.0112,0.60168,-1543.1,-17.34,0.994,-36764.2,1.766,-0.006,-0.711,652.1,0.057,8.9
BE1_TRAIL,VOL_PRICE,LONG,ALL,ALL,TEST,14396,156.48,0.338,-0.1604,1.0,-41169.6,-447.5,0.837,-54359.9,1.62,-0.099,-0.763,623.5,0.058,9.09
BE1_TRAIL,VOL_PRICE,LONG,ALL,ALL,HOLDOUT,9066,151.1,0.385,-0.0015,0.51607,20399.1,339.98,1.128,-11787.5,2.12,-0.001,-0.736,587.6,0.061,9.15
ATR_TRAIL2,VOL_PRICE,LONG,ALL,ALL,TRAIN,25112,136.48,0.311,-0.0879,1.0,-42364.2,-230.24,0.818,-42536.8,1.701,-0.052,-0.337,112.9,0.293,39.93
ATR_TRAIL2,VOL_PRICE,LONG,ALL,ALL,VALID,13794,154.99,0.311,-0.084,0.99998,-23553.1,-264.64,0.809,-24764.6,1.766,-0.048,-0.324,111.9,0.27,41.89
ATR_TRAIL2,VOL_PRICE,LONG,ALL,ALL,TEST,14396,156.48,0.285,-0.1342,1.0,-38666.0,-420.28,0.685,-38715.9,1.62,-0.083,-0.331,108.9,0.283,44.34
ATR_TRAIL2,VOL_PRICE,LONG,ALL,ALL,HOLDOUT,9066,151.1,0.306,-0.0942,1.0,-13121.7,-218.7,0.844,-13384.1,2.12,-0.044,-0.34,101.6,0.303,45.77
ATR_TRAIL3,VOL_PRICE,LONG,ALL,ALL,TRAIN,25112,136.48,0.328,-0.0713,0.99231,-28262.6,-153.6,0.908,-50739.4,1.701,-0.042,-0.46,241.9,0.161,22.03
ATR_TRAIL3,VOL_PRICE,LONG,ALL,ALL,VALID,13794,154.99,0.33,-0.0703,0.99274,-27206.4,-305.69,0.838,-29710.3,1.766,-0.04,-0.443,245.5,0.147,22.79
ATR_TRAIL3,VOL_PRICE,LONG,ALL,ALL,TEST,14396,156.48,0.287,-0.1529,1.0,-40917.1,-444.75,0.751,-44042.5,1.62,-0.094,-0.456,232.4,0.151,23.58
ATR_TRAIL3,VOL_PRICE,LONG,ALL,ALL,HOLDOUT,9066,151.1,0.323,-0.084,0.99956,-10046.0,-167.43,0.91,-11112.2,2.12,-0.04,-0.462,223.2,0.154,23.28
ATR_TRAIL4,VOL_PRICE,LONG,ALL,ALL,TRAIN,25112,136.48,0.331,-0.08,0.9918,-35016.3,-190.31,0.906,-61568.9,1.701,-0.047,-0.565,381.1,0.105,14.36
ATR_TRAIL4,VOL_PRICE,LONG,ALL,ALL,VALID,13794,154.99,0.351,-0.0201,0.70184,-9133.2,-102.62,0.954,-27578.7,1.766,-0.011,-0.539,407.3,0.093,14.46
ATR_TRAIL4,VOL_PRICE,LONG,ALL,ALL,TEST,14396,156.48,0.291,-0.1672,1.0,-47014.8,-511.03,0.767,-52636.9,1.62,-0.103,-0.567,373.0,0.096,15.08
ATR_TRAIL4,VOL_PRICE,LONG,ALL,ALL,HOLDOUT,9066,151.1,0.333,-0.0403,0.84945,1878.7,31.31,1.014,-11620.0,2.12,-0.019,-0.569,374.5,0.097,14.62
MFE_LOCK0.3,VOL_PRICE,LONG,ALL,ALL,TRAIN,25112,136.48,0.486,-0.092,0.99957,-41368.8,-224.83,0.912,-51384.0,1.701,-0.054,-0.745,530.4,0.075,10.23
MFE_LOCK0.3,VOL_PRICE,LONG,ALL,ALL,VALID,13794,154.99,0.517,-0.0328,0.81487,-11767.7,-132.22,0.953,-34816.1,1.766,-0.019,-0.709,554.8,0.065,10.01
MFE_LOCK0.3,VOL_PRICE,LONG,ALL,ALL,TEST,14396,156.48,0.47,-0.142,1.0,-35858.8,-389.77,0.856,-47428.5,1.62,-0.088,-0.759,543.8,0.066,10.26
MFE_LOCK0.3,VOL_PRICE,LONG,ALL,ALL,HOLDOUT,9066,151.1,0.529,-0.006,0.57406,18001.8,300.03,1.114,-9788.1,2.12,-0.003,-0.727,506.8,0.069,10.42
MFE_LOCK0.5,VOL_PRICE,LONG,ALL,ALL,TRAIN,25112,136.48,0.486,-0.0954,0.99865,-45317.0,-246.29,0.903,-67624.5,1.701,-0.056,-0.746,594.5,0.07,9.53
MFE_LOCK0.5,VOL_PRICE,LONG,ALL,ALL,VALID,13794,154.99,0.516,-0.0405,0.84621,-13428.3,-150.88,0.946,-35172.4,1.766,-0.023,-0.709,623.4,0.062,9.55
MFE_LOCK0.5,VOL_PRICE,LONG,ALL,ALL,TEST,14396,156.48,0.469,-0.1518,1.0,-37068.0,-402.91,0.851,-48556.8,1.62,-0.094,-0.759,592.2,0.064,10.09
MFE_LOCK0.5,VOL_PRICE,LONG,ALL,ALL,HOLDOUT,9066,151.1,0.527,-0.0145,0.64833,17650.9,294.18,1.112,-11983.6,2.12,-0.007,-0.729,559.7,0.064,9.7
NOTP_TRAIL0.5,VOL_PRICE,LONG,ALL,ALL,TRAIN,25112,136.48,0.309,-0.0914,1.0,-47479.1,-258.04,0.788,-47695.6,1.701,-0.054,-0.321,113.2,0.289,39.43
NOTP_TRAIL0.5,VOL_PRICE,LONG,ALL,ALL,VALID,13794,154.99,0.32,-0.0712,0.99971,-12222.6,-137.33,0.898,-22683.2,1.766,-0.04,-0.313,123.7,0.272,42.21
NOTP_TRAIL0.5,VOL_PRICE,LONG,ALL,ALL,TEST,14396,156.48,0.294,-0.132,1.0,-41207.9,-447.91,0.656,-41239.6,1.62,-0.081,-0.318,107.6,0.293,45.88
NOTP_TRAIL0.5,VOL_PRICE,LONG,ALL,ALL,HOLDOUT,9066,151.1,0.31,-0.093,1.0,-11351.0,-189.18,0.86,-11536.4,2.12,-0.044,-0.324,102.1,0.303,45.82
NOTP_TRAIL1,VOL_PRICE,LONG,ALL,ALL,TRAIN,25112,136.48,0.342,-0.0951,0.99963,-46178.8,-250.97,0.881,-62977.2,1.701,-0.056,-0.576,448.3,0.09,12.34
NOTP_TRAIL1,VOL_PRICE,LONG,ALL,ALL,VALID,13794,154.99,0.363,-0.043,0.88188,-12927.9,-145.26,0.939,-29427.8,1.766,-0.024,-0.552,473.3,0.081,12.52
NOTP_TRAIL1,VOL_PRICE,LONG,ALL,ALL,TEST,14396,156.48,0.316,-0.1645,1.0,-46422.9,-504.6,0.779,-54176.3,1.62,-0.102,-0.58,430.9,0.084,13.08
NOTP_TRAIL1,VOL_PRICE,LONG,ALL,ALL,HOLDOUT,9066,151.1,0.372,-0.0427,0.91989,6390.7,106.51,1.047,-10594.7,2.12,-0.02,-0.573,415.9,0.086,12.95
NOTP_TRAIL1.5,VOL_PRICE,LONG,ALL,ALL,TRAIN,25112,136.48,0.347,-0.1023,0.99732,-46062.7,-250.34,0.906,-76006.6,1.701,-0.06,-0.738,700.9,0.059,8.04
NOTP_TRAIL1.5,VOL_PRICE,LONG,ALL,ALL,VALID,13794,154.99,0.39,-0.0032,0.52655,156.7,1.76,1.001,-37793.1,1.766,-0.002,-0.701,749.0,0.052,8.09
NOTP_TRAIL1.5,VOL_PRICE,LONG,ALL,ALL,TEST,14396,156.48,0.337,-0.1687,1.0,-45493.4,-494.49,0.827,-56663.6,1.62,-0.104,-0.752,695.4,0.052,8.07
NOTP_TRAIL1.5,VOL_PRICE,LONG,ALL,ALL,HOLDOUT,9066,151.1,0.391,0.0349,0.23867,40531.9,675.53,1.242,-13937.6,2.12,0.016,-0.735,681.9,0.054,8.17
TIME15m,VOL_PRICE,LONG,ALL,ALL,TRAIN,25112,136.48,0.408,-0.041,1.0,-19236.1,-104.54,0.828,-19768.6,1.701,-0.024,-0.21,14.9,0.608,83.04
TIME15m,VOL_PRICE,LONG,ALL,ALL,VALID,13794,154.99,0.381,-0.0463,1.0,-12774.1,-143.53,0.784,-17811.5,1.766,-0.026,-0.202,14.9,0.603,93.53
TIME15m,VOL_PRICE,LONG,ALL,ALL,TEST,14396,156.48,0.373,-0.0514,1.0,-16483.0,-179.16,0.707,-16787.7,1.62,-0.032,-0.189,14.9,0.731,114.46
TIME15m,VOL_PRICE,LONG,ALL,ALL,HOLDOUT,9066,151.1,0.397,-0.0428,1.0,-6208.5,-103.48,0.847,-6340.7,2.12,-0.02,-0.203,14.9,0.788,119.07
TIME30m,VOL_PRICE,LONG,ALL,ALL,TRAIN,25112,136.48,0.424,-0.0297,0.99887,-10012.3,-54.41,0.928,-11338.3,1.701,-0.017,-0.275,29.5,0.534,72.94
TIME30m,VOL_PRICE,LONG,ALL,ALL,VALID,13794,154.99,0.419,-0.0298,0.99112,-6412.3,-72.05,0.913,-10649.9,1.766,-0.017,-0.263,29.6,0.525,81.39
TIME30m,VOL_PRICE,LONG,ALL,ALL,TEST,14396,156.48,0.402,-0.0446,1.0,-13398.5,-145.64,0.813,-14386.6,1.62,-0.028,-0.257,29.7,0.611,95.66
TIME30m,VOL_PRICE,LONG,ALL,ALL,HOLDOUT,9066,151.1,0.411,-0.0414,0.99846,-4917.2,-81.95,0.906,-5099.4,2.12,-0.02,-0.273,29.5,0.655,99.0
TIME1h,VOL_PRICE,LONG,ALL,ALL,TRAIN,25112,136.48,0.442,-0.0323,0.9864,-9115.9,-49.54,0.95,-18051.5,1.701,-0.019,-0.36,57.9,0.418,57.08
TIME1h,VOL_PRICE,LONG,ALL,ALL,VALID,13794,154.99,0.418,-0.0307,0.96409,-7574.6,-85.11,0.922,-11827.3,1.766,-0.017,-0.341,58.2,0.403,62.4
TIME1h,VOL_PRICE,LONG,ALL,ALL,TEST,14396,156.48,0.413,-0.0465,0.99989,-10517.5,-114.32,0.887,-14306.1,1.62,-0.029,-0.341,58.3,0.442,69.24
TIME1h,VOL_PRICE,LONG,ALL,ALL,HOLDOUT,9066,151.1,0.424,-0.0379,0.99208,-3893.5,-64.89,0.943,-4402.2,2.12,-0.018,-0.358,57.4,0.463,69.97
TIME2h,VOL_PRICE,LONG,ALL,ALL,TRAIN,25112,136.48,0.446,-0.0352,0.95711,-3123.8,-16.98,0.987,-21205.8,1.701,-0.021,-0.461,110.4,0.283,38.59
TIME2h,VOL_PRICE,LONG,ALL,ALL,VALID,13794,154.99,0.434,-0.0195,0.82845,-2685.6,-30.18,0.978,-8859.7,1.766,-0.011,-0.433,112.0,0.266,41.17
TIME2h,VOL_PRICE,LONG,ALL,ALL,TEST,14396,156.48,0.423,-0.0608,0.99981,-14299.9,-155.43,0.884,-20781.0,1.62,-0.038,-0.447,112.0,0.275,42.98
TIME2h,VOL_PRICE,LONG,ALL,ALL,HOLDOUT,9066,151.1,0.435,-0.0318,0.94998,-1491.6,-24.86,0.983,-5948.7,2.12,-0.015,-0.462,109.2,0.287,43.35
TIME4h,VOL_PRICE,LONG,ALL,ALL,TRAIN,25112,136.48,0.449,-0.0422,0.95268,-9268.2,-50.37,0.97,-32352.8,1.701,-0.025,-0.564,201.0,0.181,24.71
TIME4h,VOL_PRICE,LONG,ALL,ALL,VALID,13794,154.99,0.444,-0.0242,0.80488,-13186.7,-148.16,0.92,-23846.4,1.766,-0.014,-0.54,206.1,0.165,25.53
TIME4h,VOL_PRICE,LONG,ALL,ALL,TEST,14396,156.48,0.423,-0.0802,0.99994,-18998.5,-206.5,0.88,-25016.8,1.62,-0.049,-0.56,205.7,0.164,25.67
TIME4h,VOL_PRICE,LONG,ALL,ALL,HOLDOUT,9066,151.1,0.448,-0.026,0.86509,1691.2,28.19,1.015,-5539.2,2.12,-0.012,-0.57,198.7,0.174,26.22
SIG_OFF,VOL_PRICE,LONG,ALL,ALL,TRAIN,25112,136.48,0.407,-0.036,1.0,-12688.9,-68.96,0.887,-13366.2,1.701,-0.021,-0.21,15.2,0.607,82.86
SIG_OFF,VOL_PRICE,LONG,ALL,ALL,VALID,13794,154.99,0.379,-0.0439,1.0,-11641.5,-130.8,0.803,-16732.8,1.766,-0.025,-0.202,15.1,0.602,93.27
SIG_OFF,VOL_PRICE,LONG,ALL,ALL,TEST,14396,156.48,0.372,-0.0512,1.0,-17039.9,-185.22,0.699,-17321.0,1.62,-0.032,-0.19,15.1,0.73,114.2
SIG_OFF,VOL_PRICE,LONG,ALL,ALL,HOLDOUT,9066,151.1,0.393,-0.0431,1.0,-6599.3,-109.99,0.839,-6790.7,2.12,-0.02,-0.204,15.2,0.784,118.5
MOM_OFF,VOL_PRICE,LONG,ALL,ALL,TRAIN,25112,136.48,0.337,-0.0213,0.85543,1807.0,9.82,1.01,-20211.2,1.701,-0.013,-0.304,59.3,0.402,54.91
MOM_OFF,VOL_PRICE,LONG,ALL,ALL,VALID,13794,154.99,0.325,-0.0337,0.96827,-7567.0,-85.02,0.918,-12810.8,1.766,-0.019,-0.293,58.7,0.387,59.99
MOM_OFF,VOL_PRICE,LONG,ALL,ALL,TEST,14396,156.48,0.325,-0.0561,1.0,-17282.0,-187.85,0.803,-19790.0,1.62,-0.035,-0.288,58.0,0.432,67.67
MOM_OFF,VOL_PRICE,LONG,ALL,ALL,HOLDOUT,9066,151.1,0.331,-0.0286,0.92416,-4217.5,-70.29,0.937,-4761.9,2.12,-0.013,-0.313,60.2,0.442,66.8
FIXED,CHANGE_POINT,LONG,ALL,ALL,TRAIN,16345,88.83,0.412,-0.1056,0.99534,-51407.8,-279.39,0.855,-62008.2,1.456,-0.073,-0.777,754.9,0.089,7.91
FIXED,CHANGE_POINT,LONG,ALL,ALL,VALID,7618,85.6,0.451,-0.0062,0.54677,9732.6,109.36,1.064,-18122.9,1.664,-0.004,-0.746,750.0,0.095,8.15
FIXED,CHANGE_POINT,LONG,ALL,ALL,TEST,8122,88.28,0.408,-0.1171,0.9971,-19110.5,-207.72,0.881,-27438.9,1.49,-0.079,-0.784,746.0,0.089,7.83
FIXED,CHANGE_POINT,LONG,ALL,ALL,HOLDOUT,5490,91.5,0.448,-0.0134,0.60988,4909.2,81.82,1.044,-12296.1,1.92,-0.007,-0.781,706.4,0.091,8.3
TRAIL_A0.5_D0.5,CHANGE_POINT,LONG,ALL,ALL,TRAIN,16345,88.83,0.539,-0.1111,0.99996,-53178.9,-289.02,0.783,-58204.1,1.456,-0.076,-0.601,459.5,0.146,13.01
TRAIL_A0.5_D0.5,CHANGE_POINT,LONG,ALL,ALL,VALID,7618,85.6,0.566,-0.0483,0.88474,2688.8,30.21,1.026,-12504.8,1.664,-0.029,-0.581,432.7,0.162,13.88
TRAIL_A0.5_D0.5,CHANGE_POINT,LONG,ALL,ALL,TEST,8122,88.28,0.504,-0.1494,1.0,-26334.1,-286.24,0.767,-31310.5,1.49,-0.1,-0.606,431.5,0.152,13.45
TRAIL_A0.5_D0.5,CHANGE_POINT,LONG,ALL,ALL,HOLDOUT,5490,91.5,0.531,-0.0795,0.99308,-7392.0,-123.2,0.904,-11815.2,1.92,-0.041,-0.599,413.2,0.161,14.73
TRAIL_A0.5_D1,CHANGE_POINT,LONG,ALL,ALL,TRAIN,16345,88.83,0.383,-0.1054,0.99874,-51579.0,-280.32,0.822,-58290.7,1.456,-0.072,-0.641,598.7,0.114,10.15
TRAIL_A0.5_D1,CHANGE_POINT,LONG,ALL,ALL,VALID,7618,85.6,0.417,-0.017,0.63895,8134.8,91.4,1.066,-16038.7,1.664,-0.01,-0.616,579.8,0.121,10.39
TRAIL_A0.5_D1,CHANGE_POINT,LONG,ALL,ALL,TEST,8122,88.28,0.355,-0.1504,0.99998,-27706.6,-301.16,0.798,-33514.8,1.49,-0.101,-0.652,571.0,0.119,10.52
TRAIL_A0.5_D1,CHANGE_POINT,LONG,ALL,ALL,HOLDOUT,5490,91.5,0.401,-0.0553,0.91399,-2406.6,-40.11,0.974,-12500.1,1.92,-0.029,-0.643,540.3,0.123,11.23
TRAIL_A1_D0.5,CHANGE_POINT,LONG,ALL,ALL,TRAIN,16345,88.83,0.48,-0.1013,0.99747,-48015.0,-260.95,0.851,-55739.7,1.456,-0.07,-0.727,646.6,0.103,9.16
TRAIL_A1_D0.5,CHANGE_POINT,LONG,ALL,ALL,VALID,7618,85.6,0.514,-0.0212,0.66872,8686.4,97.6,1.063,-16017.5,1.664,-0.013,-0.701,628.9,0.109,9.31
TRAIL_A1_D0.5,CHANGE_POINT,LONG,ALL,ALL,TEST,8122,88.28,0.463,-0.1387,0.99988,-23850.2,-259.24,0.84,-30924.9,1.49,-0.093,-0.74,637.8,0.107,9.42
TRAIL_A1_D0.5,CHANGE_POINT,LONG,ALL,ALL,HOLDOUT,5490,91.5,0.507,-0.0445,0.8612,-1860.7,-31.01,0.982,-12131.8,1.92,-0.023,-0.724,596.3,0.117,10.68
TRAIL_A1_D1,CHANGE_POINT,LONG,ALL,ALL,TRAIN,16345,88.83,0.447,-0.1048,0.99716,-51294.0,-278.77,0.841,-59543.1,1.456,-0.072,-0.728,689.6,0.099,8.8
TRAIL_A1_D1,CHANGE_POINT,LONG,ALL,ALL,VALID,7618,85.6,0.482,-0.0124,0.5962,9646.5,108.39,1.07,-16950.9,1.664,-0.007,-0.702,676.2,0.105,9.02
TRAIL_A1_D1,CHANGE_POINT,LONG,ALL,ALL,TEST,8122,88.28,0.427,-0.1379,0.99974,-23913.4,-259.93,0.84,-30742.5,1.49,-0.093,-0.741,677.2,0.1,8.85
TRAIL_A1_D1,CHANGE_POINT,LONG,ALL,ALL,HOLDOUT,5490,91.5,0.475,-0.0316,0.76513,1413.7,23.56,1.014,-12098.2,1.92,-0.016,-0.728,636.1,0.104,9.53
BE0.5_TRAIL,CHANGE_POINT,LONG,ALL,ALL,TRAIN,16345,88.83,0.331,-0.1135,0.99989,-51826.0,-281.66,0.793,-57697.5,1.456,-0.078,-0.604,531.7,0.128,11.33
BE0.5_TRAIL,CHANGE_POINT,LONG,ALL,ALL,VALID,7618,85.6,0.366,-0.0347,0.78649,1700.3,19.1,1.016,-14328.2,1.664,-0.021,-0.584,515.3,0.136,11.66
BE0.5_TRAIL,CHANGE_POINT,LONG,ALL,ALL,TEST,8122,88.28,0.293,-0.1693,1.0,-32089.9,-348.8,0.722,-36341.1,1.49,-0.114,-0.61,489.7,0.134,11.82
BE0.5_TRAIL,CHANGE_POINT,LONG,ALL,ALL,HOLDOUT,5490,91.5,0.334,-0.0688,0.97232,-5286.4,-88.11,0.933,-10991.2,1.92,-0.036,-0.603,470.3,0.14,12.82
BE1_TRAIL,CHANGE_POINT,LONG,ALL,ALL,TRAIN,16345,88.83,0.363,-0.1163,0.99803,-50438.9,-274.12,0.845,-59800.0,1.456,-0.08,-0.73,734.4,0.093,8.25
BE1_TRAIL,CHANGE_POINT,LONG,ALL,ALL,VALID,7618,85.6,0.398,-0.0186,0.63928,7708.5,86.61,1.056,-17524.5,1.664,-0.011,-0.704,731.5,0.098,8.35
BE1_TRAIL,CHANGE_POINT,LONG,ALL,ALL,TEST,8122,88.28,0.351,-0.1517,0.99993,-29029.7,-315.54,0.807,-34971.4,1.49,-0.102,-0.744,715.5,0.094,8.28
BE1_TRAIL,CHANGE_POINT,LONG,ALL,ALL,HOLDOUT,5490,91.5,0.387,-0.0202,0.66092,5967.2,99.45,1.059,-8430.5,1.92,-0.01,-0.732,677.5,0.092,8.4
ATR_TRAIL2,CHANGE_POINT,LONG,ALL,ALL,TRAIN,16345,88.83,0.306,-0.0882,1.0,-40204.9,-218.5,0.744,-40535.3,1.456,-0.061,-0.313,129.8,0.309,27.48
ATR_TRAIL2,CHANGE_POINT,LONG,ALL,ALL,VALID,7618,85.6,0.324,-0.0869,0.99975,-12698.0,-142.67,0.816,-14027.8,1.664,-0.052,-0.322,125.2,0.351,30.01
ATR_TRAIL2,CHANGE_POINT,LONG,ALL,ALL,TEST,8122,88.28,0.3,-0.1179,1.0,-19359.5,-210.43,0.724,-20694.5,1.49,-0.079,-0.317,122.3,0.37,32.68
ATR_TRAIL2,CHANGE_POINT,LONG,ALL,ALL,HOLDOUT,5490,91.5,0.297,-0.1135,1.0,-13313.2,-221.89,0.754,-13950.9,1.92,-0.059,-0.336,115.8,0.382,34.92
ATR_TRAIL3,CHANGE_POINT,LONG,ALL,ALL,TRAIN,16345,88.83,0.325,-0.0838,0.9966,-37423.5,-203.39,0.816,-46691.4,1.456,-0.058,-0.423,262.3,0.207,18.4
ATR_TRAIL3,CHANGE_POINT,LONG,ALL,ALL,VALID,7618,85.6,0.35,-0.0665,0.97303,-11530.5,-129.56,0.874,-17379.7,1.664,-0.04,-0.432,262.5,0.229,19.58
ATR_TRAIL3,CHANGE_POINT,LONG,ALL,ALL,TEST,8122,88.28,0.29,-0.132,1.0,-21553.3,-234.28,0.772,-23992.6,1.49,-0.089,-0.433,242.1,0.233,20.57
ATR_TRAIL3,CHANGE_POINT,LONG,ALL,ALL,HOLDOUT,5490,91.5,0.325,-0.0884,0.99764,-7423.3,-123.72,0.894,-8500.8,1.92,-0.046,-0.452,243.9,0.231,21.17
ATR_TRAIL4,CHANGE_POINT,LONG,ALL,ALL,TRAIN,16345,88.83,0.331,-0.0876,0.99402,-41988.6,-228.2,0.828,-55905.6,1.456,-0.06,-0.518,405.1,0.148,13.15
ATR_TRAIL4,CHANGE_POINT,LONG,ALL,ALL,VALID,7618,85.6,0.372,-0.0093,0.58624,5782.0,64.97,1.055,-11304.9,1.664,-0.006,-0.515,426.9,0.159,13.64
ATR_TRAIL4,CHANGE_POINT,LONG,ALL,ALL,TEST,8122,88.28,0.292,-0.1457,0.99991,-26832.6,-291.66,0.769,-29810.9,1.49,-0.098,-0.533,379.5,0.157,13.84
ATR_TRAIL4,CHANGE_POINT,LONG,ALL,ALL,HOLDOUT,5490,91.5,0.328,-0.0584,0.89415,-3388.5,-56.48,0.96,-9834.7,1.92,-0.03,-0.553,388.2,0.151,13.8
MFE_LOCK0.3,CHANGE_POINT,LONG,ALL,ALL,TRAIN,16345,88.83,0.48,-0.0996,0.99665,-46810.6,-254.41,0.855,-55186.2,1.456,-0.068,-0.727,643.5,0.104,9.23
MFE_LOCK0.3,CHANGE_POINT,LONG,ALL,ALL,VALID,7618,85.6,0.515,-0.0299,0.73772,6942.2,78.0,1.051,-15687.6,1.664,-0.018,-0.702,625.9,0.108,9.2
MFE_LOCK0.3,CHANGE_POINT,LONG,ALL,ALL,TEST,8122,88.28,0.463,-0.1374,0.99985,-23269.1,-252.93,0.844,-30052.2,1.49,-0.092,-0.741,633.0,0.104,9.17
MFE_LOCK0.3,CHANGE_POINT,LONG,ALL,ALL,HOLDOUT,5490,91.5,0.507,-0.0373,0.81334,-1319.9,-22.0,0.987,-11991.8,1.92,-0.019,-0.725,593.8,0.113,10.3
MFE_LOCK0.5,CHANGE_POINT,LONG,ALL,ALL,TRAIN,16345,88.83,0.479,-0.1081,0.99684,-49491.6,-268.98,0.846,-59875.6,1.456,-0.074,-0.728,703.7,0.095,8.45
MFE_LOCK0.5,CHANGE_POINT,LONG,ALL,ALL,VALID,7618,85.6,0.514,-0.0295,0.7268,3735.4,41.97,1.027,-16342.4,1.664,-0.018,-0.702,701.5,0.101,8.69
MFE_LOCK0.5,CHANGE_POINT,LONG,ALL,ALL,TEST,8122,88.28,0.462,-0.1453,0.99983,-24298.3,-264.11,0.837,-29719.6,1.49,-0.097,-0.741,684.6,0.099,8.74
MFE_LOCK0.5,CHANGE_POINT,LONG,ALL,ALL,HOLDOUT,5490,91.5,0.504,-0.0282,0.71179,4415.7,73.59,1.044,-8868.3,1.92,-0.015,-0.726,647.6,0.103,9.45
NOTP_TRAIL0.5,CHANGE_POINT,LONG,ALL,ALL,TRAIN,16345,88.83,0.306,-0.0945,1.0,-46562.5,-253.06,0.714,-47723.2,1.456,-0.065,-0.313,170.9,0.299,26.58
NOTP_TRAIL0.5,CHANGE_POINT,LONG,ALL,ALL,VALID,7618,85.6,0.33,-0.0652,0.99152,-873.3,-9.81,0.987,-10246.2,1.664,-0.039,-0.317,166.7,0.336,28.76
NOTP_TRAIL0.5,CHANGE_POINT,LONG,ALL,ALL,TEST,8122,88.28,0.292,-0.1236,1.0,-21298.2,-231.5,0.706,-24091.0,1.49,-0.083,-0.315,148.1,0.359,31.72
NOTP_TRAIL0.5,CHANGE_POINT,LONG,ALL,ALL,HOLDOUT,5490,91.5,0.292,-0.109,1.0,-11964.8,-199.41,0.78,-12894.6,1.92,-0.057,-0.325,143.7,0.373,34.1
NOTP_TRAIL1,CHANGE_POINT,LONG,ALL,ALL,TRAIN,16345,88.83,0.354,-0.1034,0.99823,-42886.0,-233.08,0.843,-53113.9,1.456,-0.071,-0.573,569.7,0.119,10.53
NOTP_TRAIL1,CHANGE_POINT,LONG,ALL,ALL,VALID,7618,85.6,0.385,-0.0357,0.791,4974.4,55.89,1.043,-13708.2,1.664,-0.021,-0.549,565.5,0.122,10.45
NOTP_TRAIL1,CHANGE_POINT,LONG,ALL,ALL,TEST,8122,88.28,0.321,-0.1649,1.0,-32860.6,-357.18,0.751,-36867.0,1.49,-0.111,-0.583,516.4,0.131,11.58
NOTP_TRAIL1,CHANGE_POINT,LONG,ALL,ALL,HOLDOUT,5490,91.5,0.372,-0.048,0.87265,4979.8,83.0,1.056,-7315.7,1.92,-0.025,-0.575,512.0,0.124,11.37
NOTP_TRAIL1.5,CHANGE_POINT,LONG,ALL,ALL,TRAIN,16345,88.83,0.364,-0.1153,0.99588,-50712.6,-275.61,0.849,-65005.1,1.456,-0.079,-0.722,804.7,0.083,7.36
NOTP_TRAIL1.5,CHANGE_POINT,LONG,ALL,ALL,VALID,7618,85.6,0.404,-0.0306,0.7213,6992.3,78.57,1.049,-19089.0,1.664,-0.018,-0.693,819.2,0.087,7.42
NOTP_TRAIL1.5,CHANGE_POINT,LONG,ALL,ALL,TEST,8122,88.28,0.355,-0.151,0.99959,-28508.0,-309.87,0.817,-34324.0,1.49,-0.101,-0.737,781.8,0.085,7.47
NOTP_TRAIL1.5,CHANGE_POINT,LONG,ALL,ALL,HOLDOUT,5490,91.5,0.385,0.0075,0.45167,13004.5,216.74,1.122,-7416.8,1.92,0.004,-0.733,758.5,0.084,7.68
TIME15m,CHANGE_POINT,LONG,ALL,ALL,TRAIN,16345,88.83,0.41,-0.0286,0.99989,-15606.1,-84.82,0.782,-16096.4,1.456,-0.02,-0.179,14.9,0.466,41.36
TIME15m,CHANGE_POINT,LONG,ALL,ALL,VALID,7618,85.6,0.367,-0.0587,1.0,-11017.2,-123.79,0.697,-11335.9,1.664,-0.035,-0.207,14.9,0.526,45.06
TIME15m,CHANGE_POINT,LONG,ALL,ALL,TEST,8122,88.28,0.386,-0.0426,1.0,-7644.7,-83.09,0.764,-7805.7,1.49,-0.029,-0.18,14.9,0.597,52.73
TIME15m,CHANGE_POINT,LONG,ALL,ALL,HOLDOUT,5490,91.5,0.391,-0.042,0.99998,-5066.4,-84.44,0.794,-5103.4,1.92,-0.022,-0.192,14.9,0.683,62.5
TIME30m,CHANGE_POINT,LONG,ALL,ALL,TRAIN,16345,88.83,0.42,-0.0266,0.98526,-17322.5,-94.14,0.814,-19163.8,1.456,-0.018,-0.237,29.7,0.418,37.11
TIME30m,CHANGE_POINT,LONG,ALL,ALL,VALID,7618,85.6,0.411,-0.042,0.99078,-7198.8,-80.89,0.835,-9615.7,1.664,-0.025,-0.267,29.5,0.476,40.72
TIME30m,CHANGE_POINT,LONG,ALL,ALL,TEST,8122,88.28,0.419,-0.0366,0.998,-4912.6,-53.4,0.88,-7922.3,1.49,-0.025,-0.246,29.6,0.534,47.17
TIME30m,CHANGE_POINT,LONG,ALL,ALL,HOLDOUT,5490,91.5,0.404,-0.0414,0.99006,-4405.6,-73.43,0.863,-4436.1,1.92,-0.022,-0.26,29.4,0.605,55.33
TIME1h,CHANGE_POINT,LONG,ALL,ALL,TRAIN,16345,88.83,0.431,-0.0282,0.92787,-14760.4,-80.22,0.88,-23505.5,1.456,-0.019,-0.321,58.3,0.373,33.17
TIME1h,CHANGE_POINT,LONG,ALL,ALL,VALID,7618,85.6,0.41,-0.0462,0.98131,-8576.5,-96.37,0.849,-11601.0,1.664,-0.028,-0.338,58.0,0.425,36.37
TIME1h,CHANGE_POINT,LONG,ALL,ALL,TEST,8122,88.28,0.426,-0.0448,0.99056,-3918.5,-42.59,0.927,-9795.1,1.49,-0.03,-0.327,58.2,0.465,41.08
TIME1h,CHANGE_POINT,LONG,ALL,ALL,HOLDOUT,5490,91.5,0.403,-0.055,0.99645,-6382.7,-106.38,0.851,-6615.3,1.92,-0.029,-0.349,57.4,0.509,46.62
TIME2h,CHANGE_POINT,LONG,ALL,ALL,TRAIN,16345,88.83,0.43,-0.0413,0.95657,-13322.0,-72.4,0.915,-23260.3,1.456,-0.028,-0.417,112.0,0.301,26.76
TIME2h,CHANGE_POINT,LONG,ALL,ALL,VALID,7618,85.6,0.429,-0.0369,0.9074,-5878.1,-66.05,0.917,-10862.1,1.664,-0.022,-0.42,112.1,0.345,29.52
TIME2h,CHANGE_POINT,LONG,ALL,ALL,TEST,8122,88.28,0.45,-0.0374,0.92346,961.6,10.45,1.014,-5932.3,1.49,-0.025,-0.421,111.9,0.358,31.62
TIME2h,CHANGE_POINT,LONG,ALL,ALL,HOLDOUT,5490,91.5,0.41,-0.062,0.98554,-9614.0,-160.23,0.832,-10475.5,1.92,-0.032,-0.452,109.3,0.379,34.63
TIME4h,CHANGE_POINT,LONG,ALL,ALL,TRAIN,16345,88.83,0.439,-0.0469,0.9484,-21534.5,-117.04,0.892,-31093.4,1.456,-0.032,-0.516,207.8,0.226,20.1
TIME4h,CHANGE_POINT,LONG,ALL,ALL,VALID,7618,85.6,0.473,-0.0077,0.5897,-656.8,-7.38,0.992,-15046.0,1.664,-0.005,-0.513,209.2,0.249,21.31
TIME4h,CHANGE_POINT,LONG,ALL,ALL,TEST,8122,88.28,0.44,-0.0648,0.98457,-7623.9,-82.87,0.915,-12162.4,1.49,-0.043,-0.528,207.2,0.251,22.13
TIME4h,CHANGE_POINT,LONG,ALL,ALL,HOLDOUT,5490,91.5,0.434,-0.0554,0.96265,-8344.3,-139.07,0.883,-9580.3,1.92,-0.029,-0.552,200.8,0.259,23.72
SIG_OFF,CHANGE_POINT,LONG,ALL,ALL,TRAIN,16345,88.83,0.404,-0.0223,0.98779,-11645.7,-63.29,0.842,-12203.1,1.456,-0.015,-0.183,16.4,0.455,40.42
SIG_OFF,CHANGE_POINT,LONG,ALL,ALL,VALID,7618,85.6,0.36,-0.0591,0.99999,-12085.0,-135.79,0.685,-12125.6,1.664,-0.036,-0.211,16.3,0.519,44.44
SIG_OFF,CHANGE_POINT,LONG,ALL,ALL,TEST,8122,88.28,0.38,-0.0392,0.9995,-8481.5,-92.19,0.749,-8549.8,1.49,-0.026,-0.185,16.4,0.587,51.78
SIG_OFF,CHANGE_POINT,LONG,ALL,ALL,HOLDOUT,5490,91.5,0.383,-0.0348,0.98807,-3880.4,-64.67,0.848,-3958.1,1.92,-0.018,-0.198,16.5,0.672,61.45
MOM_OFF,CHANGE_POINT,LONG,ALL,ALL,TRAIN,16345,88.83,0.348,-0.0167,0.7524,-7116.2,-38.67,0.941,-17922.0,1.456,-0.011,-0.284,64.5,0.356,31.59
MOM_OFF,CHANGE_POINT,LONG,ALL,ALL,VALID,7618,85.6,0.315,-0.056,0.99524,-9778.3,-109.87,0.826,-11397.6,1.664,-0.034,-0.304,60.7,0.41,35.06
MOM_OFF,CHANGE_POINT,LONG,ALL,ALL,TEST,8122,88.28,0.334,-0.0478,0.99446,-8948.6,-97.27,0.835,-11894.9,1.49,-0.032,-0.29,63.8,0.439,38.75
MOM_OFF,CHANGE_POINT,LONG,ALL,ALL,HOLDOUT,5490,91.5,0.308,-0.0483,0.97671,-5496.0,-91.6,0.87,-6126.0,1.92,-0.025,-0.315,62.4,0.473,43.28
FIXED,OI_PRICE,LONG,ALL,ALL,TRAIN,20825,113.18,0.421,-0.0413,0.94272,-1477.0,-8.03,0.997,-50018.3,1.596,-0.026,-0.764,741.3,0.07,7.92
FIXED,OI_PRICE,LONG,ALL,ALL,VALID,10179,114.37,0.433,-0.0124,0.65733,-4148.4,-46.61,0.985,-25813.0,1.658,-0.007,-0.753,744.1,0.069,7.84
FIXED,OI_PRICE,LONG,ALL,ALL,TEST,10959,119.12,0.4,-0.085,0.99912,-27045.7,-293.98,0.912,-47006.1,1.498,-0.057,-0.784,750.8,0.068,8.08
FIXED,OI_PRICE,LONG,ALL,ALL,HOLDOUT,8025,133.75,0.463,0.0798,0.01212,32536.7,542.28,1.146,-19809.6,2.008,0.04,-0.792,687.3,0.062,8.25
TRAIL_A0.5_D0.5,OI_PRICE,LONG,ALL,ALL,TRAIN,20825,113.18,0.574,-0.0567,0.9993,-28889.0,-157.01,0.926,-53009.7,1.596,-0.036,-0.59,434.1,0.125,14.16
TRAIL_A0.5_D0.5,OI_PRICE,LONG,ALL,ALL,VALID,10179,114.37,0.588,-0.0456,0.97583,-15967.8,-179.41,0.914,-19925.1,1.658,-0.027,-0.579,415.7,0.121,13.84
TRAIL_A0.5_D0.5,OI_PRICE,LONG,ALL,ALL,TEST,10959,119.12,0.552,-0.0985,1.0,-40946.0,-445.07,0.805,-52358.8,1.498,-0.066,-0.6,426.2,0.122,14.53
TRAIL_A0.5_D0.5,OI_PRICE,LONG,ALL,ALL,HOLDOUT,8025,133.75,0.596,-0.0055,0.60682,1776.9,29.62,1.012,-9849.2,2.008,-0.003,-0.593,378.5,0.102,13.65
TRAIL_A0.5_D1,OI_PRICE,LONG,ALL,ALL,TRAIN,20825,113.18,0.395,-0.0521,0.98969,-16465.7,-89.49,0.965,-54623.9,1.596,-0.033,-0.628,567.6,0.096,10.83
TRAIL_A0.5_D1,OI_PRICE,LONG,ALL,ALL,VALID,10179,114.37,0.406,-0.0275,0.84646,-11399.3,-128.08,0.949,-23520.0,1.658,-0.017,-0.616,549.7,0.094,10.78
TRAIL_A0.5_D1,OI_PRICE,LONG,ALL,ALL,TEST,10959,119.12,0.361,-0.1114,1.0,-42284.2,-459.61,0.834,-53560.8,1.498,-0.074,-0.643,555.5,0.091,10.8
TRAIL_A0.5_D1,OI_PRICE,LONG,ALL,ALL,HOLDOUT,8025,133.75,0.416,0.0123,0.31855,11229.7,187.16,1.062,-13686.4,2.008,0.006,-0.638,493.7,0.082,10.97
TRAIL_A1_D0.5,OI_PRICE,LONG,ALL,ALL,TRAIN,20825,113.18,0.489,-0.0483,0.98361,-12370.1,-67.23,0.976,-51078.1,1.596,-0.03,-0.714,627.1,0.085,9.62
TRAIL_A1_D0.5,OI_PRICE,LONG,ALL,ALL,VALID,10179,114.37,0.504,-0.0236,0.80547,-7929.2,-89.09,0.968,-23506.4,1.658,-0.014,-0.701,621.2,0.082,9.34
TRAIL_A1_D0.5,OI_PRICE,LONG,ALL,ALL,TEST,10959,119.12,0.464,-0.1011,0.99999,-38303.0,-416.34,0.864,-53620.3,1.498,-0.068,-0.735,633.7,0.08,9.48
TRAIL_A1_D0.5,OI_PRICE,LONG,ALL,ALL,HOLDOUT,8025,133.75,0.532,0.0466,0.04719,21772.0,362.87,1.109,-15829.8,2.008,0.023,-0.723,566.6,0.073,9.75
TRAIL_A1_D1,OI_PRICE,LONG,ALL,ALL,TRAIN,20825,113.18,0.467,-0.0449,0.96748,-6720.5,-36.52,0.987,-51393.6,1.596,-0.028,-0.716,668.6,0.081,9.17
TRAIL_A1_D1,OI_PRICE,LONG,ALL,ALL,VALID,10179,114.37,0.48,-0.017,0.72318,-5298.5,-59.53,0.979,-24518.8,1.658,-0.01,-0.702,660.8,0.078,8.92
TRAIL_A1_D1,OI_PRICE,LONG,ALL,ALL,TEST,10959,119.12,0.439,-0.1024,0.99997,-36957.2,-401.71,0.869,-51163.6,1.498,-0.068,-0.737,671.3,0.074,8.8
TRAIL_A1_D1,OI_PRICE,LONG,ALL,ALL,HOLDOUT,8025,133.75,0.507,0.0506,0.0475,22635.1,377.25,1.113,-16702.4,2.008,0.025,-0.728,604.3,0.07,9.4
BE0.5_TRAIL,OI_PRICE,LONG,ALL,ALL,TRAIN,20825,113.18,0.344,-0.0485,0.98964,-11272.2,-61.26,0.972,-55486.9,1.596,-0.03,-0.593,499.6,0.106,12.02
BE0.5_TRAIL,OI_PRICE,LONG,ALL,ALL,VALID,10179,114.37,0.346,-0.04,0.94345,-14984.6,-168.37,0.921,-22400.8,1.658,-0.024,-0.582,474.5,0.108,12.4
BE0.5_TRAIL,OI_PRICE,LONG,ALL,ALL,TEST,10959,119.12,0.303,-0.1114,1.0,-41055.2,-446.25,0.809,-53911.2,1.498,-0.074,-0.605,481.3,0.107,12.74
BE0.5_TRAIL,OI_PRICE,LONG,ALL,ALL,HOLDOUT,8025,133.75,0.351,0.0031,0.44828,6079.6,101.33,1.04,-10630.7,2.008,0.002,-0.601,431.5,0.093,12.45
BE1_TRAIL,OI_PRICE,LONG,ALL,ALL,TRAIN,20825,113.18,0.374,-0.0426,0.94596,4827.7,26.24,1.009,-57760.3,1.596,-0.027,-0.718,711.6,0.075,8.46
BE1_TRAIL,OI_PRICE,LONG,ALL,ALL,VALID,10179,114.37,0.384,-0.0204,0.74895,-6584.4,-73.98,0.974,-25005.1,1.658,-0.012,-0.703,702.3,0.073,8.31
BE1_TRAIL,OI_PRICE,LONG,ALL,ALL,TEST,10959,119.12,0.338,-0.1091,0.99998,-35807.1,-389.21,0.874,-51994.9,1.498,-0.073,-0.74,708.3,0.072,8.63
BE1_TRAIL,OI_PRICE,LONG,ALL,ALL,HOLDOUT,8025,133.75,0.397,0.0675,0.02485,27611.5,460.19,1.137,-15894.6,2.008,0.034,-0.735,646.8,0.065,8.67
ATR_TRAIL2,OI_PRICE,LONG,ALL,ALL,TRAIN,20825,113.18,0.321,-0.0505,0.99992,-30127.6,-163.74,0.878,-42126.7,1.596,-0.032,-0.31,117.6,0.348,39.34
ATR_TRAIL2,OI_PRICE,LONG,ALL,ALL,VALID,10179,114.37,0.32,-0.0691,1.0,-28515.1,-320.39,0.769,-28927.1,1.658,-0.042,-0.317,105.3,0.365,41.79
ATR_TRAIL2,OI_PRICE,LONG,ALL,ALL,TEST,10959,119.12,0.3,-0.084,1.0,-34566.6,-375.72,0.732,-36408.2,1.498,-0.056,-0.309,111.6,0.356,42.41
ATR_TRAIL2,OI_PRICE,LONG,ALL,ALL,HOLDOUT,8025,133.75,0.326,-0.0362,0.99768,-10100.8,-168.35,0.899,-11010.4,2.008,-0.018,-0.33,103.5,0.325,43.45
ATR_TRAIL3,OI_PRICE,LONG,ALL,ALL,TRAIN,20825,113.18,0.333,-0.0472,0.98602,-20463.5,-111.21,0.938,-48827.4,1.596,-0.03,-0.421,242.9,0.195,22.1
ATR_TRAIL3,OI_PRICE,LONG,ALL,ALL,VALID,10179,114.37,0.32,-0.0802,0.99999,-42029.7,-472.24,0.749,-42321.1,1.658,-0.048,-0.432,231.2,0.203,23.24
ATR_TRAIL3,OI_PRICE,LONG,ALL,ALL,TEST,10959,119.12,0.297,-0.0933,1.0,-32871.1,-357.29,0.813,-37909.7,1.498,-0.062,-0.425,236.7,0.186,22.16
ATR_TRAIL3,OI_PRICE,LONG,ALL,ALL,HOLDOUT,8025,133.75,0.335,-0.0253,0.88593,-8655.6,-144.26,0.936,-12973.0,2.008,-0.013,-0.451,224.6,0.174,23.28
ATR_TRAIL4,OI_PRICE,LONG,ALL,ALL,TRAIN,20825,113.18,0.336,-0.0499,0.9833,-20475.3,-111.28,0.949,-56418.5,1.596,-0.031,-0.516,387.3,0.128,14.46
ATR_TRAIL4,OI_PRICE,LONG,ALL,ALL,VALID,10179,114.37,0.34,-0.0346,0.91578,-20523.5,-230.6,0.896,-27892.7,1.658,-0.021,-0.527,394.3,0.127,14.48
ATR_TRAIL4,OI_PRICE,LONG,ALL,ALL,TEST,10959,119.12,0.29,-0.1025,1.0,-31342.8,-340.68,0.855,-40361.4,1.498,-0.068,-0.529,382.6,0.119,14.18
ATR_TRAIL4,OI_PRICE,LONG,ALL,ALL,HOLDOUT,8025,133.75,0.337,0.0097,0.37003,969.8,16.16,1.006,-10550.8,2.008,0.005,-0.558,377.2,0.108,14.48
MFE_LOCK0.3,OI_PRICE,LONG,ALL,ALL,TRAIN,20825,113.18,0.489,-0.0374,0.94698,2364.2,12.85,1.004,-49482.1,1.596,-0.023,-0.714,626.0,0.085,9.64
MFE_LOCK0.3,OI_PRICE,LONG,ALL,ALL,VALID,10179,114.37,0.504,-0.0227,0.79827,-6730.2,-75.62,0.973,-23132.8,1.658,-0.014,-0.701,617.6,0.084,9.63
MFE_LOCK0.3,OI_PRICE,LONG,ALL,ALL,TEST,10959,119.12,0.464,-0.0957,0.99996,-34227.9,-372.04,0.879,-49943.4,1.498,-0.064,-0.736,630.3,0.078,9.35
MFE_LOCK0.3,OI_PRICE,LONG,ALL,ALL,HOLDOUT,8025,133.75,0.532,0.0573,0.021,23206.8,386.78,1.116,-14437.7,2.008,0.029,-0.723,565.2,0.075,10.03
MFE_LOCK0.5,OI_PRICE,LONG,ALL,ALL,TRAIN,20825,113.18,0.489,-0.0493,0.9759,-9369.9,-50.92,0.982,-62633.8,1.596,-0.031,-0.715,678.3,0.078,8.84
MFE_LOCK0.5,OI_PRICE,LONG,ALL,ALL,VALID,10179,114.37,0.504,-0.0406,0.92458,-16609.4,-186.62,0.934,-23999.3,1.658,-0.025,-0.701,665.9,0.074,8.46
MFE_LOCK0.5,OI_PRICE,LONG,ALL,ALL,TEST,10959,119.12,0.464,-0.0986,0.99991,-31054.0,-337.54,0.89,-42377.7,1.498,-0.066,-0.736,675.4,0.073,8.65
MFE_LOCK0.5,OI_PRICE,LONG,ALL,ALL,HOLDOUT,8025,133.75,0.532,0.0589,0.02973,26300.3,438.34,1.132,-13126.4,2.008,0.029,-0.727,616.6,0.069,9.22
NOTP_TRAIL0.5,OI_PRICE,LONG,ALL,ALL,TRAIN,20825,113.18,0.322,-0.055,1.0,-34695.2,-188.56,0.864,-43479.7,1.596,-0.034,-0.311,145.5,0.318,36.01
NOTP_TRAIL0.5,OI_PRICE,LONG,ALL,ALL,VALID,10179,114.37,0.331,-0.0561,0.99988,-18063.1,-202.96,0.854,-19585.0,1.658,-0.034,-0.314,130.5,0.344,39.39
NOTP_TRAIL0.5,OI_PRICE,LONG,ALL,ALL,TEST,10959,119.12,0.308,-0.0859,1.0,-32893.5,-357.54,0.752,-36238.4,1.498,-0.057,-0.31,128.0,0.335,39.96
NOTP_TRAIL0.5,OI_PRICE,LONG,ALL,ALL,HOLDOUT,8025,133.75,0.334,-0.0318,0.99451,-9977.5,-166.29,0.902,-10616.3,2.008,-0.016,-0.326,114.1,0.296,39.65
NOTP_TRAIL1,OI_PRICE,LONG,ALL,ALL,TRAIN,20825,113.18,0.365,-0.0484,0.9802,-7547.6,-41.02,0.983,-60801.4,1.596,-0.03,-0.561,527.3,0.106,11.99
NOTP_TRAIL1,OI_PRICE,LONG,ALL,ALL,VALID,10179,114.37,0.371,-0.0462,0.96204,-18097.1,-203.34,0.916,-24789.7,1.658,-0.028,-0.553,504.2,0.102,11.65
NOTP_TRAIL1,OI_PRICE,LONG,ALL,ALL,TEST,10959,119.12,0.328,-0.1151,1.0,-39559.0,-429.99,0.836,-46849.2,1.498,-0.077,-0.572,495.1,0.101,12.03
NOTP_TRAIL1,OI_PRICE,LONG,ALL,ALL,HOLDOUT,8025,133.75,0.383,0.0087,0.37534,7528.0,125.47,1.043,-11697.5,2.008,0.004,-0.576,449.7,0.09,12.05
NOTP_TRAIL1.5,OI_PRICE,LONG,ALL,ALL,TRAIN,20825,113.18,0.376,-0.041,0.93219,6651.9,36.15,1.012,-58658.7,1.596,-0.026,-0.709,783.3,0.067,7.63
NOTP_TRAIL1.5,OI_PRICE,LONG,ALL,ALL,VALID,10179,114.37,0.387,-0.0199,0.72607,-7413.8,-83.3,0.972,-26551.3,1.658,-0.012,-0.695,776.5,0.07,8.06
NOTP_TRAIL1.5,OI_PRICE,LONG,ALL,ALL,TEST,10959,119.12,0.346,-0.1066,0.99988,-36229.4,-393.8,0.877,-48304.0,1.498,-0.071,-0.73,775.5,0.065,7.73
NOTP_TRAIL1.5,OI_PRICE,LONG,ALL,ALL,HOLDOUT,8025,133.75,0.404,0.1012,0.0083,43270.3,721.17,1.205,-15419.8,2.008,0.05,-0.741,729.1,0.058,7.8
TIME15m,OI_PRICE,LONG,ALL,ALL,TRAIN,20825,113.18,0.425,-0.0189,1.0,-13363.1,-72.63,0.872,-13363.1,1.596,-0.012,-0.178,14.9,0.737,83.4
TIME15m,OI_PRICE,LONG,ALL,ALL,VALID,10179,114.37,0.398,-0.035,1.0,-15138.6,-170.1,0.736,-16213.9,1.658,-0.021,-0.193,14.9,0.763,87.29
TIME15m,OI_PRICE,LONG,ALL,ALL,TEST,10959,119.12,0.419,-0.0266,1.0,-12524.0,-136.13,0.77,-12778.7,1.498,-0.018,-0.174,14.9,0.796,94.8
TIME15m,OI_PRICE,LONG,ALL,ALL,HOLDOUT,8025,133.75,0.416,-0.0246,1.0,-8848.9,-147.48,0.802,-8959.3,2.008,-0.012,-0.188,14.9,0.804,107.53
TIME30m,OI_PRICE,LONG,ALL,ALL,TRAIN,20825,113.18,0.438,-0.0144,0.98347,-3122.5,-16.97,0.977,-13651.5,1.596,-0.009,-0.239,29.7,0.637,72.08
TIME30m,OI_PRICE,LONG,ALL,ALL,VALID,10179,114.37,0.413,-0.0335,0.99921,-15013.1,-168.69,0.8,-15974.4,1.658,-0.02,-0.257,29.6,0.666,76.16
TIME30m,OI_PRICE,LONG,ALL,ALL,TEST,10959,119.12,0.424,-0.0279,1.0,-13324.5,-144.83,0.816,-13590.3,1.498,-0.019,-0.235,29.7,0.684,81.46
TIME30m,OI_PRICE,LONG,ALL,ALL,HOLDOUT,8025,133.75,0.427,-0.025,0.99989,-7533.9,-125.56,0.873,-8002.1,2.008,-0.012,-0.256,29.6,0.663,88.63
TIME1h,OI_PRICE,LONG,ALL,ALL,TRAIN,20825,113.18,0.428,-0.0174,0.94779,-49.0,-0.27,1.0,-18577.6,1.596,-0.011,-0.321,58.5,0.494,55.91
TIME1h,OI_PRICE,LONG,ALL,ALL,VALID,10179,114.37,0.414,-0.0364,0.99446,-18321.2,-205.86,0.818,-19119.5,1.658,-0.022,-0.336,58.2,0.514,58.83
TIME1h,OI_PRICE,LONG,ALL,ALL,TEST,10959,119.12,0.435,-0.0333,1.0,-14689.5,-159.67,0.847,-15676.5,1.498,-0.022,-0.316,58.8,0.513,61.1
TIME1h,OI_PRICE,LONG,ALL,ALL,HOLDOUT,8025,133.75,0.427,-0.0158,0.91461,-5390.7,-89.84,0.933,-6448.0,2.008,-0.008,-0.341,58.1,0.485,64.9
TIME2h,OI_PRICE,LONG,ALL,ALL,TRAIN,20825,113.18,0.439,-0.0153,0.83003,3030.3,16.47,1.012,-21118.6,1.596,-0.01,-0.415,112.9,0.335,37.88
TIME2h,OI_PRICE,LONG,ALL,ALL,VALID,10179,114.37,0.415,-0.0344,0.97934,-19001.6,-213.5,0.855,-20322.6,1.658,-0.021,-0.428,112.6,0.343,39.25
TIME2h,OI_PRICE,LONG,ALL,ALL,TEST,10959,119.12,0.421,-0.0406,0.99982,-18936.7,-205.83,0.853,-21738.5,1.498,-0.027,-0.411,114.2,0.335,39.96
TIME2h,OI_PRICE,LONG,ALL,ALL,HOLDOUT,8025,133.75,0.441,-0.0056,0.64045,-1927.8,-32.13,0.982,-7734.6,2.008,-0.003,-0.448,111.5,0.31,41.52
TIME4h,OI_PRICE,LONG,ALL,ALL,TRAIN,20825,113.18,0.439,-0.0154,0.78242,12793.6,69.53,1.039,-24355.3,1.596,-0.01,-0.519,209.5,0.211,23.92
TIME4h,OI_PRICE,LONG,ALL,ALL,VALID,10179,114.37,0.43,-0.0227,0.8731,-15774.3,-177.24,0.903,-21958.5,1.658,-0.014,-0.529,209.4,0.213,24.34
TIME4h,OI_PRICE,LONG,ALL,ALL,TEST,10959,119.12,0.424,-0.0515,0.99965,-21170.6,-230.12,0.875,-25699.8,1.498,-0.034,-0.524,213.6,0.205,24.4
TIME4h,OI_PRICE,LONG,ALL,ALL,HOLDOUT,8025,133.75,0.445,-0.0014,0.52972,55.7,0.93,1.0,-10887.7,2.008,-0.001,-0.566,204.8,0.189,25.28
SIG_OFF,OI_PRICE,LONG,ALL,ALL,TRAIN,20825,113.18,0.381,-0.0096,0.8944,-1882.1,-10.23,0.985,-13539.5,1.596,-0.006,-0.199,25.1,0.652,73.79
SIG_OFF,OI_PRICE,LONG,ALL,ALL,VALID,10179,114.37,0.344,-0.032,0.99846,-14741.3,-165.63,0.783,-15772.8,1.658,-0.019,-0.215,24.9,0.68,77.74
SIG_OFF,OI_PRICE,LONG,ALL,ALL,TEST,10959,119.12,0.369,-0.0306,1.0,-13116.6,-142.57,0.798,-14417.8,1.498,-0.02,-0.197,24.9,0.702,83.6
SIG_OFF,OI_PRICE,LONG,ALL,ALL,HOLDOUT,8025,133.75,0.363,-0.0135,0.93794,-2514.7,-41.91,0.953,-4857.9,2.008,-0.007,-0.214,25.9,0.684,91.45
MOM_OFF,OI_PRICE,LONG,ALL,ALL,TRAIN,20825,113.18,0.334,-0.0062,0.65805,7502.6,40.78,1.041,-20406.3,1.596,-0.004,-0.278,63.7,0.447,50.62
MOM_OFF,OI_PRICE,LONG,ALL,ALL,VALID,10179,114.37,0.315,-0.0306,0.98332,-16129.1,-181.23,0.832,-17076.4,1.658,-0.018,-0.292,61.9,0.464,53.04
MOM_OFF,OI_PRICE,LONG,ALL,ALL,TEST,10959,119.12,0.324,-0.0398,1.0,-18065.9,-196.37,0.809,-19584.9,1.498,-0.027,-0.275,62.7,0.47,55.97
MOM_OFF,OI_PRICE,LONG,ALL,ALL,HOLDOUT,8025,133.75,0.323,-0.0086,0.7372,-3446.0,-57.43,0.957,-5968.0,2.008,-0.004,-0.303,63.6,0.435,58.17
FIXED,BASELINE,LONG,ALL,ALL,TRAIN,66878,363.47,0.402,-0.1353,1.0,-199383.1,-1083.6,0.838,-232849.8,1.558,-0.087,-0.817,731.2,0.016,5.88
FIXED,BASELINE,LONG,ALL,ALL,VALID,34683,389.7,0.411,-0.1079,0.99646,-72283.9,-812.18,0.88,-83667.9,1.594,-0.068,-0.794,733.6,0.015,5.84
FIXED,BASELINE,LONG,ALL,ALL,TEST,36036,391.7,0.406,-0.1375,0.99993,-99189.1,-1078.14,0.839,-131642.8,1.523,-0.09,-0.813,728.0,0.015,5.96
FIXED,BASELINE,LONG,ALL,ALL,HOLDOUT,23507,391.78,0.455,-0.0139,0.62682,30182.6,503.04,1.079,-30135.9,1.881,-0.007,-0.79,730.4,0.014,5.52
TRAIL_A0.5_D0.5,BASELINE,LONG,ALL,ALL,TRAIN,66878,363.47,0.519,-0.1335,1.0,-193784.7,-1053.18,0.758,-212753.7,1.558,-0.086,-0.611,425.3,0.023,8.2
TRAIL_A0.5_D0.5,BASELINE,LONG,ALL,ALL,VALID,34683,389.7,0.518,-0.1292,1.0,-95241.9,-1070.13,0.764,-97086.8,1.594,-0.081,-0.594,418.9,0.021,8.27
TRAIL_A0.5_D0.5,BASELINE,LONG,ALL,ALL,TEST,36036,391.7,0.515,-0.1397,1.0,-100083.5,-1087.86,0.754,-113691.0,1.523,-0.092,-0.606,419.6,0.021,8.16
TRAIL_A0.5_D0.5,BASELINE,LONG,ALL,ALL,HOLDOUT,23507,391.78,0.546,-0.0766,0.997,-15539.1,-258.99,0.937,-28869.9,1.881,-0.041,-0.563,413.7,0.02,7.97
TRAIL_A0.5_D1,BASELINE,LONG,ALL,ALL,TRAIN,66878,363.47,0.358,-0.1384,1.0,-203862.7,-1107.95,0.793,-230408.1,1.558,-0.089,-0.656,569.3,0.019,6.79
TRAIL_A0.5_D1,BASELINE,LONG,ALL,ALL,VALID,34683,389.7,0.364,-0.117,0.99974,-87835.3,-986.91,0.821,-89647.5,1.594,-0.073,-0.64,563.3,0.018,6.83
TRAIL_A0.5_D1,BASELINE,LONG,ALL,ALL,TEST,36036,391.7,0.356,-0.1432,1.0,-108936.0,-1184.09,0.782,-129383.6,1.523,-0.094,-0.652,558.4,0.017,6.78
TRAIL_A0.5_D1,BASELINE,LONG,ALL,ALL,HOLDOUT,23507,391.78,0.389,-0.0601,0.95743,-3965.7,-66.09,0.987,-34433.2,1.881,-0.032,-0.619,553.2,0.017,6.77
TRAIL_A1_D0.5,BASELINE,LONG,ALL,ALL,TRAIN,66878,363.47,0.472,-0.1422,1.0,-213076.9,-1158.03,0.808,-240611.0,1.558,-0.091,-0.759,617.7,0.018,6.46
TRAIL_A1_D0.5,BASELINE,LONG,ALL,ALL,VALID,34683,389.7,0.477,-0.1243,0.9998,-86456.0,-971.42,0.842,-89058.3,1.594,-0.078,-0.74,616.3,0.017,6.52
TRAIL_A1_D0.5,BASELINE,LONG,ALL,ALL,TEST,36036,391.7,0.472,-0.1483,1.0,-108920.7,-1183.92,0.805,-133951.0,1.523,-0.097,-0.756,610.8,0.017,6.47
TRAIL_A1_D0.5,BASELINE,LONG,ALL,ALL,HOLDOUT,23507,391.78,0.522,-0.0472,0.90427,6585.1,109.75,1.019,-31141.9,1.881,-0.025,-0.723,610.3,0.016,6.38
TRAIL_A1_D1,BASELINE,LONG,ALL,ALL,TRAIN,66878,363.47,0.431,-0.138,1.0,-204708.0,-1112.54,0.816,-236081.4,1.558,-0.089,-0.761,664.8,0.017,6.13
TRAIL_A1_D1,BASELINE,LONG,ALL,ALL,VALID,34683,389.7,0.438,-0.1148,0.999,-80258.9,-901.78,0.854,-84814.5,1.594,-0.072,-0.741,661.9,0.016,6.22
TRAIL_A1_D1,BASELINE,LONG,ALL,ALL,TEST,36036,391.7,0.43,-0.145,0.99999,-108067.3,-1174.64,0.807,-134300.4,1.523,-0.095,-0.758,656.3,0.016,6.18
TRAIL_A1_D1,BASELINE,LONG,ALL,ALL,HOLDOUT,23507,391.78,0.473,-0.0357,0.82051,13165.2,219.42,1.038,-32297.4,1.881,-0.019,-0.728,655.7,0.015,6.02
BE0.5_TRAIL,BASELINE,LONG,ALL,ALL,TRAIN,66878,363.47,0.308,-0.1398,1.0,-197653.6,-1074.2,0.76,-221635.1,1.558,-0.09,-0.614,495.4,0.021,7.46
BE0.5_TRAIL,BASELINE,LONG,ALL,ALL,VALID,34683,389.7,0.314,-0.1251,0.99997,-88867.4,-998.51,0.786,-90368.4,1.594,-0.078,-0.597,488.2,0.019,7.44
BE0.5_TRAIL,BASELINE,LONG,ALL,ALL,TEST,36036,391.7,0.307,-0.1551,1.0,-115532.8,-1255.79,0.725,-129465.7,1.523,-0.102,-0.609,482.6,0.019,7.48
BE0.5_TRAIL,BASELINE,LONG,ALL,ALL,HOLDOUT,23507,391.78,0.332,-0.0713,0.98866,-10275.2,-171.25,0.959,-29742.5,1.881,-0.038,-0.569,477.5,0.019,7.48
BE1_TRAIL,BASELINE,LONG,ALL,ALL,TRAIN,66878,363.47,0.345,-0.1474,1.0,-207085.3,-1125.46,0.816,-240419.4,1.558,-0.095,-0.763,709.2,0.016,5.9
BE1_TRAIL,BASELINE,LONG,ALL,ALL,VALID,34683,389.7,0.355,-0.1213,0.99894,-79085.3,-888.6,0.858,-89866.1,1.594,-0.076,-0.742,707.7,0.015,5.87
BE1_TRAIL,BASELINE,LONG,ALL,ALL,TEST,36036,391.7,0.344,-0.1625,1.0,-118059.2,-1283.25,0.792,-146137.7,1.523,-0.107,-0.759,699.5,0.015,5.96
BE1_TRAIL,BASELINE,LONG,ALL,ALL,HOLDOUT,23507,391.78,0.383,-0.0325,0.77805,18435.5,307.26,1.053,-34527.1,1.881,-0.017,-0.731,701.1,0.015,5.73
ATR_TRAIL2,BASELINE,LONG,ALL,ALL,TRAIN,66878,363.47,0.281,-0.1303,1.0,-199627.1,-1084.93,0.607,-199698.8,1.558,-0.084,-0.296,128.7,0.032,11.74
ATR_TRAIL2,BASELINE,LONG,ALL,ALL,VALID,34683,389.7,0.3,-0.1137,1.0,-83424.8,-937.36,0.658,-84537.2,1.594,-0.071,-0.286,128.8,0.03,11.81
ATR_TRAIL2,BASELINE,LONG,ALL,ALL,TEST,36036,391.7,0.283,-0.134,1.0,-94786.1,-1030.28,0.615,-95817.7,1.523,-0.088,-0.283,125.0,0.03,11.83
ATR_TRAIL2,BASELINE,LONG,ALL,ALL,HOLDOUT,23507,391.78,0.306,-0.1069,1.0,-37712.5,-628.54,0.762,-38896.9,1.881,-0.057,-0.269,123.5,0.03,11.75
ATR_TRAIL3,BASELINE,LONG,ALL,ALL,TRAIN,66878,363.47,0.3,-0.1468,1.0,-228315.3,-1240.84,0.655,-231314.7,1.558,-0.094,-0.408,252.1,0.029,10.53
ATR_TRAIL3,BASELINE,LONG,ALL,ALL,VALID,34683,389.7,0.314,-0.1112,1.0,-79276.2,-890.74,0.75,-79809.8,1.594,-0.07,-0.392,256.3,0.027,10.58
ATR_TRAIL3,BASELINE,LONG,ALL,ALL,TEST,36036,391.7,0.29,-0.1442,1.0,-106987.5,-1162.91,0.67,-110439.6,1.523,-0.095,-0.391,244.8,0.028,10.99
ATR_TRAIL3,BASELINE,LONG,ALL,ALL,HOLDOUT,23507,391.78,0.314,-0.1067,0.99998,-43787.7,-729.8,0.792,-44274.9,1.881,-0.057,-0.377,240.2,0.027,10.75
ATR_TRAIL4,BASELINE,LONG,ALL,ALL,TRAIN,66878,363.47,0.307,-0.1467,1.0,-226056.8,-1228.57,0.719,-234441.5,1.558,-0.094,-0.515,403.0,0.024,8.74
ATR_TRAIL4,BASELINE,LONG,ALL,ALL,VALID,34683,389.7,0.311,-0.1127,0.99985,-78720.5,-884.5,0.798,-79508.9,1.594,-0.071,-0.491,406.5,0.023,8.85
ATR_TRAIL4,BASELINE,LONG,ALL,ALL,TEST,36036,391.7,0.289,-0.161,1.0,-124347.4,-1351.6,0.692,-132479.6,1.523,-0.106,-0.498,387.7,0.024,9.23
ATR_TRAIL4,BASELINE,LONG,ALL,ALL,HOLDOUT,23507,391.78,0.314,-0.0781,0.98646,-27423.1,-457.05,0.893,-41122.2,1.881,-0.042,-0.483,391.3,0.023,8.88
MFE_LOCK0.3,BASELINE,LONG,ALL,ALL,TRAIN,66878,363.47,0.472,-0.1395,1.0,-198316.3,-1077.81,0.822,-227165.3,1.558,-0.09,-0.759,614.3,0.018,6.48
MFE_LOCK0.3,BASELINE,LONG,ALL,ALL,VALID,34683,389.7,0.477,-0.1287,0.99988,-89599.2,-1006.73,0.837,-92329.5,1.594,-0.081,-0.74,613.6,0.016,6.43
MFE_LOCK0.3,BASELINE,LONG,ALL,ALL,TEST,36036,391.7,0.472,-0.155,1.0,-110986.2,-1206.37,0.802,-133575.3,1.523,-0.102,-0.756,607.4,0.017,6.5
MFE_LOCK0.3,BASELINE,LONG,ALL,ALL,HOLDOUT,23507,391.78,0.522,-0.0397,0.8623,13931.9,232.2,1.04,-29883.3,1.881,-0.021,-0.723,608.2,0.016,6.38
MFE_LOCK0.5,BASELINE,LONG,ALL,ALL,TRAIN,66878,363.47,0.471,-0.1444,1.0,-213052.3,-1157.89,0.808,-240874.6,1.558,-0.093,-0.76,673.4,0.017,6.2
MFE_LOCK0.5,BASELINE,LONG,ALL,ALL,VALID,34683,389.7,0.477,-0.1414,0.99995,-103042.3,-1157.78,0.812,-105257.8,1.594,-0.089,-0.74,674.3,0.016,6.13
MFE_LOCK0.5,BASELINE,LONG,ALL,ALL,TEST,36036,391.7,0.471,-0.1625,1.0,-117024.5,-1272.01,0.791,-139155.6,1.523,-0.107,-0.757,664.6,0.016,6.27
MFE_LOCK0.5,BASELINE,LONG,ALL,ALL,HOLDOUT,23507,391.78,0.52,-0.0297,0.75625,18849.1,314.15,1.055,-32022.3,1.881,-0.016,-0.725,671.3,0.016,6.18
NOTP_TRAIL0.5,BASELINE,LONG,ALL,ALL,TRAIN,66878,363.47,0.283,-0.1308,1.0,-206667.4,-1123.19,0.621,-207016.4,1.558,-0.084,-0.311,168.7,0.03,10.95
NOTP_TRAIL0.5,BASELINE,LONG,ALL,ALL,VALID,34683,389.7,0.301,-0.1081,1.0,-77157.0,-866.93,0.704,-77870.0,1.594,-0.068,-0.301,161.7,0.029,11.2
NOTP_TRAIL0.5,BASELINE,LONG,ALL,ALL,TEST,36036,391.7,0.283,-0.1369,1.0,-100060.7,-1087.62,0.631,-101795.6,1.523,-0.09,-0.303,160.3,0.029,11.28
NOTP_TRAIL0.5,BASELINE,LONG,ALL,ALL,HOLDOUT,23507,391.78,0.312,-0.1068,1.0,-37488.0,-624.8,0.785,-38534.8,1.881,-0.057,-0.288,162.0,0.028,10.9
NOTP_TRAIL1,BASELINE,LONG,ALL,ALL,TRAIN,66878,363.47,0.324,-0.1471,1.0,-215910.9,-1173.43,0.768,-239242.8,1.558,-0.094,-0.584,541.8,0.02,7.11
NOTP_TRAIL1,BASELINE,LONG,ALL,ALL,VALID,34683,389.7,0.336,-0.1169,0.99975,-80776.6,-907.6,0.824,-81928.8,1.594,-0.073,-0.566,538.5,0.018,6.94
NOTP_TRAIL1,BASELINE,LONG,ALL,ALL,TEST,36036,391.7,0.325,-0.1559,1.0,-117519.1,-1277.38,0.749,-135220.1,1.523,-0.102,-0.579,529.2,0.018,7.02
NOTP_TRAIL1,BASELINE,LONG,ALL,ALL,HOLDOUT,23507,391.78,0.353,-0.0678,0.96651,-8118.6,-135.31,0.973,-38454.2,1.881,-0.036,-0.552,528.1,0.018,7.02
NOTP_TRAIL1.5,BASELINE,LONG,ALL,ALL,TRAIN,66878,363.47,0.345,-0.1381,1.0,-199094.9,-1082.04,0.828,-234416.1,1.558,-0.089,-0.75,782.2,0.016,5.7
NOTP_TRAIL1.5,BASELINE,LONG,ALL,ALL,VALID,34683,389.7,0.356,-0.114,0.99622,-74252.9,-834.3,0.87,-89825.4,1.594,-0.072,-0.73,792.3,0.014,5.53
NOTP_TRAIL1.5,BASELINE,LONG,ALL,ALL,TEST,36036,391.7,0.344,-0.1682,1.0,-125208.9,-1360.97,0.786,-152602.5,1.523,-0.11,-0.748,778.2,0.015,5.78
NOTP_TRAIL1.5,BASELINE,LONG,ALL,ALL,HOLDOUT,23507,391.78,0.386,-0.0002,0.50121,40018.4,666.97,1.11,-32109.4,1.881,-0.0,-0.732,790.9,0.014,5.47
TIME15m,BASELINE,LONG,ALL,ALL,TRAIN,66878,363.47,0.377,-0.0519,1.0,-82517.7,-448.47,0.59,-83142.2,1.558,-0.033,-0.15,15.0,0.033,11.85
TIME15m,BASELINE,LONG,ALL,ALL,VALID,34683,389.7,0.394,-0.0385,1.0,-31443.6,-353.3,0.675,-35000.8,1.594,-0.024,-0.14,15.0,0.03,11.87
TIME15m,BASELINE,LONG,ALL,ALL,TEST,36036,391.7,0.389,-0.042,1.0,-25617.8,-278.45,0.715,-25766.4,1.523,-0.028,-0.134,15.0,0.03,11.87
TIME15m,BASELINE,LONG,ALL,ALL,HOLDOUT,23507,391.78,0.429,-0.0285,0.99961,-2701.1,-45.02,0.95,-10746.0,1.881,-0.015,-0.133,15.0,0.03,11.8
TIME30m,BASELINE,LONG,ALL,ALL,TRAIN,66878,363.47,0.38,-0.0661,1.0,-102789.8,-558.64,0.619,-103403.5,1.558,-0.042,-0.213,29.9,0.033,11.85
TIME30m,BASELINE,LONG,ALL,ALL,VALID,34683,389.7,0.414,-0.0444,0.99996,-31130.1,-349.78,0.756,-36112.1,1.594,-0.028,-0.199,29.9,0.03,11.87
TIME30m,BASELINE,LONG,ALL,ALL,TEST,36036,391.7,0.42,-0.046,1.0,-28519.7,-310.0,0.756,-30558.3,1.523,-0.03,-0.193,29.9,0.03,11.87
TIME30m,BASELINE,LONG,ALL,ALL,HOLDOUT,23507,391.78,0.465,-0.0209,0.97127,3438.1,57.3,1.049,-6399.2,1.881,-0.011,-0.185,29.9,0.03,11.8
TIME1h,BASELINE,LONG,ALL,ALL,TRAIN,66878,363.47,0.411,-0.0683,1.0,-100042.8,-543.71,0.714,-105103.3,1.558,-0.044,-0.296,59.3,0.033,11.85
TIME1h,BASELINE,LONG,ALL,ALL,VALID,34683,389.7,0.447,-0.0395,0.998,-26223.8,-294.65,0.835,-31969.5,1.594,-0.025,-0.273,59.3,0.03,11.87
TIME1h,BASELINE,LONG,ALL,ALL,TEST,36036,391.7,0.438,-0.044,0.99981,-21702.4,-235.9,0.859,-30213.4,1.523,-0.029,-0.265,59.5,0.03,11.87
TIME1h,BASELINE,LONG,ALL,ALL,HOLDOUT,23507,391.78,0.469,-0.0177,0.87725,4221.5,70.36,1.044,-8044.5,1.881,-0.009,-0.255,59.5,0.03,11.8
TIME2h,BASELINE,LONG,ALL,ALL,TRAIN,66878,363.47,0.432,-0.0748,1.0,-101536.2,-551.83,0.779,-108856.9,1.558,-0.048,-0.398,115.9,0.033,11.85
TIME2h,BASELINE,LONG,ALL,ALL,VALID,34683,389.7,0.452,-0.0388,0.97691,-25746.0,-289.28,0.88,-34703.3,1.594,-0.024,-0.371,116.0,0.03,11.87
TIME2h,BASELINE,LONG,ALL,ALL,TEST,36036,391.7,0.45,-0.0444,0.9906,-22786.5,-247.68,0.893,-37946.8,1.523,-0.029,-0.37,116.5,0.03,11.87
TIME2h,BASELINE,LONG,ALL,ALL,HOLDOUT,23507,391.78,0.455,-0.039,0.97178,-6988.5,-116.48,0.951,-15352.6,1.881,-0.021,-0.363,116.5,0.03,11.8
TIME4h,BASELINE,LONG,ALL,ALL,TRAIN,66878,363.47,0.451,-0.0746,0.99996,-93909.2,-510.38,0.842,-103458.2,1.558,-0.048,-0.506,218.8,0.033,11.85
TIME4h,BASELINE,LONG,ALL,ALL,VALID,34683,389.7,0.454,-0.0526,0.98116,-31569.4,-354.71,0.891,-34275.8,1.594,-0.033,-0.485,220.0,0.03,11.87
TIME4h,BASELINE,LONG,ALL,ALL,TEST,36036,391.7,0.429,-0.0818,0.99977,-60028.7,-652.49,0.802,-73436.6,1.523,-0.054,-0.492,220.6,0.03,11.87
TIME4h,BASELINE,LONG,ALL,ALL,HOLDOUT,23507,391.78,0.458,-0.0364,0.90573,-2319.2,-38.65,0.988,-14987.5,1.881,-0.019,-0.478,219.8,0.03,11.8
MOM_OFF,BASELINE,LONG,ALL,ALL,TRAIN,66878,363.47,0.296,-0.0579,1.0,-83955.1,-456.28,0.675,-84182.8,1.558,-0.037,-0.179,35.5,0.033,11.85
MOM_OFF,BASELINE,LONG,ALL,ALL,VALID,34683,389.7,0.319,-0.0418,1.0,-35679.1,-400.89,0.713,-37302.6,1.594,-0.026,-0.167,36.2,0.03,11.87
MOM_OFF,BASELINE,LONG,ALL,ALL,TEST,36036,391.7,0.314,-0.045,1.0,-28536.1,-310.18,0.761,-30769.0,1.523,-0.03,-0.163,38.3,0.03,11.87
MOM_OFF,BASELINE,LONG,ALL,ALL,HOLDOUT,23507,391.78,0.351,-0.0247,0.98758,-309.1,-5.15,0.996,-8088.2,1.881,-0.013,-0.161,40.3,0.03,11.8
FIXED,BASELINE,SHORT,ALL,ALL,TRAIN,66878,363.47,0.446,-0.0406,0.91795,-65829.4,-357.77,0.943,-101274.0,1.611,-0.025,-0.78,754.3,0.015,5.63
FIXED,BASELINE,SHORT,ALL,ALL,VALID,34683,389.7,0.449,-0.0444,0.86444,-55393.4,-622.4,0.906,-98473.2,1.401,-0.032,-0.783,754.7,0.015,5.69
FIXED,BASELINE,SHORT,ALL,ALL,TEST,36036,391.7,0.447,-0.0543,0.92831,-31174.1,-338.85,0.946,-46968.2,1.422,-0.038,-0.782,752.5,0.014,5.45
FIXED,BASELINE,SHORT,ALL,ALL,HOLDOUT,23507,391.78,0.393,-0.1975,1.0,-115388.4,-1923.14,0.737,-127651.7,1.371,-0.144,-0.827,736.3,0.015,5.77
TRAIL_A0.5_D0.5,BASELINE,SHORT,ALL,ALL,TRAIN,66878,363.47,0.559,-0.0636,0.99931,-96509.7,-524.51,0.871,-107785.2,1.611,-0.039,-0.568,426.2,0.022,8.15
TRAIL_A0.5_D0.5,BASELINE,SHORT,ALL,ALL,VALID,34683,389.7,0.531,-0.1065,0.99996,-91056.7,-1023.11,0.77,-110193.1,1.401,-0.076,-0.593,430.4,0.02,7.96
TRAIL_A0.5_D0.5,BASELINE,SHORT,ALL,ALL,TEST,36036,391.7,0.539,-0.1045,0.99997,-72753.7,-790.8,0.814,-74722.0,1.422,-0.073,-0.589,425.7,0.02,7.84
TRAIL_A0.5_D0.5,BASELINE,SHORT,ALL,ALL,HOLDOUT,23507,391.78,0.499,-0.1859,1.0,-100378.5,-1672.98,0.658,-104526.3,1.371,-0.136,-0.622,420.9,0.021,8.07
TRAIL_A0.5_D1,BASELINE,SHORT,ALL,ALL,TRAIN,66878,363.47,0.393,-0.0575,0.99052,-96291.5,-523.32,0.896,-117526.1,1.611,-0.036,-0.618,586.8,0.018,6.6
TRAIL_A0.5_D1,BASELINE,SHORT,ALL,ALL,VALID,34683,389.7,0.396,-0.0658,0.97188,-58453.7,-656.78,0.878,-92603.5,1.401,-0.047,-0.639,593.6,0.017,6.47
TRAIL_A0.5_D1,BASELINE,SHORT,ALL,ALL,TEST,36036,391.7,0.387,-0.0922,0.99814,-68787.1,-747.69,0.856,-74549.0,1.422,-0.065,-0.634,583.3,0.016,6.38
TRAIL_A0.5_D1,BASELINE,SHORT,ALL,ALL,HOLDOUT,23507,391.78,0.341,-0.1981,1.0,-111617.0,-1860.28,0.686,-119905.2,1.371,-0.145,-0.665,575.7,0.016,6.45
TRAIL_A1_D0.5,BASELINE,SHORT,ALL,ALL,TRAIN,66878,363.47,0.519,-0.0492,0.97442,-77964.6,-423.72,0.925,-101873.6,1.611,-0.031,-0.718,626.9,0.017,6.34
TRAIL_A1_D0.5,BASELINE,SHORT,ALL,ALL,VALID,34683,389.7,0.514,-0.0652,0.96956,-64239.1,-721.79,0.879,-97121.3,1.401,-0.047,-0.727,629.3,0.016,6.4
TRAIL_A1_D0.5,BASELINE,SHORT,ALL,ALL,TEST,36036,391.7,0.515,-0.0772,0.99167,-50261.8,-546.32,0.904,-57970.4,1.422,-0.054,-0.723,620.8,0.016,6.34
TRAIL_A1_D0.5,BASELINE,SHORT,ALL,ALL,HOLDOUT,23507,391.78,0.464,-0.1955,1.0,-109482.6,-1824.71,0.725,-118194.4,1.371,-0.143,-0.769,614.8,0.016,6.3
TRAIL_A1_D1,BASELINE,SHORT,ALL,ALL,TRAIN,66878,363.47,0.475,-0.0443,0.94938,-74844.5,-406.76,0.929,-105508.8,1.611,-0.028,-0.72,683.3,0.017,6.01
TRAIL_A1_D1,BASELINE,SHORT,ALL,ALL,VALID,34683,389.7,0.472,-0.0505,0.9096,-52917.6,-594.58,0.901,-92800.9,1.401,-0.036,-0.729,684.3,0.015,5.99
TRAIL_A1_D1,BASELINE,SHORT,ALL,ALL,TEST,36036,391.7,0.469,-0.0699,0.97841,-45951.3,-499.47,0.913,-54831.2,1.422,-0.049,-0.725,677.2,0.015,5.78
TRAIL_A1_D1,BASELINE,SHORT,ALL,ALL,HOLDOUT,23507,391.78,0.418,-0.1995,1.0,-114711.4,-1911.86,0.713,-125412.6,1.371,-0.145,-0.771,668.3,0.015,5.97
BE0.5_TRAIL,BASELINE,SHORT,ALL,ALL,TRAIN,66878,363.47,0.341,-0.0664,0.99778,-110986.9,-603.19,0.856,-129929.4,1.611,-0.041,-0.573,516.2,0.02,7.24
BE0.5_TRAIL,BASELINE,SHORT,ALL,ALL,VALID,34683,389.7,0.334,-0.0967,0.99922,-80352.6,-902.84,0.803,-108387.5,1.401,-0.069,-0.597,525.1,0.018,7.19
BE0.5_TRAIL,BASELINE,SHORT,ALL,ALL,TEST,36036,391.7,0.334,-0.123,1.0,-91097.4,-990.19,0.774,-93909.2,1.422,-0.087,-0.593,511.3,0.018,6.98
BE0.5_TRAIL,BASELINE,SHORT,ALL,ALL,HOLDOUT,23507,391.78,0.293,-0.207,1.0,-116291.0,-1938.18,0.614,-121532.3,1.371,-0.151,-0.624,496.3,0.019,7.25
BE1_TRAIL,BASELINE,SHORT,ALL,ALL,TRAIN,66878,363.47,0.383,-0.0554,0.96718,-93750.8,-509.52,0.911,-136001.4,1.611,-0.034,-0.723,744.8,0.016,5.73
BE1_TRAIL,BASELINE,SHORT,ALL,ALL,VALID,34683,389.7,0.387,-0.0761,0.97387,-76950.9,-864.62,0.857,-113677.0,1.401,-0.054,-0.731,750.1,0.015,5.78
BE1_TRAIL,BASELINE,SHORT,ALL,ALL,TEST,36036,391.7,0.378,-0.0979,0.99653,-68489.5,-744.45,0.871,-76840.0,1.422,-0.069,-0.728,735.5,0.014,5.53
BE1_TRAIL,BASELINE,SHORT,ALL,ALL,HOLDOUT,23507,391.78,0.334,-0.2296,1.0,-128229.7,-2137.16,0.681,-136900.6,1.371,-0.167,-0.772,716.3,0.015,5.73
ATR_TRAIL2,BASELINE,SHORT,ALL,ALL,TRAIN,66878,363.47,0.312,-0.0907,1.0,-141351.7,-768.22,0.707,-142917.5,1.611,-0.056,-0.28,136.2,0.032,11.72
ATR_TRAIL2,BASELINE,SHORT,ALL,ALL,VALID,34683,389.7,0.298,-0.1216,1.0,-103070.8,-1158.1,0.594,-103836.4,1.401,-0.087,-0.295,137.2,0.03,11.7
ATR_TRAIL2,BASELINE,SHORT,ALL,ALL,TEST,36036,391.7,0.299,-0.134,1.0,-93085.7,-1011.8,0.624,-93521.0,1.422,-0.094,-0.294,136.7,0.03,11.77
ATR_TRAIL2,BASELINE,SHORT,ALL,ALL,HOLDOUT,23507,391.78,0.275,-0.1821,1.0,-92174.9,-1536.25,0.488,-92202.0,1.371,-0.133,-0.305,127.0,0.03,11.72
ATR_TRAIL3,BASELINE,SHORT,ALL,ALL,TRAIN,66878,363.47,0.332,-0.0778,0.99958,-113334.5,-615.95,0.819,-116215.8,1.611,-0.048,-0.384,275.0,0.029,10.41
ATR_TRAIL3,BASELINE,SHORT,ALL,ALL,VALID,34683,389.7,0.321,-0.1125,1.0,-95462.3,-1072.61,0.704,-108991.3,1.401,-0.08,-0.403,282.2,0.027,10.36
ATR_TRAIL3,BASELINE,SHORT,ALL,ALL,TEST,36036,391.7,0.33,-0.136,1.0,-98214.3,-1067.55,0.689,-99281.4,1.422,-0.096,-0.397,268.4,0.027,10.57
ATR_TRAIL3,BASELINE,SHORT,ALL,ALL,HOLDOUT,23507,391.78,0.292,-0.1992,1.0,-105038.0,-1750.63,0.546,-108178.4,1.371,-0.145,-0.412,251.4,0.027,10.58
ATR_TRAIL4,BASELINE,SHORT,ALL,ALL,TRAIN,66878,363.47,0.334,-0.0687,0.98901,-122335.3,-664.87,0.84,-129762.0,1.611,-0.043,-0.483,431.9,0.023,8.36
ATR_TRAIL4,BASELINE,SHORT,ALL,ALL,VALID,34683,389.7,0.334,-0.1055,0.99957,-89781.0,-1008.78,0.77,-117780.6,1.401,-0.075,-0.503,448.5,0.022,8.45
ATR_TRAIL4,BASELINE,SHORT,ALL,ALL,TEST,36036,391.7,0.336,-0.1368,1.0,-103635.0,-1126.47,0.73,-104908.5,1.422,-0.096,-0.495,423.4,0.022,8.51
ATR_TRAIL4,BASELINE,SHORT,ALL,ALL,HOLDOUT,23507,391.78,0.3,-0.2205,1.0,-116519.3,-1941.99,0.583,-121104.5,1.371,-0.161,-0.516,399.9,0.022,8.63
MFE_LOCK0.3,BASELINE,SHORT,ALL,ALL,TRAIN,66878,363.47,0.519,-0.0512,0.9768,-75816.5,-412.05,0.927,-102793.7,1.611,-0.032,-0.718,622.8,0.017,6.35
MFE_LOCK0.3,BASELINE,SHORT,ALL,ALL,VALID,34683,389.7,0.514,-0.0759,0.98682,-71698.0,-805.6,0.865,-104225.2,1.401,-0.054,-0.726,626.4,0.017,6.48
MFE_LOCK0.3,BASELINE,SHORT,ALL,ALL,TEST,36036,391.7,0.515,-0.093,0.99851,-62538.6,-679.77,0.881,-69256.1,1.422,-0.065,-0.723,613.7,0.016,6.45
MFE_LOCK0.3,BASELINE,SHORT,ALL,ALL,HOLDOUT,23507,391.78,0.464,-0.2071,1.0,-109651.8,-1827.53,0.724,-116318.4,1.371,-0.151,-0.769,607.4,0.016,6.4
MFE_LOCK0.5,BASELINE,SHORT,ALL,ALL,TRAIN,66878,363.47,0.518,-0.0482,0.94703,-80131.6,-435.5,0.923,-111541.7,1.611,-0.03,-0.719,703.8,0.016,5.89
MFE_LOCK0.5,BASELINE,SHORT,ALL,ALL,VALID,34683,389.7,0.513,-0.0727,0.97221,-73343.0,-824.08,0.862,-105968.3,1.401,-0.052,-0.728,713.2,0.016,6.11
MFE_LOCK0.5,BASELINE,SHORT,ALL,ALL,TEST,36036,391.7,0.514,-0.111,0.99964,-79338.2,-862.37,0.849,-87431.9,1.422,-0.078,-0.724,689.7,0.015,5.84
MFE_LOCK0.5,BASELINE,SHORT,ALL,ALL,HOLDOUT,23507,391.78,0.463,-0.2376,1.0,-129024.3,-2150.41,0.676,-136278.0,1.371,-0.173,-0.77,667.3,0.015,6.07
NOTP_TRAIL0.5,BASELINE,SHORT,ALL,ALL,TRAIN,66878,363.47,0.312,-0.0944,1.0,-150408.2,-817.44,0.71,-153570.3,1.611,-0.059,-0.296,174.8,0.03,11.01
NOTP_TRAIL0.5,BASELINE,SHORT,ALL,ALL,VALID,34683,389.7,0.297,-0.1171,1.0,-101074.9,-1135.67,0.63,-102420.7,1.401,-0.084,-0.312,178.2,0.028,10.82
NOTP_TRAIL0.5,BASELINE,SHORT,ALL,ALL,TEST,36036,391.7,0.297,-0.1304,1.0,-92257.6,-1002.8,0.656,-92799.1,1.422,-0.092,-0.31,181.2,0.028,11.02
NOTP_TRAIL0.5,BASELINE,SHORT,ALL,ALL,HOLDOUT,23507,391.78,0.263,-0.185,1.0,-97031.3,-1617.19,0.51,-97310.4,1.371,-0.135,-0.322,176.1,0.028,10.8
NOTP_TRAIL1,BASELINE,SHORT,ALL,ALL,TRAIN,66878,363.47,0.358,-0.0759,0.99777,-130117.4,-707.16,0.852,-149391.5,1.611,-0.047,-0.55,578.7,0.018,6.64
NOTP_TRAIL1,BASELINE,SHORT,ALL,ALL,VALID,34683,389.7,0.362,-0.0864,0.99409,-74462.7,-836.66,0.835,-104748.7,1.401,-0.062,-0.57,597.0,0.017,6.71
NOTP_TRAIL1,BASELINE,SHORT,ALL,ALL,TEST,36036,391.7,0.352,-0.1334,0.99999,-104817.1,-1139.32,0.769,-110017.8,1.422,-0.094,-0.565,573.0,0.017,6.66
NOTP_TRAIL1,BASELINE,SHORT,ALL,ALL,HOLDOUT,23507,391.78,0.311,-0.2256,1.0,-121997.8,-2033.3,0.634,-129672.7,1.371,-0.165,-0.591,558.1,0.017,6.65
NOTP_TRAIL1.5,BASELINE,SHORT,ALL,ALL,TRAIN,66878,363.47,0.382,-0.0438,0.87856,-79182.0,-430.34,0.928,-119941.3,1.611,-0.027,-0.714,834.6,0.015,5.34
NOTP_TRAIL1.5,BASELINE,SHORT,ALL,ALL,VALID,34683,389.7,0.386,-0.0746,0.95172,-73323.9,-823.86,0.869,-117889.5,1.401,-0.053,-0.724,841.2,0.014,5.46
NOTP_TRAIL1.5,BASELINE,SHORT,ALL,ALL,TEST,36036,391.7,0.378,-0.1087,0.99697,-77102.0,-838.07,0.861,-87274.6,1.422,-0.076,-0.72,829.7,0.013,5.23
NOTP_TRAIL1.5,BASELINE,SHORT,ALL,ALL,HOLDOUT,23507,391.78,0.334,-0.2466,1.0,-132604.1,-2210.07,0.68,-145259.9,1.371,-0.18,-0.76,792.2,0.014,5.47
TIME15m,BASELINE,SHORT,ALL,ALL,TRAIN,66878,363.47,0.417,-0.038,1.0,-52340.6,-284.46,0.716,-52365.7,1.611,-0.024,-0.141,15.0,0.033,11.85
TIME15m,BASELINE,SHORT,ALL,ALL,VALID,34683,389.7,0.368,-0.0536,1.0,-38188.9,-429.09,0.622,-43332.5,1.401,-0.038,-0.149,15.0,0.03,11.87
TIME15m,BASELINE,SHORT,ALL,ALL,TEST,36036,391.7,0.373,-0.0639,1.0,-47096.9,-511.92,0.534,-47298.7,1.422,-0.045,-0.151,15.0,0.03,11.87
TIME15m,BASELINE,SHORT,ALL,ALL,HOLDOUT,23507,391.78,0.337,-0.0865,1.0,-44841.8,-747.36,0.424,-44861.5,1.371,-0.063,-0.165,15.0,0.03,11.8
TIME30m,BASELINE,SHORT,ALL,ALL,TRAIN,66878,363.47,0.466,-0.0246,0.99904,-32945.9,-179.05,0.857,-38604.2,1.611,-0.015,-0.198,29.9,0.033,11.85
TIME30m,BASELINE,SHORT,ALL,ALL,VALID,34683,389.7,0.42,-0.0496,1.0,-44235.4,-497.03,0.663,-44918.4,1.401,-0.035,-0.207,29.9,0.03,11.87
TIME30m,BASELINE,SHORT,ALL,ALL,TEST,36036,391.7,0.403,-0.0619,1.0,-44985.7,-488.97,0.642,-45387.2,1.422,-0.044,-0.207,29.9,0.03,11.87
TIME30m,BASELINE,SHORT,ALL,ALL,HOLDOUT,23507,391.78,0.361,-0.0962,1.0,-51573.6,-859.56,0.488,-51594.1,1.371,-0.07,-0.229,29.9,0.03,11.8
TIME1h,BASELINE,SHORT,ALL,ALL,TRAIN,66878,363.47,0.474,-0.0261,0.9926,-40320.0,-219.13,0.872,-41771.5,1.611,-0.016,-0.271,59.2,0.033,11.85
TIME1h,BASELINE,SHORT,ALL,ALL,VALID,34683,389.7,0.42,-0.0585,0.99999,-52679.3,-591.9,0.689,-53205.8,1.401,-0.042,-0.284,59.3,0.03,11.87
TIME1h,BASELINE,SHORT,ALL,ALL,TEST,36036,391.7,0.43,-0.0679,1.0,-54415.8,-591.48,0.679,-55112.4,1.422,-0.048,-0.28,59.4,0.03,11.87
TIME1h,BASELINE,SHORT,ALL,ALL,HOLDOUT,23507,391.78,0.403,-0.1049,1.0,-54250.8,-904.18,0.577,-55555.7,1.371,-0.077,-0.315,59.1,0.03,11.8
TIME2h,BASELINE,SHORT,ALL,ALL,TRAIN,66878,363.47,0.48,-0.028,0.97204,-51844.1,-281.76,0.88,-58247.8,1.611,-0.017,-0.372,116.1,0.033,11.85
TIME2h,BASELINE,SHORT,ALL,ALL,VALID,34683,389.7,0.457,-0.0635,0.99939,-59459.2,-668.08,0.74,-59763.0,1.401,-0.045,-0.388,116.0,0.03,11.87
TIME2h,BASELINE,SHORT,ALL,ALL,TEST,36036,391.7,0.452,-0.0752,0.99996,-56397.5,-613.02,0.756,-56848.6,1.422,-0.053,-0.39,116.2,0.03,11.87
TIME2h,BASELINE,SHORT,ALL,ALL,HOLDOUT,23507,391.78,0.447,-0.0976,1.0,-47737.2,-795.62,0.707,-49648.5,1.371,-0.071,-0.414,115.0,0.03,11.8
TIME4h,BASELINE,SHORT,ALL,ALL,TRAIN,66878,363.47,0.477,-0.0382,0.97778,-74382.6,-404.25,0.872,-80809.0,1.611,-0.024,-0.481,220.4,0.033,11.85
TIME4h,BASELINE,SHORT,ALL,ALL,VALID,34683,389.7,0.474,-0.0617,0.99283,-62127.3,-698.06,0.792,-68199.2,1.401,-0.044,-0.497,219.6,0.03,11.87
TIME4h,BASELINE,SHORT,ALL,ALL,TEST,36036,391.7,0.485,-0.0573,0.99275,-33709.1,-366.4,0.883,-35833.4,1.422,-0.04,-0.49,219.5,0.03,11.87
TIME4h,BASELINE,SHORT,ALL,ALL,HOLDOUT,23507,391.78,0.456,-0.1181,1.0,-59334.3,-988.9,0.726,-63637.0,1.371,-0.086,-0.525,216.2,0.03,11.8
MOM_OFF,BASELINE,SHORT,ALL,ALL,TRAIN,66878,363.47,0.34,-0.0337,0.99995,-45216.1,-245.74,0.813,-46021.3,1.611,-0.021,-0.171,40.5,0.033,11.85
MOM_OFF,BASELINE,SHORT,ALL,ALL,VALID,34683,389.7,0.299,-0.0578,1.0,-55166.6,-619.85,0.585,-55497.0,1.401,-0.041,-0.177,37.3,0.03,11.87
MOM_OFF,BASELINE,SHORT,ALL,ALL,TEST,36036,391.7,0.312,-0.067,1.0,-51166.3,-556.15,0.594,-51464.9,1.422,-0.047,-0.177,37.2,0.03,11.87
MOM_OFF,BASELINE,SHORT,ALL,ALL,HOLDOUT,23507,391.78,0.276,-0.0941,1.0,-51430.3,-857.17,0.464,-51441.6,1.371,-0.069,-0.192,35.0,0.03,11.8
FIXED,ANY,SHORT,sym_oi,up,TRAIN,15963,86.76,0.464,-0.044,0.98442,-60016.9,-326.18,0.881,-68103.7,1.212,-0.036,-0.763,836.5,0.075,6.54
FIXED,ANY,SHORT,sym_oi,up,VALID,8429,94.71,0.486,-0.0087,0.61614,-10150.5,-114.05,0.959,-33342.1,1.201,-0.007,-0.741,840.9,0.07,6.63
FIXED,ANY,SHORT,sym_oi,up,TEST,7414,80.59,0.45,-0.0893,0.99996,-42516.8,-462.14,0.827,-46113.0,1.117,-0.08,-0.768,839.2,0.083,6.71
FIXED,ANY,SHORT,sym_oi,up,HOLDOUT,7068,117.8,0.399,-0.1883,1.0,-67591.9,-1126.53,0.746,-73442.0,1.152,-0.163,-0.811,785.5,0.059,6.97
TRAIL_A0.5_D0.5,ANY,SHORT,sym_oi,up,TRAIN,15963,86.76,0.576,-0.0708,1.0,-73578.5,-399.88,0.796,-75551.5,1.212,-0.058,-0.596,493.8,0.125,10.86
TRAIL_A0.5_D0.5,ANY,SHORT,sym_oi,up,VALID,8429,94.71,0.598,-0.0449,0.99196,-16074.9,-180.62,0.908,-25907.2,1.201,-0.037,-0.575,494.8,0.114,10.84
TRAIL_A0.5_D0.5,ANY,SHORT,sym_oi,up,TEST,7414,80.59,0.583,-0.0783,1.0,-34900.6,-379.35,0.798,-36984.2,1.117,-0.07,-0.595,485.8,0.139,11.21
TRAIL_A0.5_D0.5,ANY,SHORT,sym_oi,up,HOLDOUT,7068,117.8,0.548,-0.1415,1.0,-48115.0,-801.92,0.738,-50707.4,1.152,-0.123,-0.622,447.4,0.104,12.25
TRAIL_A0.5_D1,ANY,SHORT,sym_oi,up,TRAIN,15963,86.76,0.414,-0.0567,0.99953,-68782.5,-373.82,0.84,-72644.0,1.212,-0.047,-0.638,687.0,0.089,7.76
TRAIL_A0.5_D1,ANY,SHORT,sym_oi,up,VALID,8429,94.71,0.435,-0.0174,0.75205,-7585.3,-85.23,0.964,-24305.4,1.201,-0.014,-0.618,699.4,0.082,7.74
TRAIL_A0.5_D1,ANY,SHORT,sym_oi,up,TEST,7414,80.59,0.396,-0.0918,1.0,-40125.7,-436.15,0.806,-42561.2,1.117,-0.082,-0.638,679.1,0.103,8.34
TRAIL_A0.5_D1,ANY,SHORT,sym_oi,up,HOLDOUT,7068,117.8,0.355,-0.1596,1.0,-56555.2,-942.59,0.744,-61022.3,1.152,-0.139,-0.669,632.9,0.072,8.43
TRAIL_A1_D0.5,ANY,SHORT,sym_oi,up,TRAIN,15963,86.76,0.515,-0.0517,0.99832,-61384.6,-333.61,0.869,-65768.5,1.212,-0.043,-0.722,718.5,0.086,7.47
TRAIL_A1_D0.5,ANY,SHORT,sym_oi,up,VALID,8429,94.71,0.532,-0.0223,0.81362,-11730.8,-131.81,0.949,-26698.4,1.201,-0.019,-0.702,720.2,0.08,7.61
TRAIL_A1_D0.5,ANY,SHORT,sym_oi,up,TEST,7414,80.59,0.496,-0.0864,0.99999,-41480.1,-450.87,0.82,-44380.8,1.117,-0.077,-0.728,718.6,0.097,7.85
TRAIL_A1_D0.5,ANY,SHORT,sym_oi,up,HOLDOUT,7068,117.8,0.444,-0.1836,1.0,-63455.6,-1057.59,0.747,-68353.1,1.152,-0.159,-0.776,676.8,0.068,8.0
TRAIL_A1_D1,ANY,SHORT,sym_oi,up,TRAIN,15963,86.76,0.49,-0.0488,0.9947,-61982.0,-336.86,0.869,-67868.9,1.212,-0.04,-0.723,779.2,0.079,6.89
TRAIL_A1_D1,ANY,SHORT,sym_oi,up,VALID,8429,94.71,0.509,-0.0089,0.62625,-7973.7,-89.59,0.966,-28684.1,1.201,-0.007,-0.703,787.0,0.074,7.02
TRAIL_A1_D1,ANY,SHORT,sym_oi,up,TEST,7414,80.59,0.474,-0.0903,0.99999,-41116.0,-446.91,0.822,-44089.4,1.117,-0.081,-0.729,781.2,0.089,7.2
TRAIL_A1_D1,ANY,SHORT,sym_oi,up,HOLDOUT,7068,117.8,0.425,-0.1816,1.0,-63894.6,-1064.91,0.745,-69475.3,1.152,-0.158,-0.777,736.3,0.061,7.17
BE0.5_TRAIL,ANY,SHORT,sym_oi,up,TRAIN,15963,86.76,0.347,-0.0673,0.99998,-74855.0,-406.82,0.797,-77751.9,1.212,-0.056,-0.6,610.3,0.103,8.91
BE0.5_TRAIL,ANY,SHORT,sym_oi,up,VALID,8429,94.71,0.368,-0.0425,0.97832,-15841.9,-178.0,0.912,-26006.5,1.201,-0.035,-0.58,631.6,0.09,8.53
BE0.5_TRAIL,ANY,SHORT,sym_oi,up,TEST,7414,80.59,0.335,-0.0968,1.0,-39357.2,-427.8,0.776,-43258.8,1.117,-0.087,-0.602,604.6,0.111,8.96
BE0.5_TRAIL,ANY,SHORT,sym_oi,up,HOLDOUT,7068,117.8,0.293,-0.1397,0.99991,-47422.8,-790.38,0.746,-51201.2,1.152,-0.121,-0.625,554.9,0.085,9.98
BE1_TRAIL,ANY,SHORT,sym_oi,up,TRAIN,15963,86.76,0.418,-0.0467,0.98444,-62560.2,-340.0,0.868,-70190.5,1.212,-0.039,-0.724,848.1,0.074,6.38
BE1_TRAIL,ANY,SHORT,sym_oi,up,VALID,8429,94.71,0.443,-0.0273,0.83718,-13144.5,-147.69,0.944,-30744.1,1.201,-0.023,-0.705,868.7,0.07,6.6
BE1_TRAIL,ANY,SHORT,sym_oi,up,TEST,7414,80.59,0.402,-0.112,1.0,-47302.7,-514.16,0.796,-51810.5,1.117,-0.1,-0.734,849.6,0.082,6.6
BE1_TRAIL,ANY,SHORT,sym_oi,up,HOLDOUT,7068,117.8,0.362,-0.1719,0.99993,-58832.0,-980.53,0.766,-64774.5,1.152,-0.149,-0.779,795.0,0.058,6.8
ATR_TRAIL2,ANY,SHORT,sym_oi,up,TRAIN,15963,86.76,0.333,-0.0698,1.0,-57856.8,-314.44,0.724,-58775.6,1.212,-0.058,-0.296,150.7,0.336,29.15
ATR_TRAIL2,ANY,SHORT,sym_oi,up,VALID,8429,94.71,0.347,-0.0659,1.0,-20558.1,-230.99,0.8,-23381.9,1.201,-0.055,-0.294,156.8,0.329,31.18
ATR_TRAIL2,ANY,SHORT,sym_oi,up,TEST,7414,80.59,0.327,-0.0834,1.0,-25063.0,-272.42,0.745,-25752.1,1.117,-0.075,-0.298,150.1,0.386,31.11
ATR_TRAIL2,ANY,SHORT,sym_oi,up,HOLDOUT,7068,117.8,0.314,-0.0938,1.0,-29766.3,-496.11,0.709,-30482.2,1.152,-0.081,-0.302,137.2,0.286,33.65
ATR_TRAIL3,ANY,SHORT,sym_oi,up,TRAIN,15963,86.76,0.353,-0.066,0.99964,-63779.5,-346.63,0.774,-64724.9,1.212,-0.055,-0.405,300.4,0.193,16.78
ATR_TRAIL3,ANY,SHORT,sym_oi,up,VALID,8429,94.71,0.375,-0.0554,0.99978,-14851.6,-166.87,0.891,-22833.9,1.201,-0.046,-0.398,314.4,0.178,16.89
ATR_TRAIL3,ANY,SHORT,sym_oi,up,TEST,7414,80.59,0.348,-0.1013,1.0,-35151.0,-382.08,0.74,-36601.8,1.117,-0.091,-0.411,294.4,0.215,17.3
ATR_TRAIL3,ANY,SHORT,sym_oi,up,HOLDOUT,7068,117.8,0.324,-0.123,1.0,-44049.2,-734.15,0.686,-45987.4,1.152,-0.107,-0.416,273.1,0.162,19.1
ATR_TRAIL4,ANY,SHORT,sym_oi,up,TRAIN,15963,86.76,0.364,-0.0745,0.99942,-79667.8,-432.98,0.769,-81682.2,1.212,-0.061,-0.502,466.9,0.127,11.06
ATR_TRAIL4,ANY,SHORT,sym_oi,up,VALID,8429,94.71,0.396,-0.0537,0.99378,-17637.4,-198.17,0.894,-24966.3,1.201,-0.045,-0.493,485.3,0.124,11.71
ATR_TRAIL4,ANY,SHORT,sym_oi,up,TEST,7414,80.59,0.367,-0.1144,1.0,-42481.6,-461.76,0.746,-45294.9,1.117,-0.102,-0.511,459.6,0.147,11.87
ATR_TRAIL4,ANY,SHORT,sym_oi,up,HOLDOUT,7068,117.8,0.329,-0.1519,1.0,-58302.5,-971.71,0.666,-60461.3,1.152,-0.132,-0.522,424.0,0.103,12.1
MFE_LOCK0.3,ANY,SHORT,sym_oi,up,TRAIN,15963,86.76,0.515,-0.0512,0.99823,-60941.3,-331.2,0.87,-66558.7,1.212,-0.042,-0.722,711.0,0.086,7.48
MFE_LOCK0.3,ANY,SHORT,sym_oi,up,VALID,8429,94.71,0.532,-0.0293,0.88814,-13447.2,-151.09,0.942,-26683.2,1.201,-0.024,-0.702,714.5,0.084,7.97
MFE_LOCK0.3,ANY,SHORT,sym_oi,up,TEST,7414,80.59,0.496,-0.0966,1.0,-44196.3,-480.39,0.808,-47877.6,1.117,-0.086,-0.729,711.1,0.098,7.9
MFE_LOCK0.3,ANY,SHORT,sym_oi,up,HOLDOUT,7068,117.8,0.444,-0.1691,0.99998,-57649.3,-960.82,0.77,-62866.6,1.152,-0.147,-0.776,667.7,0.066,7.83
MFE_LOCK0.5,ANY,SHORT,sym_oi,up,TRAIN,15963,86.76,0.515,-0.0543,0.99632,-67865.0,-368.83,0.856,-72649.9,1.212,-0.045,-0.722,790.7,0.08,6.93
MFE_LOCK0.5,ANY,SHORT,sym_oi,up,VALID,8429,94.71,0.531,-0.034,0.91029,-16264.7,-182.75,0.93,-28151.5,1.201,-0.028,-0.702,806.0,0.072,6.83
MFE_LOCK0.5,ANY,SHORT,sym_oi,up,TEST,7414,80.59,0.494,-0.112,1.0,-46946.1,-510.28,0.796,-51846.7,1.117,-0.1,-0.731,792.0,0.091,7.29
MFE_LOCK0.5,ANY,SHORT,sym_oi,up,HOLDOUT,7068,117.8,0.444,-0.1892,1.0,-63499.7,-1058.33,0.747,-71006.4,1.152,-0.164,-0.776,738.4,0.061,7.22
NOTP_TRAIL0.5,ANY,SHORT,sym_oi,up,TRAIN,15963,86.76,0.32,-0.0743,1.0,-63117.8,-343.03,0.721,-64924.4,1.212,-0.061,-0.311,219.5,0.255,22.1
NOTP_TRAIL0.5,ANY,SHORT,sym_oi,up,VALID,8429,94.71,0.338,-0.0628,1.0,-18994.3,-213.42,0.83,-22894.1,1.201,-0.052,-0.306,237.2,0.242,22.89
NOTP_TRAIL0.5,ANY,SHORT,sym_oi,up,TEST,7414,80.59,0.32,-0.0838,1.0,-29014.8,-315.38,0.726,-30165.3,1.117,-0.075,-0.311,216.2,0.293,23.65
NOTP_TRAIL0.5,ANY,SHORT,sym_oi,up,HOLDOUT,7068,117.8,0.305,-0.0899,0.99999,-28011.4,-466.86,0.742,-29037.2,1.152,-0.078,-0.313,197.4,0.214,25.23
NOTP_TRAIL1,ANY,SHORT,sym_oi,up,TRAIN,15963,86.76,0.377,-0.0614,0.99931,-71539.5,-388.8,0.824,-75930.4,1.212,-0.051,-0.568,674.8,0.092,7.99
NOTP_TRAIL1,ANY,SHORT,sym_oi,up,VALID,8429,94.71,0.401,-0.0326,0.91232,-10724.2,-120.5,0.945,-22682.6,1.201,-0.027,-0.554,712.6,0.081,7.65
NOTP_TRAIL1,ANY,SHORT,sym_oi,up,TEST,7414,80.59,0.36,-0.114,1.0,-45659.0,-496.29,0.765,-48881.6,1.117,-0.102,-0.568,665.2,0.103,8.26
NOTP_TRAIL1,ANY,SHORT,sym_oi,up,HOLDOUT,7068,117.8,0.323,-0.1371,0.99996,-46428.8,-773.81,0.771,-51165.0,1.152,-0.119,-0.588,616.9,0.075,8.82
NOTP_TRAIL1.5,ANY,SHORT,sym_oi,up,TRAIN,15963,86.76,0.421,-0.0418,0.95005,-59670.6,-324.3,0.877,-67177.5,1.212,-0.035,-0.716,908.4,0.07,6.06
NOTP_TRAIL1.5,ANY,SHORT,sym_oi,up,VALID,8429,94.71,0.446,-0.023,0.77767,-13385.6,-150.4,0.944,-29763.0,1.201,-0.019,-0.696,933.0,0.064,6.09
NOTP_TRAIL1.5,ANY,SHORT,sym_oi,up,TEST,7414,80.59,0.409,-0.1159,1.0,-49936.7,-542.79,0.788,-54979.9,1.117,-0.104,-0.722,906.7,0.074,5.99
NOTP_TRAIL1.5,ANY,SHORT,sym_oi,up,HOLDOUT,7068,117.8,0.367,-0.1786,0.99999,-61415.6,-1023.59,0.758,-67886.2,1.152,-0.155,-0.763,836.2,0.058,6.82
TIME15m,ANY,SHORT,sym_oi,up,TRAIN,15963,86.76,0.432,-0.0265,1.0,-15888.9,-86.35,0.805,-16109.8,1.212,-0.022,-0.151,15.0,0.908,78.74
TIME15m,ANY,SHORT,sym_oi,up,VALID,8429,94.71,0.443,-0.0261,1.0,-8446.2,-94.9,0.802,-8679.6,1.201,-0.022,-0.149,15.0,0.921,87.27
TIME15m,ANY,SHORT,sym_oi,up,TEST,7414,80.59,0.432,-0.0311,1.0,-8308.5,-90.31,0.787,-8552.4,1.117,-0.028,-0.15,15.0,0.965,77.76
TIME15m,ANY,SHORT,sym_oi,up,HOLDOUT,7068,117.8,0.431,-0.0277,1.0,-6932.7,-115.55,0.823,-7281.4,1.152,-0.024,-0.152,15.0,0.876,103.2
TIME30m,ANY,SHORT,sym_oi,up,TRAIN,15963,86.76,0.46,-0.0269,1.0,-18043.8,-98.06,0.837,-18464.5,1.212,-0.022,-0.214,29.8,0.805,69.86
TIME30m,ANY,SHORT,sym_oi,up,VALID,8429,94.71,0.453,-0.0286,1.0,-7862.0,-88.34,0.862,-8266.9,1.201,-0.024,-0.211,29.8,0.814,77.06
TIME30m,ANY,SHORT,sym_oi,up,TEST,7414,80.59,0.457,-0.0297,1.0,-7477.8,-81.28,0.857,-7878.5,1.117,-0.027,-0.212,29.8,0.885,71.35
TIME30m,ANY,SHORT,sym_oi,up,HOLDOUT,7068,117.8,0.447,-0.034,0.99999,-9582.2,-159.7,0.826,-10053.4,1.152,-0.03,-0.218,29.8,0.735,86.53
TIME1h,ANY,SHORT,sym_oi,up,TRAIN,15963,86.76,0.482,-0.0298,1.0,-22888.1,-124.39,0.847,-23363.3,1.212,-0.025,-0.294,59.0,0.643,55.8
TIME1h,ANY,SHORT,sym_oi,up,VALID,8429,94.71,0.491,-0.025,0.99978,-6407.8,-72.0,0.915,-7552.3,1.201,-0.021,-0.29,59.0,0.64,60.65
TIME1h,ANY,SHORT,sym_oi,up,TEST,7414,80.59,0.478,-0.03,1.0,-6896.0,-74.96,0.901,-7064.8,1.117,-0.027,-0.29,59.1,0.715,57.59
TIME1h,ANY,SHORT,sym_oi,up,HOLDOUT,7068,117.8,0.454,-0.0493,0.99996,-14526.1,-242.1,0.814,-15421.5,1.152,-0.043,-0.305,58.7,0.545,64.23
TIME2h,ANY,SHORT,sym_oi,up,TRAIN,15963,86.76,0.495,-0.0342,0.99999,-28678.9,-155.86,0.859,-29825.5,1.212,-0.028,-0.391,115.0,0.405,35.16
TIME2h,ANY,SHORT,sym_oi,up,VALID,8429,94.71,0.513,-0.022,0.97677,-3704.4,-41.62,0.963,-7828.8,1.201,-0.018,-0.385,114.9,0.397,37.63
TIME2h,ANY,SHORT,sym_oi,up,TEST,7414,80.59,0.488,-0.0362,0.99998,-10304.0,-112.0,0.892,-11436.7,1.117,-0.032,-0.389,115.2,0.444,35.8
TIME2h,ANY,SHORT,sym_oi,up,HOLDOUT,7068,117.8,0.473,-0.0619,0.99998,-18720.7,-312.01,0.824,-19972.8,1.152,-0.054,-0.415,113.6,0.33,38.87
TIME4h,ANY,SHORT,sym_oi,up,TRAIN,15963,86.76,0.496,-0.0433,0.99992,-42541.1,-231.2,0.846,-43605.6,1.212,-0.036,-0.501,217.0,0.251,21.73
TIME4h,ANY,SHORT,sym_oi,up,VALID,8429,94.71,0.523,-0.0273,0.94326,-6519.8,-73.26,0.952,-12976.9,1.201,-0.023,-0.496,216.9,0.241,22.83
TIME4h,ANY,SHORT,sym_oi,up,TEST,7414,80.59,0.49,-0.0528,0.99996,-20320.0,-220.87,0.846,-21088.5,1.117,-0.047,-0.51,217.3,0.276,22.22
TIME4h,ANY,SHORT,sym_oi,up,HOLDOUT,7068,117.8,0.471,-0.0892,0.99996,-29409.5,-490.16,0.793,-30956.8,1.152,-0.077,-0.536,212.5,0.198,23.32
SIG_OFF,ANY,SHORT,sym_oi,up,TRAIN,15963,86.76,0.426,-0.0268,1.0,-16785.4,-91.22,0.835,-17075.9,1.212,-0.022,-0.188,58.0,0.621,53.87
SIG_OFF,ANY,SHORT,sym_oi,up,VALID,8429,94.71,0.438,-0.0286,1.0,-10254.0,-115.21,0.804,-10598.1,1.201,-0.024,-0.183,59.0,0.613,58.02
SIG_OFF,ANY,SHORT,sym_oi,up,TEST,7414,80.59,0.432,-0.0373,1.0,-10066.2,-109.42,0.787,-10892.2,1.117,-0.033,-0.184,54.7,0.72,58.01
SIG_OFF,ANY,SHORT,sym_oi,up,HOLDOUT,7068,117.8,0.427,-0.0345,1.0,-9456.0,-157.6,0.804,-9919.5,1.152,-0.03,-0.185,50.6,0.565,66.57
MOM_OFF,ANY,SHORT,sym_oi,up,TRAIN,15963,86.76,0.381,-0.0283,1.0,-22224.4,-120.78,0.794,-22739.4,1.212,-0.023,-0.186,40.4,0.742,64.34
MOM_OFF,ANY,SHORT,sym_oi,up,VALID,8429,94.71,0.39,-0.0294,1.0,-10147.8,-114.02,0.817,-11524.7,1.201,-0.024,-0.185,41.6,0.741,70.19
MOM_OFF,ANY,SHORT,sym_oi,up,TEST,7414,80.59,0.383,-0.0354,1.0,-9326.6,-101.38,0.815,-9676.5,1.117,-0.032,-0.184,39.4,0.818,65.92
MOM_OFF,ANY,SHORT,sym_oi,up,HOLDOUT,7068,117.8,0.377,-0.0429,1.0,-11708.5,-195.14,0.771,-12361.1,1.152,-0.037,-0.185,36.3,0.695,81.92
FIXED,OI_PRICE,SHORT,ALL,ALL,TRAIN,461,2.51,0.423,-0.1185,0.98512,-3034.2,-16.49,0.795,-4618.5,1.297,-0.091,-0.8,880.3,0.887,2.22
FIXED,OI_PRICE,SHORT,ALL,ALL,VALID,205,2.3,0.522,-0.0107,0.55618,1876.3,21.08,1.382,-717.1,1.287,-0.008,-0.647,872.8,0.922,2.12
FIXED,OI_PRICE,SHORT,ALL,ALL,TEST,181,1.97,0.486,-0.1115,0.83616,1468.8,15.97,1.467,-459.9,1.176,-0.095,-0.72,871.0,0.923,1.82
FIXED,OI_PRICE,SHORT,ALL,ALL,HOLDOUT,85,1.42,0.494,-0.0232,0.58139,498.5,8.31,1.245,-856.2,1.161,-0.02,-0.714,857.9,0.976,1.38
TRAIL_A0.5_D0.5,OI_PRICE,SHORT,ALL,ALL,TRAIN,461,2.51,0.536,-0.1056,0.99706,-3053.0,-16.59,0.724,-3269.4,1.297,-0.081,-0.652,555.7,0.928,2.33
TRAIL_A0.5_D0.5,OI_PRICE,SHORT,ALL,ALL,VALID,205,2.3,0.541,-0.0442,0.76937,874.9,9.83,1.221,-971.4,1.287,-0.034,-0.543,625.5,0.941,2.17
TRAIL_A0.5_D0.5,OI_PRICE,SHORT,ALL,ALL,TEST,181,1.97,0.58,-0.1116,0.86019,963.3,10.47,1.474,-520.5,1.176,-0.095,-0.529,501.1,0.967,1.9
TRAIL_A0.5_D0.5,OI_PRICE,SHORT,ALL,ALL,HOLDOUT,85,1.42,0.6,-0.0067,0.52596,343.8,5.73,1.229,-638.7,1.161,-0.006,-0.601,585.7,0.976,1.38
TRAIL_A0.5_D1,OI_PRICE,SHORT,ALL,ALL,TRAIN,461,2.51,0.375,-0.122,0.99628,-3286.2,-17.86,0.747,-4008.5,1.297,-0.094,-0.694,726.5,0.907,2.27
TRAIL_A0.5_D1,OI_PRICE,SHORT,ALL,ALL,VALID,205,2.3,0.498,-0.0121,0.57098,2077.2,23.34,1.473,-760.7,1.287,-0.009,-0.57,769.2,0.927,2.13
TRAIL_A0.5_D1,OI_PRICE,SHORT,ALL,ALL,TEST,181,1.97,0.409,-0.1419,0.90434,641.9,6.98,1.234,-510.5,1.176,-0.121,-0.596,698.4,0.956,1.88
TRAIL_A0.5_D1,OI_PRICE,SHORT,ALL,ALL,HOLDOUT,85,1.42,0.412,-0.0347,0.62287,29.8,0.5,1.016,-613.3,1.161,-0.03,-0.617,709.5,0.976,1.38
TRAIL_A1_D0.5,OI_PRICE,SHORT,ALL,ALL,TRAIN,461,2.51,0.464,-0.1258,0.99358,-3754.5,-20.4,0.739,-4778.0,1.297,-0.097,-0.773,778.9,0.909,2.28
TRAIL_A1_D0.5,OI_PRICE,SHORT,ALL,ALL,VALID,205,2.3,0.561,-0.0155,0.58944,1899.7,21.35,1.414,-750.5,1.287,-0.012,-0.607,780.0,0.922,2.12
TRAIL_A1_D0.5,OI_PRICE,SHORT,ALL,ALL,TEST,181,1.97,0.541,-0.0958,0.80812,1227.4,13.34,1.417,-433.2,1.176,-0.081,-0.661,761.4,0.939,1.85
TRAIL_A1_D0.5,OI_PRICE,SHORT,ALL,ALL,HOLDOUT,85,1.42,0.529,0.0024,0.49165,542.3,9.04,1.273,-908.7,1.161,0.002,-0.693,792.5,0.976,1.38
TRAIL_A1_D1,OI_PRICE,SHORT,ALL,ALL,TRAIN,461,2.51,0.443,-0.126,0.99236,-3428.8,-18.63,0.762,-4807.5,1.297,-0.097,-0.775,815.5,0.902,2.26
TRAIL_A1_D1,OI_PRICE,SHORT,ALL,ALL,VALID,205,2.3,0.527,-0.0239,0.63176,1973.9,22.18,1.429,-756.5,1.287,-0.019,-0.61,811.4,0.927,2.13
TRAIL_A1_D1,OI_PRICE,SHORT,ALL,ALL,TEST,181,1.97,0.503,-0.125,0.87081,891.5,9.69,1.302,-441.3,1.176,-0.106,-0.67,801.5,0.934,1.84
TRAIL_A1_D1,OI_PRICE,SHORT,ALL,ALL,HOLDOUT,85,1.42,0.506,-0.006,0.52071,449.2,7.49,1.226,-858.4,1.161,-0.005,-0.693,821.8,0.976,1.38
BE0.5_TRAIL,OI_PRICE,SHORT,ALL,ALL,TRAIN,461,2.51,0.304,-0.1128,0.99568,-3615.0,-19.65,0.682,-3780.4,1.297,-0.087,-0.655,653.1,0.898,2.25
BE0.5_TRAIL,OI_PRICE,SHORT,ALL,ALL,VALID,205,2.3,0.424,-0.017,0.59355,1258.9,14.15,1.313,-1097.3,1.287,-0.013,-0.545,695.3,0.902,2.08
BE0.5_TRAIL,OI_PRICE,SHORT,ALL,ALL,TEST,181,1.97,0.331,-0.1218,0.86776,876.5,9.53,1.413,-618.9,1.176,-0.104,-0.536,589.7,0.956,1.88
BE0.5_TRAIL,OI_PRICE,SHORT,ALL,ALL,HOLDOUT,85,1.42,0.388,-0.0274,0.60446,112.4,1.87,1.073,-590.8,1.161,-0.024,-0.602,667.5,0.941,1.33
BE1_TRAIL,OI_PRICE,SHORT,ALL,ALL,TRAIN,461,2.51,0.384,-0.1179,0.98376,-3729.7,-20.27,0.742,-4974.4,1.297,-0.091,-0.776,859.4,0.868,2.17
BE1_TRAIL,OI_PRICE,SHORT,ALL,ALL,VALID,205,2.3,0.473,-0.0019,0.50961,2013.3,22.62,1.436,-836.0,1.287,-0.002,-0.613,862.1,0.883,2.03
BE1_TRAIL,OI_PRICE,SHORT,ALL,ALL,TEST,181,1.97,0.436,-0.0853,0.76393,1000.2,10.87,1.332,-512.2,1.176,-0.073,-0.681,841.7,0.923,1.82
BE1_TRAIL,OI_PRICE,SHORT,ALL,ALL,HOLDOUT,85,1.42,0.459,-0.0537,0.689,136.8,2.28,1.069,-926.0,1.161,-0.046,-0.693,857.1,0.941,1.33
ATR_TRAIL2,OI_PRICE,SHORT,ALL,ALL,TRAIN,461,2.51,0.36,-0.0523,0.97224,-995.5,-5.41,0.843,-1756.6,1.297,-0.04,-0.323,154.4,0.961,2.41
ATR_TRAIL2,OI_PRICE,SHORT,ALL,ALL,VALID,205,2.3,0.361,-0.0858,0.97208,135.3,1.52,1.048,-1043.1,1.287,-0.067,-0.317,166.2,0.971,2.24
ATR_TRAIL2,OI_PRICE,SHORT,ALL,ALL,TEST,181,1.97,0.409,-0.1088,0.87603,588.8,6.4,1.364,-333.0,1.176,-0.092,-0.314,159.9,0.978,1.92
ATR_TRAIL2,OI_PRICE,SHORT,ALL,ALL,HOLDOUT,85,1.42,0.329,-0.0257,0.63799,58.0,0.97,1.054,-418.2,1.161,-0.022,-0.361,176.5,0.965,1.37
ATR_TRAIL3,OI_PRICE,SHORT,ALL,ALL,TRAIN,461,2.51,0.36,0.0231,0.37083,-476.1,-2.59,0.945,-2429.1,1.297,0.018,-0.493,289.1,0.924,2.32
ATR_TRAIL3,OI_PRICE,SHORT,ALL,ALL,VALID,205,2.3,0.415,-0.0419,0.74835,1320.7,14.84,1.438,-750.2,1.287,-0.033,-0.401,330.5,0.922,2.12
ATR_TRAIL3,OI_PRICE,SHORT,ALL,ALL,TEST,181,1.97,0.403,-0.1536,0.93323,237.0,2.58,1.102,-761.4,1.176,-0.131,-0.415,275.6,0.972,1.91
ATR_TRAIL3,OI_PRICE,SHORT,ALL,ALL,HOLDOUT,85,1.42,0.376,-0.0727,0.84951,-109.9,-1.83,0.915,-336.9,1.161,-0.063,-0.44,310.1,0.941,1.33
ATR_TRAIL4,OI_PRICE,SHORT,ALL,ALL,TRAIN,461,2.51,0.317,0.0235,0.39466,-1036.0,-5.63,0.901,-2383.7,1.297,0.018,-0.566,423.2,0.902,2.26
ATR_TRAIL4,OI_PRICE,SHORT,ALL,ALL,VALID,205,2.3,0.434,0.0012,0.49347,1647.7,18.51,1.499,-765.7,1.287,0.001,-0.458,506.9,0.893,2.06
ATR_TRAIL4,OI_PRICE,SHORT,ALL,ALL,TEST,181,1.97,0.409,-0.1233,0.87296,690.3,7.5,1.319,-567.1,1.176,-0.105,-0.489,443.8,0.961,1.89
ATR_TRAIL4,OI_PRICE,SHORT,ALL,ALL,HOLDOUT,85,1.42,0.388,-0.1039,0.9124,-22.4,-0.37,0.984,-362.8,1.161,-0.089,-0.503,445.9,0.941,1.33
MFE_LOCK0.3,OI_PRICE,SHORT,ALL,ALL,TRAIN,461,2.51,0.464,-0.1188,0.98918,-3931.5,-21.37,0.726,-4988.7,1.297,-0.092,-0.773,769.5,0.9,2.26
MFE_LOCK0.3,OI_PRICE,SHORT,ALL,ALL,VALID,205,2.3,0.561,0.0179,0.40753,2149.4,24.15,1.469,-719.4,1.287,0.014,-0.607,797.2,0.902,2.08
MFE_LOCK0.3,OI_PRICE,SHORT,ALL,ALL,TEST,181,1.97,0.541,-0.1095,0.84161,1155.8,12.56,1.393,-426.6,1.176,-0.093,-0.677,756.1,0.945,1.86
MFE_LOCK0.3,OI_PRICE,SHORT,ALL,ALL,HOLDOUT,85,1.42,0.529,-0.0347,0.62518,322.9,5.38,1.162,-924.4,1.161,-0.03,-0.693,783.2,0.965,1.37
MFE_LOCK0.5,OI_PRICE,SHORT,ALL,ALL,TRAIN,461,2.51,0.464,-0.0664,0.83408,-2454.2,-13.34,0.829,-3304.2,1.297,-0.051,-0.773,829.4,0.868,2.17
MFE_LOCK0.5,OI_PRICE,SHORT,ALL,ALL,VALID,205,2.3,0.561,0.016,0.42356,2219.1,24.93,1.484,-816.8,1.287,0.012,-0.607,858.1,0.878,2.02
MFE_LOCK0.5,OI_PRICE,SHORT,ALL,ALL,TEST,181,1.97,0.541,-0.0812,0.75796,1366.2,14.85,1.464,-475.2,1.176,-0.069,-0.677,823.6,0.928,1.83
MFE_LOCK0.5,OI_PRICE,SHORT,ALL,ALL,HOLDOUT,85,1.42,0.529,-0.0438,0.65669,335.4,5.59,1.169,-916.1,1.161,-0.038,-0.693,845.6,0.953,1.35
NOTP_TRAIL0.5,OI_PRICE,SHORT,ALL,ALL,TRAIN,461,2.51,0.343,-0.0661,0.99702,-1227.4,-6.67,0.814,-2071.2,1.297,-0.051,-0.324,244.5,0.963,2.41
NOTP_TRAIL0.5,OI_PRICE,SHORT,ALL,ALL,VALID,205,2.3,0.337,-0.0614,0.88672,173.4,1.95,1.058,-919.5,1.287,-0.048,-0.315,310.6,0.961,2.21
NOTP_TRAIL0.5,OI_PRICE,SHORT,ALL,ALL,TEST,181,1.97,0.348,-0.1468,0.93941,59.0,0.64,1.031,-648.8,1.176,-0.125,-0.318,210.9,0.978,1.92
NOTP_TRAIL0.5,OI_PRICE,SHORT,ALL,ALL,HOLDOUT,85,1.42,0.329,-0.0545,0.77211,5.4,0.09,1.005,-546.4,1.161,-0.047,-0.354,258.1,0.965,1.37
NOTP_TRAIL1,OI_PRICE,SHORT,ALL,ALL,TRAIN,461,2.51,0.364,-0.0086,0.5535,-1550.4,-8.43,0.872,-2437.1,1.297,-0.007,-0.638,708.2,0.883,2.21
NOTP_TRAIL1,OI_PRICE,SHORT,ALL,ALL,VALID,205,2.3,0.483,0.0246,0.37927,2580.4,28.99,1.64,-601.4,1.287,0.019,-0.526,774.5,0.888,2.04
NOTP_TRAIL1,OI_PRICE,SHORT,ALL,ALL,TEST,181,1.97,0.381,-0.1219,0.85863,883.0,9.6,1.336,-555.4,1.176,-0.104,-0.566,703.8,0.939,1.85
NOTP_TRAIL1,OI_PRICE,SHORT,ALL,ALL,HOLDOUT,85,1.42,0.388,-0.0586,0.72844,-67.6,-1.13,0.959,-495.8,1.161,-0.05,-0.553,706.1,0.929,1.32
NOTP_TRAIL1.5,OI_PRICE,SHORT,ALL,ALL,TRAIN,461,2.51,0.39,0.0483,0.34224,64.9,0.35,1.005,-2752.6,1.297,0.037,-0.761,914.8,0.846,2.12
NOTP_TRAIL1.5,OI_PRICE,SHORT,ALL,ALL,VALID,205,2.3,0.498,0.0415,0.32229,2077.9,23.35,1.445,-742.6,1.287,0.032,-0.612,960.1,0.863,1.99
NOTP_TRAIL1.5,OI_PRICE,SHORT,ALL,ALL,TEST,181,1.97,0.459,-0.0714,0.72186,1041.7,11.32,1.329,-676.0,1.176,-0.061,-0.685,939.2,0.895,1.76
NOTP_TRAIL1.5,OI_PRICE,SHORT,ALL,ALL,HOLDOUT,85,1.42,0.459,-0.0735,0.74588,-48.9,-0.82,0.976,-786.2,1.161,-0.063,-0.678,925.2,0.929,1.32
TIME15m,OI_PRICE,SHORT,ALL,ALL,TRAIN,461,2.51,0.434,-0.0255,0.9711,-247.7,-1.35,0.909,-911.3,1.297,-0.02,-0.171,14.9,0.998,2.5
TIME15m,OI_PRICE,SHORT,ALL,ALL,VALID,205,2.3,0.405,-0.0393,0.9252,291.4,3.27,1.221,-299.1,1.287,-0.03,-0.184,14.8,1.0,2.3
TIME15m,OI_PRICE,SHORT,ALL,ALL,TEST,181,1.97,0.436,-0.0631,0.94235,10.2,0.11,1.014,-270.7,1.176,-0.054,-0.188,14.8,1.0,1.97
TIME15m,OI_PRICE,SHORT,ALL,ALL,HOLDOUT,85,1.42,0.4,-0.0011,0.50873,-109.1,-1.82,0.804,-169.8,1.161,-0.001,-0.215,14.9,1.0,1.42
TIME30m,OI_PRICE,SHORT,ALL,ALL,TRAIN,461,2.51,0.445,-0.0242,0.91562,-442.9,-2.41,0.883,-1024.3,1.297,-0.019,-0.238,29.5,0.998,2.5
TIME30m,OI_PRICE,SHORT,ALL,ALL,VALID,205,2.3,0.439,-0.0542,0.95351,331.7,3.73,1.2,-475.8,1.287,-0.042,-0.249,29.1,1.0,2.3
TIME30m,OI_PRICE,SHORT,ALL,ALL,TEST,181,1.97,0.47,-0.0568,0.90947,-42.7,-0.46,0.959,-294.6,1.176,-0.048,-0.241,29.2,1.0,1.97
TIME30m,OI_PRICE,SHORT,ALL,ALL,HOLDOUT,85,1.42,0.341,-0.0136,0.59039,-54.5,-0.91,0.917,-184.3,1.161,-0.012,-0.277,29.0,1.0,1.42
TIME1h,OI_PRICE,SHORT,ALL,ALL,TRAIN,461,2.51,0.469,-0.0454,0.97562,-1208.2,-6.57,0.786,-2204.0,1.297,-0.035,-0.325,57.6,0.989,2.48
TIME1h,OI_PRICE,SHORT,ALL,ALL,VALID,205,2.3,0.434,-0.0487,0.90523,569.0,6.39,1.293,-566.2,1.287,-0.038,-0.315,57.0,1.0,2.3
TIME1h,OI_PRICE,SHORT,ALL,ALL,TEST,181,1.97,0.442,-0.0789,0.94754,130.8,1.42,1.097,-433.7,1.176,-0.067,-0.324,57.2,1.0,1.97
TIME1h,OI_PRICE,SHORT,ALL,ALL,HOLDOUT,85,1.42,0.4,-0.0372,0.70747,-219.1,-3.65,0.743,-297.5,1.161,-0.032,-0.363,55.3,1.0,1.42
TIME2h,OI_PRICE,SHORT,ALL,ALL,TRAIN,461,2.51,0.458,-0.0561,0.9767,-1687.1,-9.17,0.776,-3016.1,1.297,-0.043,-0.488,110.5,0.963,2.41
TIME2h,OI_PRICE,SHORT,ALL,ALL,VALID,205,2.3,0.488,-0.0384,0.81131,713.7,8.02,1.278,-719.7,1.287,-0.03,-0.392,109.7,0.976,2.25
TIME2h,OI_PRICE,SHORT,ALL,ALL,TEST,181,1.97,0.481,-0.1127,0.87936,763.8,8.3,1.514,-333.3,1.176,-0.096,-0.41,109.7,0.994,1.96
TIME2h,OI_PRICE,SHORT,ALL,ALL,HOLDOUT,85,1.42,0.412,-0.0072,0.53885,41.3,0.69,1.046,-265.7,1.161,-0.006,-0.421,105.1,0.988,1.4
TIME4h,OI_PRICE,SHORT,ALL,ALL,TRAIN,461,2.51,0.471,-0.0504,0.93063,-1638.2,-8.9,0.812,-3239.4,1.297,-0.039,-0.565,207.6,0.952,2.39
TIME4h,OI_PRICE,SHORT,ALL,ALL,VALID,205,2.3,0.507,-0.0331,0.74106,1137.5,12.78,1.382,-654.8,1.287,-0.026,-0.46,207.8,0.956,2.2
TIME4h,OI_PRICE,SHORT,ALL,ALL,TEST,181,1.97,0.492,-0.093,0.8236,697.0,7.58,1.387,-498.4,1.176,-0.079,-0.478,206.7,0.989,1.95
TIME4h,OI_PRICE,SHORT,ALL,ALL,HOLDOUT,85,1.42,0.424,-0.0045,0.52136,-51.7,-0.86,0.961,-463.4,1.161,-0.004,-0.491,198.6,0.988,1.4
SIG_OFF,OI_PRICE,SHORT,ALL,ALL,TRAIN,461,2.51,0.432,0.0043,0.433,-126.6,-0.69,0.957,-844.2,1.297,0.003,-0.185,20.4,0.998,2.5
SIG_OFF,OI_PRICE,SHORT,ALL,ALL,VALID,205,2.3,0.38,-0.0697,0.99129,53.4,0.6,1.035,-329.7,1.287,-0.054,-0.217,19.4,1.0,2.3
SIG_OFF,OI_PRICE,SHORT,ALL,ALL,TEST,181,1.97,0.47,-0.0533,0.88422,116.8,1.27,1.147,-271.6,1.176,-0.045,-0.209,21.2,1.0,1.97
SIG_OFF,OI_PRICE,SHORT,ALL,ALL,HOLDOUT,85,1.42,0.365,0.0169,0.42821,-28.1,-0.47,0.952,-181.9,1.161,0.015,-0.242,21.1,1.0,1.42
MOM_OFF,OI_PRICE,SHORT,ALL,ALL,TRAIN,461,2.51,0.351,-0.0032,0.54147,-309.5,-1.68,0.933,-1533.2,1.297,-0.002,-0.258,59.6,0.961,2.41
MOM_OFF,OI_PRICE,SHORT,ALL,ALL,VALID,205,2.3,0.346,-0.0687,0.97142,-235.4,-2.65,0.9,-779.3,1.287,-0.053,-0.27,59.4,0.98,2.26
MOM_OFF,OI_PRICE,SHORT,ALL,ALL,TEST,181,1.97,0.376,-0.0519,0.84673,255.4,2.78,1.207,-385.2,1.176,-0.044,-0.269,60.5,0.994,1.96
MOM_OFF,OI_PRICE,SHORT,ALL,ALL,HOLDOUT,85,1.42,0.271,0.0407,0.34879,254.3,4.24,1.316,-262.5,1.161,0.035,-0.308,58.4,0.976,1.38
FIXED,OI_BUILD_BRK,SHORT,ALL,ALL,TRAIN,385,2.09,0.47,-0.0376,0.74892,-736.4,-4.0,0.943,-1511.7,1.313,-0.029,-0.704,894.5,0.844,1.77
FIXED,OI_BUILD_BRK,SHORT,ALL,ALL,VALID,217,2.44,0.447,-0.1289,0.92002,445.8,5.01,1.071,-1275.4,1.282,-0.101,-0.785,841.4,0.839,2.04
FIXED,OI_BUILD_BRK,SHORT,ALL,ALL,TEST,148,1.61,0.466,-0.2563,0.95798,-77.3,-0.84,0.979,-830.5,1.036,-0.247,-0.75,884.4,0.892,1.43
FIXED,OI_BUILD_BRK,SHORT,ALL,ALL,HOLDOUT,68,1.13,0.456,-0.2723,0.97632,-143.6,-2.39,0.927,-680.1,1.17,-0.233,-0.783,959.8,0.912,1.03
TRAIL_A0.5_D0.5,OI_BUILD_BRK,SHORT,ALL,ALL,TRAIN,385,2.09,0.54,-0.0816,0.97507,-2921.5,-15.88,0.719,-3332.4,1.313,-0.062,-0.585,615.5,0.883,1.85
TRAIL_A0.5_D0.5,OI_BUILD_BRK,SHORT,ALL,ALL,VALID,217,2.44,0.521,-0.1118,0.93136,856.0,9.62,1.188,-726.0,1.282,-0.087,-0.653,605.6,0.88,2.15
TRAIL_A0.5_D0.5,OI_BUILD_BRK,SHORT,ALL,ALL,TEST,148,1.61,0.534,-0.2642,0.97093,282.1,3.07,1.1,-537.2,1.036,-0.255,-0.606,587.0,0.912,1.47
TRAIL_A0.5_D0.5,OI_BUILD_BRK,SHORT,ALL,ALL,HOLDOUT,68,1.13,0.5,-0.2557,0.97872,-107.2,-1.79,0.934,-491.7,1.17,-0.218,-0.671,756.8,0.941,1.07
TRAIL_A0.5_D1,OI_BUILD_BRK,SHORT,ALL,ALL,TRAIN,385,2.09,0.405,-0.0792,0.94947,-2304.8,-12.53,0.806,-2978.6,1.313,-0.06,-0.62,764.9,0.852,1.78
TRAIL_A0.5_D1,OI_BUILD_BRK,SHORT,ALL,ALL,VALID,217,2.44,0.433,-0.1121,0.91549,751.4,8.44,1.138,-919.3,1.282,-0.087,-0.692,723.5,0.853,2.08
TRAIL_A0.5_D1,OI_BUILD_BRK,SHORT,ALL,ALL,TEST,148,1.61,0.392,-0.2964,0.98215,-155.3,-1.69,0.954,-879.0,1.036,-0.286,-0.645,713.2,0.905,1.46
TRAIL_A0.5_D1,OI_BUILD_BRK,SHORT,ALL,ALL,HOLDOUT,68,1.13,0.412,-0.2611,0.97838,-259.9,-4.33,0.857,-547.0,1.17,-0.223,-0.692,864.3,0.912,1.03
TRAIL_A1_D0.5,OI_BUILD_BRK,SHORT,ALL,ALL,TRAIN,385,2.09,0.501,-0.0508,0.83509,-1675.6,-9.11,0.866,-2355.3,1.313,-0.039,-0.677,795.1,0.844,1.77
TRAIL_A1_D0.5,OI_BUILD_BRK,SHORT,ALL,ALL,VALID,217,2.44,0.47,-0.135,0.94592,72.8,0.82,1.012,-1286.4,1.282,-0.105,-0.747,773.1,0.857,2.09
TRAIL_A1_D0.5,OI_BUILD_BRK,SHORT,ALL,ALL,TEST,148,1.61,0.507,-0.2305,0.94188,16.6,0.18,1.005,-722.5,1.036,-0.223,-0.695,781.3,0.905,1.46
TRAIL_A1_D0.5,OI_BUILD_BRK,SHORT,ALL,ALL,HOLDOUT,68,1.13,0.5,-0.2299,0.95159,-109.1,-1.82,0.943,-709.9,1.17,-0.196,-0.739,864.8,0.912,1.03
TRAIL_A1_D1,OI_BUILD_BRK,SHORT,ALL,ALL,TRAIN,385,2.09,0.481,-0.0466,0.80353,-1334.7,-7.25,0.894,-1997.3,1.313,-0.036,-0.677,844.6,0.844,1.77
TRAIL_A1_D1,OI_BUILD_BRK,SHORT,ALL,ALL,VALID,217,2.44,0.461,-0.1318,0.93407,335.8,3.77,1.055,-1182.1,1.282,-0.103,-0.75,807.6,0.843,2.06
TRAIL_A1_D1,OI_BUILD_BRK,SHORT,ALL,ALL,TEST,148,1.61,0.466,-0.2709,0.96935,-152.1,-1.65,0.957,-732.9,1.036,-0.262,-0.696,810.9,0.899,1.45
TRAIL_A1_D1,OI_BUILD_BRK,SHORT,ALL,ALL,HOLDOUT,68,1.13,0.456,-0.2549,0.9703,-172.9,-2.88,0.911,-681.8,1.17,-0.218,-0.739,907.1,0.912,1.03
BE0.5_TRAIL,OI_BUILD_BRK,SHORT,ALL,ALL,TRAIN,385,2.09,0.345,-0.0574,0.86049,-2682.2,-14.58,0.746,-3281.2,1.313,-0.044,-0.589,692.3,0.857,1.79
BE0.5_TRAIL,OI_BUILD_BRK,SHORT,ALL,ALL,VALID,217,2.44,0.392,-0.077,0.80617,663.0,7.45,1.143,-936.3,1.282,-0.06,-0.657,687.6,0.843,2.06
BE0.5_TRAIL,OI_BUILD_BRK,SHORT,ALL,ALL,TEST,148,1.61,0.345,-0.258,0.96131,372.7,4.05,1.129,-675.7,1.036,-0.249,-0.606,660.8,0.892,1.43
BE0.5_TRAIL,OI_BUILD_BRK,SHORT,ALL,ALL,HOLDOUT,68,1.13,0.397,-0.2606,0.9791,-208.5,-3.47,0.873,-541.4,1.17,-0.223,-0.671,823.8,0.926,1.05
BE1_TRAIL,OI_BUILD_BRK,SHORT,ALL,ALL,TRAIN,385,2.09,0.421,-0.0132,0.58082,-1026.6,-5.58,0.919,-1957.3,1.313,-0.01,-0.678,880.1,0.831,1.74
BE1_TRAIL,OI_BUILD_BRK,SHORT,ALL,ALL,VALID,217,2.44,0.419,-0.1222,0.89471,15.7,0.18,1.003,-1200.8,1.282,-0.095,-0.752,857.0,0.82,2.0
BE1_TRAIL,OI_BUILD_BRK,SHORT,ALL,ALL,TEST,148,1.61,0.412,-0.2354,0.93852,172.7,1.88,1.048,-732.1,1.036,-0.227,-0.696,861.9,0.865,1.39
BE1_TRAIL,OI_BUILD_BRK,SHORT,ALL,ALL,HOLDOUT,68,1.13,0.441,-0.2692,0.9785,-273.3,-4.56,0.859,-681.6,1.17,-0.23,-0.739,915.4,0.912,1.03
ATR_TRAIL2,OI_BUILD_BRK,SHORT,ALL,ALL,TRAIN,385,2.09,0.343,-0.0295,0.80949,-1408.4,-7.65,0.769,-1657.7,1.313,-0.022,-0.295,149.4,0.912,1.91
ATR_TRAIL2,OI_BUILD_BRK,SHORT,ALL,ALL,VALID,217,2.44,0.359,-0.1479,0.99537,214.9,2.41,1.072,-880.7,1.282,-0.115,-0.412,168.7,0.899,2.19
ATR_TRAIL2,OI_BUILD_BRK,SHORT,ALL,ALL,TEST,148,1.61,0.351,-0.2236,0.96593,-0.9,-0.01,0.999,-799.0,1.036,-0.216,-0.313,151.1,0.919,1.48
ATR_TRAIL2,OI_BUILD_BRK,SHORT,ALL,ALL,HOLDOUT,68,1.13,0.221,-0.2549,0.99729,-509.4,-8.49,0.567,-644.6,1.17,-0.218,-0.402,143.0,0.956,1.08
ATR_TRAIL3,OI_BUILD_BRK,SHORT,ALL,ALL,TRAIN,385,2.09,0.348,-0.0167,0.59632,-2087.7,-11.35,0.749,-2905.6,1.313,-0.013,-0.385,266.5,0.873,1.83
ATR_TRAIL3,OI_BUILD_BRK,SHORT,ALL,ALL,VALID,217,2.44,0.346,-0.0967,0.8826,447.9,5.03,1.12,-794.8,1.282,-0.075,-0.499,311.4,0.862,2.1
ATR_TRAIL3,OI_BUILD_BRK,SHORT,ALL,ALL,TEST,148,1.61,0.345,-0.2323,0.96011,141.9,1.54,1.072,-769.1,1.036,-0.224,-0.403,289.2,0.892,1.43
ATR_TRAIL3,OI_BUILD_BRK,SHORT,ALL,ALL,HOLDOUT,68,1.13,0.235,-0.3194,0.9994,-547.7,-9.13,0.591,-547.7,1.17,-0.273,-0.506,281.2,0.926,1.05
ATR_TRAIL4,OI_BUILD_BRK,SHORT,ALL,ALL,TRAIN,385,2.09,0.34,-0.0091,0.54441,-2715.9,-14.76,0.732,-3730.1,1.313,-0.007,-0.469,410.5,0.865,1.81
ATR_TRAIL4,OI_BUILD_BRK,SHORT,ALL,ALL,VALID,217,2.44,0.355,-0.1244,0.91751,250.7,2.82,1.057,-984.9,1.282,-0.097,-0.555,450.2,0.843,2.06
ATR_TRAIL4,OI_BUILD_BRK,SHORT,ALL,ALL,TEST,148,1.61,0.345,-0.2662,0.97373,-142.3,-1.55,0.941,-824.1,1.036,-0.257,-0.466,430.3,0.878,1.41
ATR_TRAIL4,OI_BUILD_BRK,SHORT,ALL,ALL,HOLDOUT,68,1.13,0.279,-0.3592,0.9996,-753.8,-12.56,0.539,-753.8,1.17,-0.307,-0.575,437.4,0.912,1.03
MFE_LOCK0.3,OI_BUILD_BRK,SHORT,ALL,ALL,TRAIN,385,2.09,0.501,-0.0236,0.66437,-1465.9,-7.97,0.883,-2217.3,1.313,-0.018,-0.677,782.0,0.842,1.76
MFE_LOCK0.3,OI_BUILD_BRK,SHORT,ALL,ALL,VALID,217,2.44,0.47,-0.1318,0.93262,-38.5,-0.43,0.994,-1276.7,1.282,-0.103,-0.748,787.7,0.843,2.06
MFE_LOCK0.3,OI_BUILD_BRK,SHORT,ALL,ALL,TEST,148,1.61,0.507,-0.2424,0.95113,-263.0,-2.86,0.926,-732.6,1.036,-0.234,-0.695,778.0,0.899,1.45
MFE_LOCK0.3,OI_BUILD_BRK,SHORT,ALL,ALL,HOLDOUT,68,1.13,0.5,-0.2564,0.97221,-248.0,-4.13,0.871,-709.5,1.17,-0.219,-0.739,850.3,0.926,1.05
MFE_LOCK0.5,OI_BUILD_BRK,SHORT,ALL,ALL,TRAIN,385,2.09,0.501,0.0452,0.29929,-622.6,-3.38,0.95,-2318.9,1.313,0.034,-0.677,841.2,0.831,1.74
MFE_LOCK0.5,OI_BUILD_BRK,SHORT,ALL,ALL,VALID,217,2.44,0.47,-0.1069,0.85039,254.6,2.86,1.042,-1207.0,1.282,-0.083,-0.748,851.5,0.816,1.99
MFE_LOCK0.5,OI_BUILD_BRK,SHORT,ALL,ALL,TEST,148,1.61,0.507,-0.2167,0.9233,273.2,2.97,1.077,-717.3,1.036,-0.209,-0.695,853.0,0.872,1.4
MFE_LOCK0.5,OI_BUILD_BRK,SHORT,ALL,ALL,HOLDOUT,68,1.13,0.5,-0.2692,0.97881,-285.2,-4.75,0.852,-710.3,1.17,-0.23,-0.739,881.7,0.912,1.03
NOTP_TRAIL0.5,OI_BUILD_BRK,SHORT,ALL,ALL,TRAIN,385,2.09,0.312,-0.0674,0.99528,-1958.0,-10.64,0.716,-2132.9,1.313,-0.051,-0.308,263.6,0.917,1.92
NOTP_TRAIL0.5,OI_BUILD_BRK,SHORT,ALL,ALL,VALID,217,2.44,0.346,-0.106,0.93164,184.3,2.07,1.054,-731.5,1.282,-0.083,-0.435,337.0,0.908,2.21
NOTP_TRAIL0.5,OI_BUILD_BRK,SHORT,ALL,ALL,TEST,148,1.61,0.365,-0.2089,0.94982,325.0,3.53,1.173,-533.7,1.036,-0.202,-0.335,295.6,0.912,1.47
NOTP_TRAIL0.5,OI_BUILD_BRK,SHORT,ALL,ALL,HOLDOUT,68,1.13,0.294,-0.2218,0.98909,-382.8,-6.38,0.731,-566.2,1.17,-0.189,-0.418,333.9,0.941,1.07
NOTP_TRAIL1,OI_BUILD_BRK,SHORT,ALL,ALL,TRAIN,385,2.09,0.382,-0.0341,0.73536,-2576.9,-14.0,0.783,-3285.6,1.313,-0.026,-0.556,721.9,0.844,1.77
NOTP_TRAIL1,OI_BUILD_BRK,SHORT,ALL,ALL,VALID,217,2.44,0.429,-0.0482,0.68224,1419.7,15.95,1.288,-823.2,1.282,-0.038,-0.647,761.7,0.825,2.01
NOTP_TRAIL1,OI_BUILD_BRK,SHORT,ALL,ALL,TEST,148,1.61,0.365,-0.2812,0.97539,87.1,0.95,1.028,-925.0,1.036,-0.271,-0.575,687.6,0.885,1.42
NOTP_TRAIL1,OI_BUILD_BRK,SHORT,ALL,ALL,HOLDOUT,68,1.13,0.368,-0.2865,0.99104,-495.4,-8.26,0.728,-566.7,1.17,-0.245,-0.626,781.7,0.912,1.03
NOTP_TRAIL1.5,OI_BUILD_BRK,SHORT,ALL,ALL,TRAIN,385,2.09,0.436,0.0626,0.28214,-132.4,-0.72,0.989,-2148.6,1.313,0.048,-0.675,935.4,0.821,1.72
NOTP_TRAIL1.5,OI_BUILD_BRK,SHORT,ALL,ALL,VALID,217,2.44,0.415,-0.1083,0.83966,337.2,3.79,1.055,-1205.6,1.282,-0.084,-0.743,922.8,0.802,1.96
NOTP_TRAIL1.5,OI_BUILD_BRK,SHORT,ALL,ALL,TEST,148,1.61,0.419,-0.2466,0.94324,238.6,2.59,1.066,-835.4,1.036,-0.238,-0.704,935.9,0.851,1.37
NOTP_TRAIL1.5,OI_BUILD_BRK,SHORT,ALL,ALL,HOLDOUT,68,1.13,0.441,-0.3051,0.9909,-352.4,-5.87,0.814,-635.1,1.17,-0.261,-0.737,936.8,0.912,1.03
TIME15m,OI_BUILD_BRK,SHORT,ALL,ALL,TRAIN,385,2.09,0.403,-0.0087,0.70595,-675.3,-3.67,0.764,-1174.8,1.313,-0.007,-0.156,14.9,1.0,2.09
TIME15m,OI_BUILD_BRK,SHORT,ALL,ALL,VALID,217,2.44,0.355,-0.086,0.99981,-340.9,-3.83,0.774,-527.5,1.282,-0.067,-0.26,14.7,1.0,2.44
TIME15m,OI_BUILD_BRK,SHORT,ALL,ALL,TEST,148,1.61,0.419,-0.0829,0.95114,13.5,0.15,1.021,-228.4,1.036,-0.08,-0.166,14.7,1.0,1.61
TIME15m,OI_BUILD_BRK,SHORT,ALL,ALL,HOLDOUT,68,1.13,0.368,-0.0376,0.77764,-96.8,-1.61,0.779,-238.4,1.17,-0.032,-0.217,14.6,1.0,1.13
TIME30m,OI_BUILD_BRK,SHORT,ALL,ALL,TRAIN,385,2.09,0.462,0.017,0.18415,-311.7,-1.69,0.911,-1001.1,1.313,0.013,-0.197,29.6,1.0,2.09
TIME30m,OI_BUILD_BRK,SHORT,ALL,ALL,VALID,217,2.44,0.401,-0.0899,0.99913,-379.9,-4.27,0.802,-720.4,1.282,-0.07,-0.325,29.2,1.0,2.44
TIME30m,OI_BUILD_BRK,SHORT,ALL,ALL,TEST,148,1.61,0.453,-0.1127,0.94943,63.3,0.69,1.073,-279.2,1.036,-0.109,-0.23,29.0,1.0,1.61
TIME30m,OI_BUILD_BRK,SHORT,ALL,ALL,HOLDOUT,68,1.13,0.397,-0.1099,0.93765,-280.3,-4.67,0.586,-408.9,1.17,-0.094,-0.289,28.9,1.0,1.13
TIME1h,OI_BUILD_BRK,SHORT,ALL,ALL,TRAIN,385,2.09,0.457,-0.0115,0.6888,-1394.7,-7.58,0.728,-1795.1,1.313,-0.009,-0.277,58.2,1.0,2.09
TIME1h,OI_BUILD_BRK,SHORT,ALL,ALL,VALID,217,2.44,0.396,-0.0964,0.99685,-26.4,-0.3,0.989,-809.5,1.282,-0.075,-0.412,57.3,1.0,2.44
TIME1h,OI_BUILD_BRK,SHORT,ALL,ALL,TEST,148,1.61,0.453,-0.1052,0.93218,165.5,1.8,1.159,-231.4,1.036,-0.102,-0.291,56.5,1.0,1.61
TIME1h,OI_BUILD_BRK,SHORT,ALL,ALL,HOLDOUT,68,1.13,0.382,-0.1416,0.96927,-462.2,-7.7,0.501,-561.3,1.17,-0.121,-0.368,56.5,1.0,1.13
TIME2h,OI_BUILD_BRK,SHORT,ALL,ALL,TRAIN,385,2.09,0.473,-0.0087,0.61782,-1082.1,-5.88,0.824,-1650.4,1.313,-0.007,-0.367,113.2,0.927,1.94
TIME2h,OI_BUILD_BRK,SHORT,ALL,ALL,VALID,217,2.44,0.47,-0.1006,0.9877,202.6,2.28,1.073,-883.8,1.282,-0.079,-0.486,110.8,0.912,2.22
TIME2h,OI_BUILD_BRK,SHORT,ALL,ALL,TEST,148,1.61,0.493,-0.2071,0.95145,-178.2,-1.94,0.887,-398.9,1.036,-0.2,-0.382,109.9,0.959,1.54
TIME2h,OI_BUILD_BRK,SHORT,ALL,ALL,HOLDOUT,68,1.13,0.324,-0.1568,0.97679,-428.9,-7.15,0.576,-475.7,1.17,-0.134,-0.457,110.3,0.971,1.1
TIME4h,OI_BUILD_BRK,SHORT,ALL,ALL,TRAIN,385,2.09,0.447,-0.0221,0.72409,-1174.4,-6.38,0.852,-1860.8,1.313,-0.017,-0.468,214.1,0.901,1.89
TIME4h,OI_BUILD_BRK,SHORT,ALL,ALL,VALID,217,2.44,0.47,-0.119,0.98131,488.0,5.48,1.137,-773.8,1.282,-0.093,-0.576,209.5,0.889,2.17
TIME4h,OI_BUILD_BRK,SHORT,ALL,ALL,TEST,148,1.61,0.459,-0.2107,0.94635,-355.4,-3.86,0.838,-558.3,1.036,-0.203,-0.474,206.3,0.926,1.49
TIME4h,OI_BUILD_BRK,SHORT,ALL,ALL,HOLDOUT,68,1.13,0.426,-0.1934,0.98176,-374.8,-6.25,0.716,-474.0,1.17,-0.165,-0.596,212.4,0.956,1.08
SIG_OFF,OI_BUILD_BRK,SHORT,ALL,ALL,TRAIN,385,2.09,0.4,-0.0063,0.65181,-589.5,-3.2,0.793,-1095.8,1.313,-0.005,-0.156,15.4,1.0,2.09
SIG_OFF,OI_BUILD_BRK,SHORT,ALL,ALL,VALID,217,2.44,0.359,-0.0919,0.99996,-346.4,-3.89,0.771,-531.2,1.282,-0.072,-0.26,15.2,1.0,2.44
SIG_OFF,OI_BUILD_BRK,SHORT,ALL,ALL,TEST,148,1.61,0.405,-0.0784,0.93555,35.2,0.38,1.054,-236.1,1.036,-0.076,-0.166,15.1,1.0,1.61
SIG_OFF,OI_BUILD_BRK,SHORT,ALL,ALL,HOLDOUT,68,1.13,0.353,-0.0254,0.67531,-48.9,-0.82,0.889,-237.0,1.17,-0.022,-0.217,15.1,1.0,1.13
MOM_OFF,OI_BUILD_BRK,SHORT,ALL,ALL,TRAIN,385,2.09,0.361,0.0043,0.44735,-1145.4,-6.23,0.747,-1668.2,1.313,0.003,-0.228,65.2,0.953,1.99
MOM_OFF,OI_BUILD_BRK,SHORT,ALL,ALL,VALID,217,2.44,0.309,-0.1069,0.99779,-228.1,-2.56,0.909,-914.8,1.282,-0.083,-0.374,68.7,0.922,2.25
MOM_OFF,OI_BUILD_BRK,SHORT,ALL,ALL,TEST,148,1.61,0.385,-0.1542,0.98577,-262.4,-2.85,0.781,-516.4,1.036,-0.149,-0.272,66.8,0.966,1.55
MOM_OFF,OI_BUILD_BRK,SHORT,ALL,ALL,HOLDOUT,68,1.13,0.235,-0.0986,0.79359,-262.0,-4.37,0.693,-505.6,1.17,-0.084,-0.347,64.0,1.0,1.13
FIXED,OI_COVER,LONG,ALL,ALL,TRAIN,108,0.59,0.306,-0.1942,0.98141,-452.8,-2.46,0.881,-1149.0,3.173,-0.061,-0.737,976.9,0.87,0.51
FIXED,OI_COVER,LONG,ALL,ALL,VALID,41,0.46,0.415,-0.1139,0.75197,-957.9,-10.76,0.417,-1011.7,1.267,-0.09,-0.796,883.3,0.976,0.45
FIXED,OI_COVER,LONG,ALL,ALL,TEST,38,0.41,0.237,-0.4122,0.99888,-1021.3,-11.1,0.296,-1113.2,0.786,-0.524,-0.828,905.5,1.0,0.41
FIXED,OI_COVER,LONG,ALL,ALL,HOLDOUT,20,0.33,0.45,0.0912,0.3667,285.6,4.76,1.248,-786.2,1.416,0.064,-0.673,936.2,1.0,0.33
TRAIL_A0.5_D0.5,OI_COVER,LONG,ALL,ALL,TRAIN,108,0.59,0.463,-0.108,0.9446,-28.8,-0.16,0.987,-584.3,3.173,-0.034,-0.556,689.6,0.88,0.52
TRAIL_A0.5_D0.5,OI_COVER,LONG,ALL,ALL,VALID,41,0.46,0.585,-0.0249,0.58227,362.4,4.07,1.525,-336.6,1.267,-0.02,-0.671,552.0,0.976,0.45
TRAIL_A0.5_D0.5,OI_COVER,LONG,ALL,ALL,TEST,38,0.41,0.447,-0.2478,0.96558,-540.7,-5.88,0.489,-869.2,0.786,-0.315,-0.635,605.9,1.0,0.41
TRAIL_A0.5_D0.5,OI_COVER,LONG,ALL,ALL,HOLDOUT,20,0.33,0.55,0.1429,0.22802,177.4,2.96,1.163,-777.6,1.416,0.101,-0.534,671.0,1.0,0.33
TRAIL_A0.5_D1,OI_COVER,LONG,ALL,ALL,TRAIN,108,0.59,0.324,-0.1241,0.93902,39.4,0.21,1.013,-924.3,3.173,-0.039,-0.601,831.2,0.87,0.51
TRAIL_A0.5_D1,OI_COVER,LONG,ALL,ALL,VALID,41,0.46,0.439,-0.1521,0.88921,-187.9,-2.11,0.747,-445.5,1.267,-0.12,-0.678,751.1,0.976,0.45
TRAIL_A0.5_D1,OI_COVER,LONG,ALL,ALL,TEST,38,0.41,0.211,-0.424,0.99922,-730.4,-7.94,0.385,-1014.5,0.786,-0.539,-0.674,710,1.0,0.41
TRAIL_A0.5_D1,OI_COVER,LONG,ALL,ALL,HOLDOUT,20,0.33,0.45,0.1188,0.29275,264.7,4.41,1.236,-780.6,1.416,0.084,-0.568,796.0,1.0,0.33
TRAIL_A1_D0.5,OI_COVER,LONG,ALL,ALL,TRAIN,108,0.59,0.352,-0.1977,0.98956,-750.2,-4.08,0.792,-1287.8,3.173,-0.062,-0.701,897.4,0.87,0.51
TRAIL_A1_D0.5,OI_COVER,LONG,ALL,ALL,VALID,41,0.46,0.488,-0.1296,0.82156,-417.0,-4.69,0.658,-615.4,1.267,-0.102,-0.755,752.3,0.976,0.45
TRAIL_A1_D0.5,OI_COVER,LONG,ALL,ALL,TEST,38,0.41,0.316,-0.3471,0.99118,-755.3,-8.21,0.409,-1085.9,0.786,-0.441,-0.772,804.2,1.0,0.41
TRAIL_A1_D0.5,OI_COVER,LONG,ALL,ALL,HOLDOUT,20,0.33,0.5,0.0542,0.41518,224.2,3.74,1.196,-786.2,1.416,0.038,-0.666,848.0,1.0,0.33
TRAIL_A1_D1,OI_COVER,LONG,ALL,ALL,TRAIN,108,0.59,0.343,-0.1904,0.98335,-543.6,-2.95,0.849,-1137.8,3.173,-0.06,-0.701,925.0,0.87,0.51
TRAIL_A1_D1,OI_COVER,LONG,ALL,ALL,VALID,41,0.46,0.488,-0.1912,0.91863,-641.6,-7.21,0.473,-657.0,1.267,-0.151,-0.755,815.4,0.976,0.45
TRAIL_A1_D1,OI_COVER,LONG,ALL,ALL,TEST,38,0.41,0.263,-0.4034,0.99804,-813.6,-8.84,0.365,-1099.8,0.786,-0.513,-0.772,818.2,1.0,0.41
TRAIL_A1_D1,OI_COVER,LONG,ALL,ALL,HOLDOUT,20,0.33,0.5,0.0499,0.42315,251.9,4.2,1.22,-786.2,1.416,0.035,-0.666,884.8,1.0,0.33
BE0.5_TRAIL,OI_COVER,LONG,ALL,ALL,TRAIN,108,0.59,0.278,-0.1223,0.95283,308.4,1.68,1.139,-501.5,3.173,-0.039,-0.558,750.5,0.87,0.51
BE0.5_TRAIL,OI_COVER,LONG,ALL,ALL,VALID,41,0.46,0.439,-0.0725,0.71685,-80.2,-0.9,0.885,-398.3,1.267,-0.057,-0.671,666.1,0.976,0.45
BE0.5_TRAIL,OI_COVER,LONG,ALL,ALL,TEST,38,0.41,0.211,-0.3419,0.99823,-755.0,-8.21,0.295,-969.5,0.786,-0.435,-0.635,627.5,1.0,0.41
BE0.5_TRAIL,OI_COVER,LONG,ALL,ALL,HOLDOUT,20,0.33,0.45,0.427,0.11424,2601.4,43.36,3.382,-779.1,1.416,0.302,-0.534,794.2,1.0,0.33
BE1_TRAIL,OI_COVER,LONG,ALL,ALL,TRAIN,108,0.59,0.287,0.0598,0.42526,-839.5,-4.56,0.768,-1209.0,3.173,0.019,-0.703,935.7,0.87,0.51
BE1_TRAIL,OI_COVER,LONG,ALL,ALL,VALID,41,0.46,0.439,-0.0942,0.7221,-505.0,-5.67,0.587,-615.4,1.267,-0.074,-0.787,869.8,0.976,0.45
BE1_TRAIL,OI_COVER,LONG,ALL,ALL,TEST,38,0.41,0.211,-0.4422,0.99974,-970.5,-10.55,0.245,-1140.7,0.786,-0.562,-0.772,832.5,1.0,0.41
BE1_TRAIL,OI_COVER,LONG,ALL,ALL,HOLDOUT,20,0.33,0.45,0.3077,0.21864,2573.5,42.89,3.242,-786.2,1.416,0.217,-0.666,943.8,1.0,0.33
ATR_TRAIL2,OI_COVER,LONG,ALL,ALL,TRAIN,108,0.59,0.315,-0.0462,0.81602,486.0,2.64,1.295,-619.0,3.173,-0.015,-0.309,148.1,0.889,0.52
ATR_TRAIL2,OI_COVER,LONG,ALL,ALL,VALID,41,0.46,0.366,0.0527,0.33991,-328.7,-3.69,0.597,-372.7,1.267,0.042,-0.333,142.4,0.976,0.45
ATR_TRAIL2,OI_COVER,LONG,ALL,ALL,TEST,38,0.41,0.263,-0.231,0.99878,-262.0,-2.85,0.471,-440.4,0.786,-0.294,-0.346,135,1.0,0.41
ATR_TRAIL2,OI_COVER,LONG,ALL,ALL,HOLDOUT,20,0.33,0.35,0.0125,0.46704,403.9,6.73,1.477,-726.4,1.416,0.009,-0.345,157.8,1.0,0.33
ATR_TRAIL3,OI_COVER,LONG,ALL,ALL,TRAIN,108,0.59,0.315,-0.1123,0.96755,9.5,0.05,1.004,-772.7,3.173,-0.035,-0.412,257.9,0.88,0.52
ATR_TRAIL3,OI_COVER,LONG,ALL,ALL,VALID,41,0.46,0.293,-0.029,0.58778,300.3,3.37,1.493,-258.1,1.267,-0.023,-0.441,227.6,0.976,0.45
ATR_TRAIL3,OI_COVER,LONG,ALL,ALL,TEST,38,0.41,0.289,-0.282,0.99938,-511.2,-5.56,0.219,-539.0,0.786,-0.359,-0.433,236.7,1.0,0.41
ATR_TRAIL3,OI_COVER,LONG,ALL,ALL,HOLDOUT,20,0.33,0.35,0.1026,0.35917,2164.7,36.08,3.343,-790.6,1.416,0.072,-0.38,269.0,1.0,0.33
ATR_TRAIL4,OI_COVER,LONG,ALL,ALL,TRAIN,108,0.59,0.315,-0.1469,0.98877,-112.2,-0.61,0.947,-796.0,3.173,-0.046,-0.459,389.3,0.88,0.52
ATR_TRAIL4,OI_COVER,LONG,ALL,ALL,VALID,41,0.46,0.415,-0.0238,0.5737,161.9,1.82,1.259,-295.4,1.267,-0.019,-0.504,389.8,0.976,0.45
ATR_TRAIL4,OI_COVER,LONG,ALL,ALL,TEST,38,0.41,0.211,-0.381,1.0,-867.3,-9.43,0.11,-870.3,0.786,-0.485,-0.523,329.6,1.0,0.41
ATR_TRAIL4,OI_COVER,LONG,ALL,ALL,HOLDOUT,20,0.33,0.3,0.1037,0.35182,1992.6,33.21,3.175,-782.7,1.416,0.073,-0.408,434.0,1.0,0.33
MFE_LOCK0.3,OI_COVER,LONG,ALL,ALL,TRAIN,108,0.59,0.352,0.0972,0.37994,-600.5,-3.26,0.833,-1267.2,3.173,0.031,-0.701,892.5,0.87,0.51
MFE_LOCK0.3,OI_COVER,LONG,ALL,ALL,VALID,41,0.46,0.488,-0.0711,0.68081,-266.5,-2.99,0.781,-615.4,1.267,-0.056,-0.755,752.3,0.976,0.45
MFE_LOCK0.3,OI_COVER,LONG,ALL,ALL,TEST,38,0.41,0.316,-0.3508,0.99273,-777.8,-8.45,0.392,-1102.5,0.786,-0.446,-0.772,805.5,1.0,0.41
MFE_LOCK0.3,OI_COVER,LONG,ALL,ALL,HOLDOUT,20,0.33,0.5,0.1045,0.36735,1765.4,29.42,2.54,-786.2,1.416,0.074,-0.666,827.2,1.0,0.33
MFE_LOCK0.5,OI_COVER,LONG,ALL,ALL,TRAIN,108,0.59,0.352,0.0912,0.3876,-1081.1,-5.88,0.7,-1551.0,3.173,0.029,-0.701,914.7,0.87,0.51
MFE_LOCK0.5,OI_COVER,LONG,ALL,ALL,VALID,41,0.46,0.488,-0.1347,0.82698,-465.0,-5.23,0.618,-615.4,1.267,-0.106,-0.755,800.7,0.976,0.45
MFE_LOCK0.5,OI_COVER,LONG,ALL,ALL,TEST,38,0.41,0.289,-0.4173,0.99938,-897.9,-9.76,0.298,-1126.2,0.786,-0.531,-0.772,811.4,1.0,0.41
MFE_LOCK0.5,OI_COVER,LONG,ALL,ALL,HOLDOUT,20,0.33,0.5,0.1429,0.32152,1151.7,19.2,2.005,-786.2,1.416,0.101,-0.666,909.8,1.0,0.33
NOTP_TRAIL0.5,OI_COVER,LONG,ALL,ALL,TRAIN,108,0.59,0.315,-0.0751,0.94321,-272.8,-1.48,0.857,-801.6,3.173,-0.024,-0.331,336.3,0.889,0.52
NOTP_TRAIL0.5,OI_COVER,LONG,ALL,ALL,VALID,41,0.46,0.366,-0.0206,0.58873,-458.0,-5.15,0.473,-476.8,1.267,-0.016,-0.339,225.1,0.976,0.45
NOTP_TRAIL0.5,OI_COVER,LONG,ALL,ALL,TEST,38,0.41,0.263,-0.2371,0.99753,-182.5,-1.98,0.652,-465.2,0.786,-0.301,-0.367,238.3,1.0,0.41
NOTP_TRAIL0.5,OI_COVER,LONG,ALL,ALL,HOLDOUT,20,0.33,0.35,-0.0059,0.51727,227.2,3.79,1.292,-643.6,1.416,-0.004,-0.351,190.8,1.0,0.33
NOTP_TRAIL1,OI_COVER,LONG,ALL,ALL,TRAIN,108,0.59,0.306,0.1382,0.32977,-457.6,-2.49,0.847,-1183.3,3.173,0.044,-0.557,774.9,0.87,0.51
NOTP_TRAIL1,OI_COVER,LONG,ALL,ALL,VALID,41,0.46,0.415,-0.0912,0.72232,-128.7,-1.45,0.835,-386.2,1.267,-0.072,-0.577,692.0,0.976,0.45
NOTP_TRAIL1,OI_COVER,LONG,ALL,ALL,TEST,38,0.41,0.211,-0.4296,0.99994,-758.1,-8.24,0.287,-935.0,0.786,-0.546,-0.632,653.0,1.0,0.41
NOTP_TRAIL1,OI_COVER,LONG,ALL,ALL,HOLDOUT,20,0.33,0.4,0.3911,0.15235,2491.1,41.52,3.354,-715.3,1.416,0.276,-0.509,772.0,1.0,0.33
NOTP_TRAIL1.5,OI_COVER,LONG,ALL,ALL,TRAIN,108,0.59,0.259,0.0367,0.45409,-650.8,-3.54,0.825,-1401.1,3.173,0.012,-0.694,926.5,0.87,0.51
NOTP_TRAIL1.5,OI_COVER,LONG,ALL,ALL,VALID,41,0.46,0.39,-0.0303,0.5698,-410.7,-4.61,0.638,-506.1,1.267,-0.024,-0.754,902.6,0.976,0.45
NOTP_TRAIL1.5,OI_COVER,LONG,ALL,ALL,TEST,38,0.41,0.211,-0.4626,0.99974,-1063.6,-11.56,0.196,-1101.3,0.786,-0.588,-0.78,901.3,1.0,0.41
NOTP_TRAIL1.5,OI_COVER,LONG,ALL,ALL,HOLDOUT,20,0.33,0.4,0.2024,0.29925,1996.7,33.28,2.72,-783.7,1.416,0.143,-0.662,968.2,1.0,0.33
TIME15m,OI_COVER,LONG,ALL,ALL,TRAIN,108,0.59,0.5,-0.006,0.59276,250.0,1.36,1.321,-297.6,3.173,-0.002,-0.15,14.9,0.917,0.54
TIME15m,OI_COVER,LONG,ALL,ALL,VALID,41,0.46,0.268,-0.0954,0.99921,-255.9,-2.88,0.202,-261.7,1.267,-0.075,-0.172,15,1.0,0.46
TIME15m,OI_COVER,LONG,ALL,ALL,TEST,38,0.41,0.289,-0.0374,0.71345,149.0,1.62,1.658,-190.5,0.786,-0.048,-0.152,14.9,1.0,0.41
TIME15m,OI_COVER,LONG,ALL,ALL,HOLDOUT,20,0.33,0.25,-0.1567,0.99382,-534.7,-8.91,0.057,-543.0,1.416,-0.111,-0.217,15,1.0,0.33
TIME30m,OI_COVER,LONG,ALL,ALL,TRAIN,108,0.59,0.509,-0.0066,0.58191,503.6,2.74,1.635,-265.8,3.173,-0.002,-0.187,29.6,0.889,0.52
TIME30m,OI_COVER,LONG,ALL,ALL,VALID,41,0.46,0.366,-0.1322,0.99504,-576.0,-6.47,0.197,-599.3,1.267,-0.104,-0.282,30,1.0,0.46
TIME30m,OI_COVER,LONG,ALL,ALL,TEST,38,0.41,0.342,-0.0899,0.96016,-158.1,-1.72,0.657,-236.8,0.786,-0.114,-0.275,29.2,1.0,0.41
TIME30m,OI_COVER,LONG,ALL,ALL,HOLDOUT,20,0.33,0.35,-0.1268,0.94414,-358.1,-5.97,0.335,-460.5,1.416,-0.09,-0.259,29.5,1.0,0.33
TIME1h,OI_COVER,LONG,ALL,ALL,TRAIN,108,0.59,0.491,-0.0193,0.66313,882.8,4.8,1.813,-413.6,3.173,-0.006,-0.285,58.5,0.889,0.52
TIME1h,OI_COVER,LONG,ALL,ALL,VALID,41,0.46,0.439,-0.0499,0.79588,-232.5,-2.61,0.474,-263.5,1.267,-0.039,-0.319,59.3,1.0,0.46
TIME1h,OI_COVER,LONG,ALL,ALL,TEST,38,0.41,0.289,-0.1088,0.96575,-196.1,-2.13,0.614,-272.5,0.786,-0.138,-0.319,56.8,1.0,0.41
TIME1h,OI_COVER,LONG,ALL,ALL,HOLDOUT,20,0.33,0.45,-0.0604,0.72886,107.5,1.79,1.248,-342.2,1.416,-0.043,-0.311,58.0,1.0,0.33
TIME2h,OI_COVER,LONG,ALL,ALL,TRAIN,108,0.59,0.426,-0.0653,0.91868,163.6,0.89,1.107,-735.2,3.173,-0.021,-0.379,114.8,0.889,0.52
TIME2h,OI_COVER,LONG,ALL,ALL,VALID,41,0.46,0.415,-0.0799,0.86071,-119.4,-1.34,0.715,-168.5,1.267,-0.063,-0.428,116.5,0.976,0.45
TIME2h,OI_COVER,LONG,ALL,ALL,TEST,38,0.41,0.395,-0.0919,0.8951,-427.7,-4.65,0.46,-503.5,0.786,-0.117,-0.419,110.9,1.0,0.41
TIME2h,OI_COVER,LONG,ALL,ALL,HOLDOUT,20,0.33,0.4,0.0243,0.4315,97.8,1.63,1.109,-814.2,1.416,0.017,-0.358,109.8,1.0,0.33
TIME4h,OI_COVER,LONG,ALL,ALL,TRAIN,108,0.59,0.361,-0.0902,0.92407,251.0,1.36,1.124,-642.0,3.173,-0.028,-0.47,219.1,0.88,0.52
TIME4h,OI_COVER,LONG,ALL,ALL,VALID,41,0.46,0.537,0.0371,0.37369,188.3,2.12,1.339,-206.7,1.267,0.029,-0.522,219.4,0.976,0.45
TIME4h,OI_COVER,LONG,ALL,ALL,TEST,38,0.41,0.368,-0.1733,0.98094,-564.4,-6.13,0.372,-647.2,0.786,-0.22,-0.517,212.0,1.0,0.41
TIME4h,OI_COVER,LONG,ALL,ALL,HOLDOUT,20,0.33,0.55,0.0974,0.2429,206.5,3.44,1.248,-781.2,1.416,0.069,-0.391,211.8,1.0,0.33
SIG_OFF,OI_COVER,LONG,ALL,ALL,TRAIN,108,0.59,0.481,0.0074,0.40241,496.3,2.7,1.686,-222.6,3.173,0.002,-0.156,19.2,0.917,0.54
SIG_OFF,OI_COVER,LONG,ALL,ALL,VALID,41,0.46,0.22,-0.11,0.99977,-287.1,-3.23,0.164,-293.1,1.267,-0.087,-0.182,18.4,1.0,0.46
SIG_OFF,OI_COVER,LONG,ALL,ALL,TEST,38,0.41,0.263,-0.1278,0.99849,-242.0,-2.63,0.396,-242.0,0.786,-0.162,-0.207,18.0,1.0,0.41
SIG_OFF,OI_COVER,LONG,ALL,ALL,HOLDOUT,20,0.33,0.25,-0.158,0.99343,-561.8,-9.36,0.055,-570.4,1.416,-0.112,-0.224,15.5,1.0,0.33
MOM_OFF,OI_COVER,LONG,ALL,ALL,TRAIN,108,0.59,0.444,-0.0507,0.91698,386.3,2.1,1.393,-467.2,3.173,-0.016,-0.236,47.7,0.898,0.53
MOM_OFF,OI_COVER,LONG,ALL,ALL,VALID,41,0.46,0.293,-0.1305,0.99376,-374.2,-4.2,0.246,-393.3,1.267,-0.103,-0.27,49.0,1.0,0.46
MOM_OFF,OI_COVER,LONG,ALL,ALL,TEST,38,0.41,0.211,-0.2084,0.99967,-538.5,-5.85,0.039,-538.5,0.786,-0.265,-0.284,39.9,1.0,0.41
MOM_OFF,OI_COVER,LONG,ALL,ALL,HOLDOUT,20,0.33,0.35,-0.1231,0.95094,-506.2,-8.44,0.112,-516.7,1.416,-0.087,-0.253,42.0,1.0,0.33
FIXED,CAPITULATION_REV,SHORT,ALL,ALL,TRAIN,3360,18.26,0.458,-0.046,0.7564,-8153.2,-44.31,0.911,-12838.5,1.296,-0.036,-0.794,729.9,0.331,6.04
FIXED,CAPITULATION_REV,SHORT,ALL,ALL,VALID,1448,16.27,0.436,-0.0851,0.91849,-3179.2,-35.72,0.923,-5663.5,1.2,-0.071,-0.82,731.4,0.406,6.61
FIXED,CAPITULATION_REV,SHORT,ALL,ALL,TEST,1526,16.59,0.453,-0.0793,0.95216,-6746.8,-73.34,0.821,-7111.6,1.192,-0.067,-0.779,764.3,0.362,6.0
FIXED,CAPITULATION_REV,SHORT,ALL,ALL,HOLDOUT,1324,22.07,0.404,-0.1797,0.9909,-9570.1,-159.5,0.763,-10882.2,1.218,-0.148,-0.841,691.9,0.304,6.7
TRAIL_A0.5_D0.5,CAPITULATION_REV,SHORT,ALL,ALL,TRAIN,3360,18.26,0.568,-0.0625,0.88155,-10562.2,-57.4,0.838,-11644.8,1.296,-0.048,-0.626,390.6,0.504,9.2
TRAIL_A0.5_D0.5,CAPITULATION_REV,SHORT,ALL,ALL,VALID,1448,16.27,0.542,-0.0896,0.98982,-5662.9,-63.63,0.803,-7804.9,1.2,-0.075,-0.626,370.2,0.577,9.39
TRAIL_A0.5_D0.5,CAPITULATION_REV,SHORT,ALL,ALL,TEST,1526,16.59,0.583,-0.0745,0.96655,-4850.6,-52.72,0.805,-5040.9,1.192,-0.063,-0.596,375.2,0.579,9.61
TRAIL_A0.5_D0.5,CAPITULATION_REV,SHORT,ALL,ALL,HOLDOUT,1324,22.07,0.559,-0.1231,0.9962,-4057.1,-67.62,0.839,-5037.1,1.218,-0.101,-0.616,319.6,0.542,11.97
TRAIL_A0.5_D1,CAPITULATION_REV,SHORT,ALL,ALL,TRAIN,3360,18.26,0.392,-0.0673,0.86397,-11833.1,-64.31,0.848,-12748.2,1.296,-0.052,-0.669,569.9,0.406,7.41
TRAIL_A0.5_D1,CAPITULATION_REV,SHORT,ALL,ALL,VALID,1448,16.27,0.401,-0.0618,0.8701,-3583.4,-40.26,0.896,-5766.7,1.2,-0.051,-0.671,569.1,0.478,7.78
TRAIL_A0.5_D1,CAPITULATION_REV,SHORT,ALL,ALL,TEST,1526,16.59,0.382,-0.0905,0.98228,-6678.3,-72.59,0.786,-6801.2,1.192,-0.076,-0.643,587.8,0.445,7.38
TRAIL_A0.5_D1,CAPITULATION_REV,SHORT,ALL,ALL,HOLDOUT,1324,22.07,0.35,-0.1567,0.99672,-6732.0,-112.2,0.783,-7914.8,1.218,-0.129,-0.672,512.1,0.398,8.78
TRAIL_A1_D0.5,CAPITULATION_REV,SHORT,ALL,ALL,TRAIN,3360,18.26,0.504,-0.0646,0.85811,-10549.7,-57.34,0.877,-14209.2,1.296,-0.05,-0.749,608.4,0.387,7.07
TRAIL_A1_D0.5,CAPITULATION_REV,SHORT,ALL,ALL,VALID,1448,16.27,0.485,-0.0914,0.9594,-3985.7,-44.78,0.896,-6516.4,1.2,-0.076,-0.772,611.0,0.452,7.35
TRAIL_A1_D0.5,CAPITULATION_REV,SHORT,ALL,ALL,TEST,1526,16.59,0.504,-0.0786,0.95221,-6754.2,-73.42,0.809,-7033.5,1.192,-0.066,-0.74,626.5,0.429,7.12
TRAIL_A1_D0.5,CAPITULATION_REV,SHORT,ALL,ALL,HOLDOUT,1324,22.07,0.461,-0.171,0.99304,-8242.0,-137.37,0.774,-8961.2,1.218,-0.14,-0.787,545.7,0.379,8.37
TRAIL_A1_D1,CAPITULATION_REV,SHORT,ALL,ALL,TRAIN,3360,18.26,0.472,-0.061,0.83144,-10539.8,-57.28,0.877,-13776.8,1.296,-0.047,-0.754,672.1,0.354,6.47
TRAIL_A1_D1,CAPITULATION_REV,SHORT,ALL,ALL,VALID,1448,16.27,0.468,-0.0778,0.90688,-2839.7,-31.91,0.926,-5095.7,1.2,-0.065,-0.773,671.4,0.425,6.92
TRAIL_A1_D1,CAPITULATION_REV,SHORT,ALL,ALL,TEST,1526,16.59,0.471,-0.0824,0.96079,-6905.9,-75.06,0.806,-7169.6,1.192,-0.069,-0.74,701.6,0.394,6.54
TRAIL_A1_D1,CAPITULATION_REV,SHORT,ALL,ALL,HOLDOUT,1324,22.07,0.433,-0.1723,0.99183,-8296.2,-138.27,0.773,-9332.5,1.218,-0.141,-0.793,621.8,0.337,7.43
BE0.5_TRAIL,CAPITULATION_REV,SHORT,ALL,ALL,TRAIN,3360,18.26,0.348,-0.0666,0.88404,-11912.9,-64.74,0.822,-13316.7,1.296,-0.051,-0.635,530.5,0.426,7.78
BE0.5_TRAIL,CAPITULATION_REV,SHORT,ALL,ALL,VALID,1448,16.27,0.334,-0.0659,0.93049,-3462.9,-38.91,0.882,-5801.0,1.2,-0.055,-0.629,517.2,0.496,8.07
BE0.5_TRAIL,CAPITULATION_REV,SHORT,ALL,ALL,TEST,1526,16.59,0.321,-0.0833,0.97975,-5070.2,-55.11,0.802,-5382.1,1.192,-0.07,-0.599,509.1,0.49,8.12
BE0.5_TRAIL,CAPITULATION_REV,SHORT,ALL,ALL,HOLDOUT,1324,22.07,0.306,-0.1422,0.99774,-5479.3,-91.32,0.787,-5794.8,1.218,-0.117,-0.619,442.6,0.451,9.95
BE1_TRAIL,CAPITULATION_REV,SHORT,ALL,ALL,TRAIN,3360,18.26,0.408,-0.0531,0.80106,-9807.6,-53.3,0.886,-13764.0,1.296,-0.041,-0.755,768.2,0.324,5.92
BE1_TRAIL,CAPITULATION_REV,SHORT,ALL,ALL,VALID,1448,16.27,0.401,-0.0747,0.89278,-2637.6,-29.64,0.932,-5065.6,1.2,-0.062,-0.774,770.3,0.387,6.29
BE1_TRAIL,CAPITULATION_REV,SHORT,ALL,ALL,TEST,1526,16.59,0.402,-0.0952,0.97924,-6840.7,-74.36,0.808,-7397.9,1.192,-0.08,-0.741,786.3,0.362,6.0
BE1_TRAIL,CAPITULATION_REV,SHORT,ALL,ALL,HOLDOUT,1324,22.07,0.35,-0.191,0.99597,-9162.4,-152.71,0.751,-9943.1,1.218,-0.157,-0.794,703.0,0.298,6.58
ATR_TRAIL2,CAPITULATION_REV,SHORT,ALL,ALL,TRAIN,3360,18.26,0.332,-0.0749,0.99867,-10184.2,-55.35,0.764,-10259.4,1.296,-0.058,-0.373,139.8,0.641,11.7
ATR_TRAIL2,CAPITULATION_REV,SHORT,ALL,ALL,VALID,1448,16.27,0.309,-0.0916,0.9996,-4464.6,-50.16,0.761,-5663.9,1.2,-0.076,-0.36,126.8,0.727,11.82
ATR_TRAIL2,CAPITULATION_REV,SHORT,ALL,ALL,TEST,1526,16.59,0.33,-0.0928,1.0,-5173.4,-56.23,0.7,-5526.9,1.192,-0.078,-0.351,134.5,0.79,13.1
ATR_TRAIL2,CAPITULATION_REV,SHORT,ALL,ALL,HOLDOUT,1324,22.07,0.33,-0.0925,0.99979,-2911.2,-48.52,0.817,-3262.1,1.218,-0.076,-0.38,130.1,0.755,16.65
ATR_TRAIL3,CAPITULATION_REV,SHORT,ALL,ALL,TRAIN,3360,18.26,0.371,-0.0712,0.93197,-10901.2,-59.25,0.811,-10951.7,1.296,-0.055,-0.501,295.2,0.548,10.0
ATR_TRAIL3,CAPITULATION_REV,SHORT,ALL,ALL,VALID,1448,16.27,0.356,-0.0998,0.99739,-6007.3,-67.5,0.775,-7476.4,1.2,-0.083,-0.496,289.7,0.617,10.03
ATR_TRAIL3,CAPITULATION_REV,SHORT,ALL,ALL,TEST,1526,16.59,0.381,-0.0933,0.99927,-5914.5,-64.29,0.748,-5995.9,1.192,-0.078,-0.471,293.5,0.645,10.71
ATR_TRAIL3,CAPITULATION_REV,SHORT,ALL,ALL,HOLDOUT,1324,22.07,0.365,-0.1169,0.99922,-5096.9,-84.95,0.77,-5638.6,1.218,-0.096,-0.497,263.8,0.587,12.95
ATR_TRAIL4,CAPITULATION_REV,SHORT,ALL,ALL,TRAIN,3360,18.26,0.388,-0.0701,0.89408,-11459.6,-62.28,0.835,-11921.1,1.296,-0.054,-0.602,460.5,0.463,8.45
ATR_TRAIL4,CAPITULATION_REV,SHORT,ALL,ALL,VALID,1448,16.27,0.379,-0.113,0.99317,-6569.5,-73.81,0.795,-7635.7,1.2,-0.094,-0.611,458.2,0.522,8.49
ATR_TRAIL4,CAPITULATION_REV,SHORT,ALL,ALL,TEST,1526,16.59,0.391,-0.1052,0.99829,-5933.1,-64.49,0.789,-6343.4,1.192,-0.088,-0.573,455.2,0.525,8.71
ATR_TRAIL4,CAPITULATION_REV,SHORT,ALL,ALL,HOLDOUT,1324,22.07,0.375,-0.1378,0.99664,-6743.0,-112.38,0.755,-7107.2,1.218,-0.113,-0.599,403.2,0.461,10.17
MFE_LOCK0.3,CAPITULATION_REV,SHORT,ALL,ALL,TRAIN,3360,18.26,0.504,-0.0738,0.90793,-12410.7,-67.45,0.855,-14647.7,1.296,-0.057,-0.748,608.9,0.384,7.02
MFE_LOCK0.3,CAPITULATION_REV,SHORT,ALL,ALL,VALID,1448,16.27,0.485,-0.1003,0.97727,-4482.9,-50.37,0.883,-7106.0,1.2,-0.084,-0.773,611.9,0.448,7.28
MFE_LOCK0.3,CAPITULATION_REV,SHORT,ALL,ALL,TEST,1526,16.59,0.504,-0.0975,0.98361,-7767.7,-84.43,0.781,-8229.3,1.192,-0.082,-0.74,614.9,0.442,7.34
MFE_LOCK0.3,CAPITULATION_REV,SHORT,ALL,ALL,HOLDOUT,1324,22.07,0.461,-0.1713,0.99372,-7829.1,-130.48,0.786,-8545.6,1.218,-0.141,-0.787,540.7,0.377,8.32
MFE_LOCK0.5,CAPITULATION_REV,SHORT,ALL,ALL,TRAIN,3360,18.26,0.503,-0.0516,0.79853,-10060.5,-54.68,0.882,-13636.2,1.296,-0.04,-0.75,716.7,0.352,6.42
MFE_LOCK0.5,CAPITULATION_REV,SHORT,ALL,ALL,VALID,1448,16.27,0.485,-0.0826,0.93525,-3161.0,-35.52,0.917,-5298.7,1.2,-0.069,-0.773,718.2,0.41,6.66
MFE_LOCK0.5,CAPITULATION_REV,SHORT,ALL,ALL,TEST,1526,16.59,0.504,-0.1025,0.98674,-7364.6,-80.05,0.792,-7685.9,1.192,-0.086,-0.74,720.1,0.393,6.51
MFE_LOCK0.5,CAPITULATION_REV,SHORT,ALL,ALL,HOLDOUT,1324,22.07,0.461,-0.1991,0.99822,-9705.4,-161.76,0.734,-10030.4,1.218,-0.163,-0.791,627.7,0.343,7.57
NOTP_TRAIL0.5,CAPITULATION_REV,SHORT,ALL,ALL,TRAIN,3360,18.26,0.334,-0.056,0.97963,-7282.8,-39.58,0.82,-7650.4,1.296,-0.043,-0.357,173.6,0.643,11.74
NOTP_TRAIL0.5,CAPITULATION_REV,SHORT,ALL,ALL,VALID,1448,16.27,0.307,-0.0747,0.99564,-3310.3,-37.19,0.809,-5474.4,1.2,-0.062,-0.339,137.6,0.733,11.93
NOTP_TRAIL0.5,CAPITULATION_REV,SHORT,ALL,ALL,TEST,1526,16.59,0.315,-0.0904,1.0,-5210.0,-56.63,0.681,-5302.1,1.192,-0.076,-0.331,156.2,0.787,13.05
NOTP_TRAIL0.5,CAPITULATION_REV,SHORT,ALL,ALL,HOLDOUT,1324,22.07,0.341,-0.0821,0.99959,-1910.7,-31.84,0.872,-2304.1,1.218,-0.067,-0.36,150.3,0.747,16.48
NOTP_TRAIL1,CAPITULATION_REV,SHORT,ALL,ALL,TRAIN,3360,18.26,0.363,-0.0575,0.84572,-9932.9,-53.98,0.862,-11372.3,1.296,-0.044,-0.606,602.0,0.403,7.35
NOTP_TRAIL1,CAPITULATION_REV,SHORT,ALL,ALL,VALID,1448,16.27,0.363,-0.0575,0.85602,-4412.2,-49.57,0.865,-5891.1,1.2,-0.048,-0.597,587.2,0.461,7.51
NOTP_TRAIL1,CAPITULATION_REV,SHORT,ALL,ALL,TEST,1526,16.59,0.345,-0.1154,0.99895,-7689.4,-83.58,0.743,-7781.3,1.192,-0.097,-0.577,596.6,0.455,7.54
NOTP_TRAIL1,CAPITULATION_REV,SHORT,ALL,ALL,HOLDOUT,1324,22.07,0.323,-0.1532,0.99839,-6515.9,-108.6,0.769,-7312.5,1.218,-0.126,-0.607,525.8,0.381,8.42
NOTP_TRAIL1.5,CAPITULATION_REV,SHORT,ALL,ALL,TRAIN,3360,18.26,0.421,-0.028,0.65963,-6563.4,-35.67,0.925,-10351.5,1.296,-0.022,-0.745,847.7,0.306,5.59
NOTP_TRAIL1.5,CAPITULATION_REV,SHORT,ALL,ALL,VALID,1448,16.27,0.403,-0.0653,0.85449,-2238.7,-25.15,0.943,-4934.9,1.2,-0.054,-0.762,825.3,0.356,5.79
NOTP_TRAIL1.5,CAPITULATION_REV,SHORT,ALL,ALL,TEST,1526,16.59,0.408,-0.0984,0.97839,-5944.2,-64.61,0.833,-7339.4,1.192,-0.083,-0.727,864.4,0.337,5.6
NOTP_TRAIL1.5,CAPITULATION_REV,SHORT,ALL,ALL,HOLDOUT,1324,22.07,0.35,-0.2103,0.99904,-9839.6,-163.99,0.736,-10974.7,1.218,-0.173,-0.772,745.3,0.284,6.27
TIME15m,CAPITULATION_REV,SHORT,ALL,ALL,TRAIN,3360,18.26,0.42,-0.055,1.0,-6493.6,-35.29,0.728,-6740.6,1.296,-0.042,-0.254,14.9,0.741,13.53
TIME15m,CAPITULATION_REV,SHORT,ALL,ALL,VALID,1448,16.27,0.465,-0.0205,0.88788,-938.9,-10.55,0.903,-1673.1,1.2,-0.017,-0.243,14.9,0.806,13.11
TIME15m,CAPITULATION_REV,SHORT,ALL,ALL,TEST,1526,16.59,0.425,-0.0471,1.0,-2837.0,-30.84,0.693,-2861.9,1.192,-0.04,-0.239,14.9,0.877,14.55
TIME15m,CAPITULATION_REV,SHORT,ALL,ALL,HOLDOUT,1324,22.07,0.452,-0.0485,0.99897,-2065.0,-34.42,0.778,-2433.2,1.218,-0.04,-0.26,14.8,0.868,19.15
TIME30m,CAPITULATION_REV,SHORT,ALL,ALL,TRAIN,3360,18.26,0.435,-0.0653,0.99992,-8906.5,-48.4,0.725,-9491.2,1.296,-0.05,-0.337,29.3,0.702,12.82
TIME30m,CAPITULATION_REV,SHORT,ALL,ALL,VALID,1448,16.27,0.494,-0.037,0.9609,-1407.7,-15.82,0.897,-2570.7,1.2,-0.031,-0.339,29.3,0.771,12.54
TIME30m,CAPITULATION_REV,SHORT,ALL,ALL,TEST,1526,16.59,0.476,-0.0456,0.99919,-2813.0,-30.58,0.767,-2973.2,1.192,-0.038,-0.318,29.5,0.851,14.11
TIME30m,CAPITULATION_REV,SHORT,ALL,ALL,HOLDOUT,1324,22.07,0.467,-0.0718,0.99862,-3443.0,-57.38,0.733,-3691.5,1.218,-0.059,-0.35,28.9,0.837,18.47
TIME1h,CAPITULATION_REV,SHORT,ALL,ALL,TRAIN,3360,18.26,0.469,-0.0617,0.99007,-9894.1,-53.77,0.762,-11148.2,1.296,-0.048,-0.428,57.0,0.662,12.09
TIME1h,CAPITULATION_REV,SHORT,ALL,ALL,VALID,1448,16.27,0.5,-0.0433,0.9101,-2526.7,-28.39,0.86,-3543.0,1.2,-0.036,-0.437,56.6,0.738,12.0
TIME1h,CAPITULATION_REV,SHORT,ALL,ALL,TEST,1526,16.59,0.495,-0.0568,0.99894,-4298.2,-46.72,0.742,-4510.3,1.192,-0.048,-0.41,57.4,0.812,13.47
TIME1h,CAPITULATION_REV,SHORT,ALL,ALL,HOLDOUT,1324,22.07,0.503,-0.0707,0.99178,-2555.0,-42.58,0.843,-3112.6,1.218,-0.058,-0.448,55.6,0.789,17.4
TIME2h,CAPITULATION_REV,SHORT,ALL,ALL,TRAIN,3360,18.26,0.502,-0.0681,0.97686,-11579.5,-62.93,0.772,-12789.6,1.296,-0.053,-0.523,107.8,0.62,11.32
TIME2h,CAPITULATION_REV,SHORT,ALL,ALL,VALID,1448,16.27,0.481,-0.066,0.99184,-4331.4,-48.67,0.808,-5633.6,1.2,-0.055,-0.534,106.7,0.693,11.28
TIME2h,CAPITULATION_REV,SHORT,ALL,ALL,TEST,1526,16.59,0.499,-0.0705,0.99413,-4398.2,-47.81,0.779,-4715.6,1.192,-0.059,-0.504,108.3,0.758,12.58
TIME2h,CAPITULATION_REV,SHORT,ALL,ALL,HOLDOUT,1324,22.07,0.524,-0.0471,0.93061,-496.2,-8.27,0.973,-1705.7,1.218,-0.039,-0.528,104.5,0.721,15.92
TIME4h,CAPITULATION_REV,SHORT,ALL,ALL,TRAIN,3360,18.26,0.509,-0.0634,0.94893,-10848.0,-58.96,0.821,-12620.6,1.296,-0.049,-0.602,197.3,0.571,10.43
TIME4h,CAPITULATION_REV,SHORT,ALL,ALL,VALID,1448,16.27,0.512,-0.0647,0.96856,-3780.6,-42.48,0.86,-5254.1,1.2,-0.054,-0.624,195.2,0.635,10.34
TIME4h,CAPITULATION_REV,SHORT,ALL,ALL,TEST,1526,16.59,0.518,-0.0544,0.95869,-4518.5,-49.11,0.814,-4680.4,1.192,-0.046,-0.583,199.0,0.67,11.12
TIME4h,CAPITULATION_REV,SHORT,ALL,ALL,HOLDOUT,1324,22.07,0.521,-0.0614,0.9201,-1830.2,-30.5,0.922,-2881.1,1.218,-0.05,-0.61,191.3,0.621,13.7
SIG_OFF,CAPITULATION_REV,SHORT,ALL,ALL,TRAIN,3360,18.26,0.419,-0.0571,1.0,-6820.0,-37.07,0.722,-7058.8,1.296,-0.044,-0.256,15.4,0.741,13.53
SIG_OFF,CAPITULATION_REV,SHORT,ALL,ALL,VALID,1448,16.27,0.47,-0.0211,0.89145,-719.9,-8.09,0.927,-1716.4,1.2,-0.018,-0.245,15.3,0.805,13.1
SIG_OFF,CAPITULATION_REV,SHORT,ALL,ALL,TEST,1526,16.59,0.437,-0.046,0.99999,-2815.0,-30.6,0.705,-2840.2,1.192,-0.039,-0.24,15.3,0.877,14.55
SIG_OFF,CAPITULATION_REV,SHORT,ALL,ALL,HOLDOUT,1324,22.07,0.453,-0.0489,0.99908,-2158.8,-35.98,0.773,-2346.6,1.218,-0.04,-0.262,15.3,0.866,19.12
MOM_OFF,CAPITULATION_REV,SHORT,ALL,ALL,TRAIN,3360,18.26,0.419,-0.0554,1.0,-6799.6,-36.95,0.718,-7094.6,1.296,-0.043,-0.255,16.6,0.741,13.53
MOM_OFF,CAPITULATION_REV,SHORT,ALL,ALL,VALID,1448,16.27,0.463,-0.021,0.87972,-1202.7,-13.51,0.878,-1742.3,1.2,-0.017,-0.244,16.9,0.806,13.11
MOM_OFF,CAPITULATION_REV,SHORT,ALL,ALL,TEST,1526,16.59,0.428,-0.0453,0.99999,-2786.1,-30.28,0.699,-2811.4,1.192,-0.038,-0.239,16.5,0.877,14.55
MOM_OFF,CAPITULATION_REV,SHORT,ALL,ALL,HOLDOUT,1324,22.07,0.447,-0.0512,0.99955,-2187.3,-36.45,0.768,-2465.5,1.218,-0.042,-0.262,16.5,0.868,19.15
FIXED,FUNDING_SQUEEZE,SHORT,ALL,ALL,TRAIN,470,2.55,0.438,-0.0491,0.79776,-1744.2,-9.48,0.898,-3239.5,1.36,-0.036,-0.843,740.0,0.585,1.49
FIXED,FUNDING_SQUEEZE,SHORT,ALL,ALL,VALID,353,3.97,0.484,0.0756,0.14058,-1083.0,-12.17,0.924,-3850.3,1.848,0.041,-0.841,698.1,0.544,2.16
FIXED,FUNDING_SQUEEZE,SHORT,ALL,ALL,TEST,228,2.48,0.408,-0.0894,0.84797,-2700.7,-29.36,0.755,-3056.2,1.288,-0.069,-0.829,723.8,0.566,1.4
FIXED,FUNDING_SQUEEZE,SHORT,ALL,ALL,HOLDOUT,75,1.25,0.453,-0.038,0.59324,1111.9,18.53,1.496,-614.4,1.609,-0.024,-0.756,860.7,0.64,0.8
TRAIL_A0.5_D0.5,FUNDING_SQUEEZE,SHORT,ALL,ALL,TRAIN,470,2.55,0.568,-0.1259,0.99929,-4511.6,-24.52,0.665,-5035.2,1.36,-0.093,-0.615,414.2,0.668,1.71
TRAIL_A0.5_D0.5,FUNDING_SQUEEZE,SHORT,ALL,ALL,VALID,353,3.97,0.606,0.0061,0.45048,-1134.1,-12.74,0.89,-2202.2,1.848,0.003,-0.671,417.5,0.66,2.62
TRAIL_A0.5_D0.5,FUNDING_SQUEEZE,SHORT,ALL,ALL,TEST,228,2.48,0.596,-0.1215,0.99061,-1528.6,-16.62,0.762,-2519.9,1.288,-0.094,-0.614,415.7,0.658,1.63
TRAIL_A0.5_D0.5,FUNDING_SQUEEZE,SHORT,ALL,ALL,HOLDOUT,75,1.25,0.613,0.0324,0.37399,810.4,13.51,1.543,-359.2,1.609,0.02,-0.574,499.8,0.707,0.88
TRAIL_A0.5_D1,FUNDING_SQUEEZE,SHORT,ALL,ALL,TRAIN,470,2.55,0.37,-0.1169,0.98917,-4192.7,-22.79,0.73,-4766.5,1.36,-0.086,-0.714,567.6,0.613,1.57
TRAIL_A0.5_D1,FUNDING_SQUEEZE,SHORT,ALL,ALL,VALID,353,3.97,0.462,0.0464,0.21606,-1314.0,-14.76,0.891,-2775.9,1.848,0.025,-0.713,549.2,0.595,2.36
TRAIL_A0.5_D1,FUNDING_SQUEEZE,SHORT,ALL,ALL,TEST,228,2.48,0.386,-0.0838,0.87131,-1209.4,-13.15,0.847,-2201.8,1.288,-0.065,-0.66,568.9,0.601,1.49
TRAIL_A0.5_D1,FUNDING_SQUEEZE,SHORT,ALL,ALL,HOLDOUT,75,1.25,0.453,-0.0098,0.5326,637.9,10.63,1.334,-486.0,1.609,-0.006,-0.621,663.3,0.68,0.85
TRAIL_A1_D0.5,FUNDING_SQUEEZE,SHORT,ALL,ALL,TRAIN,470,2.55,0.489,-0.0774,0.92801,-2870.8,-15.6,0.825,-3529.6,1.36,-0.057,-0.795,624.1,0.6,1.53
TRAIL_A1_D0.5,FUNDING_SQUEEZE,SHORT,ALL,ALL,VALID,353,3.97,0.555,0.0971,0.05943,-33.8,-0.38,0.997,-2880.1,1.848,0.053,-0.775,567.7,0.581,2.3
TRAIL_A1_D0.5,FUNDING_SQUEEZE,SHORT,ALL,ALL,TEST,228,2.48,0.482,-0.1012,0.90896,-2450.4,-26.63,0.753,-3260.8,1.288,-0.079,-0.763,621.2,0.601,1.49
TRAIL_A1_D0.5,FUNDING_SQUEEZE,SHORT,ALL,ALL,HOLDOUT,75,1.25,0.547,0.0585,0.31997,1349.6,22.49,1.712,-502.0,1.609,0.036,-0.7,684.1,0.64,0.8
TRAIL_A1_D1,FUNDING_SQUEEZE,SHORT,ALL,ALL,TRAIN,470,2.55,0.462,-0.0742,0.90876,-2732.9,-14.85,0.833,-3617.7,1.36,-0.055,-0.796,680.2,0.596,1.52
TRAIL_A1_D1,FUNDING_SQUEEZE,SHORT,ALL,ALL,VALID,353,3.97,0.535,0.0742,0.11797,-717.4,-8.06,0.944,-3239.1,1.848,0.04,-0.779,613.6,0.564,2.24
TRAIL_A1_D1,FUNDING_SQUEEZE,SHORT,ALL,ALL,TEST,228,2.48,0.469,-0.093,0.8723,-2142.7,-23.29,0.784,-2815.1,1.288,-0.072,-0.769,672.9,0.588,1.46
TRAIL_A1_D1,FUNDING_SQUEEZE,SHORT,ALL,ALL,HOLDOUT,75,1.25,0.547,0.0687,0.31024,1548.2,25.8,1.816,-524.7,1.609,0.043,-0.7,770.7,0.64,0.8
BE0.5_TRAIL,FUNDING_SQUEEZE,SHORT,ALL,ALL,TRAIN,470,2.55,0.345,-0.1567,0.99987,-5358.0,-29.12,0.606,-5805.1,1.36,-0.115,-0.624,498.6,0.628,1.6
BE0.5_TRAIL,FUNDING_SQUEEZE,SHORT,ALL,ALL,VALID,353,3.97,0.428,0.0089,0.43631,-1382.8,-15.54,0.866,-2453.8,1.848,0.005,-0.675,497.3,0.615,2.44
BE0.5_TRAIL,FUNDING_SQUEEZE,SHORT,ALL,ALL,TEST,228,2.48,0.338,-0.1116,0.95338,-2047.4,-22.25,0.685,-2888.7,1.288,-0.087,-0.622,491.8,0.614,1.52
BE0.5_TRAIL,FUNDING_SQUEEZE,SHORT,ALL,ALL,HOLDOUT,75,1.25,0.387,0.0708,0.29411,1178.4,19.64,1.778,-390.5,1.609,0.044,-0.579,604.7,0.693,0.87
BE1_TRAIL,FUNDING_SQUEEZE,SHORT,ALL,ALL,TRAIN,470,2.55,0.404,-0.0907,0.94562,-2941.9,-15.99,0.821,-3570.7,1.36,-0.067,-0.8,738.6,0.579,1.48
BE1_TRAIL,FUNDING_SQUEEZE,SHORT,ALL,ALL,VALID,353,3.97,0.448,0.0859,0.12377,-1002.5,-11.26,0.922,-3595.9,1.848,0.046,-0.787,669.6,0.541,2.15
BE1_TRAIL,FUNDING_SQUEEZE,SHORT,ALL,ALL,TEST,228,2.48,0.386,-0.0798,0.80298,-3289.7,-35.76,0.669,-3422.6,1.288,-0.062,-0.78,722.5,0.544,1.35
BE1_TRAIL,FUNDING_SQUEEZE,SHORT,ALL,ALL,HOLDOUT,75,1.25,0.44,0.119,0.24155,2193.7,36.56,2.152,-547.4,1.609,0.074,-0.7,850.7,0.627,0.78
ATR_TRAIL2,FUNDING_SQUEEZE,SHORT,ALL,ALL,TRAIN,470,2.55,0.289,-0.1353,1.0,-3834.9,-20.84,0.493,-4263.4,1.36,-0.099,-0.32,119.0,0.802,2.05
ATR_TRAIL2,FUNDING_SQUEEZE,SHORT,ALL,ALL,VALID,353,3.97,0.317,-0.0796,0.99801,-1264.8,-14.21,0.79,-1939.2,1.848,-0.043,-0.381,117.9,0.836,3.31
ATR_TRAIL2,FUNDING_SQUEEZE,SHORT,ALL,ALL,TEST,228,2.48,0.346,-0.0792,0.99869,-1064.6,-11.57,0.698,-1071.7,1.288,-0.061,-0.314,119.5,0.776,1.92
ATR_TRAIL2,FUNDING_SQUEEZE,SHORT,ALL,ALL,HOLDOUT,75,1.25,0.373,-0.0524,0.81012,-165.8,-2.76,0.854,-382.4,1.609,-0.033,-0.315,137.8,0.853,1.07
ATR_TRAIL3,FUNDING_SQUEEZE,SHORT,ALL,ALL,TRAIN,470,2.55,0.315,-0.1269,0.99993,-3630.8,-19.73,0.636,-4080.8,1.36,-0.093,-0.487,261.1,0.702,1.79
ATR_TRAIL3,FUNDING_SQUEEZE,SHORT,ALL,ALL,VALID,353,3.97,0.36,-0.011,0.58143,-574.2,-6.45,0.927,-1701.9,1.848,-0.006,-0.498,265.2,0.725,2.88
ATR_TRAIL3,FUNDING_SQUEEZE,SHORT,ALL,ALL,TEST,228,2.48,0.325,-0.0797,0.93763,-1082.4,-11.77,0.788,-1181.9,1.288,-0.062,-0.426,250.9,0.675,1.67
ATR_TRAIL3,FUNDING_SQUEEZE,SHORT,ALL,ALL,HOLDOUT,75,1.25,0.32,-0.0497,0.74595,208.1,3.47,1.157,-428.0,1.609,-0.031,-0.421,284.3,0.76,0.95
ATR_TRAIL4,FUNDING_SQUEEZE,SHORT,ALL,ALL,TRAIN,470,2.55,0.332,-0.0898,0.94444,-2787.9,-15.15,0.773,-3651.1,1.36,-0.066,-0.634,436.9,0.638,1.63
ATR_TRAIL4,FUNDING_SQUEEZE,SHORT,ALL,ALL,VALID,353,3.97,0.391,-0.0034,0.52152,-1222.2,-13.73,0.872,-2519.1,1.848,-0.002,-0.6,413.1,0.657,2.61
ATR_TRAIL4,FUNDING_SQUEEZE,SHORT,ALL,ALL,TEST,228,2.48,0.351,-0.0748,0.8714,-860.0,-9.35,0.859,-1705.1,1.288,-0.058,-0.539,430.3,0.614,1.52
ATR_TRAIL4,FUNDING_SQUEEZE,SHORT,ALL,ALL,HOLDOUT,75,1.25,0.307,-0.0364,0.62761,67.1,1.12,1.038,-489.6,1.609,-0.023,-0.528,464.9,0.733,0.92
MFE_LOCK0.3,FUNDING_SQUEEZE,SHORT,ALL,ALL,TRAIN,470,2.55,0.489,-0.082,0.94316,-2917.5,-15.86,0.822,-3441.9,1.36,-0.06,-0.799,614.4,0.602,1.54
MFE_LOCK0.3,FUNDING_SQUEEZE,SHORT,ALL,ALL,VALID,353,3.97,0.555,0.1119,0.0461,-29.8,-0.33,0.998,-2732.4,1.848,0.061,-0.775,568.6,0.584,2.31
MFE_LOCK0.3,FUNDING_SQUEEZE,SHORT,ALL,ALL,TEST,228,2.48,0.482,-0.0668,0.78866,-2452.1,-26.65,0.753,-3325.0,1.288,-0.052,-0.763,614.8,0.592,1.47
MFE_LOCK0.3,FUNDING_SQUEEZE,SHORT,ALL,ALL,HOLDOUT,75,1.25,0.547,0.0726,0.28567,1403.5,23.39,1.74,-493.4,1.609,0.045,-0.7,692.8,0.64,0.8
MFE_LOCK0.5,FUNDING_SQUEEZE,SHORT,ALL,ALL,TRAIN,470,2.55,0.489,-0.0633,0.84211,-2186.8,-11.88,0.867,-3805.8,1.36,-0.046,-0.799,694.1,0.577,1.47
MFE_LOCK0.5,FUNDING_SQUEEZE,SHORT,ALL,ALL,VALID,353,3.97,0.555,0.1146,0.06426,193.6,2.18,1.015,-3340.3,1.848,0.062,-0.775,646.9,0.547,2.17
MFE_LOCK0.5,FUNDING_SQUEEZE,SHORT,ALL,ALL,TEST,228,2.48,0.482,-0.1226,0.94343,-3127.0,-33.99,0.685,-3479.8,1.288,-0.095,-0.763,661.4,0.583,1.45
MFE_LOCK0.5,FUNDING_SQUEEZE,SHORT,ALL,ALL,HOLDOUT,75,1.25,0.547,0.0364,0.38856,1587.7,26.46,1.837,-509.4,1.609,0.023,-0.7,775.9,0.627,0.78
NOTP_TRAIL0.5,FUNDING_SQUEEZE,SHORT,ALL,ALL,TRAIN,470,2.55,0.291,-0.1245,1.0,-4105.5,-22.31,0.502,-4503.6,1.36,-0.092,-0.326,154.4,0.781,1.99
NOTP_TRAIL0.5,FUNDING_SQUEEZE,SHORT,ALL,ALL,VALID,353,3.97,0.306,-0.0611,0.97468,-1450.5,-16.3,0.779,-1957.4,1.848,-0.033,-0.393,173.0,0.807,3.2
NOTP_TRAIL0.5,FUNDING_SQUEEZE,SHORT,ALL,ALL,TEST,228,2.48,0.333,-0.0842,0.99874,-1789.6,-19.45,0.541,-1795.1,1.288,-0.065,-0.325,175.4,0.781,1.93
NOTP_TRAIL0.5,FUNDING_SQUEEZE,SHORT,ALL,ALL,HOLDOUT,75,1.25,0.333,-0.0299,0.67617,84.8,1.41,1.072,-371.0,1.609,-0.019,-0.328,190.1,0.84,1.05
NOTP_TRAIL1,FUNDING_SQUEEZE,SHORT,ALL,ALL,TRAIN,470,2.55,0.34,-0.1038,0.97359,-3325.3,-18.07,0.765,-3938.5,1.36,-0.076,-0.681,556.6,0.619,1.58
NOTP_TRAIL1,FUNDING_SQUEEZE,SHORT,ALL,ALL,VALID,353,3.97,0.422,0.0193,0.3797,-2251.5,-25.3,0.807,-2996.3,1.848,0.01,-0.643,540.0,0.601,2.38
NOTP_TRAIL1,FUNDING_SQUEEZE,SHORT,ALL,ALL,TEST,228,2.48,0.351,-0.102,0.92588,-2014.4,-21.9,0.723,-2173.9,1.288,-0.079,-0.587,555.8,0.592,1.47
NOTP_TRAIL1,FUNDING_SQUEEZE,SHORT,ALL,ALL,HOLDOUT,75,1.25,0.413,0.0711,0.30125,1392.0,23.2,1.823,-382.2,1.609,0.044,-0.57,676.6,0.667,0.83
NOTP_TRAIL1.5,FUNDING_SQUEEZE,SHORT,ALL,ALL,TRAIN,470,2.55,0.396,-0.0478,0.75754,-1246.9,-6.78,0.925,-3646.0,1.36,-0.035,-0.824,819.4,0.551,1.41
NOTP_TRAIL1.5,FUNDING_SQUEEZE,SHORT,ALL,ALL,VALID,353,3.97,0.442,0.096,0.11098,-938.5,-10.55,0.929,-3916.7,1.848,0.052,-0.819,779.6,0.518,2.06
NOTP_TRAIL1.5,FUNDING_SQUEEZE,SHORT,ALL,ALL,TEST,228,2.48,0.36,-0.1481,0.94917,-3880.4,-42.18,0.612,-3880.4,1.288,-0.115,-0.767,761.0,0.531,1.32
NOTP_TRAIL1.5,FUNDING_SQUEEZE,SHORT,ALL,ALL,HOLDOUT,75,1.25,0.44,0.1271,0.22671,2311.7,38.53,2.196,-544.2,1.609,0.079,-0.682,923.7,0.627,0.78
TIME15m,FUNDING_SQUEEZE,SHORT,ALL,ALL,TRAIN,470,2.55,0.396,-0.0418,0.99999,-1132.2,-6.15,0.649,-1354.1,1.36,-0.031,-0.169,15.0,1.0,2.55
TIME15m,FUNDING_SQUEEZE,SHORT,ALL,ALL,VALID,353,3.97,0.385,-0.0391,0.99457,-592.6,-6.66,0.799,-921.1,1.848,-0.021,-0.243,14.8,1.0,3.97
TIME15m,FUNDING_SQUEEZE,SHORT,ALL,ALL,TEST,228,2.48,0.452,0.0025,0.43498,445.8,4.85,1.353,-173.6,1.288,0.002,-0.146,15.0,1.0,2.48
TIME15m,FUNDING_SQUEEZE,SHORT,ALL,ALL,HOLDOUT,75,1.25,0.427,-0.0025,0.5341,-55.0,-0.92,0.851,-129.2,1.609,-0.002,-0.16,14.9,1.0,1.25
TIME30m,FUNDING_SQUEEZE,SHORT,ALL,ALL,TRAIN,470,2.55,0.409,-0.0325,0.99447,-755.4,-4.11,0.808,-1455.8,1.36,-0.024,-0.224,29.9,1.0,2.55
TIME30m,FUNDING_SQUEEZE,SHORT,ALL,ALL,VALID,353,3.97,0.405,-0.0384,0.98251,-839.1,-9.43,0.784,-1283.5,1.848,-0.021,-0.298,29.3,1.0,3.97
TIME30m,FUNDING_SQUEEZE,SHORT,ALL,ALL,TEST,228,2.48,0.474,0.0117,0.30163,564.0,6.13,1.309,-247.9,1.288,0.009,-0.207,29.8,1.0,2.48
TIME30m,FUNDING_SQUEEZE,SHORT,ALL,ALL,HOLDOUT,75,1.25,0.4,-0.0093,0.59728,-116.3,-1.94,0.813,-219.0,1.609,-0.006,-0.221,29.6,1.0,1.25
TIME1h,FUNDING_SQUEEZE,SHORT,ALL,ALL,TRAIN,470,2.55,0.434,-0.0467,0.99667,-1056.3,-5.74,0.798,-1642.9,1.36,-0.034,-0.307,59.4,1.0,2.55
TIME1h,FUNDING_SQUEEZE,SHORT,ALL,ALL,VALID,353,3.97,0.439,-0.0515,0.97955,-1248.2,-14.02,0.749,-1603.2,1.848,-0.028,-0.385,57.8,0.997,3.96
TIME1h,FUNDING_SQUEEZE,SHORT,ALL,ALL,TEST,228,2.48,0.491,-0.0129,0.68032,-371.3,-4.04,0.885,-651.1,1.288,-0.01,-0.298,58.6,0.996,2.47
TIME1h,FUNDING_SQUEEZE,SHORT,ALL,ALL,HOLDOUT,75,1.25,0.507,0.0265,0.27877,23.4,0.39,1.032,-200.4,1.609,0.016,-0.277,58.8,1.0,1.25
TIME2h,FUNDING_SQUEEZE,SHORT,ALL,ALL,TRAIN,470,2.55,0.402,-0.1058,0.99998,-2318.3,-12.6,0.707,-2832.5,1.36,-0.078,-0.489,115.6,0.86,2.2
TIME2h,FUNDING_SQUEEZE,SHORT,ALL,ALL,VALID,353,3.97,0.45,-0.0474,0.92392,-1110.2,-12.47,0.809,-1470.7,1.848,-0.026,-0.477,111.0,0.87,3.45
TIME2h,FUNDING_SQUEEZE,SHORT,ALL,ALL,TEST,228,2.48,0.465,-0.0553,0.93085,-1648.7,-17.92,0.665,-1675.1,1.288,-0.043,-0.429,112.0,0.82,2.03
TIME2h,FUNDING_SQUEEZE,SHORT,ALL,ALL,HOLDOUT,75,1.25,0.493,-0.0018,0.51257,117.6,1.96,1.119,-233.3,1.609,-0.001,-0.387,115.2,0.853,1.07
TIME4h,FUNDING_SQUEEZE,SHORT,ALL,ALL,TRAIN,470,2.55,0.455,-0.0868,0.99147,-1794.7,-9.75,0.82,-2749.4,1.36,-0.064,-0.605,214.4,0.743,1.9
TIME4h,FUNDING_SQUEEZE,SHORT,ALL,ALL,VALID,353,3.97,0.473,-0.0324,0.7591,-1274.9,-14.32,0.843,-1813.4,1.848,-0.018,-0.612,204.9,0.79,3.13
TIME4h,FUNDING_SQUEEZE,SHORT,ALL,ALL,TEST,228,2.48,0.456,-0.0575,0.85968,-1372.6,-14.92,0.776,-1597.5,1.288,-0.045,-0.551,206.0,0.728,1.8
TIME4h,FUNDING_SQUEEZE,SHORT,ALL,ALL,HOLDOUT,75,1.25,0.507,-0.0097,0.54897,219.0,3.65,1.163,-347.4,1.609,-0.006,-0.513,219.3,0.773,0.97
SIG_OFF,FUNDING_SQUEEZE,SHORT,ALL,ALL,TRAIN,470,2.55,0.383,-0.0393,0.99995,-962.5,-5.23,0.7,-1189.9,1.36,-0.029,-0.169,15.5,1.0,2.55
SIG_OFF,FUNDING_SQUEEZE,SHORT,ALL,ALL,VALID,353,3.97,0.377,-0.0436,0.99834,-601.3,-6.76,0.796,-1045.1,1.848,-0.024,-0.243,15.4,1.0,3.97
SIG_OFF,FUNDING_SQUEEZE,SHORT,ALL,ALL,TEST,228,2.48,0.443,-0.0017,0.54772,319.2,3.47,1.25,-191.5,1.288,-0.001,-0.146,15.4,1.0,2.48
SIG_OFF,FUNDING_SQUEEZE,SHORT,ALL,ALL,HOLDOUT,75,1.25,0.467,-0.0075,0.61139,-65.6,-1.09,0.821,-126.3,1.609,-0.005,-0.16,15.3,1.0,1.25
MOM_OFF,FUNDING_SQUEEZE,SHORT,ALL,ALL,TRAIN,470,2.55,0.313,-0.0699,0.99986,-1488.3,-8.09,0.73,-2033.7,1.36,-0.051,-0.318,62.8,0.898,2.29
MOM_OFF,FUNDING_SQUEEZE,SHORT,ALL,ALL,VALID,353,3.97,0.329,-0.0523,0.98145,-1199.6,-13.48,0.756,-1673.4,1.848,-0.028,-0.341,65.8,0.898,3.56
MOM_OFF,FUNDING_SQUEEZE,SHORT,ALL,ALL,TEST,228,2.48,0.39,-0.0457,0.96655,-684.4,-7.44,0.758,-847.8,1.288,-0.036,-0.26,67.3,0.851,2.11
MOM_OFF,FUNDING_SQUEEZE,SHORT,ALL,ALL,HOLDOUT,75,1.25,0.373,-0.014,0.63076,40.1,0.67,1.056,-212.0,1.609,-0.009,-0.244,70.3,0.893,1.12
FIXED,ANY,SHORT,mkt_trend,side,TRAIN,98610,535.92,0.445,-0.0395,0.91245,-55910.6,-303.86,0.966,-156376.0,1.69,-0.023,-0.787,704.9,0.009,4.85
FIXED,ANY,SHORT,mkt_trend,side,VALID,48420,544.04,0.447,-0.0442,0.87073,-74285.1,-834.66,0.905,-148321.1,1.476,-0.03,-0.788,714.2,0.009,4.88
FIXED,ANY,SHORT,mkt_trend,side,TEST,56282,611.76,0.435,-0.095,0.99738,-90431.2,-982.95,0.895,-135709.3,1.489,-0.064,-0.801,693.3,0.009,5.24
FIXED,ANY,SHORT,mkt_trend,side,HOLDOUT,44813,746.88,0.42,-0.1424,1.0,-122497.7,-2041.63,0.839,-136216.5,1.402,-0.102,-0.813,721.6,0.008,5.73
TRAIL_A0.5_D0.5,ANY,SHORT,mkt_trend,side,TRAIN,98610,535.92,0.545,-0.0789,0.99999,-151373.5,-822.68,0.86,-180568.0,1.69,-0.047,-0.583,388.2,0.016,8.38
TRAIL_A0.5_D0.5,ANY,SHORT,mkt_trend,side,VALID,48420,544.04,0.523,-0.1078,0.99999,-129642.1,-1456.65,0.753,-138395.8,1.476,-0.073,-0.595,398.2,0.016,8.6
TRAIL_A0.5_D0.5,ANY,SHORT,mkt_trend,side,TEST,56282,611.76,0.521,-0.1257,1.0,-116546.8,-1266.81,0.796,-124796.7,1.489,-0.084,-0.595,377.6,0.015,9.47
TRAIL_A0.5_D0.5,ANY,SHORT,mkt_trend,side,HOLDOUT,44813,746.88,0.511,-0.1635,1.0,-136807.4,-2280.12,0.73,-147862.1,1.402,-0.117,-0.603,388.8,0.014,10.55
TRAIL_A0.5_D1,ANY,SHORT,mkt_trend,side,TRAIN,98610,535.92,0.391,-0.065,0.99661,-126204.3,-685.89,0.904,-174054.7,1.69,-0.038,-0.629,538.7,0.011,6.11
TRAIL_A0.5_D1,ANY,SHORT,mkt_trend,side,VALID,48420,544.04,0.389,-0.064,0.97489,-85954.4,-965.78,0.865,-132197.5,1.476,-0.043,-0.639,554.4,0.011,6.22
TRAIL_A0.5_D1,ANY,SHORT,mkt_trend,side,TEST,56282,611.76,0.375,-0.1121,0.99993,-105601.0,-1147.84,0.849,-136746.6,1.489,-0.075,-0.643,526.7,0.011,6.6
TRAIL_A0.5_D1,ANY,SHORT,mkt_trend,side,HOLDOUT,44813,746.88,0.353,-0.1661,1.0,-142843.1,-2380.72,0.77,-153530.8,1.402,-0.118,-0.651,544.9,0.01,7.25
TRAIL_A1_D0.5,ANY,SHORT,mkt_trend,side,TRAIN,98610,535.92,0.515,-0.0577,0.99052,-95380.3,-518.37,0.935,-154296.0,1.69,-0.034,-0.726,578.0,0.011,5.88
TRAIL_A1_D0.5,ANY,SHORT,mkt_trend,side,VALID,48420,544.04,0.511,-0.0688,0.98013,-94398.4,-1060.66,0.867,-142839.1,1.476,-0.047,-0.732,594.5,0.01,5.61
TRAIL_A1_D0.5,ANY,SHORT,mkt_trend,side,TEST,56282,611.76,0.504,-0.1092,0.9999,-102928.5,-1118.79,0.868,-133702.2,1.489,-0.073,-0.74,568.4,0.01,6.39
TRAIL_A1_D0.5,ANY,SHORT,mkt_trend,side,HOLDOUT,44813,746.88,0.49,-0.1527,1.0,-129558.7,-2159.31,0.813,-143287.2,1.402,-0.109,-0.752,588.8,0.009,7.05
TRAIL_A1_D1,ANY,SHORT,mkt_trend,side,TRAIN,98610,535.92,0.472,-0.0483,0.96478,-79414.2,-431.6,0.946,-157472.8,1.69,-0.029,-0.728,632.4,0.01,5.34
TRAIL_A1_D1,ANY,SHORT,mkt_trend,side,VALID,48420,544.04,0.466,-0.0489,0.90995,-73821.6,-829.46,0.896,-142370.5,1.476,-0.033,-0.734,647.1,0.01,5.4
TRAIL_A1_D1,ANY,SHORT,mkt_trend,side,TEST,56282,611.76,0.456,-0.0994,0.99908,-91657.5,-996.28,0.883,-134561.9,1.489,-0.067,-0.742,622.8,0.009,5.67
TRAIL_A1_D1,ANY,SHORT,mkt_trend,side,HOLDOUT,44813,746.88,0.437,-0.1543,1.0,-132519.4,-2208.66,0.809,-144724.6,1.402,-0.11,-0.755,644.7,0.008,6.33
BE0.5_TRAIL,ANY,SHORT,mkt_trend,side,TRAIN,98610,535.92,0.34,-0.075,0.99954,-138835.5,-754.54,0.875,-182002.1,1.69,-0.044,-0.587,478.3,0.013,6.71
BE0.5_TRAIL,ANY,SHORT,mkt_trend,side,VALID,48420,544.04,0.326,-0.1023,0.99985,-127994.7,-1438.14,0.764,-139685.6,1.476,-0.069,-0.599,489.2,0.013,6.81
BE0.5_TRAIL,ANY,SHORT,mkt_trend,side,TEST,56282,611.76,0.327,-0.1292,1.0,-120538.5,-1310.2,0.795,-140557.0,1.489,-0.087,-0.599,461.0,0.013,7.73
BE0.5_TRAIL,ANY,SHORT,mkt_trend,side,HOLDOUT,44813,746.88,0.302,-0.1814,1.0,-156089.2,-2601.49,0.701,-164456.5,1.402,-0.129,-0.608,464.3,0.011,8.0
BE1_TRAIL,ANY,SHORT,mkt_trend,side,TRAIN,98610,535.92,0.382,-0.0563,0.9702,-88022.7,-478.38,0.941,-185313.5,1.69,-0.033,-0.731,699.8,0.009,4.77
BE1_TRAIL,ANY,SHORT,mkt_trend,side,VALID,48420,544.04,0.388,-0.0695,0.96679,-105047.0,-1180.3,0.854,-156282.8,1.476,-0.047,-0.736,715.9,0.009,4.72
BE1_TRAIL,ANY,SHORT,mkt_trend,side,TEST,56282,611.76,0.373,-0.1177,0.99969,-110512.0,-1201.22,0.86,-156615.3,1.489,-0.079,-0.745,682.3,0.009,5.42
BE1_TRAIL,ANY,SHORT,mkt_trend,side,HOLDOUT,44813,746.88,0.35,-0.1854,1.0,-156217.4,-2603.62,0.777,-164583.7,1.402,-0.132,-0.757,695.3,0.008,5.95
ATR_TRAIL2,ANY,SHORT,mkt_trend,side,TRAIN,98610,535.92,0.31,-0.096,1.0,-182942.1,-994.25,0.734,-189734.7,1.69,-0.057,-0.294,133.0,0.044,23.32
ATR_TRAIL2,ANY,SHORT,mkt_trend,side,VALID,48420,544.04,0.292,-0.1252,1.0,-138682.6,-1558.23,0.586,-143792.8,1.476,-0.085,-0.302,132.7,0.043,23.54
ATR_TRAIL2,ANY,SHORT,mkt_trend,side,TEST,56282,611.76,0.291,-0.1432,1.0,-138242.2,-1502.63,0.625,-140075.6,1.489,-0.096,-0.298,126.8,0.044,26.77
ATR_TRAIL2,ANY,SHORT,mkt_trend,side,HOLDOUT,44813,746.88,0.279,-0.1701,1.0,-134651.5,-2244.19,0.581,-135729.0,1.402,-0.121,-0.298,123.7,0.042,31.07
ATR_TRAIL3,ANY,SHORT,mkt_trend,side,TRAIN,98610,535.92,0.33,-0.0578,0.96306,-75187.1,-408.63,0.917,-158777.7,1.69,-0.034,-0.405,271.6,0.022,11.92
ATR_TRAIL3,ANY,SHORT,mkt_trend,side,VALID,48420,544.04,0.314,-0.124,1.0,-140232.8,-1575.65,0.678,-149877.6,1.476,-0.084,-0.413,273.1,0.023,12.33
ATR_TRAIL3,ANY,SHORT,mkt_trend,side,TEST,56282,611.76,0.313,-0.1451,1.0,-139278.8,-1513.9,0.711,-142631.5,1.489,-0.097,-0.413,256.8,0.023,13.88
ATR_TRAIL3,ANY,SHORT,mkt_trend,side,HOLDOUT,44813,746.88,0.294,-0.1897,1.0,-159679.2,-2661.32,0.621,-161787.2,1.402,-0.135,-0.412,247.5,0.022,16.53
ATR_TRAIL4,ANY,SHORT,mkt_trend,side,TRAIN,98610,535.92,0.342,-0.0229,0.68539,-8836.6,-48.02,0.992,-167044.7,1.69,-0.014,-0.51,429.6,0.015,7.85
ATR_TRAIL4,ANY,SHORT,mkt_trend,side,VALID,48420,544.04,0.326,-0.1252,1.0,-153447.9,-1724.13,0.711,-163779.7,1.476,-0.085,-0.514,431.1,0.014,7.83
ATR_TRAIL4,ANY,SHORT,mkt_trend,side,TEST,56282,611.76,0.325,-0.1456,1.0,-147594.8,-1604.29,0.748,-154672.8,1.489,-0.098,-0.521,410.1,0.014,8.8
ATR_TRAIL4,ANY,SHORT,mkt_trend,side,HOLDOUT,44813,746.88,0.305,-0.206,1.0,-176879.3,-2947.99,0.654,-181335.3,1.402,-0.147,-0.52,397.1,0.014,10.23
MFE_LOCK0.3,ANY,SHORT,mkt_trend,side,TRAIN,98610,535.92,0.516,-0.0664,0.99668,-111866.2,-607.97,0.924,-163093.9,1.69,-0.039,-0.726,575.8,0.011,5.79
MFE_LOCK0.3,ANY,SHORT,mkt_trend,side,VALID,48420,544.04,0.511,-0.08,0.99257,-110781.0,-1244.73,0.843,-145763.0,1.476,-0.054,-0.732,593.4,0.011,5.76
MFE_LOCK0.3,ANY,SHORT,mkt_trend,side,TEST,56282,611.76,0.504,-0.1251,0.99999,-116318.3,-1264.33,0.85,-137934.5,1.489,-0.084,-0.74,564.0,0.011,6.65
MFE_LOCK0.3,ANY,SHORT,mkt_trend,side,HOLDOUT,44813,746.88,0.49,-0.1639,1.0,-131878.4,-2197.97,0.809,-145681.2,1.402,-0.117,-0.751,582.0,0.009,7.08
MFE_LOCK0.5,ANY,SHORT,mkt_trend,side,TRAIN,98610,535.92,0.515,-0.0352,0.85423,-37898.8,-205.97,0.974,-183698.8,1.69,-0.021,-0.728,664.8,0.009,5.02
MFE_LOCK0.5,ANY,SHORT,mkt_trend,side,VALID,48420,544.04,0.51,-0.0804,0.98814,-111605.9,-1254.0,0.842,-153400.6,1.476,-0.054,-0.733,679.4,0.009,4.92
MFE_LOCK0.5,ANY,SHORT,mkt_trend,side,TEST,56282,611.76,0.503,-0.1329,0.99999,-125919.6,-1368.69,0.838,-155846.0,1.489,-0.089,-0.741,648.9,0.009,5.72
MFE_LOCK0.5,ANY,SHORT,mkt_trend,side,HOLDOUT,44813,746.88,0.489,-0.1945,1.0,-158940.5,-2649.01,0.77,-167552.0,1.402,-0.139,-0.752,644.4,0.009,6.45
NOTP_TRAIL0.5,ANY,SHORT,mkt_trend,side,TRAIN,98610,535.92,0.314,-0.0963,1.0,-183981.8,-999.9,0.747,-196536.1,1.69,-0.057,-0.306,164.5,0.035,18.93
NOTP_TRAIL0.5,ANY,SHORT,mkt_trend,side,VALID,48420,544.04,0.288,-0.1257,1.0,-138823.2,-1559.81,0.61,-143783.4,1.476,-0.085,-0.315,164.0,0.035,18.82
NOTP_TRAIL0.5,ANY,SHORT,mkt_trend,side,TEST,56282,611.76,0.294,-0.1374,1.0,-135247.9,-1470.09,0.652,-135810.0,1.489,-0.092,-0.309,157.4,0.034,20.92
NOTP_TRAIL0.5,ANY,SHORT,mkt_trend,side,HOLDOUT,44813,746.88,0.28,-0.1664,1.0,-133681.0,-2228.02,0.609,-136472.9,1.402,-0.119,-0.311,160.8,0.033,24.38
NOTP_TRAIL1,ANY,SHORT,mkt_trend,side,TRAIN,98610,535.92,0.357,-0.0666,0.9909,-116355.8,-632.37,0.907,-185676.2,1.69,-0.039,-0.562,544.7,0.011,5.9
NOTP_TRAIL1,ANY,SHORT,mkt_trend,side,VALID,48420,544.04,0.355,-0.0874,0.99662,-112804.7,-1267.47,0.812,-141929.3,1.476,-0.059,-0.571,560.0,0.011,6.15
NOTP_TRAIL1,ANY,SHORT,mkt_trend,side,TEST,56282,611.76,0.342,-0.1342,1.0,-133905.6,-1455.5,0.798,-156952.8,1.489,-0.09,-0.573,527.8,0.011,6.7
NOTP_TRAIL1,ANY,SHORT,mkt_trend,side,HOLDOUT,44813,746.88,0.321,-0.1959,1.0,-157570.6,-2626.18,0.729,-167350.6,1.402,-0.14,-0.578,528.3,0.009,7.02
NOTP_TRAIL1.5,ANY,SHORT,mkt_trend,side,TRAIN,98610,535.92,0.379,-0.0155,0.64164,19154.3,104.1,1.012,-202665.8,1.69,-0.009,-0.722,798.2,0.008,4.38
NOTP_TRAIL1.5,ANY,SHORT,mkt_trend,side,VALID,48420,544.04,0.384,-0.0613,0.92215,-99385.1,-1116.69,0.866,-159918.2,1.476,-0.042,-0.727,809.1,0.008,4.38
NOTP_TRAIL1.5,ANY,SHORT,mkt_trend,side,TEST,56282,611.76,0.369,-0.1297,0.99974,-127742.3,-1388.5,0.844,-174672.0,1.489,-0.087,-0.736,785.6,0.008,4.85
NOTP_TRAIL1.5,ANY,SHORT,mkt_trend,side,HOLDOUT,44813,746.88,0.349,-0.204,1.0,-161166.3,-2686.1,0.778,-173477.8,1.402,-0.145,-0.746,779.8,0.007,5.23
TIME15m,ANY,SHORT,mkt_trend,side,TRAIN,98610,535.92,0.379,-0.0501,1.0,-105168.0,-571.57,0.613,-106553.4,1.69,-0.03,-0.148,15.0,0.316,169.48
TIME15m,ANY,SHORT,mkt_trend,side,VALID,48420,544.04,0.362,-0.0547,1.0,-56351.3,-633.16,0.571,-56712.8,1.476,-0.037,-0.148,15.0,0.315,171.17
TIME15m,ANY,SHORT,mkt_trend,side,TEST,56282,611.76,0.358,-0.0643,1.0,-60855.1,-661.47,0.575,-60873.1,1.489,-0.043,-0.143,15.0,0.322,196.68
TIME15m,ANY,SHORT,mkt_trend,side,HOLDOUT,44813,746.88,0.355,-0.0653,1.0,-49880.8,-831.35,0.596,-49932.8,1.402,-0.047,-0.145,15.0,0.324,241.85
TIME30m,ANY,SHORT,mkt_trend,side,TRAIN,98610,535.92,0.416,-0.0463,1.0,-95335.3,-518.13,0.73,-97952.3,1.69,-0.027,-0.207,29.9,0.177,94.95
TIME30m,ANY,SHORT,mkt_trend,side,VALID,48420,544.04,0.396,-0.0588,1.0,-63680.0,-715.51,0.631,-64665.1,1.476,-0.04,-0.21,29.8,0.172,93.38
TIME30m,ANY,SHORT,mkt_trend,side,TEST,56282,611.76,0.391,-0.0662,1.0,-62430.6,-678.59,0.662,-62568.2,1.489,-0.044,-0.203,29.9,0.174,106.38
TIME30m,ANY,SHORT,mkt_trend,side,HOLDOUT,44813,746.88,0.389,-0.0738,1.0,-59665.3,-994.42,0.641,-59667.1,1.402,-0.053,-0.21,29.9,0.171,127.95
TIME1h,ANY,SHORT,mkt_trend,side,TRAIN,98610,535.92,0.446,-0.0418,1.0,-81499.3,-442.93,0.824,-85496.6,1.69,-0.025,-0.287,59.1,0.093,50.02
TIME1h,ANY,SHORT,mkt_trend,side,VALID,48420,544.04,0.423,-0.0616,1.0,-66466.8,-746.82,0.705,-68504.3,1.476,-0.042,-0.291,59.1,0.089,48.54
TIME1h,ANY,SHORT,mkt_trend,side,TEST,56282,611.76,0.424,-0.068,1.0,-65127.1,-707.9,0.738,-66602.4,1.489,-0.046,-0.288,59.2,0.09,55.03
TIME1h,ANY,SHORT,mkt_trend,side,HOLDOUT,44813,746.88,0.412,-0.0812,1.0,-67764.4,-1129.41,0.698,-67768.1,1.402,-0.058,-0.295,59.1,0.088,66.0
TIME2h,ANY,SHORT,mkt_trend,side,TRAIN,98610,535.92,0.464,-0.0422,0.9997,-77706.8,-422.32,0.876,-83521.4,1.69,-0.025,-0.391,115.0,0.05,26.7
TIME2h,ANY,SHORT,mkt_trend,side,VALID,48420,544.04,0.45,-0.0654,0.99999,-73455.1,-825.34,0.756,-78052.9,1.476,-0.044,-0.396,115.2,0.048,26.17
TIME2h,ANY,SHORT,mkt_trend,side,TEST,56282,611.76,0.443,-0.0769,1.0,-71543.7,-777.65,0.789,-75690.9,1.489,-0.052,-0.401,114.8,0.048,29.27
TIME2h,ANY,SHORT,mkt_trend,side,HOLDOUT,44813,746.88,0.436,-0.0948,1.0,-77772.6,-1296.21,0.741,-80910.5,1.402,-0.068,-0.406,114.8,0.047,34.75
TIME4h,ANY,SHORT,mkt_trend,side,TRAIN,98610,535.92,0.476,-0.0407,0.98507,-63425.4,-344.7,0.926,-86742.6,1.69,-0.024,-0.511,215.1,0.028,14.78
TIME4h,ANY,SHORT,mkt_trend,side,VALID,48420,544.04,0.47,-0.0625,0.99688,-78608.6,-883.24,0.806,-87131.1,1.476,-0.042,-0.515,216.4,0.027,14.85
TIME4h,ANY,SHORT,mkt_trend,side,TEST,56282,611.76,0.463,-0.0804,0.9999,-76421.4,-830.67,0.834,-83420.7,1.489,-0.054,-0.529,213.4,0.027,16.29
TIME4h,ANY,SHORT,mkt_trend,side,HOLDOUT,44813,746.88,0.453,-0.1064,1.0,-83388.7,-1389.81,0.791,-91842.5,1.402,-0.076,-0.533,214.9,0.025,18.72
SIG_OFF,ANY,SHORT,mkt_trend,side,TRAIN,98610,535.92,0.373,-0.0452,1.0,-89462.6,-486.21,0.746,-95017.5,1.69,-0.027,-0.191,63.7,0.089,47.65
SIG_OFF,ANY,SHORT,mkt_trend,side,VALID,48420,544.04,0.356,-0.0539,1.0,-57379.6,-644.71,0.66,-58242.0,1.476,-0.037,-0.19,66.2,0.097,52.6
SIG_OFF,ANY,SHORT,mkt_trend,side,TEST,56282,611.76,0.354,-0.0692,1.0,-66519.3,-723.04,0.643,-67593.4,1.489,-0.046,-0.189,64.8,0.089,54.62
SIG_OFF,ANY,SHORT,mkt_trend,side,HOLDOUT,44813,746.88,0.35,-0.0745,1.0,-56943.6,-949.06,0.649,-58675.5,1.402,-0.053,-0.191,65.6,0.085,63.25
MOM_OFF,ANY,SHORT,mkt_trend,side,TRAIN,98610,535.92,0.329,-0.0383,1.0,-72063.5,-391.65,0.814,-79120.7,1.69,-0.023,-0.2,49.1,0.143,76.59
MOM_OFF,ANY,SHORT,mkt_trend,side,VALID,48420,544.04,0.311,-0.0599,1.0,-67673.9,-760.38,0.637,-68992.8,1.476,-0.041,-0.202,47.8,0.134,72.92
MOM_OFF,ANY,SHORT,mkt_trend,side,TEST,56282,611.76,0.305,-0.0666,1.0,-66440.4,-722.18,0.677,-66643.7,1.489,-0.045,-0.198,47.5,0.137,84.01
MOM_OFF,ANY,SHORT,mkt_trend,side,HOLDOUT,44813,746.88,0.296,-0.0868,1.0,-73518.9,-1225.32,0.597,-73604.0,1.402,-0.062,-0.201,45.7,0.131,97.93
FIXED,ANY,SHORT,breadth,hi,TRAIN,74983,407.52,0.465,0.001,0.48443,28257.9,153.58,1.022,-89170.5,1.677,0.001,-0.777,711.0,0.016,6.42
FIXED,ANY,SHORT,breadth,hi,VALID,37071,416.53,0.444,-0.0667,0.97412,-62666.4,-704.12,0.904,-98407.0,1.392,-0.048,-0.8,718.8,0.015,6.45
FIXED,ANY,SHORT,breadth,hi,TEST,39278,426.93,0.447,-0.0588,0.96592,-33625.1,-365.49,0.948,-65526.7,1.474,-0.04,-0.791,715.9,0.015,6.54
FIXED,ANY,SHORT,breadth,hi,HOLDOUT,29559,492.65,0.39,-0.2023,1.0,-174873.3,-2914.56,0.711,-184674.0,1.412,-0.143,-0.837,697.2,0.014,7.02
TRAIL_A0.5_D0.5,ANY,SHORT,breadth,hi,TRAIN,74983,407.52,0.562,-0.0535,0.99914,-76842.4,-417.62,0.911,-91020.1,1.677,-0.032,-0.576,397.7,0.026,10.59
TRAIL_A0.5_D0.5,ANY,SHORT,breadth,hi,VALID,37071,416.53,0.528,-0.1165,1.0,-100565.9,-1129.95,0.772,-118256.7,1.392,-0.084,-0.604,406.9,0.025,10.29
TRAIL_A0.5_D0.5,ANY,SHORT,breadth,hi,TEST,39278,426.93,0.544,-0.0982,1.0,-66786.7,-725.94,0.842,-68560.0,1.474,-0.067,-0.579,384.3,0.025,10.82
TRAIL_A0.5_D0.5,ANY,SHORT,breadth,hi,HOLDOUT,29559,492.65,0.51,-0.1834,1.0,-137629.4,-2293.82,0.653,-143721.7,1.412,-0.13,-0.618,373.2,0.023,11.18
TRAIL_A0.5_D1,ANY,SHORT,breadth,hi,TRAIN,74983,407.52,0.409,-0.0306,0.92007,-31807.8,-172.87,0.97,-80383.7,1.677,-0.018,-0.622,549.9,0.02,8.1
TRAIL_A0.5_D1,ANY,SHORT,breadth,hi,VALID,37071,416.53,0.385,-0.0855,0.99849,-74224.8,-833.99,0.862,-101395.8,1.392,-0.061,-0.651,563.0,0.019,7.94
TRAIL_A0.5_D1,ANY,SHORT,breadth,hi,TEST,39278,426.93,0.383,-0.0904,0.99959,-66382.5,-721.55,0.873,-71530.6,1.474,-0.061,-0.631,541.1,0.02,8.34
TRAIL_A0.5_D1,ANY,SHORT,breadth,hi,HOLDOUT,29559,492.65,0.334,-0.1987,1.0,-161587.1,-2693.12,0.665,-168331.3,1.412,-0.141,-0.665,525.2,0.018,8.75
TRAIL_A1_D0.5,ANY,SHORT,breadth,hi,TRAIN,74983,407.52,0.534,-0.0198,0.81429,-9845.1,-53.51,0.992,-85103.3,1.677,-0.012,-0.716,587.0,0.018,7.49
TRAIL_A1_D0.5,ANY,SHORT,breadth,hi,VALID,37071,416.53,0.502,-0.0927,0.99919,-82532.6,-927.33,0.862,-110797.7,1.392,-0.067,-0.747,603.4,0.018,7.52
TRAIL_A1_D0.5,ANY,SHORT,breadth,hi,TEST,39278,426.93,0.517,-0.0834,0.99886,-55541.5,-603.71,0.905,-59317.0,1.474,-0.057,-0.729,582.6,0.018,7.84
TRAIL_A1_D0.5,ANY,SHORT,breadth,hi,HOLDOUT,29559,492.65,0.462,-0.1976,1.0,-162843.9,-2714.06,0.703,-171379.0,1.412,-0.14,-0.776,572.9,0.017,8.15
TRAIL_A1_D1,ANY,SHORT,breadth,hi,TRAIN,74983,407.52,0.491,-0.012,0.69193,3531.6,19.19,1.003,-88190.1,1.677,-0.007,-0.719,640.5,0.017,7.02
TRAIL_A1_D1,ANY,SHORT,breadth,hi,VALID,37071,416.53,0.463,-0.0748,0.99034,-68150.1,-765.73,0.886,-101112.4,1.392,-0.054,-0.75,655.9,0.017,7.1
TRAIL_A1_D1,ANY,SHORT,breadth,hi,TEST,39278,426.93,0.469,-0.0757,0.99477,-49835.9,-541.69,0.915,-62586.0,1.474,-0.051,-0.733,641.2,0.017,7.3
TRAIL_A1_D1,ANY,SHORT,breadth,hi,HOLDOUT,29559,492.65,0.416,-0.2004,1.0,-167872.3,-2797.87,0.695,-176150.6,1.412,-0.142,-0.778,626.7,0.015,7.6
BE0.5_TRAIL,ANY,SHORT,breadth,hi,TRAIN,74983,407.52,0.353,-0.0416,0.97635,-54425.9,-295.79,0.939,-93020.1,1.677,-0.025,-0.581,488.9,0.023,9.23
BE0.5_TRAIL,ANY,SHORT,breadth,hi,VALID,37071,416.53,0.322,-0.1103,0.99999,-99175.6,-1114.33,0.782,-120302.8,1.392,-0.079,-0.609,504.0,0.022,9.19
BE0.5_TRAIL,ANY,SHORT,breadth,hi,TEST,39278,426.93,0.332,-0.1084,0.99999,-82425.5,-895.93,0.811,-87271.0,1.474,-0.074,-0.585,471.8,0.022,9.18
BE0.5_TRAIL,ANY,SHORT,breadth,hi,HOLDOUT,29559,492.65,0.283,-0.2,1.0,-152114.7,-2535.25,0.627,-157268.0,1.412,-0.142,-0.622,449.5,0.02,9.95
BE1_TRAIL,ANY,SHORT,breadth,hi,TRAIN,74983,407.52,0.399,-0.0038,0.55476,16862.0,91.64,1.014,-102832.3,1.677,-0.002,-0.722,707.5,0.017,6.74
BE1_TRAIL,ANY,SHORT,breadth,hi,VALID,37071,416.53,0.385,-0.0922,0.99716,-89780.6,-1008.77,0.851,-120648.5,1.392,-0.066,-0.752,727.0,0.016,6.57
BE1_TRAIL,ANY,SHORT,breadth,hi,TEST,39278,426.93,0.376,-0.0997,0.99909,-71920.8,-781.75,0.879,-79964.9,1.474,-0.068,-0.735,702.8,0.016,6.72
BE1_TRAIL,ANY,SHORT,breadth,hi,HOLDOUT,29559,492.65,0.33,-0.2199,1.0,-174233.4,-2903.89,0.686,-181520.7,1.412,-0.156,-0.78,674.8,0.015,7.25
ATR_TRAIL2,ANY,SHORT,breadth,hi,TRAIN,74983,407.52,0.309,-0.0941,1.0,-164590.4,-894.51,0.711,-165409.5,1.677,-0.056,-0.294,132.3,0.064,26.16
ATR_TRAIL2,ANY,SHORT,breadth,hi,VALID,37071,416.53,0.293,-0.1245,1.0,-111969.6,-1258.09,0.601,-117099.9,1.392,-0.089,-0.305,133.9,0.064,26.54
ATR_TRAIL2,ANY,SHORT,breadth,hi,TEST,39278,426.93,0.311,-0.1158,1.0,-83675.7,-909.52,0.692,-85239.9,1.474,-0.079,-0.293,134.0,0.063,26.86
ATR_TRAIL2,ANY,SHORT,breadth,hi,HOLDOUT,29559,492.65,0.289,-0.1591,1.0,-96063.3,-1601.06,0.589,-98692.5,1.412,-0.113,-0.306,125.7,0.061,29.97
ATR_TRAIL3,ANY,SHORT,breadth,hi,TRAIN,74983,407.52,0.334,-0.059,0.99109,-103115.1,-560.41,0.862,-108367.8,1.677,-0.035,-0.407,271.5,0.038,15.48
ATR_TRAIL3,ANY,SHORT,breadth,hi,VALID,37071,416.53,0.315,-0.1229,1.0,-105747.9,-1188.18,0.711,-116534.7,1.392,-0.088,-0.424,277.8,0.037,15.58
ATR_TRAIL3,ANY,SHORT,breadth,hi,TEST,39278,426.93,0.333,-0.1208,1.0,-89709.1,-975.1,0.747,-92269.6,1.474,-0.082,-0.405,267.7,0.038,16.22
ATR_TRAIL3,ANY,SHORT,breadth,hi,HOLDOUT,29559,492.65,0.297,-0.1854,1.0,-126721.1,-2112.02,0.594,-130179.2,1.412,-0.131,-0.422,248.9,0.035,17.47
ATR_TRAIL4,ANY,SHORT,breadth,hi,TRAIN,74983,407.52,0.348,-0.026,0.7597,-55054.8,-299.21,0.939,-79874.6,1.677,-0.015,-0.511,436.1,0.027,10.88
ATR_TRAIL4,ANY,SHORT,breadth,hi,VALID,37071,416.53,0.329,-0.1272,1.0,-110609.2,-1242.8,0.752,-130854.4,1.392,-0.091,-0.533,439.7,0.026,10.81
ATR_TRAIL4,ANY,SHORT,breadth,hi,TEST,39278,426.93,0.339,-0.13,1.0,-102775.0,-1117.12,0.765,-105889.1,1.474,-0.088,-0.513,425.3,0.026,11.14
ATR_TRAIL4,ANY,SHORT,breadth,hi,HOLDOUT,29559,492.65,0.306,-0.2077,1.0,-151392.0,-2523.2,0.606,-156444.7,1.412,-0.147,-0.532,396.6,0.024,11.58
MFE_LOCK0.3,ANY,SHORT,breadth,hi,TRAIN,74983,407.52,0.534,-0.0226,0.84345,-17237.8,-93.68,0.985,-88800.9,1.677,-0.013,-0.716,585.2,0.018,7.48
MFE_LOCK0.3,ANY,SHORT,breadth,hi,VALID,37071,416.53,0.503,-0.1028,0.99981,-93952.0,-1055.64,0.843,-119822.4,1.392,-0.074,-0.747,601.5,0.018,7.58
MFE_LOCK0.3,ANY,SHORT,breadth,hi,TEST,39278,426.93,0.518,-0.0979,0.99988,-66647.8,-724.43,0.886,-70824.7,1.474,-0.066,-0.729,575.6,0.018,7.75
MFE_LOCK0.3,ANY,SHORT,breadth,hi,HOLDOUT,29559,492.65,0.462,-0.2011,1.0,-155863.2,-2597.72,0.716,-164031.0,1.412,-0.142,-0.776,565.8,0.017,8.3
MFE_LOCK0.5,ANY,SHORT,breadth,hi,TRAIN,74983,407.52,0.533,0.0049,0.43655,25650.0,139.4,1.022,-94931.5,1.677,0.003,-0.717,674.7,0.017,7.05
MFE_LOCK0.5,ANY,SHORT,breadth,hi,VALID,37071,416.53,0.502,-0.1006,0.99937,-93278.1,-1048.07,0.844,-121569.0,1.392,-0.072,-0.749,688.6,0.017,6.89
MFE_LOCK0.5,ANY,SHORT,breadth,hi,TEST,39278,426.93,0.516,-0.1111,0.99994,-79854.1,-867.98,0.863,-85600.1,1.474,-0.075,-0.73,657.7,0.017,7.27
MFE_LOCK0.5,ANY,SHORT,breadth,hi,HOLDOUT,29559,492.65,0.461,-0.2324,1.0,-182133.0,-3035.55,0.668,-188853.3,1.412,-0.165,-0.777,628.0,0.016,7.67
NOTP_TRAIL0.5,ANY,SHORT,breadth,hi,TRAIN,74983,407.52,0.314,-0.0885,1.0,-145002.5,-788.06,0.757,-150485.9,1.677,-0.053,-0.306,171.0,0.054,21.97
NOTP_TRAIL0.5,ANY,SHORT,breadth,hi,VALID,37071,416.53,0.29,-0.1215,1.0,-110252.5,-1238.79,0.632,-116693.2,1.392,-0.087,-0.317,172.4,0.053,22.02
NOTP_TRAIL0.5,ANY,SHORT,breadth,hi,TEST,39278,426.93,0.308,-0.1112,1.0,-83099.5,-903.26,0.71,-83717.2,1.474,-0.075,-0.303,166.0,0.055,23.37
NOTP_TRAIL0.5,ANY,SHORT,breadth,hi,HOLDOUT,29559,492.65,0.287,-0.1566,1.0,-97400.2,-1623.34,0.605,-100341.1,1.412,-0.111,-0.316,158.4,0.052,25.68
NOTP_TRAIL1,ANY,SHORT,breadth,hi,TRAIN,74983,407.52,0.375,-0.0296,0.88433,-36264.3,-197.09,0.964,-83929.5,1.677,-0.018,-0.558,557.3,0.02,8.2
NOTP_TRAIL1,ANY,SHORT,breadth,hi,VALID,37071,416.53,0.351,-0.0985,0.99972,-88522.3,-994.63,0.824,-115094.4,1.392,-0.071,-0.582,571.8,0.02,8.45
NOTP_TRAIL1,ANY,SHORT,breadth,hi,TEST,39278,426.93,0.351,-0.1141,0.99998,-90667.7,-985.52,0.817,-97458.3,1.474,-0.077,-0.562,540.4,0.02,8.71
NOTP_TRAIL1,ANY,SHORT,breadth,hi,HOLDOUT,29559,492.65,0.302,-0.2147,1.0,-159104.3,-2651.74,0.643,-164854.1,1.412,-0.152,-0.587,509.7,0.02,9.77
NOTP_TRAIL1.5,ANY,SHORT,breadth,hi,TRAIN,74983,407.52,0.398,0.0186,0.29908,54206.4,294.6,1.044,-107857.5,1.677,0.011,-0.715,804.3,0.015,6.12
NOTP_TRAIL1.5,ANY,SHORT,breadth,hi,VALID,37071,416.53,0.385,-0.088,0.9918,-86836.4,-975.69,0.86,-118989.3,1.392,-0.063,-0.741,808.5,0.015,6.3
NOTP_TRAIL1.5,ANY,SHORT,breadth,hi,TEST,39278,426.93,0.376,-0.1035,0.99818,-76550.7,-832.07,0.876,-86904.4,1.474,-0.07,-0.726,797.5,0.014,6.17
NOTP_TRAIL1.5,ANY,SHORT,breadth,hi,HOLDOUT,29559,492.65,0.327,-0.2435,1.0,-192369.4,-3206.16,0.662,-202855.9,1.412,-0.172,-0.766,749.4,0.013,6.5
TIME15m,ANY,SHORT,breadth,hi,TRAIN,74983,407.52,0.394,-0.0462,1.0,-79593.2,-432.57,0.64,-79769.5,1.677,-0.028,-0.145,15.0,0.355,144.66
TIME15m,ANY,SHORT,breadth,hi,VALID,37071,416.53,0.38,-0.0529,1.0,-42659.2,-479.32,0.609,-42870.4,1.392,-0.038,-0.152,15.0,0.35,145.9
TIME15m,ANY,SHORT,breadth,hi,TEST,39278,426.93,0.385,-0.0532,1.0,-37937.4,-412.36,0.643,-37964.1,1.474,-0.036,-0.143,15.0,0.354,151.21
TIME15m,ANY,SHORT,breadth,hi,HOLDOUT,29559,492.65,0.372,-0.0603,1.0,-33228.9,-553.81,0.633,-33644.4,1.412,-0.043,-0.151,15.0,0.346,170.35
TIME30m,ANY,SHORT,breadth,hi,TRAIN,74983,407.52,0.425,-0.0465,1.0,-82813.0,-450.07,0.719,-83545.7,1.677,-0.028,-0.207,29.9,0.205,83.42
TIME30m,ANY,SHORT,breadth,hi,VALID,37071,416.53,0.405,-0.0558,1.0,-45282.9,-508.8,0.687,-45790.5,1.392,-0.04,-0.216,29.9,0.196,81.65
TIME30m,ANY,SHORT,breadth,hi,TEST,39278,426.93,0.42,-0.0521,1.0,-34125.7,-370.93,0.748,-34218.1,1.474,-0.035,-0.202,29.9,0.196,83.63
TIME30m,ANY,SHORT,breadth,hi,HOLDOUT,29559,492.65,0.401,-0.0706,1.0,-41042.0,-684.03,0.669,-41733.0,1.412,-0.05,-0.219,29.8,0.186,91.87
TIME1h,ANY,SHORT,breadth,hi,TRAIN,74983,407.52,0.45,-0.0465,1.0,-92815.5,-504.43,0.768,-93844.1,1.677,-0.028,-0.292,59.1,0.109,44.36
TIME1h,ANY,SHORT,breadth,hi,VALID,37071,416.53,0.44,-0.0566,1.0,-43480.5,-488.55,0.768,-46532.1,1.392,-0.041,-0.297,59.1,0.103,42.97
TIME1h,ANY,SHORT,breadth,hi,TEST,39278,426.93,0.458,-0.0524,1.0,-34081.3,-370.45,0.813,-34140.6,1.474,-0.036,-0.283,59.2,0.102,43.51
TIME1h,ANY,SHORT,breadth,hi,HOLDOUT,29559,492.65,0.425,-0.0803,1.0,-50669.7,-844.5,0.701,-51499.5,1.412,-0.057,-0.308,58.9,0.097,47.58
TIME2h,ANY,SHORT,breadth,hi,TRAIN,74983,407.52,0.47,-0.0394,0.9996,-78723.0,-427.84,0.851,-79577.3,1.677,-0.024,-0.396,114.9,0.066,26.71
TIME2h,ANY,SHORT,breadth,hi,VALID,37071,416.53,0.452,-0.0713,1.0,-55970.8,-628.89,0.783,-64161.8,1.392,-0.051,-0.407,114.9,0.062,25.64
TIME2h,ANY,SHORT,breadth,hi,TEST,39278,426.93,0.471,-0.0591,0.99999,-38910.0,-422.93,0.845,-38974.1,1.474,-0.04,-0.392,115.2,0.062,26.53
TIME2h,ANY,SHORT,breadth,hi,HOLDOUT,29559,492.65,0.452,-0.0905,1.0,-55182.9,-919.71,0.757,-57109.6,1.412,-0.064,-0.421,114.1,0.057,28.28
TIME4h,ANY,SHORT,breadth,hi,TRAIN,74983,407.52,0.48,-0.0394,0.99225,-82604.4,-448.94,0.884,-86512.1,1.677,-0.024,-0.514,214.6,0.04,16.41
TIME4h,ANY,SHORT,breadth,hi,VALID,37071,416.53,0.464,-0.0826,0.99996,-73120.0,-821.57,0.792,-83753.5,1.392,-0.059,-0.531,214.7,0.038,15.99
TIME4h,ANY,SHORT,breadth,hi,TEST,39278,426.93,0.489,-0.052,0.99566,-30797.4,-334.75,0.909,-31141.3,1.474,-0.035,-0.515,215.4,0.038,16.38
TIME4h,ANY,SHORT,breadth,hi,HOLDOUT,29559,492.65,0.46,-0.1116,1.0,-75816.5,-1263.61,0.753,-78495.6,1.412,-0.079,-0.545,212.3,0.036,17.53
SIG_OFF,ANY,SHORT,breadth,hi,TRAIN,74983,407.52,0.389,-0.0468,1.0,-80018.8,-434.89,0.692,-81568.5,1.677,-0.028,-0.17,40.2,0.184,74.95
SIG_OFF,ANY,SHORT,breadth,hi,VALID,37071,416.53,0.374,-0.0549,1.0,-46568.9,-523.25,0.639,-47474.1,1.392,-0.039,-0.177,41.4,0.192,79.82
SIG_OFF,ANY,SHORT,breadth,hi,TEST,39278,426.93,0.382,-0.0571,1.0,-39197.1,-426.06,0.692,-39569.4,1.474,-0.039,-0.172,44.4,0.182,77.64
SIG_OFF,ANY,SHORT,breadth,hi,HOLDOUT,29559,492.65,0.368,-0.0701,1.0,-43320.7,-722.01,0.612,-44142.7,1.412,-0.05,-0.181,42.5,0.166,82.0
MOM_OFF,ANY,SHORT,breadth,hi,TRAIN,74983,407.52,0.337,-0.0441,1.0,-83544.5,-454.05,0.735,-83786.5,1.677,-0.026,-0.195,45.9,0.188,76.71
MOM_OFF,ANY,SHORT,breadth,hi,VALID,37071,416.53,0.328,-0.0546,1.0,-48799.7,-548.31,0.678,-50870.6,1.392,-0.039,-0.202,45.4,0.176,73.29
MOM_OFF,ANY,SHORT,breadth,hi,TEST,39278,426.93,0.334,-0.0548,1.0,-41614.2,-452.33,0.723,-41619.2,1.474,-0.037,-0.193,47.4,0.173,73.97
MOM_OFF,ANY,SHORT,breadth,hi,HOLDOUT,29559,492.65,0.317,-0.0797,1.0,-52377.9,-872.96,0.598,-52937.5,1.412,-0.056,-0.202,43.0,0.167,82.28
FIXED,ANY,SHORT,mkt_funding,base,TRAIN,168329,914.83,0.452,-0.0252,0.86685,-85276.1,-463.46,0.971,-218643.5,1.656,-0.015,-0.785,711.1,0.008,7.38
FIXED,ANY,SHORT,mkt_funding,base,VALID,80149,900.55,0.451,-0.0401,0.9026,-41092.7,-461.72,0.969,-191743.7,1.446,-0.028,-0.787,725.4,0.008,7.31
FIXED,ANY,SHORT,mkt_funding,base,TEST,98776,1073.65,0.44,-0.073,0.99726,-122647.9,-1333.13,0.925,-171965.4,1.455,-0.05,-0.795,706.4,0.007,7.78
FIXED,ANY,SHORT,mkt_funding,base,HOLDOUT,33304,555.07,0.407,-0.1779,1.0,-125621.5,-2093.69,0.781,-138913.1,1.416,-0.126,-0.83,707.9,0.008,4.45
TRAIL_A0.5_D0.5,ANY,SHORT,mkt_funding,base,TRAIN,168329,914.83,0.557,-0.0617,0.99999,-232360.0,-1262.83,0.879,-274547.1,1.656,-0.037,-0.578,393.4,0.014,12.63
TRAIL_A0.5_D0.5,ANY,SHORT,mkt_funding,base,VALID,80149,900.55,0.541,-0.0939,1.0,-150886.5,-1695.35,0.826,-202932.9,1.446,-0.065,-0.586,394.7,0.014,12.69
TRAIL_A0.5_D0.5,ANY,SHORT,mkt_funding,base,TEST,98776,1073.65,0.541,-0.1,1.0,-183178.0,-1991.06,0.828,-192550.4,1.455,-0.069,-0.584,377.2,0.013,13.76
TRAIL_A0.5_D0.5,ANY,SHORT,mkt_funding,base,HOLDOUT,33304,555.07,0.499,-0.1816,1.0,-116260.2,-1937.67,0.697,-122905.8,1.416,-0.128,-0.617,383.3,0.014,7.9
TRAIL_A0.5_D1,ANY,SHORT,mkt_funding,base,TRAIN,168329,914.83,0.397,-0.0495,0.9963,-191076.1,-1038.46,0.919,-269843.4,1.656,-0.03,-0.624,546.5,0.01,9.47
TRAIL_A0.5_D1,ANY,SHORT,mkt_funding,base,VALID,80149,900.55,0.393,-0.0584,0.9889,-64816.1,-728.27,0.939,-169478.5,1.446,-0.04,-0.633,556.9,0.011,9.47
TRAIL_A0.5_D1,ANY,SHORT,mkt_funding,base,TEST,98776,1073.65,0.378,-0.0979,1.0,-196709.6,-2138.15,0.851,-211599.8,1.455,-0.067,-0.633,528.3,0.01,10.38
TRAIL_A0.5_D1,ANY,SHORT,mkt_funding,base,HOLDOUT,33304,555.07,0.344,-0.191,1.0,-133112.0,-2218.53,0.715,-142469.6,1.416,-0.135,-0.665,535.3,0.01,5.42
TRAIL_A1_D0.5,ANY,SHORT,mkt_funding,base,TRAIN,168329,914.83,0.524,-0.0398,0.98137,-142218.7,-772.93,0.946,-235862.6,1.656,-0.024,-0.723,586.0,0.01,8.77
TRAIL_A1_D0.5,ANY,SHORT,mkt_funding,base,VALID,80149,900.55,0.517,-0.0645,0.99391,-85655.4,-962.42,0.928,-190259.7,1.446,-0.045,-0.729,596.7,0.009,8.47
TRAIL_A1_D0.5,ANY,SHORT,mkt_funding,base,TEST,98776,1073.65,0.511,-0.0875,0.99995,-155402.3,-1689.16,0.894,-184426.2,1.455,-0.06,-0.732,574.6,0.009,9.32
TRAIL_A1_D0.5,ANY,SHORT,mkt_funding,base,HOLDOUT,33304,555.07,0.478,-0.1759,1.0,-118273.6,-1971.23,0.773,-129006.1,1.416,-0.124,-0.766,578.8,0.01,5.4
TRAIL_A1_D1,ANY,SHORT,mkt_funding,base,TRAIN,168329,914.83,0.48,-0.0328,0.94404,-122746.1,-667.1,0.954,-234787.5,1.656,-0.02,-0.725,640.7,0.009,8.32
TRAIL_A1_D1,ANY,SHORT,mkt_funding,base,VALID,80149,900.55,0.472,-0.0463,0.94735,-46101.7,-518.0,0.962,-183036.1,1.446,-0.032,-0.732,653.5,0.009,7.97
TRAIL_A1_D1,ANY,SHORT,mkt_funding,base,TEST,98776,1073.65,0.463,-0.0852,0.9998,-157469.6,-1711.63,0.893,-188154.2,1.455,-0.059,-0.735,629.2,0.008,8.63
TRAIL_A1_D1,ANY,SHORT,mkt_funding,base,HOLDOUT,33304,555.07,0.426,-0.1801,1.0,-124572.1,-2076.2,0.762,-135620.9,1.416,-0.127,-0.77,633.9,0.009,4.85
BE0.5_TRAIL,ANY,SHORT,mkt_funding,base,TRAIN,168329,914.83,0.345,-0.0528,0.99764,-202645.9,-1101.34,0.898,-291730.0,1.656,-0.032,-0.583,480.7,0.011,10.47
BE0.5_TRAIL,ANY,SHORT,mkt_funding,base,VALID,80149,900.55,0.334,-0.0908,0.99999,-139135.7,-1563.32,0.845,-207919.8,1.446,-0.063,-0.59,492.4,0.011,10.01
BE0.5_TRAIL,ANY,SHORT,mkt_funding,base,TEST,98776,1073.65,0.329,-0.1164,1.0,-238160.3,-2588.7,0.783,-249696.0,1.455,-0.08,-0.589,457.9,0.01,11.13
BE0.5_TRAIL,ANY,SHORT,mkt_funding,base,HOLDOUT,33304,555.07,0.296,-0.2008,1.0,-132035.5,-2200.59,0.666,-138501.2,1.416,-0.142,-0.622,455.8,0.011,6.13
BE1_TRAIL,ANY,SHORT,mkt_funding,base,TRAIN,168329,914.83,0.388,-0.026,0.85338,-95422.0,-518.6,0.964,-268461.4,1.656,-0.016,-0.728,704.0,0.008,6.93
BE1_TRAIL,ANY,SHORT,mkt_funding,base,VALID,80149,900.55,0.388,-0.0715,0.99191,-104152.3,-1170.25,0.914,-213312.4,1.446,-0.049,-0.734,724.7,0.008,6.96
BE1_TRAIL,ANY,SHORT,mkt_funding,base,TEST,98776,1073.65,0.37,-0.1122,0.99999,-221940.4,-2412.4,0.851,-243160.8,1.455,-0.077,-0.737,685.9,0.007,7.68
BE1_TRAIL,ANY,SHORT,mkt_funding,base,HOLDOUT,33304,555.07,0.34,-0.2097,1.0,-137895.2,-2298.25,0.739,-149108.3,1.416,-0.148,-0.771,680.1,0.008,4.38
ATR_TRAIL2,ANY,SHORT,mkt_funding,base,TRAIN,168329,914.83,0.307,-0.0908,1.0,-348461.9,-1893.81,0.721,-352843.9,1.656,-0.055,-0.292,130.8,0.041,37.3
ATR_TRAIL2,ANY,SHORT,mkt_funding,base,VALID,80149,900.55,0.302,-0.1153,1.0,-211258.0,-2373.69,0.631,-216753.8,1.446,-0.08,-0.298,134.1,0.04,36.27
ATR_TRAIL2,ANY,SHORT,mkt_funding,base,TEST,98776,1073.65,0.304,-0.1214,1.0,-228769.1,-2486.62,0.666,-230602.5,1.455,-0.083,-0.294,128.0,0.039,42.15
ATR_TRAIL2,ANY,SHORT,mkt_funding,base,HOLDOUT,33304,555.07,0.27,-0.1723,1.0,-102348.5,-1705.81,0.569,-102624.9,1.416,-0.122,-0.3,122.7,0.042,23.55
ATR_TRAIL3,ANY,SHORT,mkt_funding,base,TRAIN,168329,914.83,0.327,-0.0591,0.99264,-198716.2,-1079.98,0.88,-258861.1,1.656,-0.036,-0.404,268.0,0.021,18.81
ATR_TRAIL3,ANY,SHORT,mkt_funding,base,VALID,80149,900.55,0.328,-0.1067,1.0,-174877.6,-1964.92,0.763,-216134.6,1.446,-0.074,-0.412,280.3,0.02,18.01
ATR_TRAIL3,ANY,SHORT,mkt_funding,base,TEST,98776,1073.65,0.324,-0.1334,1.0,-267499.3,-2907.6,0.703,-270852.0,1.455,-0.092,-0.408,256.3,0.02,21.3
ATR_TRAIL3,ANY,SHORT,mkt_funding,base,HOLDOUT,33304,555.07,0.286,-0.2013,1.0,-131996.4,-2199.94,0.58,-134007.8,1.416,-0.142,-0.417,244.1,0.023,12.52
ATR_TRAIL4,ANY,SHORT,mkt_funding,base,TRAIN,168329,914.83,0.341,-0.0326,0.83832,-127551.0,-693.21,0.936,-290267.8,1.656,-0.02,-0.509,429.3,0.013,11.91
ATR_TRAIL4,ANY,SHORT,mkt_funding,base,VALID,80149,900.55,0.343,-0.0943,0.99993,-137138.9,-1540.89,0.847,-239623.1,1.446,-0.065,-0.517,448.4,0.013,11.37
ATR_TRAIL4,ANY,SHORT,mkt_funding,base,TEST,98776,1073.65,0.33,-0.1445,1.0,-308494.7,-3353.2,0.721,-314224.1,1.455,-0.099,-0.515,408.9,0.013,13.58
ATR_TRAIL4,ANY,SHORT,mkt_funding,base,HOLDOUT,33304,555.07,0.298,-0.2297,1.0,-156286.1,-2604.77,0.592,-159571.2,1.416,-0.162,-0.526,388.2,0.014,7.5
MFE_LOCK0.3,ANY,SHORT,mkt_funding,base,TRAIN,168329,914.83,0.524,-0.039,0.97557,-134995.5,-733.67,0.949,-238329.4,1.656,-0.024,-0.722,582.7,0.009,8.47
MFE_LOCK0.3,ANY,SHORT,mkt_funding,base,VALID,80149,900.55,0.517,-0.0745,0.99842,-110884.7,-1245.9,0.907,-203390.6,1.446,-0.051,-0.729,594.6,0.009,8.54
MFE_LOCK0.3,ANY,SHORT,mkt_funding,base,TEST,98776,1073.65,0.511,-0.1004,1.0,-180649.3,-1963.58,0.877,-196422.5,1.455,-0.069,-0.732,569.2,0.009,9.86
MFE_LOCK0.3,ANY,SHORT,mkt_funding,base,HOLDOUT,33304,555.07,0.479,-0.1828,1.0,-113084.2,-1884.74,0.783,-122602.1,1.416,-0.129,-0.766,571.4,0.009,5.1
MFE_LOCK0.5,ANY,SHORT,mkt_funding,base,TRAIN,168329,914.83,0.523,-0.022,0.80824,-78868.7,-428.63,0.97,-242946.3,1.656,-0.013,-0.724,667.2,0.008,7.58
MFE_LOCK0.5,ANY,SHORT,mkt_funding,base,VALID,80149,900.55,0.517,-0.0769,0.99713,-117036.4,-1315.02,0.902,-207878.6,1.446,-0.053,-0.731,682.1,0.009,7.76
MFE_LOCK0.5,ANY,SHORT,mkt_funding,base,TEST,98776,1073.65,0.51,-0.1238,1.0,-242732.1,-2638.39,0.835,-262176.9,1.455,-0.085,-0.733,644.3,0.008,8.47
MFE_LOCK0.5,ANY,SHORT,mkt_funding,base,HOLDOUT,33304,555.07,0.477,-0.2192,1.0,-144702.6,-2411.71,0.722,-152186.0,1.416,-0.155,-0.766,632.2,0.008,4.48
NOTP_TRAIL0.5,ANY,SHORT,mkt_funding,base,TRAIN,168329,914.83,0.312,-0.0921,1.0,-357891.4,-1945.06,0.729,-370518.7,1.656,-0.056,-0.304,164.1,0.033,30.46
NOTP_TRAIL0.5,ANY,SHORT,mkt_funding,base,VALID,80149,900.55,0.304,-0.1126,1.0,-203776.0,-2289.62,0.661,-209746.2,1.446,-0.078,-0.309,167.2,0.031,28.11
NOTP_TRAIL0.5,ANY,SHORT,mkt_funding,base,TEST,98776,1073.65,0.307,-0.1145,1.0,-220407.8,-2395.74,0.694,-220969.9,1.455,-0.079,-0.306,158.1,0.031,33.29
NOTP_TRAIL0.5,ANY,SHORT,mkt_funding,base,HOLDOUT,33304,555.07,0.27,-0.1718,1.0,-101739.4,-1695.66,0.597,-103512.4,1.416,-0.121,-0.314,155.8,0.034,18.77
NOTP_TRAIL1,ANY,SHORT,mkt_funding,base,TRAIN,168329,914.83,0.363,-0.0486,0.9838,-175482.4,-953.71,0.922,-268400.6,1.656,-0.029,-0.559,546.6,0.01,9.04
NOTP_TRAIL1,ANY,SHORT,mkt_funding,base,VALID,80149,900.55,0.36,-0.0791,0.99893,-106859.9,-1200.67,0.894,-208132.9,1.446,-0.055,-0.566,568.6,0.01,9.28
NOTP_TRAIL1,ANY,SHORT,mkt_funding,base,TEST,98776,1073.65,0.346,-0.1315,1.0,-282568.3,-3071.39,0.773,-295883.0,1.455,-0.09,-0.564,522.1,0.009,10.18
NOTP_TRAIL1,ANY,SHORT,mkt_funding,base,HOLDOUT,33304,555.07,0.31,-0.2206,1.0,-144641.7,-2410.7,0.669,-151924.9,1.416,-0.156,-0.59,513.2,0.01,5.53
NOTP_TRAIL1.5,ANY,SHORT,mkt_funding,base,TRAIN,168329,914.83,0.385,-0.0026,0.53117,13023.7,70.78,1.005,-288417.5,1.656,-0.002,-0.72,800.2,0.007,6.51
NOTP_TRAIL1.5,ANY,SHORT,mkt_funding,base,VALID,80149,900.55,0.387,-0.0602,0.9533,-61830.8,-694.73,0.951,-216684.1,1.446,-0.042,-0.725,820.4,0.007,6.42
NOTP_TRAIL1.5,ANY,SHORT,mkt_funding,base,TEST,98776,1073.65,0.368,-0.1321,1.0,-268251.0,-2915.77,0.827,-293897.3,1.455,-0.091,-0.728,781.7,0.007,7.15
NOTP_TRAIL1.5,ANY,SHORT,mkt_funding,base,HOLDOUT,33304,555.07,0.337,-0.248,1.0,-166269.8,-2771.16,0.696,-177577.7,1.416,-0.175,-0.76,756.1,0.007,3.77
TIME15m,ANY,SHORT,mkt_funding,base,TRAIN,168329,914.83,0.386,-0.0469,1.0,-181450.1,-986.14,0.635,-181476.1,1.656,-0.028,-0.148,15.0,0.31,283.6
TIME15m,ANY,SHORT,mkt_funding,base,VALID,80149,900.55,0.37,-0.0513,1.0,-92406.6,-1038.28,0.596,-93202.7,1.446,-0.036,-0.147,15.0,0.312,281.02
TIME15m,ANY,SHORT,mkt_funding,base,TEST,98776,1073.65,0.373,-0.0549,1.0,-102049.4,-1109.23,0.622,-102067.4,1.455,-0.038,-0.143,15.0,0.313,336.13
TIME15m,ANY,SHORT,mkt_funding,base,HOLDOUT,33304,555.07,0.356,-0.0647,1.0,-34800.7,-580.01,0.61,-34807.0,1.416,-0.046,-0.144,15.0,0.331,183.77
TIME30m,ANY,SHORT,mkt_funding,base,TRAIN,168329,914.83,0.417,-0.046,1.0,-184718.3,-1003.9,0.719,-186726.7,1.656,-0.028,-0.208,29.8,0.173,158.61
TIME30m,ANY,SHORT,mkt_funding,base,VALID,80149,900.55,0.405,-0.0518,1.0,-93196.0,-1047.15,0.685,-95113.0,1.446,-0.036,-0.208,29.9,0.17,152.9
TIME30m,ANY,SHORT,mkt_funding,base,TEST,98776,1073.65,0.406,-0.0555,1.0,-101451.3,-1102.73,0.709,-101523.1,1.455,-0.038,-0.202,29.9,0.17,182.21
TIME30m,ANY,SHORT,mkt_funding,base,HOLDOUT,33304,555.07,0.383,-0.0753,1.0,-44027.2,-733.79,0.637,-44047.6,1.416,-0.053,-0.21,29.8,0.175,97.32
TIME1h,ANY,SHORT,mkt_funding,base,TRAIN,168329,914.83,0.444,-0.0436,1.0,-181786.7,-987.97,0.79,-185489.0,1.656,-0.026,-0.289,59.1,0.091,83.51
TIME1h,ANY,SHORT,mkt_funding,base,VALID,80149,900.55,0.444,-0.0489,1.0,-85181.6,-957.1,0.777,-89036.5,1.446,-0.034,-0.288,59.2,0.088,79.53
TIME1h,ANY,SHORT,mkt_funding,base,TEST,98776,1073.65,0.439,-0.0548,1.0,-101632.6,-1104.7,0.783,-102523.5,1.455,-0.038,-0.284,59.2,0.088,94.37
TIME1h,ANY,SHORT,mkt_funding,base,HOLDOUT,33304,555.07,0.408,-0.0835,1.0,-50076.0,-834.6,0.695,-50119.6,1.416,-0.059,-0.298,59.0,0.09,50.18
TIME2h,ANY,SHORT,mkt_funding,base,TRAIN,168329,914.83,0.461,-0.042,0.99999,-177039.4,-962.17,0.848,-183271.8,1.656,-0.025,-0.393,115.0,0.048,43.64
TIME2h,ANY,SHORT,mkt_funding,base,VALID,80149,900.55,0.462,-0.0505,0.99999,-87663.2,-984.98,0.83,-99508.3,1.446,-0.035,-0.393,115.4,0.046,41.61
TIME2h,ANY,SHORT,mkt_funding,base,TEST,98776,1073.65,0.453,-0.0626,1.0,-115916.8,-1259.96,0.82,-119666.8,1.455,-0.043,-0.394,115.0,0.046,48.98
TIME2h,ANY,SHORT,mkt_funding,base,HOLDOUT,33304,555.07,0.434,-0.0933,1.0,-53412.9,-890.22,0.757,-54210.2,1.416,-0.066,-0.407,114.5,0.047,26.1
TIME4h,ANY,SHORT,mkt_funding,base,TRAIN,168329,914.83,0.475,-0.038,0.9953,-165976.8,-902.05,0.894,-177533.2,1.656,-0.023,-0.512,215.1,0.026,23.78
TIME4h,ANY,SHORT,mkt_funding,base,VALID,80149,900.55,0.482,-0.0454,0.99294,-79334.4,-891.4,0.886,-112513.4,1.446,-0.031,-0.514,216.7,0.025,22.76
TIME4h,ANY,SHORT,mkt_funding,base,TEST,98776,1073.65,0.471,-0.0664,0.99997,-125426.7,-1363.33,0.856,-131503.7,1.455,-0.046,-0.521,214.5,0.025,26.61
TIME4h,ANY,SHORT,mkt_funding,base,HOLDOUT,33304,555.07,0.444,-0.1163,1.0,-71237.2,-1187.29,0.762,-74755.3,1.416,-0.082,-0.54,213.7,0.025,13.97
SIG_OFF,ANY,SHORT,mkt_funding,base,TRAIN,168329,914.83,0.379,-0.0402,1.0,-139866.8,-760.15,0.781,-145803.6,1.656,-0.024,-0.19,63.6,0.085,77.95
SIG_OFF,ANY,SHORT,mkt_funding,base,VALID,80149,900.55,0.366,-0.0482,1.0,-89100.7,-1001.13,0.696,-95585.8,1.446,-0.033,-0.19,67.2,0.084,75.21
SIG_OFF,ANY,SHORT,mkt_funding,base,TEST,98776,1073.65,0.366,-0.0601,1.0,-111840.1,-1215.65,0.683,-112665.2,1.455,-0.041,-0.189,64.4,0.079,84.62
SIG_OFF,ANY,SHORT,mkt_funding,base,HOLDOUT,33304,555.07,0.349,-0.0802,1.0,-46337.4,-772.29,0.611,-47032.7,1.416,-0.057,-0.194,66.6,0.088,48.78
MOM_OFF,ANY,SHORT,mkt_funding,base,TRAIN,168329,914.83,0.329,-0.0391,1.0,-158796.8,-863.03,0.779,-161064.2,1.656,-0.024,-0.201,48.4,0.141,128.64
MOM_OFF,ANY,SHORT,mkt_funding,base,VALID,80149,900.55,0.325,-0.0513,1.0,-98466.0,-1106.36,0.692,-102205.1,1.446,-0.035,-0.2,48.6,0.132,118.66
MOM_OFF,ANY,SHORT,mkt_funding,base,TEST,98776,1073.65,0.316,-0.0603,1.0,-120279.5,-1307.39,0.691,-120582.2,1.455,-0.041,-0.197,47.9,0.133,142.59
MOM_OFF,ANY,SHORT,mkt_funding,base,HOLDOUT,33304,555.07,0.293,-0.0838,1.0,-52518.7,-875.31,0.601,-52525.6,1.416,-0.059,-0.2,45.3,0.134,74.18
FIXED,ANY,SHORT,mkt_oi,flat,TRAIN,160029,869.72,0.447,-0.0348,0.93385,-125875.4,-684.11,0.955,-230248.2,1.666,-0.021,-0.789,701.6,0.008,7.1
FIXED,ANY,SHORT,mkt_oi,flat,VALID,74008,831.55,0.431,-0.0828,0.99488,-157012.8,-1764.19,0.875,-266635.7,1.448,-0.057,-0.806,712.6,0.008,6.73
FIXED,ANY,SHORT,mkt_oi,flat,TEST,87275,948.64,0.429,-0.0992,0.99991,-194529.5,-2114.45,0.867,-219442.9,1.444,-0.069,-0.806,703.0,0.008,7.41
FIXED,ANY,SHORT,mkt_oi,flat,HOLDOUT,57323,955.38,0.412,-0.1551,1.0,-189350.7,-3155.85,0.818,-220099.7,1.433,-0.108,-0.816,713.0,0.008,7.43
TRAIL_A0.5_D0.5,ANY,SHORT,mkt_oi,flat,TRAIN,160029,869.72,0.553,-0.0696,1.0,-257077.4,-1397.16,0.86,-293035.4,1.666,-0.042,-0.582,388.4,0.014,12.53
TRAIL_A0.5_D0.5,ANY,SHORT,mkt_oi,flat,VALID,74008,831.55,0.524,-0.1208,1.0,-217432.2,-2443.06,0.74,-253712.0,1.448,-0.083,-0.602,396.6,0.014,11.65
TRAIL_A0.5_D0.5,ANY,SHORT,mkt_oi,flat,TEST,87275,948.64,0.535,-0.1129,1.0,-200898.9,-2183.68,0.788,-210922.7,1.444,-0.078,-0.59,375.8,0.014,13.2
TRAIL_A0.5_D0.5,ANY,SHORT,mkt_oi,flat,HOLDOUT,57323,955.38,0.517,-0.1619,1.0,-180593.1,-3009.88,0.736,-195616.9,1.433,-0.113,-0.604,382.5,0.014,13.23
TRAIL_A0.5_D1,ANY,SHORT,mkt_oi,flat,TRAIN,160029,869.72,0.391,-0.0611,0.9994,-234802.8,-1276.1,0.896,-286607.8,1.666,-0.037,-0.628,537.4,0.01,9.11
TRAIL_A0.5_D1,ANY,SHORT,mkt_oi,flat,VALID,74008,831.55,0.374,-0.0972,0.9999,-172834.8,-1941.96,0.831,-243044.3,1.448,-0.067,-0.649,549.2,0.011,8.75
TRAIL_A0.5_D1,ANY,SHORT,mkt_oi,flat,TEST,87275,948.64,0.369,-0.1193,1.0,-234706.6,-2551.16,0.8,-250051.9,1.444,-0.083,-0.64,524.9,0.01,9.33
TRAIL_A0.5_D1,ANY,SHORT,mkt_oi,flat,HOLDOUT,57323,955.38,0.35,-0.1716,1.0,-205049.2,-3417.49,0.756,-227246.7,1.433,-0.12,-0.651,536.6,0.01,9.42
TRAIL_A1_D0.5,ANY,SHORT,mkt_oi,flat,TRAIN,160029,869.72,0.518,-0.0503,0.99487,-184168.9,-1000.92,0.927,-237704.0,1.666,-0.03,-0.727,577.9,0.01,8.58
TRAIL_A1_D0.5,ANY,SHORT,mkt_oi,flat,VALID,74008,831.55,0.497,-0.1003,0.99989,-184606.6,-2074.23,0.838,-267143.3,1.448,-0.069,-0.747,594.0,0.009,7.89
TRAIL_A1_D0.5,ANY,SHORT,mkt_oi,flat,TEST,87275,948.64,0.503,-0.1088,1.0,-205601.2,-2234.8,0.844,-223333.0,1.444,-0.075,-0.742,571.9,0.01,9.15
TRAIL_A1_D0.5,ANY,SHORT,mkt_oi,flat,HOLDOUT,57323,955.38,0.484,-0.1588,1.0,-184471.8,-3074.53,0.804,-208088.6,1.433,-0.111,-0.755,581.6,0.009,8.68
TRAIL_A1_D1,ANY,SHORT,mkt_oi,flat,TRAIN,160029,869.72,0.474,-0.0447,0.98289,-172074.3,-935.19,0.932,-238498.8,1.666,-0.027,-0.73,631.0,0.009,7.86
TRAIL_A1_D1,ANY,SHORT,mkt_oi,flat,VALID,74008,831.55,0.453,-0.0867,0.99819,-159822.7,-1795.76,0.861,-256378.8,1.448,-0.06,-0.75,644.9,0.009,7.17
TRAIL_A1_D1,ANY,SHORT,mkt_oi,flat,TEST,87275,948.64,0.454,-0.1089,1.0,-213972.2,-2325.78,0.838,-234184.3,1.444,-0.075,-0.745,625.7,0.009,8.3
TRAIL_A1_D1,ANY,SHORT,mkt_oi,flat,HOLDOUT,57323,955.38,0.435,-0.1624,1.0,-193466.6,-3224.44,0.795,-220828.7,1.433,-0.113,-0.758,637.4,0.008,8.1
BE0.5_TRAIL,ANY,SHORT,mkt_oi,flat,TRAIN,160029,869.72,0.34,-0.063,0.99949,-244613.7,-1329.42,0.871,-317202.9,1.666,-0.038,-0.586,472.8,0.012,10.1
BE0.5_TRAIL,ANY,SHORT,mkt_oi,flat,VALID,74008,831.55,0.317,-0.127,1.0,-229152.7,-2574.75,0.734,-274448.5,1.448,-0.088,-0.606,483.7,0.012,9.67
BE0.5_TRAIL,ANY,SHORT,mkt_oi,flat,TEST,87275,948.64,0.322,-0.1356,1.0,-263567.8,-2864.87,0.731,-275226.8,1.444,-0.094,-0.595,454.2,0.011,10.86
BE0.5_TRAIL,ANY,SHORT,mkt_oi,flat,HOLDOUT,57323,955.38,0.299,-0.1801,1.0,-206173.2,-3436.22,0.708,-222111.5,1.433,-0.126,-0.608,457.9,0.011,10.53
BE1_TRAIL,ANY,SHORT,mkt_oi,flat,TRAIN,160029,869.72,0.382,-0.0377,0.93146,-152691.3,-829.84,0.94,-283403.6,1.666,-0.023,-0.732,693.2,0.008,6.96
BE1_TRAIL,ANY,SHORT,mkt_oi,flat,VALID,74008,831.55,0.37,-0.1133,0.99989,-214618.5,-2411.44,0.815,-296643.1,1.448,-0.078,-0.752,708.2,0.008,6.67
BE1_TRAIL,ANY,SHORT,mkt_oi,flat,TEST,87275,948.64,0.359,-0.1405,1.0,-281895.6,-3064.08,0.789,-302652.4,1.444,-0.097,-0.747,681.1,0.008,7.25
BE1_TRAIL,ANY,SHORT,mkt_oi,flat,HOLDOUT,57323,955.38,0.344,-0.1905,1.0,-219870.0,-3664.5,0.769,-244032.4,1.433,-0.133,-0.76,687.9,0.008,7.38
ATR_TRAIL2,ANY,SHORT,mkt_oi,flat,TRAIN,160029,869.72,0.304,-0.0952,1.0,-348582.3,-1894.47,0.705,-352692.5,1.666,-0.057,-0.294,129.5,0.041,35.76
ATR_TRAIL2,ANY,SHORT,mkt_oi,flat,VALID,74008,831.55,0.29,-0.131,1.0,-231990.6,-2606.64,0.565,-236137.0,1.448,-0.09,-0.302,131.0,0.041,33.72
ATR_TRAIL2,ANY,SHORT,mkt_oi,flat,TEST,87275,948.64,0.3,-0.1286,1.0,-219088.9,-2381.4,0.637,-221133.1,1.444,-0.089,-0.297,127.1,0.041,38.84
ATR_TRAIL2,ANY,SHORT,mkt_oi,flat,HOLDOUT,57323,955.38,0.282,-0.1604,1.0,-170273.9,-2837.9,0.602,-173579.7,1.433,-0.112,-0.296,123.2,0.041,39.23
ATR_TRAIL3,ANY,SHORT,mkt_oi,flat,TRAIN,160029,869.72,0.323,-0.0744,0.99946,-274573.3,-1492.25,0.824,-289995.9,1.666,-0.045,-0.406,264.7,0.021,18.45
ATR_TRAIL3,ANY,SHORT,mkt_oi,flat,VALID,74008,831.55,0.31,-0.135,1.0,-227527.8,-2556.49,0.671,-247649.4,1.448,-0.093,-0.419,270.4,0.021,17.34
ATR_TRAIL3,ANY,SHORT,mkt_oi,flat,TEST,87275,948.64,0.316,-0.1504,1.0,-275527.2,-2994.86,0.655,-278396.0,1.444,-0.104,-0.411,252.8,0.021,19.93
ATR_TRAIL3,ANY,SHORT,mkt_oi,flat,HOLDOUT,57323,955.38,0.294,-0.1841,1.0,-210993.5,-3516.56,0.627,-219827.9,1.433,-0.129,-0.411,246.4,0.022,20.9
ATR_TRAIL4,ANY,SHORT,mkt_oi,flat,TRAIN,160029,869.72,0.336,-0.0502,0.94095,-216907.8,-1178.85,0.886,-278028.7,1.666,-0.03,-0.511,422.6,0.013,11.65
ATR_TRAIL4,ANY,SHORT,mkt_oi,flat,VALID,74008,831.55,0.319,-0.1333,1.0,-215559.2,-2422.01,0.746,-293833.7,1.448,-0.092,-0.525,428.2,0.013,10.82
ATR_TRAIL4,ANY,SHORT,mkt_oi,flat,TEST,87275,948.64,0.319,-0.1704,1.0,-334960.6,-3640.88,0.66,-341274.4,1.444,-0.118,-0.522,402.0,0.013,12.72
ATR_TRAIL4,ANY,SHORT,mkt_oi,flat,HOLDOUT,57323,955.38,0.304,-0.2042,1.0,-244074.2,-4067.9,0.648,-255748.4,1.433,-0.143,-0.52,394.2,0.013,12.82
MFE_LOCK0.3,ANY,SHORT,mkt_oi,flat,TRAIN,160029,869.72,0.518,-0.0488,0.99179,-176858.7,-961.19,0.93,-251188.1,1.666,-0.029,-0.727,575.4,0.01,8.4
MFE_LOCK0.3,ANY,SHORT,mkt_oi,flat,VALID,74008,831.55,0.497,-0.1106,0.99998,-204762.9,-2300.71,0.821,-278884.8,1.448,-0.076,-0.747,591.8,0.009,7.63
MFE_LOCK0.3,ANY,SHORT,mkt_oi,flat,TEST,87275,948.64,0.503,-0.121,1.0,-225696.2,-2453.22,0.828,-241363.2,1.444,-0.084,-0.741,566.3,0.01,9.12
MFE_LOCK0.3,ANY,SHORT,mkt_oi,flat,HOLDOUT,57323,955.38,0.485,-0.1659,1.0,-177610.3,-2960.17,0.811,-199639.8,1.433,-0.116,-0.755,574.6,0.009,8.67
MFE_LOCK0.5,ANY,SHORT,mkt_oi,flat,TRAIN,160029,869.72,0.517,-0.0375,0.93173,-163167.8,-886.78,0.935,-253657.2,1.666,-0.022,-0.729,657.6,0.008,7.34
MFE_LOCK0.5,ANY,SHORT,mkt_oi,flat,VALID,74008,831.55,0.497,-0.1185,0.99998,-216900.4,-2437.08,0.81,-286695.4,1.448,-0.082,-0.748,670.5,0.008,6.84
MFE_LOCK0.5,ANY,SHORT,mkt_oi,flat,TEST,87275,948.64,0.502,-0.1479,1.0,-284825.6,-3095.93,0.783,-304133.6,1.444,-0.102,-0.742,638.2,0.008,7.95
MFE_LOCK0.5,ANY,SHORT,mkt_oi,flat,HOLDOUT,57323,955.38,0.483,-0.1993,1.0,-226074.7,-3767.91,0.76,-247833.3,1.433,-0.139,-0.755,637.6,0.008,7.5
NOTP_TRAIL0.5,ANY,SHORT,mkt_oi,flat,TRAIN,160029,869.72,0.309,-0.0962,1.0,-352425.4,-1915.36,0.717,-366506.0,1.666,-0.058,-0.306,161.6,0.033,28.96
NOTP_TRAIL0.5,ANY,SHORT,mkt_oi,flat,VALID,74008,831.55,0.29,-0.1282,1.0,-227428.8,-2555.38,0.597,-231315.9,1.448,-0.089,-0.315,163.2,0.032,26.72
NOTP_TRAIL0.5,ANY,SHORT,mkt_oi,flat,TEST,87275,948.64,0.302,-0.1229,1.0,-216496.8,-2353.23,0.66,-216923.8,1.444,-0.085,-0.308,156.3,0.032,30.75
NOTP_TRAIL0.5,ANY,SHORT,mkt_oi,flat,HOLDOUT,57323,955.38,0.284,-0.1568,1.0,-165426.1,-2757.1,0.635,-168590.1,1.433,-0.109,-0.308,158.5,0.032,30.95
NOTP_TRAIL1,ANY,SHORT,mkt_oi,flat,TRAIN,160029,869.72,0.357,-0.0625,0.99727,-245619.8,-1334.89,0.885,-325024.6,1.666,-0.038,-0.562,536.5,0.01,8.96
NOTP_TRAIL1,ANY,SHORT,mkt_oi,flat,VALID,74008,831.55,0.341,-0.1176,1.0,-202193.0,-2271.83,0.789,-273743.0,1.448,-0.081,-0.579,547.5,0.01,8.52
NOTP_TRAIL1,ANY,SHORT,mkt_oi,flat,TEST,87275,948.64,0.336,-0.1563,1.0,-313847.4,-3411.38,0.717,-327251.1,1.444,-0.108,-0.571,515.6,0.01,9.26
NOTP_TRAIL1,ANY,SHORT,mkt_oi,flat,HOLDOUT,57323,955.38,0.318,-0.198,1.0,-223317.2,-3721.95,0.716,-242538.7,1.433,-0.138,-0.577,519.6,0.01,9.62
NOTP_TRAIL1.5,ANY,SHORT,mkt_oi,flat,TRAIN,160029,869.72,0.381,-0.0215,0.75004,-105491.0,-573.32,0.96,-300666.4,1.666,-0.013,-0.723,789.3,0.007,6.13
NOTP_TRAIL1.5,ANY,SHORT,mkt_oi,flat,VALID,74008,831.55,0.367,-0.0998,0.99634,-169951.1,-1909.56,0.858,-299739.8,1.448,-0.069,-0.742,792.9,0.007,5.91
NOTP_TRAIL1.5,ANY,SHORT,mkt_oi,flat,TEST,87275,948.64,0.356,-0.1634,1.0,-326362.0,-3547.41,0.765,-351600.0,1.444,-0.113,-0.738,771.3,0.007,6.35
NOTP_TRAIL1.5,ANY,SHORT,mkt_oi,flat,HOLDOUT,57323,955.38,0.344,-0.2081,1.0,-235149.6,-3919.16,0.761,-268235.7,1.433,-0.145,-0.748,771.0,0.007,6.63
TIME15m,ANY,SHORT,mkt_oi,flat,TRAIN,160029,869.72,0.384,-0.0481,1.0,-177111.0,-962.56,0.622,-177231.7,1.666,-0.029,-0.148,15.0,0.309,268.65
TIME15m,ANY,SHORT,mkt_oi,flat,VALID,74008,831.55,0.368,-0.0526,1.0,-86794.4,-975.22,0.585,-87118.6,1.448,-0.036,-0.148,15.0,0.312,259.55
TIME15m,ANY,SHORT,mkt_oi,flat,TEST,87275,948.64,0.372,-0.0556,1.0,-89432.6,-972.09,0.62,-89450.6,1.444,-0.039,-0.144,15.0,0.315,298.52
TIME15m,ANY,SHORT,mkt_oi,flat,HOLDOUT,57323,955.38,0.366,-0.0609,1.0,-62363.0,-1039.38,0.621,-62414.9,1.433,-0.043,-0.144,15.0,0.319,304.62
TIME30m,ANY,SHORT,mkt_oi,flat,TRAIN,160029,869.72,0.417,-0.0466,1.0,-175327.0,-952.86,0.716,-175922.6,1.666,-0.028,-0.209,29.8,0.173,150.31
TIME30m,ANY,SHORT,mkt_oi,flat,VALID,74008,831.55,0.399,-0.0563,1.0,-97014.1,-1090.05,0.646,-97754.8,1.448,-0.039,-0.21,29.9,0.171,142.15
TIME30m,ANY,SHORT,mkt_oi,flat,TEST,87275,948.64,0.406,-0.0557,1.0,-86963.6,-945.26,0.714,-87036.4,1.444,-0.039,-0.203,29.9,0.171,162.1
TIME30m,ANY,SHORT,mkt_oi,flat,HOLDOUT,57323,955.38,0.394,-0.0698,1.0,-75791.1,-1263.18,0.659,-75792.9,1.433,-0.049,-0.208,29.9,0.17,162.12
TIME1h,ANY,SHORT,mkt_oi,flat,TRAIN,160029,869.72,0.442,-0.0447,1.0,-173002.1,-940.23,0.788,-173928.3,1.666,-0.027,-0.29,59.1,0.091,79.25
TIME1h,ANY,SHORT,mkt_oi,flat,VALID,74008,831.55,0.431,-0.0577,1.0,-97779.2,-1098.64,0.726,-98477.6,1.448,-0.04,-0.291,59.1,0.089,74.11
TIME1h,ANY,SHORT,mkt_oi,flat,TEST,87275,948.64,0.438,-0.0565,1.0,-92112.9,-1001.23,0.777,-93140.5,1.444,-0.039,-0.286,59.1,0.089,84.15
TIME1h,ANY,SHORT,mkt_oi,flat,HOLDOUT,57323,955.38,0.416,-0.0769,1.0,-85458.1,-1424.3,0.715,-86009.4,1.433,-0.054,-0.293,59.1,0.088,83.7
TIME2h,ANY,SHORT,mkt_oi,flat,TRAIN,160029,869.72,0.459,-0.0456,1.0,-177793.3,-966.27,0.839,-183400.9,1.666,-0.027,-0.396,114.9,0.048,41.83
TIME2h,ANY,SHORT,mkt_oi,flat,VALID,74008,831.55,0.448,-0.0665,1.0,-117100.1,-1315.73,0.759,-120261.3,1.448,-0.046,-0.399,115.3,0.047,39.16
TIME2h,ANY,SHORT,mkt_oi,flat,TEST,87275,948.64,0.449,-0.0687,1.0,-114098.5,-1240.2,0.8,-118338.0,1.444,-0.048,-0.397,114.9,0.047,44.14
TIME2h,ANY,SHORT,mkt_oi,flat,HOLDOUT,57323,955.38,0.439,-0.0903,1.0,-98150.0,-1635.83,0.757,-102618.8,1.433,-0.063,-0.404,114.8,0.046,43.92
TIME4h,ANY,SHORT,mkt_oi,flat,TRAIN,160029,869.72,0.471,-0.0449,0.99852,-179336.3,-974.65,0.88,-192537.1,1.666,-0.027,-0.517,214.6,0.026,23.01
TIME4h,ANY,SHORT,mkt_oi,flat,VALID,74008,831.55,0.462,-0.0757,0.99997,-145376.7,-1633.45,0.78,-155549.0,1.448,-0.052,-0.526,216.0,0.026,21.55
TIME4h,ANY,SHORT,mkt_oi,flat,TEST,87275,948.64,0.462,-0.0806,1.0,-145534.8,-1581.9,0.813,-152086.7,1.444,-0.056,-0.528,214.1,0.026,24.35
TIME4h,ANY,SHORT,mkt_oi,flat,HOLDOUT,57323,955.38,0.45,-0.1092,1.0,-115741.5,-1929.03,0.788,-126737.4,1.433,-0.076,-0.534,214.6,0.025,23.55
SIG_OFF,ANY,SHORT,mkt_oi,flat,TRAIN,160029,869.72,0.377,-0.0465,1.0,-167976.9,-912.92,0.72,-173974.6,1.666,-0.028,-0.19,62.5,0.086,74.73
SIG_OFF,ANY,SHORT,mkt_oi,flat,VALID,74008,831.55,0.362,-0.0542,1.0,-90690.9,-1019.0,0.661,-94400.8,1.448,-0.037,-0.19,62.7,0.091,75.73
SIG_OFF,ANY,SHORT,mkt_oi,flat,TEST,87275,948.64,0.365,-0.0644,1.0,-108413.8,-1178.41,0.651,-109568.3,1.444,-0.045,-0.19,62.9,0.083,78.35
SIG_OFF,ANY,SHORT,mkt_oi,flat,HOLDOUT,57323,955.38,0.359,-0.0726,1.0,-77327.6,-1288.79,0.647,-79913.9,1.433,-0.051,-0.192,65.7,0.082,78.65
MOM_OFF,ANY,SHORT,mkt_oi,flat,TRAIN,160029,869.72,0.327,-0.0413,1.0,-158206.0,-859.82,0.766,-159054.9,1.666,-0.025,-0.202,48.6,0.14,121.68
MOM_OFF,ANY,SHORT,mkt_oi,flat,VALID,74008,831.55,0.316,-0.0602,1.0,-110585.5,-1242.53,0.63,-111382.0,1.448,-0.042,-0.202,47.6,0.134,111.37
MOM_OFF,ANY,SHORT,mkt_oi,flat,TEST,87275,948.64,0.315,-0.0628,1.0,-108229.0,-1176.4,0.683,-108894.7,1.444,-0.043,-0.198,47.7,0.135,128.17
MOM_OFF,ANY,SHORT,mkt_oi,flat,HOLDOUT,57323,955.38,0.301,-0.0838,1.0,-99529.8,-1658.83,0.593,-99614.8,1.433,-0.059,-0.2,45.5,0.133,126.65
FIXED,ANY,LONG,mkt_trend,side,TRAIN,97584,530.35,0.408,-0.1172,0.99999,-258648.3,-1405.7,0.848,-317437.8,1.621,-0.072,-0.811,688.0,0.01,5.08
FIXED,ANY,LONG,mkt_trend,side,VALID,46128,518.29,0.416,-0.0835,0.98697,-46445.4,-521.86,0.937,-157079.1,1.714,-0.049,-0.798,695.9,0.01,5.08
FIXED,ANY,LONG,mkt_trend,side,TEST,54202,589.15,0.416,-0.1059,0.99984,-83901.2,-911.97,0.901,-138113.7,1.643,-0.064,-0.811,681.7,0.01,5.77
FIXED,ANY,LONG,mkt_trend,side,HOLDOUT,43041,717.35,0.433,-0.0659,0.96692,-5731.1,-95.52,0.992,-94229.8,1.934,-0.034,-0.806,685.4,0.008,5.88
TRAIL_A0.5_D0.5,ANY,LONG,mkt_trend,side,TRAIN,97584,530.35,0.52,-0.1287,1.0,-273879.8,-1488.48,0.753,-291051.1,1.621,-0.079,-0.605,391.9,0.017,8.86
TRAIL_A0.5_D0.5,ANY,LONG,mkt_trend,side,VALID,46128,518.29,0.523,-0.1106,1.0,-83427.6,-937.39,0.827,-125060.5,1.714,-0.065,-0.594,389.5,0.018,9.55
TRAIL_A0.5_D0.5,ANY,LONG,mkt_trend,side,TEST,54202,589.15,0.516,-0.1289,1.0,-113073.2,-1229.06,0.795,-130403.8,1.643,-0.078,-0.598,372.3,0.017,9.87
TRAIL_A0.5_D0.5,ANY,LONG,mkt_trend,side,HOLDOUT,43041,717.35,0.511,-0.1317,1.0,-82291.8,-1371.53,0.824,-108308.8,1.934,-0.068,-0.603,379.6,0.015,11.1
TRAIL_A0.5_D1,ANY,LONG,mkt_trend,side,TRAIN,97584,530.35,0.364,-0.1198,1.0,-256514.3,-1394.1,0.81,-285234.5,1.621,-0.074,-0.65,524.8,0.013,6.65
TRAIL_A0.5_D1,ANY,LONG,mkt_trend,side,VALID,46128,518.29,0.373,-0.0902,0.99803,-64185.7,-721.19,0.891,-144913.3,1.714,-0.053,-0.639,522.9,0.013,6.94
TRAIL_A0.5_D1,ANY,LONG,mkt_trend,side,TEST,54202,589.15,0.366,-0.1158,1.0,-97587.6,-1060.73,0.856,-123369.9,1.643,-0.07,-0.643,503.0,0.013,7.58
TRAIL_A0.5_D1,ANY,LONG,mkt_trend,side,HOLDOUT,43041,717.35,0.372,-0.0996,0.9997,-51043.6,-850.73,0.911,-103198.2,1.934,-0.052,-0.651,509.9,0.011,7.7
TRAIL_A1_D0.5,ANY,LONG,mkt_trend,side,TRAIN,97584,530.35,0.482,-0.1266,1.0,-265726.4,-1444.17,0.825,-298838.8,1.621,-0.078,-0.751,575.0,0.011,5.91
TRAIL_A1_D0.5,ANY,LONG,mkt_trend,side,VALID,46128,518.29,0.49,-0.1022,0.99932,-67687.3,-760.53,0.898,-149874.8,1.714,-0.06,-0.739,578.0,0.013,6.58
TRAIL_A1_D0.5,ANY,LONG,mkt_trend,side,TEST,54202,589.15,0.492,-0.1175,1.0,-94689.9,-1029.24,0.875,-124214.0,1.643,-0.072,-0.745,559.4,0.011,6.64
TRAIL_A1_D0.5,ANY,LONG,mkt_trend,side,HOLDOUT,43041,717.35,0.497,-0.1024,0.99973,-43495.4,-724.92,0.931,-103329.6,1.934,-0.053,-0.75,568.4,0.01,7.02
TRAIL_A1_D1,ANY,LONG,mkt_trend,side,TRAIN,97584,530.35,0.437,-0.1218,1.0,-260122.2,-1413.71,0.829,-304978.7,1.621,-0.075,-0.753,618.4,0.011,5.77
TRAIL_A1_D1,ANY,LONG,mkt_trend,side,VALID,46128,518.29,0.446,-0.0882,0.99443,-54713.6,-614.76,0.918,-153726.0,1.714,-0.051,-0.74,621.9,0.012,5.98
TRAIL_A1_D1,ANY,LONG,mkt_trend,side,TEST,54202,589.15,0.44,-0.1111,0.99998,-89333.2,-971.01,0.883,-125530.1,1.643,-0.068,-0.747,603.3,0.011,6.54
TRAIL_A1_D1,ANY,LONG,mkt_trend,side,HOLDOUT,43041,717.35,0.448,-0.086,0.99567,-29155.1,-485.92,0.954,-100536.3,1.934,-0.044,-0.752,611.2,0.009,6.68
BE0.5_TRAIL,ANY,LONG,mkt_trend,side,TRAIN,97584,530.35,0.316,-0.127,1.0,-260374.3,-1415.08,0.772,-279693.7,1.621,-0.078,-0.608,456.2,0.014,7.62
BE0.5_TRAIL,ANY,LONG,mkt_trend,side,VALID,46128,518.29,0.322,-0.0949,0.99928,-69505.3,-780.96,0.86,-136295.1,1.714,-0.055,-0.597,453.2,0.015,7.98
BE0.5_TRAIL,ANY,LONG,mkt_trend,side,TEST,54202,589.15,0.317,-0.1373,1.0,-121575.8,-1321.48,0.786,-140522.0,1.643,-0.084,-0.601,429.3,0.014,8.48
BE0.5_TRAIL,ANY,LONG,mkt_trend,side,HOLDOUT,43041,717.35,0.316,-0.1086,0.99998,-50165.2,-836.09,0.896,-90114.9,1.934,-0.056,-0.607,437.7,0.014,9.93
BE1_TRAIL,ANY,LONG,mkt_trend,side,TRAIN,97584,530.35,0.349,-0.1273,1.0,-252048.6,-1369.83,0.836,-298105.2,1.621,-0.079,-0.755,662.3,0.01,5.38
BE1_TRAIL,ANY,LONG,mkt_trend,side,VALID,46128,518.29,0.362,-0.0816,0.98231,-43099.9,-484.27,0.936,-164319.4,1.714,-0.048,-0.742,670.2,0.011,5.94
BE1_TRAIL,ANY,LONG,mkt_trend,side,TEST,54202,589.15,0.353,-0.1335,1.0,-108170.3,-1175.76,0.859,-140202.9,1.643,-0.081,-0.749,645.6,0.01,6.04
BE1_TRAIL,ANY,LONG,mkt_trend,side,HOLDOUT,43041,717.35,0.367,-0.0618,0.94666,4133.3,68.89,1.006,-90642.3,1.934,-0.032,-0.755,655.1,0.009,6.67
ATR_TRAIL2,ANY,LONG,mkt_trend,side,TRAIN,97584,530.35,0.283,-0.1308,1.0,-273425.0,-1486.01,0.615,-274113.8,1.621,-0.081,-0.298,121.8,0.049,26.23
ATR_TRAIL2,ANY,LONG,mkt_trend,side,VALID,46128,518.29,0.288,-0.1153,1.0,-97422.8,-1094.64,0.691,-99747.0,1.714,-0.067,-0.298,122.4,0.049,25.64
ATR_TRAIL2,ANY,LONG,mkt_trend,side,TEST,54202,589.15,0.28,-0.148,1.0,-137623.6,-1495.91,0.624,-137832.6,1.643,-0.09,-0.298,118.0,0.05,29.29
ATR_TRAIL2,ANY,LONG,mkt_trend,side,HOLDOUT,43041,717.35,0.278,-0.1438,1.0,-99752.5,-1662.54,0.677,-99944.8,1.934,-0.074,-0.301,116.9,0.049,35.28
ATR_TRAIL3,ANY,LONG,mkt_trend,side,TRAIN,97584,530.35,0.299,-0.1286,1.0,-281739.9,-1531.2,0.698,-287644.2,1.621,-0.079,-0.412,244.0,0.026,13.83
ATR_TRAIL3,ANY,LONG,mkt_trend,side,VALID,46128,518.29,0.309,-0.0897,0.99966,-71079.8,-798.65,0.826,-99172.3,1.714,-0.052,-0.41,253.0,0.027,13.82
ATR_TRAIL3,ANY,LONG,mkt_trend,side,TEST,54202,589.15,0.295,-0.1514,1.0,-141282.3,-1535.68,0.704,-141443.7,1.643,-0.092,-0.413,238.7,0.026,15.46
ATR_TRAIL3,ANY,LONG,mkt_trend,side,HOLDOUT,43041,717.35,0.291,-0.1334,1.0,-86564.8,-1442.75,0.785,-98408.5,1.934,-0.069,-0.418,236.8,0.025,18.03
ATR_TRAIL4,ANY,LONG,mkt_trend,side,TRAIN,97584,530.35,0.306,-0.1219,1.0,-290069.9,-1576.47,0.746,-314081.7,1.621,-0.075,-0.524,393.0,0.017,8.98
ATR_TRAIL4,ANY,LONG,mkt_trend,side,VALID,46128,518.29,0.32,-0.0666,0.97425,-49358.1,-554.59,0.9,-123160.3,1.714,-0.039,-0.513,408.7,0.017,8.99
ATR_TRAIL4,ANY,LONG,mkt_trend,side,TEST,54202,589.15,0.302,-0.152,1.0,-145046.2,-1576.59,0.751,-156014.5,1.643,-0.093,-0.521,386.3,0.017,9.75
ATR_TRAIL4,ANY,LONG,mkt_trend,side,HOLDOUT,43041,717.35,0.301,-0.0836,0.99142,-42360.7,-706.01,0.914,-92424.5,1.934,-0.043,-0.528,388.5,0.015,10.93
MFE_LOCK0.3,ANY,LONG,mkt_trend,side,TRAIN,97584,530.35,0.482,-0.1206,1.0,-232282.7,-1262.41,0.847,-263862.9,1.621,-0.074,-0.751,573.1,0.011,5.93
MFE_LOCK0.3,ANY,LONG,mkt_trend,side,VALID,46128,518.29,0.49,-0.1061,0.99959,-67780.7,-761.58,0.898,-150241.7,1.714,-0.062,-0.739,576.6,0.013,6.66
MFE_LOCK0.3,ANY,LONG,mkt_trend,side,TEST,54202,589.15,0.492,-0.1273,1.0,-99615.4,-1082.78,0.869,-126783.2,1.643,-0.077,-0.746,556.2,0.011,6.76
MFE_LOCK0.3,ANY,LONG,mkt_trend,side,HOLDOUT,43041,717.35,0.497,-0.0905,0.99826,-21880.9,-364.68,0.966,-88465.7,1.934,-0.047,-0.75,567.6,0.01,7.13
MFE_LOCK0.5,ANY,LONG,mkt_trend,side,TRAIN,97584,530.35,0.481,-0.1206,1.0,-247110.7,-1342.99,0.837,-300145.0,1.621,-0.074,-0.751,632.2,0.01,5.57
MFE_LOCK0.5,ANY,LONG,mkt_trend,side,VALID,46128,518.29,0.489,-0.1088,0.99903,-80167.4,-900.76,0.879,-172966.5,1.714,-0.063,-0.74,642.6,0.011,5.85
MFE_LOCK0.5,ANY,LONG,mkt_trend,side,TEST,54202,589.15,0.491,-0.1419,1.0,-120210.0,-1306.63,0.841,-143634.7,1.643,-0.086,-0.746,613.2,0.01,6.18
MFE_LOCK0.5,ANY,LONG,mkt_trend,side,HOLDOUT,43041,717.35,0.496,-0.0612,0.93352,-5140.9,-85.68,0.992,-90029.1,1.934,-0.032,-0.751,632.1,0.01,6.97
NOTP_TRAIL0.5,ANY,LONG,mkt_trend,side,TRAIN,97584,530.35,0.285,-0.1322,1.0,-277033.6,-1505.62,0.629,-279556.2,1.621,-0.082,-0.309,150.1,0.043,22.66
NOTP_TRAIL0.5,ANY,LONG,mkt_trend,side,VALID,46128,518.29,0.296,-0.1159,1.0,-95354.2,-1071.4,0.711,-98775.4,1.714,-0.068,-0.309,148.6,0.044,22.65
NOTP_TRAIL0.5,ANY,LONG,mkt_trend,side,TEST,54202,589.15,0.286,-0.1477,1.0,-140232.8,-1524.27,0.635,-140313.3,1.643,-0.09,-0.309,139.2,0.043,25.2
NOTP_TRAIL0.5,ANY,LONG,mkt_trend,side,HOLDOUT,43041,717.35,0.284,-0.1427,1.0,-95592.6,-1593.21,0.704,-98080.5,1.934,-0.074,-0.312,139.7,0.042,30.02
NOTP_TRAIL1,ANY,LONG,mkt_trend,side,TRAIN,97584,530.35,0.333,-0.1197,1.0,-254145.3,-1381.22,0.8,-276018.8,1.621,-0.074,-0.579,499.8,0.013,7.01
NOTP_TRAIL1,ANY,LONG,mkt_trend,side,VALID,46128,518.29,0.344,-0.0811,0.99223,-56677.1,-636.82,0.898,-146884.8,1.714,-0.047,-0.566,504.0,0.014,7.16
NOTP_TRAIL1,ANY,LONG,mkt_trend,side,TEST,54202,589.15,0.336,-0.1425,1.0,-130466.1,-1418.11,0.797,-150840.2,1.643,-0.087,-0.573,476.9,0.014,7.96
NOTP_TRAIL1,ANY,LONG,mkt_trend,side,HOLDOUT,43041,717.35,0.337,-0.0862,0.99565,-27013.9,-450.23,0.95,-88590.3,1.934,-0.045,-0.58,483.5,0.013,9.0
NOTP_TRAIL1.5,ANY,LONG,mkt_trend,side,TRAIN,97584,530.35,0.347,-0.108,0.99965,-225340.7,-1224.68,0.858,-311058.3,1.621,-0.067,-0.743,741.1,0.009,4.83
NOTP_TRAIL1.5,ANY,LONG,mkt_trend,side,VALID,46128,518.29,0.36,-0.0658,0.9326,-30507.5,-342.78,0.956,-179079.6,1.714,-0.038,-0.731,763.9,0.01,4.93
NOTP_TRAIL1.5,ANY,LONG,mkt_trend,side,TEST,54202,589.15,0.349,-0.1437,1.0,-126008.3,-1369.66,0.843,-153428.0,1.643,-0.087,-0.74,733.3,0.009,5.21
NOTP_TRAIL1.5,ANY,LONG,mkt_trend,side,HOLDOUT,43041,717.35,0.367,-0.018,0.64117,54582.3,909.7,1.082,-83336.6,1.934,-0.009,-0.746,744.6,0.008,5.98
TIME15m,ANY,LONG,mkt_trend,side,TRAIN,97584,530.35,0.373,-0.0497,1.0,-100995.2,-548.89,0.631,-101029.0,1.621,-0.031,-0.149,15.0,0.321,170.39
TIME15m,ANY,LONG,mkt_trend,side,VALID,46128,518.29,0.361,-0.0557,1.0,-51815.7,-582.2,0.595,-51816.0,1.714,-0.032,-0.151,15.0,0.329,170.69
TIME15m,ANY,LONG,mkt_trend,side,TEST,54202,589.15,0.367,-0.0562,1.0,-50748.6,-551.62,0.634,-50804.1,1.643,-0.034,-0.146,15.0,0.336,197.9
TIME15m,ANY,LONG,mkt_trend,side,HOLDOUT,43041,717.35,0.357,-0.0607,1.0,-42125.3,-702.09,0.645,-42286.3,1.934,-0.031,-0.149,15.0,0.337,241.55
TIME30m,ANY,LONG,mkt_trend,side,TRAIN,97584,530.35,0.397,-0.0525,1.0,-106975.7,-581.39,0.703,-107092.7,1.621,-0.032,-0.21,29.9,0.179,94.95
TIME30m,ANY,LONG,mkt_trend,side,VALID,46128,518.29,0.39,-0.0547,1.0,-49462.7,-555.76,0.698,-49743.5,1.714,-0.032,-0.21,29.9,0.18,93.24
TIME30m,ANY,LONG,mkt_trend,side,TEST,54202,589.15,0.397,-0.0542,1.0,-49296.8,-535.84,0.727,-49469.0,1.643,-0.033,-0.206,29.9,0.18,106.33
TIME30m,ANY,LONG,mkt_trend,side,HOLDOUT,43041,717.35,0.393,-0.0592,1.0,-34982.7,-583.04,0.771,-35554.3,1.934,-0.031,-0.21,29.8,0.178,127.98
TIME1h,ANY,LONG,mkt_trend,side,TRAIN,97584,530.35,0.416,-0.0556,1.0,-111599.2,-606.52,0.768,-113163.0,1.621,-0.034,-0.293,59.2,0.094,49.99
TIME1h,ANY,LONG,mkt_trend,side,VALID,46128,518.29,0.417,-0.0506,1.0,-41746.4,-469.06,0.801,-44428.7,1.714,-0.03,-0.289,59.2,0.094,48.6
TIME1h,ANY,LONG,mkt_trend,side,TEST,54202,589.15,0.417,-0.057,1.0,-51933.3,-564.49,0.786,-53123.8,1.643,-0.035,-0.289,59.2,0.094,55.14
TIME1h,ANY,LONG,mkt_trend,side,HOLDOUT,43041,717.35,0.413,-0.061,1.0,-34752.7,-579.21,0.831,-36694.7,1.934,-0.032,-0.293,59.1,0.092,65.88
TIME2h,ANY,LONG,mkt_trend,side,TRAIN,97584,530.35,0.431,-0.0636,1.0,-131076.0,-712.37,0.799,-135417.2,1.621,-0.039,-0.4,115.1,0.05,26.76
TIME2h,ANY,LONG,mkt_trend,side,VALID,46128,518.29,0.431,-0.0469,0.99895,-32217.8,-362.0,0.884,-46987.5,1.714,-0.027,-0.39,115.7,0.05,25.99
TIME2h,ANY,LONG,mkt_trend,side,TEST,54202,589.15,0.434,-0.0606,1.0,-52134.8,-566.68,0.841,-58138.4,1.643,-0.037,-0.397,115.2,0.05,29.38
TIME2h,ANY,LONG,mkt_trend,side,HOLDOUT,43041,717.35,0.425,-0.0686,1.0,-37719.3,-628.65,0.866,-44802.7,1.934,-0.035,-0.403,114.8,0.048,34.48
TIME4h,ANY,LONG,mkt_trend,side,TRAIN,97584,530.35,0.441,-0.0727,0.99999,-153951.9,-836.7,0.827,-169186.4,1.621,-0.045,-0.527,214.8,0.028,14.91
TIME4h,ANY,LONG,mkt_trend,side,VALID,46128,518.29,0.446,-0.047,0.97668,-20795.5,-233.66,0.944,-59508.8,1.714,-0.027,-0.513,216.5,0.028,14.75
TIME4h,ANY,LONG,mkt_trend,side,TEST,54202,589.15,0.44,-0.0693,0.99985,-57864.2,-628.96,0.87,-72778.5,1.643,-0.042,-0.524,214.8,0.028,16.25
TIME4h,ANY,LONG,mkt_trend,side,HOLDOUT,43041,717.35,0.434,-0.0781,0.99992,-41457.4,-690.96,0.892,-58870.3,1.934,-0.04,-0.533,214.1,0.026,18.78
SIG_OFF,ANY,LONG,mkt_trend,side,TRAIN,97584,530.35,0.363,-0.05,1.0,-107511.7,-584.3,0.696,-108239.7,1.621,-0.031,-0.19,57.9,0.111,58.72
SIG_OFF,ANY,LONG,mkt_trend,side,VALID,46128,518.29,0.355,-0.0552,1.0,-52339.5,-588.08,0.676,-54611.0,1.714,-0.032,-0.194,61.0,0.112,58.01
SIG_OFF,ANY,LONG,mkt_trend,side,TEST,54202,589.15,0.357,-0.0601,1.0,-52195.2,-567.34,0.708,-54444.2,1.643,-0.037,-0.19,62.3,0.1,58.84
SIG_OFF,ANY,LONG,mkt_trend,side,HOLDOUT,43041,717.35,0.346,-0.0602,1.0,-40318.4,-671.97,0.739,-44864.0,1.934,-0.031,-0.197,60.1,0.1,71.43
MOM_OFF,ANY,LONG,mkt_trend,side,TRAIN,97584,530.35,0.31,-0.0492,1.0,-95430.6,-518.64,0.758,-95672.5,1.621,-0.03,-0.2,44.9,0.147,77.73
MOM_OFF,ANY,LONG,mkt_trend,side,VALID,46128,518.29,0.307,-0.0486,0.99999,-44959.2,-505.16,0.752,-47594.6,1.714,-0.028,-0.203,44.9,0.146,75.76
MOM_OFF,ANY,LONG,mkt_trend,side,TEST,54202,589.15,0.302,-0.0597,1.0,-58151.2,-632.08,0.715,-59691.5,1.643,-0.036,-0.201,45.4,0.138,81.42
MOM_OFF,ANY,LONG,mkt_trend,side,HOLDOUT,43041,717.35,0.297,-0.0555,1.0,-35569.6,-592.83,0.799,-39531.3,1.934,-0.029,-0.206,45.7,0.132,94.63
FIXED,ANY,LONG,breadth,hi,TRAIN,93257,506.83,0.391,-0.1513,1.0,-359742.6,-1955.12,0.792,-381967.7,1.611,-0.094,-0.815,692.9,0.013,6.38
FIXED,ANY,LONG,breadth,hi,VALID,45503,511.27,0.416,-0.0813,0.98727,-60952.9,-684.86,0.921,-80980.8,1.677,-0.049,-0.791,702.2,0.012,6.33
FIXED,ANY,LONG,breadth,hi,TEST,46653,507.1,0.394,-0.1469,1.0,-150697.5,-1638.02,0.814,-195099.1,1.572,-0.093,-0.821,692.0,0.013,6.79
FIXED,ANY,LONG,breadth,hi,HOLDOUT,34408,573.47,0.463,0.0223,0.31009,95705.9,1595.1,1.171,-67031.7,2.07,0.011,-0.804,666.1,0.012,6.98
TRAIL_A0.5_D0.5,ANY,LONG,breadth,hi,TRAIN,93257,506.83,0.506,-0.1562,1.0,-364318.2,-1979.99,0.682,-373787.8,1.611,-0.097,-0.61,397.5,0.021,10.85
TRAIL_A0.5_D0.5,ANY,LONG,breadth,hi,VALID,45503,511.27,0.527,-0.1074,1.0,-95399.4,-1071.9,0.814,-97913.1,1.677,-0.064,-0.595,396.2,0.021,10.9
TRAIL_A0.5_D0.5,ANY,LONG,breadth,hi,TEST,46653,507.1,0.5,-0.1541,1.0,-152940.3,-1662.39,0.714,-170556.9,1.572,-0.098,-0.614,389.1,0.022,11.04
TRAIL_A0.5_D0.5,ANY,LONG,breadth,hi,HOLDOUT,34408,573.47,0.548,-0.0698,0.9959,-720.9,-12.01,0.998,-51307.5,2.07,-0.034,-0.581,361.9,0.022,12.33
TRAIL_A0.5_D1,ANY,LONG,breadth,hi,TRAIN,93257,506.83,0.347,-0.1527,1.0,-363365.1,-1974.81,0.738,-375889.7,1.611,-0.095,-0.655,531.9,0.016,8.2
TRAIL_A0.5_D1,ANY,LONG,breadth,hi,VALID,45503,511.27,0.371,-0.0915,0.99866,-80933.3,-909.36,0.871,-82784.1,1.677,-0.055,-0.637,523.2,0.016,8.07
TRAIL_A0.5_D1,ANY,LONG,breadth,hi,TEST,46653,507.1,0.347,-0.1504,1.0,-153493.1,-1668.4,0.764,-179668.1,1.572,-0.096,-0.658,516.0,0.017,8.67
TRAIL_A0.5_D1,ANY,LONG,breadth,hi,HOLDOUT,34408,573.47,0.398,-0.035,0.83796,34800.9,580.02,1.078,-59663.4,2.07,-0.017,-0.631,487.0,0.016,9.1
TRAIL_A1_D0.5,ANY,LONG,breadth,hi,TRAIN,93257,506.83,0.464,-0.1598,1.0,-376229.1,-2044.72,0.759,-393375.9,1.611,-0.099,-0.756,581.8,0.015,7.46
TRAIL_A1_D0.5,ANY,LONG,breadth,hi,VALID,45503,511.27,0.488,-0.1035,0.99953,-89645.3,-1007.25,0.872,-95192.5,1.677,-0.062,-0.735,582.4,0.015,7.43
TRAIL_A1_D0.5,ANY,LONG,breadth,hi,TEST,46653,507.1,0.468,-0.1543,1.0,-158454.1,-1722.33,0.783,-190923.6,1.572,-0.098,-0.761,576.0,0.016,8.02
TRAIL_A1_D0.5,ANY,LONG,breadth,hi,HOLDOUT,34408,573.47,0.531,-0.0257,0.7581,52462.0,874.37,1.106,-60215.6,2.07,-0.012,-0.734,547.6,0.015,8.33
TRAIL_A1_D1,ANY,LONG,breadth,hi,TRAIN,93257,506.83,0.421,-0.1538,1.0,-367295.4,-1996.17,0.765,-385740.7,1.611,-0.095,-0.758,625.2,0.014,6.88
TRAIL_A1_D1,ANY,LONG,breadth,hi,VALID,45503,511.27,0.444,-0.0895,0.99596,-74466.5,-836.7,0.894,-86743.4,1.677,-0.053,-0.736,624.5,0.014,7.01
TRAIL_A1_D1,ANY,LONG,breadth,hi,TEST,46653,507.1,0.419,-0.1501,1.0,-156000.3,-1695.66,0.787,-190423.3,1.572,-0.095,-0.762,617.2,0.015,7.46
TRAIL_A1_D1,ANY,LONG,breadth,hi,HOLDOUT,34408,573.47,0.483,-0.0071,0.56989,67686.4,1128.11,1.136,-62160.3,2.07,-0.003,-0.738,589.4,0.013,7.65
BE0.5_TRAIL,ANY,LONG,breadth,hi,TRAIN,93257,506.83,0.299,-0.1587,1.0,-362476.9,-1969.98,0.692,-374018.1,1.611,-0.098,-0.613,459.7,0.019,9.47
BE0.5_TRAIL,ANY,LONG,breadth,hi,VALID,45503,511.27,0.324,-0.0954,0.99932,-85972.9,-965.99,0.837,-88753.4,1.677,-0.057,-0.598,456.7,0.019,9.51
BE0.5_TRAIL,ANY,LONG,breadth,hi,TEST,46653,507.1,0.302,-0.1613,1.0,-162105.0,-1762.01,0.706,-180742.3,1.572,-0.103,-0.617,443.2,0.02,10.03
BE0.5_TRAIL,ANY,LONG,breadth,hi,HOLDOUT,34408,573.47,0.341,-0.0463,0.92355,24181.3,403.02,1.065,-47131.5,2.07,-0.022,-0.587,419.0,0.018,10.58
BE1_TRAIL,ANY,LONG,breadth,hi,TRAIN,93257,506.83,0.334,-0.1644,1.0,-371434.8,-2018.67,0.765,-390709.0,1.611,-0.102,-0.76,668.3,0.013,6.51
BE1_TRAIL,ANY,LONG,breadth,hi,VALID,45503,511.27,0.358,-0.0891,0.99049,-70969.4,-797.41,0.9,-88293.6,1.677,-0.053,-0.737,670.6,0.013,6.6
BE1_TRAIL,ANY,LONG,breadth,hi,TEST,46653,507.1,0.335,-0.1687,1.0,-171246.3,-1861.37,0.769,-208489.1,1.572,-0.107,-0.764,656.9,0.014,7.07
BE1_TRAIL,ANY,LONG,breadth,hi,HOLDOUT,34408,573.47,0.392,0.0148,0.37381,93179.2,1552.99,1.185,-59195.7,2.07,0.007,-0.743,635.5,0.013,7.32
ATR_TRAIL2,ANY,LONG,breadth,hi,TRAIN,93257,506.83,0.28,-0.1283,1.0,-271630.2,-1476.25,0.605,-271898.4,1.611,-0.08,-0.288,121.8,0.055,27.88
ATR_TRAIL2,ANY,LONG,breadth,hi,VALID,45503,511.27,0.282,-0.1143,1.0,-110778.8,-1244.71,0.666,-111064.0,1.677,-0.068,-0.295,119.8,0.053,26.99
ATR_TRAIL2,ANY,LONG,breadth,hi,TEST,46653,507.1,0.259,-0.1557,1.0,-149329.3,-1623.14,0.562,-149421.3,1.572,-0.099,-0.299,115.0,0.058,29.22
ATR_TRAIL2,ANY,LONG,breadth,hi,HOLDOUT,34408,573.47,0.3,-0.1085,1.0,-57473.5,-957.89,0.768,-58105.2,2.07,-0.052,-0.296,114.3,0.051,29.5
ATR_TRAIL3,ANY,LONG,breadth,hi,TRAIN,93257,506.83,0.288,-0.1356,1.0,-307645.1,-1671.98,0.661,-309487.6,1.611,-0.084,-0.402,241.8,0.03,15.33
ATR_TRAIL3,ANY,LONG,breadth,hi,VALID,45503,511.27,0.298,-0.0983,0.99987,-94358.1,-1060.2,0.783,-94927.9,1.677,-0.059,-0.405,245.8,0.03,15.09
ATR_TRAIL3,ANY,LONG,breadth,hi,TEST,46653,507.1,0.272,-0.165,1.0,-161597.1,-1756.49,0.641,-163952.7,1.572,-0.105,-0.415,235.5,0.032,16.38
ATR_TRAIL3,ANY,LONG,breadth,hi,HOLDOUT,34408,573.47,0.307,-0.1002,0.99994,-48314.5,-805.24,0.853,-55131.1,2.07,-0.048,-0.41,230.4,0.029,16.52
ATR_TRAIL4,ANY,LONG,breadth,hi,TRAIN,93257,506.83,0.295,-0.1328,1.0,-316959.5,-1722.61,0.717,-320602.1,1.611,-0.082,-0.513,389.8,0.02,10.36
ATR_TRAIL4,ANY,LONG,breadth,hi,VALID,45503,511.27,0.313,-0.0784,0.99133,-74041.2,-831.92,0.859,-84234.6,1.677,-0.047,-0.508,402.2,0.02,10.17
ATR_TRAIL4,ANY,LONG,breadth,hi,TEST,46653,507.1,0.281,-0.1751,1.0,-174923.9,-1901.35,0.684,-188784.9,1.572,-0.111,-0.525,384.9,0.021,10.78
ATR_TRAIL4,ANY,LONG,breadth,hi,HOLDOUT,34408,573.47,0.317,-0.043,0.85745,4628.6,77.14,1.012,-51948.5,2.07,-0.021,-0.521,386.5,0.019,10.9
MFE_LOCK0.3,ANY,LONG,breadth,hi,TRAIN,93257,506.83,0.464,-0.1569,1.0,-354723.1,-1927.84,0.773,-372421.0,1.611,-0.097,-0.756,579.1,0.015,7.6
MFE_LOCK0.3,ANY,LONG,breadth,hi,VALID,45503,511.27,0.488,-0.1046,0.99956,-90536.8,-1017.27,0.871,-97285.3,1.677,-0.062,-0.735,580.8,0.015,7.46
MFE_LOCK0.3,ANY,LONG,breadth,hi,TEST,46653,507.1,0.468,-0.1611,1.0,-158401.2,-1721.75,0.783,-188811.6,1.572,-0.102,-0.761,573.4,0.016,7.92
MFE_LOCK0.3,ANY,LONG,breadth,hi,HOLDOUT,34408,573.47,0.53,-0.0192,0.69638,63622.9,1060.38,1.128,-54551.9,2.07,-0.009,-0.734,547.0,0.014,8.18
MFE_LOCK0.5,ANY,LONG,breadth,hi,TRAIN,93257,506.83,0.464,-0.1548,1.0,-360428.6,-1958.85,0.769,-379157.8,1.611,-0.096,-0.756,637.3,0.014,6.95
MFE_LOCK0.5,ANY,LONG,breadth,hi,VALID,45503,511.27,0.487,-0.1108,0.99931,-103269.4,-1160.33,0.852,-108483.1,1.677,-0.066,-0.735,643.6,0.013,6.88
MFE_LOCK0.5,ANY,LONG,breadth,hi,TEST,46653,507.1,0.467,-0.1814,1.0,-179626.8,-1952.46,0.754,-207351.1,1.572,-0.115,-0.761,625.1,0.015,7.57
MFE_LOCK0.5,ANY,LONG,breadth,hi,HOLDOUT,34408,573.47,0.529,0.0128,0.39425,80483.0,1341.38,1.162,-46411.3,2.07,0.006,-0.739,612.0,0.013,7.63
NOTP_TRAIL0.5,ANY,LONG,breadth,hi,TRAIN,93257,506.83,0.279,-0.1354,1.0,-297293.2,-1615.72,0.599,-298480.8,1.611,-0.084,-0.304,153.7,0.047,23.8
NOTP_TRAIL0.5,ANY,LONG,breadth,hi,VALID,45503,511.27,0.291,-0.1158,1.0,-110873.9,-1245.77,0.683,-111206.6,1.677,-0.069,-0.307,145.5,0.046,23.45
NOTP_TRAIL0.5,ANY,LONG,breadth,hi,TEST,46653,507.1,0.267,-0.1582,1.0,-151693.9,-1648.85,0.578,-151769.7,1.572,-0.101,-0.312,136.8,0.05,25.49
NOTP_TRAIL0.5,ANY,LONG,breadth,hi,HOLDOUT,34408,573.47,0.308,-0.1037,1.0,-49409.1,-823.48,0.809,-49731.9,2.07,-0.05,-0.306,133.5,0.045,26.05
NOTP_TRAIL1,ANY,LONG,breadth,hi,TRAIN,93257,506.83,0.317,-0.1525,1.0,-357412.5,-1942.46,0.724,-367887.3,1.611,-0.095,-0.581,505.9,0.017,8.53
NOTP_TRAIL1,ANY,LONG,breadth,hi,VALID,45503,511.27,0.339,-0.0943,0.99788,-85711.8,-963.05,0.855,-87320.2,1.677,-0.056,-0.566,497.8,0.017,8.46
NOTP_TRAIL1,ANY,LONG,breadth,hi,TEST,46653,507.1,0.316,-0.1695,1.0,-170219.1,-1850.21,0.722,-190824.0,1.572,-0.108,-0.584,482.4,0.018,8.93
NOTP_TRAIL1,ANY,LONG,breadth,hi,HOLDOUT,34408,573.47,0.361,-0.0334,0.8029,39242.0,654.03,1.091,-47601.9,2.07,-0.016,-0.564,461.4,0.017,9.8
NOTP_TRAIL1.5,ANY,LONG,breadth,hi,TRAIN,93257,506.83,0.333,-0.1473,1.0,-336378.1,-1828.14,0.793,-356720.7,1.611,-0.091,-0.748,746.1,0.012,5.9
NOTP_TRAIL1.5,ANY,LONG,breadth,hi,VALID,45503,511.27,0.356,-0.0836,0.97582,-72843.2,-818.46,0.901,-90087.0,1.677,-0.05,-0.725,762.9,0.012,5.92
NOTP_TRAIL1.5,ANY,LONG,breadth,hi,TEST,46653,507.1,0.331,-0.182,1.0,-187206.0,-2034.85,0.755,-219548.9,1.572,-0.116,-0.751,735.3,0.013,6.42
NOTP_TRAIL1.5,ANY,LONG,breadth,hi,HOLDOUT,34408,573.47,0.393,0.0732,0.10817,145422.5,2423.71,1.276,-57237.1,2.07,0.035,-0.746,735.9,0.011,6.53
TIME15m,ANY,LONG,breadth,hi,TRAIN,93257,506.83,0.367,-0.0467,1.0,-95078.8,-516.73,0.633,-95454.8,1.611,-0.029,-0.139,15.0,0.306,154.89
TIME15m,ANY,LONG,breadth,hi,VALID,45503,511.27,0.356,-0.0528,1.0,-53471.7,-600.81,0.588,-53567.2,1.677,-0.031,-0.145,15.0,0.301,153.92
TIME15m,ANY,LONG,breadth,hi,TEST,46653,507.1,0.354,-0.0559,1.0,-51791.8,-562.95,0.594,-51900.9,1.572,-0.036,-0.143,15.0,0.312,158.16
TIME15m,ANY,LONG,breadth,hi,HOLDOUT,34408,573.47,0.377,-0.0491,1.0,-27314.4,-455.24,0.715,-27468.7,2.07,-0.024,-0.144,15.0,0.304,174.53
TIME30m,ANY,LONG,breadth,hi,TRAIN,93257,506.83,0.396,-0.0457,1.0,-89838.2,-488.25,0.732,-90909.1,1.611,-0.028,-0.198,29.9,0.169,85.85
TIME30m,ANY,LONG,breadth,hi,VALID,45503,511.27,0.388,-0.0538,1.0,-55939.2,-628.53,0.669,-56520.9,1.677,-0.032,-0.205,29.9,0.163,83.3
TIME30m,ANY,LONG,breadth,hi,TEST,46653,507.1,0.382,-0.0568,1.0,-54435.3,-591.69,0.675,-54689.5,1.572,-0.036,-0.202,29.9,0.167,84.85
TIME30m,ANY,LONG,breadth,hi,HOLDOUT,34408,573.47,0.408,-0.0469,1.0,-22893.3,-381.55,0.818,-23146.5,2.07,-0.023,-0.205,29.9,0.161,92.35
TIME1h,ANY,LONG,breadth,hi,TRAIN,93257,506.83,0.416,-0.0499,1.0,-94771.8,-515.06,0.793,-96155.5,1.611,-0.031,-0.28,59.4,0.088,44.71
TIME1h,ANY,LONG,breadth,hi,VALID,45503,511.27,0.412,-0.0523,1.0,-52738.6,-592.57,0.762,-53406.7,1.677,-0.031,-0.285,59.4,0.084,42.94
TIME1h,ANY,LONG,breadth,hi,TEST,46653,507.1,0.398,-0.0632,1.0,-62661.6,-681.1,0.722,-63228.2,1.572,-0.04,-0.285,59.4,0.086,43.41
TIME1h,ANY,LONG,breadth,hi,HOLDOUT,34408,573.47,0.427,-0.0423,0.99997,-19421.1,-323.68,0.886,-21084.1,2.07,-0.02,-0.289,59.1,0.082,47.13
TIME2h,ANY,LONG,breadth,hi,TRAIN,93257,506.83,0.427,-0.0623,1.0,-121223.2,-658.82,0.807,-123835.1,1.611,-0.039,-0.389,115.7,0.053,26.78
TIME2h,ANY,LONG,breadth,hi,VALID,45503,511.27,0.424,-0.0502,0.99961,-47145.6,-529.73,0.841,-48429.0,1.677,-0.03,-0.389,116.2,0.049,25.3
TIME2h,ANY,LONG,breadth,hi,TEST,46653,507.1,0.406,-0.0733,1.0,-71258.1,-774.54,0.766,-79187.9,1.572,-0.047,-0.392,116.0,0.052,26.41
TIME2h,ANY,LONG,breadth,hi,HOLDOUT,34408,573.47,0.441,-0.04,0.9911,-12849.6,-214.16,0.944,-32316.2,2.07,-0.019,-0.401,114.9,0.049,27.95
TIME4h,ANY,LONG,breadth,hi,TRAIN,93257,506.83,0.44,-0.0728,1.0,-140480.5,-763.48,0.835,-145247.6,1.611,-0.045,-0.516,216.2,0.032,16.46
TIME4h,ANY,LONG,breadth,hi,VALID,45503,511.27,0.435,-0.0449,0.97756,-27779.1,-312.12,0.929,-48413.0,1.677,-0.027,-0.508,218.1,0.03,15.56
TIME4h,ANY,LONG,breadth,hi,TEST,46653,507.1,0.415,-0.0886,1.0,-91406.4,-993.55,0.781,-106317.5,1.572,-0.056,-0.523,217.8,0.032,16.29
TIME4h,ANY,LONG,breadth,hi,HOLDOUT,34408,573.47,0.449,-0.0382,0.9337,-9.5,-0.16,1.0,-44354.3,2.07,-0.018,-0.53,213.9,0.03,17.25
SIG_OFF,ANY,LONG,breadth,hi,TRAIN,93257,506.83,0.353,-0.052,1.0,-112330.4,-610.49,0.702,-113354.0,1.611,-0.032,-0.202,81.1,0.087,44.25
SIG_OFF,ANY,LONG,breadth,hi,VALID,45503,511.27,0.349,-0.0505,1.0,-47571.8,-534.51,0.729,-49450.2,1.677,-0.03,-0.203,82.9,0.076,39.03
SIG_OFF,ANY,LONG,breadth,hi,TEST,46653,507.1,0.34,-0.0695,1.0,-69262.8,-752.86,0.626,-69532.2,1.572,-0.044,-0.209,83.2,0.083,42.01
SIG_OFF,ANY,LONG,breadth,hi,HOLDOUT,34408,573.47,0.362,-0.0476,1.0,-24225.3,-403.75,0.816,-26998.9,2.07,-0.023,-0.205,72.1,0.088,50.63
MOM_OFF,ANY,LONG,breadth,hi,TRAIN,93257,506.83,0.297,-0.0492,1.0,-101525.4,-551.77,0.74,-102299.0,1.611,-0.031,-0.195,47.6,0.138,69.85
MOM_OFF,ANY,LONG,breadth,hi,VALID,45503,511.27,0.297,-0.0487,1.0,-49253.2,-553.41,0.743,-50543.8,1.677,-0.029,-0.201,47.1,0.132,67.26
MOM_OFF,ANY,LONG,breadth,hi,TEST,46653,507.1,0.282,-0.0675,1.0,-70791.7,-769.48,0.633,-72051.8,1.572,-0.043,-0.199,45.6,0.138,70.23
MOM_OFF,ANY,LONG,breadth,hi,HOLDOUT,34408,573.47,0.309,-0.0435,0.99995,-26847.6,-447.46,0.822,-27055.2,2.07,-0.021,-0.208,48.6,0.123,70.75
FIXED,ANY,LONG,mkt_funding,base,TRAIN,163919,890.86,0.395,-0.1427,1.0,-535695.8,-2911.39,0.825,-567504.5,1.598,-0.089,-0.823,691.1,0.008,7.52
FIXED,ANY,LONG,mkt_funding,base,VALID,76597,860.64,0.403,-0.111,0.99994,-226100.0,-2540.45,0.836,-256269.6,1.671,-0.066,-0.802,691.3,0.009,7.51
FIXED,ANY,LONG,mkt_funding,base,TEST,94505,1027.23,0.403,-0.132,1.0,-258265.4,-2807.23,0.845,-327642.1,1.571,-0.084,-0.819,692.9,0.009,8.9
FIXED,ANY,LONG,mkt_funding,base,HOLDOUT,32403,540.05,0.428,-0.0667,0.9417,-14657.9,-244.3,0.972,-80777.5,1.947,-0.034,-0.819,672.1,0.008,4.12
TRAIL_A0.5_D0.5,ANY,LONG,mkt_funding,base,TRAIN,163919,890.86,0.514,-0.1448,1.0,-543316.4,-2952.81,0.731,-559478.8,1.598,-0.091,-0.618,397.1,0.016,13.89
TRAIL_A0.5_D0.5,ANY,LONG,mkt_funding,base,VALID,76597,860.64,0.508,-0.1445,1.0,-286885.8,-3223.44,0.694,-287234.8,1.671,-0.086,-0.607,386.5,0.017,14.25
TRAIL_A0.5_D0.5,ANY,LONG,mkt_funding,base,TEST,94505,1027.23,0.514,-0.1383,1.0,-269311.2,-2927.3,0.754,-295898.8,1.571,-0.088,-0.609,382.9,0.014,14.72
TRAIL_A0.5_D0.5,ANY,LONG,mkt_funding,base,HOLDOUT,32403,540.05,0.518,-0.1061,0.99996,-38220.2,-637.0,0.887,-61697.4,1.947,-0.054,-0.593,371.3,0.015,8.17
TRAIL_A0.5_D1,ANY,LONG,mkt_funding,base,TRAIN,163919,890.86,0.356,-0.1411,1.0,-531836.4,-2890.42,0.783,-550921.4,1.598,-0.088,-0.663,532.4,0.011,10.11
TRAIL_A0.5_D1,ANY,LONG,mkt_funding,base,VALID,76597,860.64,0.355,-0.1322,1.0,-279180.9,-3136.86,0.753,-279873.5,1.671,-0.079,-0.65,513.1,0.012,10.24
TRAIL_A0.5_D1,ANY,LONG,mkt_funding,base,TEST,94505,1027.23,0.355,-0.1383,1.0,-275712.8,-2996.88,0.794,-316148.3,1.571,-0.088,-0.654,514.5,0.011,11.47
TRAIL_A0.5_D1,ANY,LONG,mkt_funding,base,HOLDOUT,32403,540.05,0.375,-0.0878,0.9947,-27667.5,-461.13,0.934,-68663.8,1.947,-0.045,-0.643,495.1,0.011,5.72
TRAIL_A1_D0.5,ANY,LONG,mkt_funding,base,TRAIN,163919,890.86,0.468,-0.147,1.0,-541013.3,-2940.29,0.804,-566530.0,1.598,-0.092,-0.763,579.1,0.01,9.3
TRAIL_A1_D0.5,ANY,LONG,mkt_funding,base,VALID,76597,860.64,0.472,-0.1358,1.0,-271263.4,-3047.9,0.783,-276333.7,1.671,-0.081,-0.748,572.6,0.011,9.31
TRAIL_A1_D0.5,ANY,LONG,mkt_funding,base,TEST,94505,1027.23,0.476,-0.1388,1.0,-275021.3,-2989.36,0.816,-324004.0,1.571,-0.088,-0.757,571.9,0.01,10.08
TRAIL_A1_D0.5,ANY,LONG,mkt_funding,base,HOLDOUT,32403,540.05,0.499,-0.0915,0.99476,-26510.0,-441.83,0.944,-70270.6,1.947,-0.047,-0.749,555.9,0.01,5.23
TRAIL_A1_D1,ANY,LONG,mkt_funding,base,TRAIN,163919,890.86,0.427,-0.1432,1.0,-534637.1,-2905.64,0.807,-561211.0,1.598,-0.09,-0.765,623.9,0.01,8.65
TRAIL_A1_D1,ANY,LONG,mkt_funding,base,VALID,76597,860.64,0.429,-0.1252,1.0,-257323.6,-2891.28,0.795,-268648.7,1.671,-0.075,-0.749,614.4,0.01,8.33
TRAIL_A1_D1,ANY,LONG,mkt_funding,base,TEST,94505,1027.23,0.429,-0.1372,1.0,-273000.1,-2967.39,0.819,-327611.4,1.571,-0.087,-0.759,615.7,0.009,9.62
TRAIL_A1_D1,ANY,LONG,mkt_funding,base,HOLDOUT,32403,540.05,0.447,-0.0814,0.98257,-21522.3,-358.71,0.954,-73021.6,1.947,-0.042,-0.752,596.5,0.009,4.93
BE0.5_TRAIL,ANY,LONG,mkt_funding,base,TRAIN,163919,890.86,0.307,-0.148,1.0,-544429.6,-2958.86,0.738,-561533.0,1.598,-0.093,-0.621,462.7,0.013,11.56
BE0.5_TRAIL,ANY,LONG,mkt_funding,base,VALID,76597,860.64,0.306,-0.1437,1.0,-293298.4,-3295.49,0.696,-293724.7,1.671,-0.086,-0.61,443.3,0.014,11.98
BE0.5_TRAIL,ANY,LONG,mkt_funding,base,TEST,94505,1027.23,0.31,-0.1505,1.0,-294654.5,-3202.77,0.739,-324701.1,1.571,-0.096,-0.612,441.9,0.012,12.68
BE0.5_TRAIL,ANY,LONG,mkt_funding,base,HOLDOUT,32403,540.05,0.326,-0.0858,0.99611,-20025.0,-333.75,0.942,-57910.4,1.947,-0.044,-0.598,425.7,0.013,6.78
BE1_TRAIL,ANY,LONG,mkt_funding,base,TRAIN,163919,890.86,0.339,-0.1528,1.0,-544524.6,-2959.37,0.805,-572217.3,1.598,-0.096,-0.767,668.9,0.009,7.95
BE1_TRAIL,ANY,LONG,mkt_funding,base,VALID,76597,860.64,0.343,-0.1288,1.0,-256746.2,-2884.79,0.798,-277417.3,1.671,-0.077,-0.75,658.9,0.009,7.98
BE1_TRAIL,ANY,LONG,mkt_funding,base,TEST,94505,1027.23,0.34,-0.1591,1.0,-309969.7,-3369.24,0.796,-366106.2,1.571,-0.101,-0.76,658.1,0.009,8.86
BE1_TRAIL,ANY,LONG,mkt_funding,base,HOLDOUT,32403,540.05,0.362,-0.0622,0.9185,-3472.4,-57.87,0.993,-76927.9,1.947,-0.032,-0.757,638.3,0.009,4.67
ATR_TRAIL2,ANY,LONG,mkt_funding,base,TRAIN,163919,890.86,0.284,-0.1275,1.0,-467299.7,-2539.67,0.629,-468029.7,1.598,-0.08,-0.3,123.5,0.048,43.07
ATR_TRAIL2,ANY,LONG,mkt_funding,base,VALID,76597,860.64,0.277,-0.1308,1.0,-227873.0,-2560.37,0.603,-228116.3,1.671,-0.078,-0.3,117.3,0.048,41.37
ATR_TRAIL2,ANY,LONG,mkt_funding,base,TEST,94505,1027.23,0.281,-0.1377,1.0,-256410.3,-2787.07,0.629,-256619.2,1.571,-0.088,-0.3,119.8,0.047,48.05
ATR_TRAIL2,ANY,LONG,mkt_funding,base,HOLDOUT,32403,540.05,0.291,-0.1239,1.0,-57279.8,-954.66,0.744,-58169.6,1.947,-0.064,-0.3,118.8,0.048,26.08
ATR_TRAIL3,ANY,LONG,mkt_funding,base,TRAIN,163919,890.86,0.297,-0.1299,1.0,-490689.6,-2666.79,0.703,-494978.9,1.598,-0.081,-0.416,246.2,0.025,21.88
ATR_TRAIL3,ANY,LONG,mkt_funding,base,VALID,76597,860.64,0.29,-0.1298,1.0,-245639.2,-2759.99,0.678,-245867.2,1.671,-0.078,-0.415,241.5,0.025,21.2
ATR_TRAIL3,ANY,LONG,mkt_funding,base,TEST,94505,1027.23,0.292,-0.1493,1.0,-282166.9,-3067.03,0.691,-283790.1,1.571,-0.095,-0.416,238.9,0.024,24.46
ATR_TRAIL3,ANY,LONG,mkt_funding,base,HOLDOUT,32403,540.05,0.304,-0.1079,0.99998,-46692.9,-778.21,0.841,-50889.9,1.947,-0.055,-0.412,236.1,0.024,12.97
ATR_TRAIL4,ANY,LONG,mkt_funding,base,TRAIN,163919,890.86,0.304,-0.131,1.0,-500453.5,-2719.86,0.753,-507251.8,1.598,-0.082,-0.528,392.9,0.016,13.95
ATR_TRAIL4,ANY,LONG,mkt_funding,base,VALID,76597,860.64,0.3,-0.1165,1.0,-241859.4,-2717.52,0.743,-242030.2,1.671,-0.07,-0.523,394.0,0.015,13.27
ATR_TRAIL4,ANY,LONG,mkt_funding,base,TEST,94505,1027.23,0.296,-0.1606,1.0,-307869.3,-3346.41,0.727,-324741.1,1.571,-0.102,-0.525,384.1,0.015,14.93
ATR_TRAIL4,ANY,LONG,mkt_funding,base,HOLDOUT,32403,540.05,0.308,-0.0788,0.97444,-28964.3,-482.74,0.919,-66967.0,1.947,-0.04,-0.525,381.4,0.014,7.62
MFE_LOCK0.3,ANY,LONG,mkt_funding,base,TRAIN,163919,890.86,0.468,-0.1441,1.0,-500037.5,-2717.6,0.819,-526620.9,1.598,-0.09,-0.763,576.7,0.01,9.32
MFE_LOCK0.3,ANY,LONG,mkt_funding,base,VALID,76597,860.64,0.472,-0.1384,1.0,-270055.9,-3034.34,0.784,-276428.5,1.671,-0.083,-0.748,570.3,0.011,9.36
MFE_LOCK0.3,ANY,LONG,mkt_funding,base,TEST,94505,1027.23,0.477,-0.1451,1.0,-277406.6,-3015.29,0.815,-322789.6,1.571,-0.092,-0.757,568.6,0.01,9.83
MFE_LOCK0.3,ANY,LONG,mkt_funding,base,HOLDOUT,32403,540.05,0.499,-0.0844,0.99033,-20192.2,-336.54,0.957,-64516.3,1.947,-0.043,-0.749,554.8,0.009,4.95
MFE_LOCK0.5,ANY,LONG,mkt_funding,base,TRAIN,163919,890.86,0.468,-0.1454,1.0,-536429.8,-2915.38,0.806,-563955.4,1.598,-0.091,-0.764,636.9,0.01,8.48
MFE_LOCK0.5,ANY,LONG,mkt_funding,base,VALID,76597,860.64,0.471,-0.1466,1.0,-301595.0,-3388.71,0.759,-302532.2,1.671,-0.088,-0.748,625.6,0.009,8.17
MFE_LOCK0.5,ANY,LONG,mkt_funding,base,TEST,94505,1027.23,0.475,-0.1605,1.0,-311996.7,-3391.27,0.792,-352958.0,1.571,-0.102,-0.757,624.4,0.009,9.04
MFE_LOCK0.5,ANY,LONG,mkt_funding,base,HOLDOUT,32403,540.05,0.497,-0.0687,0.93717,-15081.5,-251.36,0.968,-75789.8,1.947,-0.035,-0.755,612.7,0.01,5.13
NOTP_TRAIL0.5,ANY,LONG,mkt_funding,base,TRAIN,163919,890.86,0.282,-0.1325,1.0,-500412.1,-2719.63,0.626,-502640.4,1.598,-0.083,-0.312,153.1,0.041,36.74
NOTP_TRAIL0.5,ANY,LONG,mkt_funding,base,VALID,76597,860.64,0.283,-0.1301,1.0,-228149.3,-2563.48,0.621,-228235.9,1.671,-0.078,-0.311,139.5,0.042,35.97
NOTP_TRAIL0.5,ANY,LONG,mkt_funding,base,TEST,94505,1027.23,0.284,-0.1399,1.0,-265728.4,-2888.35,0.635,-265809.0,1.571,-0.089,-0.312,141.6,0.04,40.72
NOTP_TRAIL0.5,ANY,LONG,mkt_funding,base,HOLDOUT,32403,540.05,0.299,-0.1179,1.0,-50692.2,-844.87,0.783,-51123.4,1.947,-0.061,-0.31,139.6,0.04,21.72
NOTP_TRAIL1,ANY,LONG,mkt_funding,base,TRAIN,163919,890.86,0.325,-0.144,1.0,-545473.3,-2964.53,0.763,-561068.1,1.598,-0.09,-0.589,508.4,0.012,10.6
NOTP_TRAIL1,ANY,LONG,mkt_funding,base,VALID,76597,860.64,0.324,-0.1342,1.0,-277559.4,-3118.64,0.738,-278234.3,1.671,-0.08,-0.577,482.5,0.013,10.83
NOTP_TRAIL1,ANY,LONG,mkt_funding,base,TEST,94505,1027.23,0.324,-0.1602,1.0,-316061.4,-3435.45,0.749,-348244.0,1.571,-0.102,-0.581,484.9,0.012,12.35
NOTP_TRAIL1,ANY,LONG,mkt_funding,base,HOLDOUT,32403,540.05,0.342,-0.0846,0.98793,-23389.0,-389.82,0.941,-70137.0,1.947,-0.043,-0.573,464.7,0.011,6.03
NOTP_TRAIL1.5,ANY,LONG,mkt_funding,base,TRAIN,163919,890.86,0.337,-0.143,1.0,-528131.5,-2870.28,0.817,-558202.8,1.598,-0.09,-0.755,745.0,0.008,7.17
NOTP_TRAIL1.5,ANY,LONG,mkt_funding,base,VALID,76597,860.64,0.343,-0.1154,0.99978,-249055.0,-2798.37,0.81,-275783.0,1.671,-0.069,-0.739,746.6,0.008,7.03
NOTP_TRAIL1.5,ANY,LONG,mkt_funding,base,TEST,94505,1027.23,0.338,-0.1684,1.0,-331620.2,-3604.57,0.79,-386279.6,1.571,-0.107,-0.75,740.3,0.008,8.03
NOTP_TRAIL1.5,ANY,LONG,mkt_funding,base,HOLDOUT,32403,540.05,0.36,-0.0353,0.74099,3079.2,51.32,1.006,-83283.2,1.947,-0.018,-0.76,724.2,0.007,3.88
TIME15m,ANY,LONG,mkt_funding,base,TRAIN,163919,890.86,0.373,-0.0489,1.0,-174966.6,-950.91,0.644,-175043.0,1.598,-0.031,-0.151,15.0,0.319,284.28
TIME15m,ANY,LONG,mkt_funding,base,VALID,76597,860.64,0.365,-0.0515,1.0,-86997.1,-977.5,0.612,-88087.5,1.671,-0.031,-0.15,15.0,0.325,279.91
TIME15m,ANY,LONG,mkt_funding,base,TEST,94505,1027.23,0.371,-0.0525,1.0,-95432.3,-1037.31,0.635,-95487.7,1.571,-0.033,-0.147,15.0,0.329,337.6
TIME15m,ANY,LONG,mkt_funding,base,HOLDOUT,32403,540.05,0.357,-0.0587,1.0,-31676.1,-527.93,0.638,-31856.7,1.947,-0.03,-0.148,15.0,0.339,183.25
TIME30m,ANY,LONG,mkt_funding,base,TRAIN,163919,890.86,0.397,-0.0515,1.0,-176666.3,-960.14,0.725,-176756.6,1.598,-0.032,-0.212,29.9,0.178,158.68
TIME30m,ANY,LONG,mkt_funding,base,VALID,76597,860.64,0.393,-0.0531,1.0,-92436.4,-1038.61,0.684,-92460.9,1.671,-0.032,-0.211,29.9,0.177,152.58
TIME30m,ANY,LONG,mkt_funding,base,TEST,94505,1027.23,0.401,-0.0515,1.0,-94252.8,-1024.49,0.726,-94425.0,1.571,-0.033,-0.207,29.9,0.178,182.51
TIME30m,ANY,LONG,mkt_funding,base,HOLDOUT,32403,540.05,0.388,-0.0571,1.0,-28313.5,-471.89,0.751,-28650.7,1.947,-0.029,-0.21,29.8,0.18,97.28
TIME1h,ANY,LONG,mkt_funding,base,TRAIN,163919,890.86,0.418,-0.0561,1.0,-187858.0,-1020.97,0.782,-188731.1,1.598,-0.035,-0.296,59.1,0.094,83.53
TIME1h,ANY,LONG,mkt_funding,base,VALID,76597,860.64,0.41,-0.0568,1.0,-94436.1,-1061.08,0.757,-96530.5,1.671,-0.034,-0.293,59.3,0.092,79.44
TIME1h,ANY,LONG,mkt_funding,base,TEST,94505,1027.23,0.422,-0.0531,1.0,-93815.6,-1019.73,0.797,-95006.1,1.571,-0.034,-0.291,59.2,0.092,94.53
TIME1h,ANY,LONG,mkt_funding,base,HOLDOUT,32403,540.05,0.418,-0.0517,1.0,-23697.6,-394.96,0.842,-24448.6,1.947,-0.027,-0.293,59.0,0.093,50.12
TIME2h,ANY,LONG,mkt_funding,base,TRAIN,163919,890.86,0.433,-0.0647,1.0,-211198.6,-1147.82,0.818,-213873.8,1.598,-0.041,-0.404,115.0,0.049,43.8
TIME2h,ANY,LONG,mkt_funding,base,VALID,76597,860.64,0.42,-0.0615,1.0,-103834.9,-1166.68,0.803,-110026.9,1.671,-0.037,-0.398,115.7,0.048,41.46
TIME2h,ANY,LONG,mkt_funding,base,TEST,94505,1027.23,0.433,-0.0594,1.0,-100078.8,-1087.81,0.84,-107771.4,1.571,-0.038,-0.397,115.4,0.048,49.15
TIME2h,ANY,LONG,mkt_funding,base,HOLDOUT,32403,540.05,0.436,-0.0521,0.99898,-23086.1,-384.77,0.888,-27753.7,1.947,-0.027,-0.403,114.6,0.048,26.05
TIME4h,ANY,LONG,mkt_funding,base,TRAIN,163919,890.86,0.44,-0.0772,1.0,-244575.7,-1329.22,0.844,-251989.1,1.598,-0.048,-0.531,214.4,0.027,24.15
TIME4h,ANY,LONG,mkt_funding,base,VALID,76597,860.64,0.429,-0.068,0.99994,-119557.3,-1343.34,0.832,-121939.4,1.671,-0.041,-0.522,216.4,0.026,22.76
TIME4h,ANY,LONG,mkt_funding,base,TEST,94505,1027.23,0.436,-0.0725,1.0,-128812.5,-1400.14,0.85,-147706.5,1.571,-0.046,-0.526,215.8,0.026,26.74
TIME4h,ANY,LONG,mkt_funding,base,HOLDOUT,32403,540.05,0.442,-0.0561,0.98576,-20340.7,-339.01,0.927,-39805.2,1.947,-0.029,-0.534,213.3,0.026,13.95
SIG_OFF,ANY,LONG,mkt_funding,base,TRAIN,163919,890.86,0.362,-0.0531,1.0,-195297.5,-1061.4,0.694,-196025.5,1.598,-0.033,-0.194,57.8,0.105,93.9
SIG_OFF,ANY,LONG,mkt_funding,base,VALID,76597,860.64,0.356,-0.054,1.0,-94576.3,-1062.66,0.668,-96160.7,1.671,-0.032,-0.191,59.0,0.104,89.38
SIG_OFF,ANY,LONG,mkt_funding,base,TEST,94505,1027.23,0.36,-0.0606,1.0,-111726.7,-1214.42,0.676,-113329.2,1.571,-0.039,-0.193,61.2,0.093,95.03
SIG_OFF,ANY,LONG,mkt_funding,base,HOLDOUT,32403,540.05,0.343,-0.0584,1.0,-35286.2,-588.1,0.695,-36522.4,1.947,-0.03,-0.198,60.8,0.098,52.98
MOM_OFF,ANY,LONG,mkt_funding,base,TRAIN,163919,890.86,0.309,-0.0515,1.0,-171120.3,-930.0,0.759,-171361.9,1.598,-0.032,-0.203,44.8,0.145,129.29
MOM_OFF,ANY,LONG,mkt_funding,base,VALID,76597,860.64,0.305,-0.0507,1.0,-89553.6,-1006.22,0.723,-89880.1,1.671,-0.03,-0.202,44.5,0.14,120.87
MOM_OFF,ANY,LONG,mkt_funding,base,TEST,94505,1027.23,0.306,-0.0581,1.0,-114802.4,-1247.85,0.704,-116342.7,1.571,-0.037,-0.2,45.0,0.139,142.78
MOM_OFF,ANY,LONG,mkt_funding,base,HOLDOUT,32403,540.05,0.301,-0.0496,1.0,-24122.7,-402.04,0.816,-25079.3,1.947,-0.025,-0.207,47.0,0.131,70.67
FIXED,ANY,LONG,mkt_oi,flat,TRAIN,155297,844.01,0.398,-0.139,1.0,-473643.9,-2574.15,0.835,-516843.0,1.608,-0.086,-0.821,688.9,0.009,7.41
FIXED,ANY,LONG,mkt_oi,flat,VALID,72210,811.35,0.424,-0.0648,0.98159,-83965.2,-943.43,0.931,-167250.0,1.716,-0.038,-0.792,697.3,0.008,6.74
FIXED,ANY,LONG,mkt_oi,flat,TEST,84240,915.65,0.404,-0.1288,1.0,-196856.4,-2139.74,0.865,-242230.2,1.578,-0.082,-0.819,694.8,0.009,8.07
FIXED,ANY,LONG,mkt_oi,flat,HOLDOUT,54860,914.33,0.432,-0.0615,0.97198,-9760.0,-162.67,0.99,-119746.8,1.901,-0.032,-0.814,682.8,0.008,7.55
TRAIL_A0.5_D0.5,ANY,LONG,mkt_oi,flat,TRAIN,155297,844.01,0.516,-0.1391,1.0,-482942.0,-2624.68,0.744,-501061.4,1.608,-0.086,-0.615,395.3,0.016,13.46
TRAIL_A0.5_D0.5,ANY,LONG,mkt_oi,flat,VALID,72210,811.35,0.525,-0.1125,1.0,-174867.5,-1964.8,0.784,-186574.1,1.716,-0.066,-0.597,388.7,0.016,12.87
TRAIL_A0.5_D0.5,ANY,LONG,mkt_oi,flat,TEST,84240,915.65,0.518,-0.1317,1.0,-210698.4,-2290.2,0.778,-230980.2,1.578,-0.083,-0.606,381.7,0.015,14.0
TRAIL_A0.5_D0.5,ANY,LONG,mkt_oi,flat,HOLDOUT,54860,914.33,0.526,-0.114,1.0,-88294.1,-1471.57,0.857,-121461.5,1.901,-0.06,-0.598,374.4,0.015,13.92
TRAIL_A0.5_D1,ANY,LONG,mkt_oi,flat,TRAIN,155297,844.01,0.359,-0.1352,1.0,-469146.9,-2549.71,0.795,-497653.6,1.608,-0.084,-0.66,530.2,0.012,9.85
TRAIL_A0.5_D1,ANY,LONG,mkt_oi,flat,VALID,72210,811.35,0.374,-0.0917,0.99986,-148984.1,-1673.98,0.849,-175682.0,1.716,-0.053,-0.64,521.6,0.012,9.49
TRAIL_A0.5_D1,ANY,LONG,mkt_oi,flat,TEST,84240,915.65,0.357,-0.1342,1.0,-212745.0,-2312.45,0.817,-243586.0,1.578,-0.085,-0.651,514.7,0.012,10.77
TRAIL_A0.5_D1,ANY,LONG,mkt_oi,flat,HOLDOUT,54860,914.33,0.374,-0.0947,0.9999,-63129.5,-1052.16,0.917,-128804.1,1.901,-0.05,-0.646,503.2,0.011,10.05
TRAIL_A1_D0.5,ANY,LONG,mkt_oi,flat,TRAIN,155297,844.01,0.471,-0.1426,1.0,-481529.4,-2617.01,0.813,-512909.5,1.608,-0.089,-0.761,576.2,0.01,8.8
TRAIL_A1_D0.5,ANY,LONG,mkt_oi,flat,VALID,72210,811.35,0.493,-0.0942,0.99983,-136288.5,-1531.33,0.875,-183011.7,1.716,-0.055,-0.736,575.7,0.011,8.66
TRAIL_A1_D0.5,ANY,LONG,mkt_oi,flat,TEST,84240,915.65,0.48,-0.1331,1.0,-208923.0,-2270.9,0.84,-244469.8,1.578,-0.084,-0.755,571.7,0.011,9.67
TRAIL_A1_D0.5,ANY,LONG,mkt_oi,flat,HOLDOUT,54860,914.33,0.502,-0.0921,0.99976,-49543.8,-825.73,0.942,-125872.7,1.901,-0.048,-0.75,562.8,0.01,9.22
TRAIL_A1_D1,ANY,LONG,mkt_oi,flat,TRAIN,155297,844.01,0.43,-0.1387,1.0,-474153.0,-2576.92,0.817,-511703.8,1.608,-0.086,-0.763,621.2,0.01,8.35
TRAIL_A1_D1,ANY,LONG,mkt_oi,flat,VALID,72210,811.35,0.45,-0.0825,0.99818,-121351.3,-1363.5,0.89,-173757.3,1.716,-0.048,-0.738,620.1,0.009,7.66
TRAIL_A1_D1,ANY,LONG,mkt_oi,flat,TEST,84240,915.65,0.432,-0.1327,1.0,-206323.7,-2242.65,0.842,-245009.5,1.578,-0.084,-0.756,616.6,0.01,9.03
TRAIL_A1_D1,ANY,LONG,mkt_oi,flat,HOLDOUT,54860,914.33,0.453,-0.0809,0.99738,-37719.0,-628.65,0.956,-126867.1,1.901,-0.043,-0.753,605.7,0.01,8.97
BE0.5_TRAIL,ANY,LONG,mkt_oi,flat,TRAIN,155297,844.01,0.311,-0.1398,1.0,-470780.6,-2558.59,0.757,-488768.4,1.608,-0.087,-0.618,461.5,0.014,11.41
BE0.5_TRAIL,ANY,LONG,mkt_oi,flat,VALID,72210,811.35,0.323,-0.1094,1.0,-173390.1,-1948.2,0.792,-187008.0,1.716,-0.064,-0.599,451.7,0.014,11.03
BE0.5_TRAIL,ANY,LONG,mkt_oi,flat,TEST,84240,915.65,0.312,-0.1446,1.0,-230222.4,-2502.42,0.764,-253876.0,1.578,-0.092,-0.609,441.7,0.013,12.07
BE0.5_TRAIL,ANY,LONG,mkt_oi,flat,HOLDOUT,54860,914.33,0.321,-0.1005,0.99999,-62688.8,-1044.81,0.902,-109681.5,1.901,-0.053,-0.602,432.0,0.013,11.82
BE1_TRAIL,ANY,LONG,mkt_oi,flat,TRAIN,155297,844.01,0.342,-0.1469,1.0,-476117.6,-2587.6,0.818,-512123.9,1.608,-0.091,-0.765,665.9,0.009,7.63
BE1_TRAIL,ANY,LONG,mkt_oi,flat,VALID,72210,811.35,0.363,-0.087,0.99782,-122113.5,-1372.06,0.89,-179750.3,1.716,-0.051,-0.739,668.7,0.009,7.36
BE1_TRAIL,ANY,LONG,mkt_oi,flat,TEST,84240,915.65,0.341,-0.1562,1.0,-239945.8,-2608.11,0.819,-279355.0,1.578,-0.099,-0.758,659.3,0.009,8.1
BE1_TRAIL,ANY,LONG,mkt_oi,flat,HOLDOUT,54860,914.33,0.364,-0.0685,0.98054,-14388.5,-239.81,0.983,-116382.1,1.901,-0.036,-0.756,649.4,0.009,8.05
ATR_TRAIL2,ANY,LONG,mkt_oi,flat,TRAIN,155297,844.01,0.285,-0.1242,1.0,-424776.2,-2308.57,0.639,-425603.1,1.608,-0.077,-0.298,123.5,0.049,41.42
ATR_TRAIL2,ANY,LONG,mkt_oi,flat,VALID,72210,811.35,0.287,-0.1198,1.0,-184756.1,-2075.91,0.643,-186657.9,1.716,-0.07,-0.299,120.9,0.047,38.26
ATR_TRAIL2,ANY,LONG,mkt_oi,flat,TEST,84240,915.65,0.282,-0.1363,1.0,-220575.6,-2397.56,0.638,-220687.1,1.578,-0.086,-0.3,120.2,0.048,43.6
ATR_TRAIL2,ANY,LONG,mkt_oi,flat,HOLDOUT,54860,914.33,0.288,-0.133,1.0,-119500.5,-1991.68,0.707,-119692.8,1.901,-0.07,-0.301,117.3,0.048,44.12
ATR_TRAIL3,ANY,LONG,mkt_oi,flat,TRAIN,155297,844.01,0.298,-0.1262,1.0,-452890.2,-2461.36,0.707,-457345.0,1.608,-0.079,-0.414,245.2,0.025,21.45
ATR_TRAIL3,ANY,LONG,mkt_oi,flat,VALID,72210,811.35,0.306,-0.1069,1.0,-169249.0,-1901.67,0.75,-171079.0,1.716,-0.062,-0.411,248.6,0.024,19.45
ATR_TRAIL3,ANY,LONG,mkt_oi,flat,TEST,84240,915.65,0.295,-0.1472,1.0,-239282.8,-2600.9,0.701,-239664.2,1.578,-0.093,-0.415,239.3,0.024,22.42
ATR_TRAIL3,ANY,LONG,mkt_oi,flat,HOLDOUT,54860,914.33,0.299,-0.1291,1.0,-110320.8,-1838.68,0.795,-113969.8,1.901,-0.068,-0.417,235.2,0.024,22.32
ATR_TRAIL4,ANY,LONG,mkt_oi,flat,TRAIN,155297,844.01,0.305,-0.1265,1.0,-451581.9,-2454.25,0.761,-458351.5,1.608,-0.079,-0.526,392.2,0.016,13.72
ATR_TRAIL4,ANY,LONG,mkt_oi,flat,VALID,72210,811.35,0.321,-0.0805,0.99913,-128591.6,-1444.85,0.843,-145592.6,1.716,-0.047,-0.514,406.0,0.015,12.55
ATR_TRAIL4,ANY,LONG,mkt_oi,flat,TEST,84240,915.65,0.297,-0.1594,1.0,-254767.8,-2769.22,0.741,-265186.5,1.578,-0.101,-0.522,384.3,0.015,13.93
ATR_TRAIL4,ANY,LONG,mkt_oi,flat,HOLDOUT,54860,914.33,0.305,-0.091,0.99895,-61264.0,-1021.07,0.907,-113628.9,1.901,-0.048,-0.526,386.4,0.015,13.75
MFE_LOCK0.3,ANY,LONG,mkt_oi,flat,TRAIN,155297,844.01,0.472,-0.1394,1.0,-444152.5,-2413.87,0.828,-475746.2,1.608,-0.087,-0.761,573.7,0.011,8.92
MFE_LOCK0.3,ANY,LONG,mkt_oi,flat,VALID,72210,811.35,0.493,-0.0991,0.99992,-140633.6,-1580.15,0.871,-187172.0,1.716,-0.058,-0.736,573.4,0.011,8.57
MFE_LOCK0.3,ANY,LONG,mkt_oi,flat,TEST,84240,915.65,0.48,-0.1397,1.0,-211270.9,-2296.42,0.838,-243989.8,1.578,-0.089,-0.755,568.2,0.01,9.59
MFE_LOCK0.3,ANY,LONG,mkt_oi,flat,HOLDOUT,54860,914.33,0.501,-0.0838,0.99896,-28351.3,-472.52,0.967,-113544.0,1.901,-0.044,-0.75,561.3,0.009,8.67
MFE_LOCK0.5,ANY,LONG,mkt_oi,flat,TRAIN,155297,844.01,0.471,-0.1391,1.0,-467262.4,-2539.47,0.819,-496983.6,1.608,-0.087,-0.761,634.3,0.01,8.03
MFE_LOCK0.5,ANY,LONG,mkt_oi,flat,VALID,72210,811.35,0.492,-0.1082,0.99994,-168093.3,-1888.69,0.846,-210476.8,1.716,-0.063,-0.737,634.8,0.01,8.02
MFE_LOCK0.5,ANY,LONG,mkt_oi,flat,TEST,84240,915.65,0.479,-0.1543,1.0,-236514.1,-2570.81,0.819,-267164.3,1.578,-0.098,-0.755,625.0,0.009,8.54
MFE_LOCK0.5,ANY,LONG,mkt_oi,flat,HOLDOUT,54860,914.33,0.5,-0.0686,0.97687,-17595.2,-293.25,0.979,-119042.2,1.901,-0.036,-0.752,622.5,0.01,8.85
NOTP_TRAIL0.5,ANY,LONG,mkt_oi,flat,TRAIN,155297,844.01,0.284,-0.1287,1.0,-450468.9,-2448.2,0.639,-452697.2,1.608,-0.08,-0.311,153.5,0.042,35.81
NOTP_TRAIL0.5,ANY,LONG,mkt_oi,flat,VALID,72210,811.35,0.293,-0.1178,1.0,-180168.9,-2024.37,0.668,-181952.4,1.716,-0.069,-0.309,145.3,0.041,33.01
NOTP_TRAIL0.5,ANY,LONG,mkt_oi,flat,TEST,84240,915.65,0.287,-0.1382,1.0,-228104.8,-2479.4,0.645,-228203.5,1.578,-0.088,-0.312,142.0,0.04,36.71
NOTP_TRAIL0.5,ANY,LONG,mkt_oi,flat,HOLDOUT,54860,914.33,0.295,-0.13,1.0,-110680.3,-1844.67,0.741,-110687.6,1.901,-0.068,-0.31,139.8,0.042,38.27
NOTP_TRAIL1,ANY,LONG,mkt_oi,flat,TRAIN,155297,844.01,0.327,-0.1375,1.0,-476025.8,-2587.1,0.779,-493853.1,1.608,-0.085,-0.587,506.7,0.013,10.75
NOTP_TRAIL1,ANY,LONG,mkt_oi,flat,VALID,72210,811.35,0.342,-0.0987,0.99995,-157491.7,-1769.57,0.83,-175855.4,1.716,-0.058,-0.569,499.0,0.012,10.1
NOTP_TRAIL1,ANY,LONG,mkt_oi,flat,TEST,84240,915.65,0.326,-0.1581,1.0,-254360.0,-2764.78,0.769,-279907.4,1.578,-0.1,-0.579,486.0,0.013,11.45
NOTP_TRAIL1,ANY,LONG,mkt_oi,flat,HOLDOUT,54860,914.33,0.339,-0.095,0.99966,-52923.5,-882.06,0.927,-120419.1,1.901,-0.05,-0.576,475.4,0.012,10.82
NOTP_TRAIL1.5,ANY,LONG,mkt_oi,flat,TRAIN,155297,844.01,0.34,-0.1375,1.0,-451880.4,-2455.87,0.832,-490904.6,1.608,-0.086,-0.753,742.2,0.008,7.11
NOTP_TRAIL1.5,ANY,LONG,mkt_oi,flat,VALID,72210,811.35,0.363,-0.0704,0.97763,-102607.3,-1152.89,0.911,-173619.6,1.716,-0.041,-0.729,764.3,0.008,6.69
NOTP_TRAIL1.5,ANY,LONG,mkt_oi,flat,TEST,84240,915.65,0.339,-0.1666,1.0,-256391.1,-2786.86,0.813,-294114.2,1.578,-0.106,-0.747,742.5,0.008,7.25
NOTP_TRAIL1.5,ANY,LONG,mkt_oi,flat,HOLDOUT,54860,914.33,0.365,-0.0378,0.8139,34530.5,575.51,1.038,-112327.2,1.901,-0.02,-0.747,737.5,0.008,7.15
TIME15m,ANY,LONG,mkt_oi,flat,TRAIN,155297,844.01,0.373,-0.0482,1.0,-161974.0,-880.29,0.646,-162406.8,1.608,-0.03,-0.15,15.0,0.319,269.18
TIME15m,ANY,LONG,mkt_oi,flat,VALID,72210,811.35,0.363,-0.0537,1.0,-83869.9,-942.36,0.599,-85483.0,1.716,-0.031,-0.151,15.0,0.32,259.85
TIME15m,ANY,LONG,mkt_oi,flat,TEST,84240,915.65,0.37,-0.0535,1.0,-86703.5,-942.43,0.626,-86758.9,1.578,-0.034,-0.147,15.0,0.327,299.87
TIME15m,ANY,LONG,mkt_oi,flat,HOLDOUT,54860,914.33,0.369,-0.0567,1.0,-50120.8,-835.35,0.678,-50281.8,1.901,-0.03,-0.148,15.0,0.332,303.67
TIME30m,ANY,LONG,mkt_oi,flat,TRAIN,155297,844.01,0.399,-0.0506,1.0,-163369.6,-887.88,0.727,-164534.4,1.608,-0.031,-0.211,29.9,0.178,150.4
TIME30m,ANY,LONG,mkt_oi,flat,VALID,72210,811.35,0.393,-0.0528,1.0,-83696.0,-940.4,0.689,-84840.1,1.716,-0.031,-0.211,29.9,0.175,141.96
TIME30m,ANY,LONG,mkt_oi,flat,TEST,84240,915.65,0.401,-0.0524,1.0,-86756.9,-943.01,0.715,-86929.1,1.578,-0.033,-0.208,29.9,0.177,162.29
TIME30m,ANY,LONG,mkt_oi,flat,HOLDOUT,54860,914.33,0.4,-0.0567,1.0,-44508.1,-741.8,0.782,-45079.7,1.901,-0.03,-0.21,29.8,0.177,161.97
TIME1h,ANY,LONG,mkt_oi,flat,TRAIN,155297,844.01,0.42,-0.0547,1.0,-174086.9,-946.12,0.783,-175404.1,1.608,-0.034,-0.295,59.2,0.094,79.3
TIME1h,ANY,LONG,mkt_oi,flat,VALID,72210,811.35,0.415,-0.052,1.0,-75128.5,-844.14,0.785,-79767.3,1.716,-0.03,-0.291,59.2,0.091,74.04
TIME1h,ANY,LONG,mkt_oi,flat,TEST,84240,915.65,0.423,-0.0532,1.0,-84849.6,-922.28,0.792,-85543.3,1.578,-0.034,-0.29,59.2,0.092,84.16
TIME1h,ANY,LONG,mkt_oi,flat,HOLDOUT,54860,914.33,0.422,-0.0559,1.0,-42968.8,-716.15,0.844,-43959.9,1.901,-0.029,-0.294,59.1,0.091,83.6
TIME2h,ANY,LONG,mkt_oi,flat,TRAIN,155297,844.01,0.434,-0.0631,1.0,-198442.8,-1078.49,0.817,-201192.4,1.608,-0.039,-0.403,115.0,0.05,41.89
TIME2h,ANY,LONG,mkt_oi,flat,VALID,72210,811.35,0.432,-0.05,0.99998,-66886.6,-751.54,0.855,-73441.5,1.716,-0.029,-0.393,115.7,0.048,39.16
TIME2h,ANY,LONG,mkt_oi,flat,TEST,84240,915.65,0.436,-0.0579,1.0,-85235.2,-926.47,0.845,-93464.2,1.578,-0.037,-0.397,115.3,0.048,44.2
TIME2h,ANY,LONG,mkt_oi,flat,HOLDOUT,54860,914.33,0.435,-0.061,1.0,-42763.5,-712.72,0.886,-49374.4,1.901,-0.032,-0.408,114.9,0.048,43.75
TIME4h,ANY,LONG,mkt_oi,flat,TRAIN,155297,844.01,0.442,-0.0747,1.0,-228292.2,-1240.72,0.845,-236769.0,1.608,-0.046,-0.53,214.2,0.027,23.1
TIME4h,ANY,LONG,mkt_oi,flat,VALID,72210,811.35,0.448,-0.0448,0.99222,-48602.3,-546.09,0.921,-70961.5,1.716,-0.026,-0.514,216.6,0.026,21.49
TIME4h,ANY,LONG,mkt_oi,flat,TEST,84240,915.65,0.441,-0.0658,0.99998,-95269.3,-1035.54,0.873,-113427.0,1.578,-0.042,-0.524,215.6,0.027,24.51
TIME4h,ANY,LONG,mkt_oi,flat,HOLDOUT,54860,914.33,0.442,-0.0677,0.99989,-42616.3,-710.27,0.917,-66643.8,1.901,-0.036,-0.538,214.0,0.026,23.47
SIG_OFF,ANY,LONG,mkt_oi,flat,TRAIN,155297,844.01,0.363,-0.0519,1.0,-176193.9,-957.58,0.704,-177149.9,1.608,-0.032,-0.194,58.8,0.107,90.7
SIG_OFF,ANY,LONG,mkt_oi,flat,VALID,72210,811.35,0.358,-0.0528,1.0,-80367.4,-903.0,0.693,-81889.7,1.716,-0.031,-0.193,62.2,0.102,83.11
SIG_OFF,ANY,LONG,mkt_oi,flat,TEST,84240,915.65,0.358,-0.0625,1.0,-102484.8,-1113.97,0.664,-103709.6,1.578,-0.04,-0.192,61.1,0.095,87.17
SIG_OFF,ANY,LONG,mkt_oi,flat,HOLDOUT,54860,914.33,0.356,-0.0585,1.0,-51349.1,-855.82,0.747,-55500.4,1.901,-0.031,-0.194,58.8,0.106,97.1
MOM_OFF,ANY,LONG,mkt_oi,flat,TRAIN,155297,844.01,0.312,-0.0491,1.0,-152663.9,-829.7,0.768,-152947.5,1.608,-0.031,-0.201,44.9,0.146,122.97
MOM_OFF,ANY,LONG,mkt_oi,flat,VALID,72210,811.35,0.307,-0.0531,1.0,-87106.6,-978.73,0.708,-89245.5,1.716,-0.031,-0.204,44.6,0.141,114.65
MOM_OFF,ANY,LONG,mkt_oi,flat,TEST,84240,915.65,0.306,-0.0583,1.0,-101344.5,-1101.57,0.704,-102493.0,1.578,-0.037,-0.201,45.2,0.14,127.77
MOM_OFF,ANY,LONG,mkt_oi,flat,HOLDOUT,54860,914.33,0.307,-0.0537,1.0,-47451.9,-790.87,0.8,-47613.9,1.901,-0.028,-0.207,46.0,0.132,120.62
FIXED,ANY,SHORT,breadth,lo,TRAIN,107223,582.73,0.432,-0.0665,0.99296,-197225.5,-1071.88,0.899,-255362.8,1.602,-0.042,-0.796,713.8,0.011,6.46
FIXED,ANY,SHORT,breadth,lo,VALID,58181,653.72,0.444,-0.0405,0.8716,-84032.8,-944.19,0.915,-173106.4,1.469,-0.028,-0.788,728.8,0.011,6.89
FIXED,ANY,SHORT,breadth,lo,TEST,59619,648.03,0.434,-0.0828,0.99451,-90991.6,-989.04,0.908,-135465.1,1.442,-0.057,-0.798,700.8,0.011,7.03
FIXED,ANY,SHORT,breadth,lo,HOLDOUT,35314,588.57,0.4,-0.1797,1.0,-136572.4,-2276.21,0.787,-160783.3,1.388,-0.13,-0.821,718.3,0.012,6.78
TRAIL_A0.5_D0.5,ANY,SHORT,breadth,lo,TRAIN,107223,582.73,0.548,-0.0789,1.0,-217963.4,-1184.58,0.829,-255343.9,1.602,-0.049,-0.586,394.1,0.02,11.44
TRAIL_A0.5_D0.5,ANY,SHORT,breadth,lo,VALID,58181,653.72,0.544,-0.0853,0.99996,-127385.9,-1431.3,0.802,-163891.3,1.469,-0.058,-0.581,395.3,0.017,11.22
TRAIL_A0.5_D0.5,ANY,SHORT,breadth,lo,TEST,59619,648.03,0.539,-0.1017,1.0,-118390.0,-1286.85,0.816,-126674.1,1.442,-0.071,-0.588,373.6,0.019,12.58
TRAIL_A0.5_D0.5,ANY,SHORT,breadth,lo,HOLDOUT,35314,588.57,0.504,-0.1799,1.0,-130269.5,-2171.16,0.695,-141916.6,1.388,-0.13,-0.611,393.1,0.019,11.33
TRAIL_A0.5_D1,ANY,SHORT,breadth,lo,TRAIN,107223,582.73,0.38,-0.0815,0.99989,-238597.5,-1296.73,0.848,-280494.8,1.602,-0.051,-0.633,545.7,0.014,8.18
TRAIL_A0.5_D1,ANY,SHORT,breadth,lo,VALID,58181,653.72,0.393,-0.0521,0.96218,-75757.7,-851.21,0.904,-148325.0,1.469,-0.035,-0.628,555.1,0.013,8.56
TRAIL_A0.5_D1,ANY,SHORT,breadth,lo,TEST,59619,648.03,0.376,-0.1033,0.99994,-132337.0,-1438.45,0.834,-147241.5,1.442,-0.072,-0.635,520.9,0.013,8.66
TRAIL_A0.5_D1,ANY,SHORT,breadth,lo,HOLDOUT,35314,588.57,0.34,-0.1941,1.0,-146307.8,-2438.46,0.72,-164096.4,1.388,-0.14,-0.66,544.9,0.014,8.17
TRAIL_A1_D0.5,ANY,SHORT,breadth,lo,TRAIN,107223,582.73,0.505,-0.0728,0.99917,-209130.3,-1136.58,0.881,-259827.5,1.602,-0.045,-0.734,589.2,0.013,7.7
TRAIL_A1_D0.5,ANY,SHORT,breadth,lo,VALID,58181,653.72,0.519,-0.0547,0.96658,-84330.7,-947.54,0.904,-154980.7,1.469,-0.037,-0.723,595.5,0.012,8.07
TRAIL_A1_D0.5,ANY,SHORT,breadth,lo,TEST,59619,648.03,0.506,-0.0907,0.99932,-101937.6,-1108.02,0.885,-142234.5,1.442,-0.063,-0.734,570.2,0.013,8.27
TRAIL_A1_D0.5,ANY,SHORT,breadth,lo,HOLDOUT,35314,588.57,0.471,-0.1818,1.0,-135425.1,-2257.08,0.768,-154214.4,1.388,-0.131,-0.762,590.3,0.013,7.7
TRAIL_A1_D1,ANY,SHORT,breadth,lo,TRAIN,107223,582.73,0.462,-0.0695,0.99751,-210328.8,-1143.09,0.881,-267242.1,1.602,-0.043,-0.736,642.9,0.012,7.1
TRAIL_A1_D1,ANY,SHORT,breadth,lo,VALID,58181,653.72,0.472,-0.041,0.89266,-66538.3,-747.62,0.925,-148752.3,1.469,-0.028,-0.726,652.1,0.012,7.56
TRAIL_A1_D1,ANY,SHORT,breadth,lo,TEST,59619,648.03,0.459,-0.0919,0.9989,-109636.4,-1191.7,0.877,-144832.1,1.442,-0.064,-0.737,622.1,0.012,7.64
TRAIL_A1_D1,ANY,SHORT,breadth,lo,HOLDOUT,35314,588.57,0.422,-0.1878,1.0,-141605.3,-2360.09,0.758,-163389.7,1.388,-0.135,-0.765,644.0,0.012,7.1
BE0.5_TRAIL,ANY,SHORT,breadth,lo,TRAIN,107223,582.73,0.331,-0.0765,0.99977,-221879.1,-1205.86,0.831,-269782.0,1.602,-0.048,-0.59,476.0,0.016,9.28
BE0.5_TRAIL,ANY,SHORT,breadth,lo,VALID,58181,653.72,0.337,-0.0927,0.99993,-137349.2,-1543.25,0.793,-180332.9,1.469,-0.063,-0.585,486.5,0.014,9.44
BE0.5_TRAIL,ANY,SHORT,breadth,lo,TEST,59619,648.03,0.327,-0.1221,1.0,-157499.0,-1711.95,0.763,-165192.3,1.442,-0.085,-0.592,449.8,0.015,9.71
BE0.5_TRAIL,ANY,SHORT,breadth,lo,HOLDOUT,35314,588.57,0.29,-0.2022,1.0,-150992.7,-2516.55,0.656,-164529.7,1.388,-0.146,-0.616,464.2,0.016,9.28
BE1_TRAIL,ANY,SHORT,breadth,lo,TRAIN,107223,582.73,0.37,-0.0676,0.99065,-206273.1,-1121.05,0.884,-295190.1,1.602,-0.042,-0.739,700.9,0.011,6.33
BE1_TRAIL,ANY,SHORT,breadth,lo,VALID,58181,653.72,0.38,-0.0783,0.98986,-129315.5,-1452.98,0.855,-196064.9,1.469,-0.053,-0.728,718.1,0.01,6.56
BE1_TRAIL,ANY,SHORT,breadth,lo,TEST,59619,648.03,0.365,-0.1208,0.99993,-151857.5,-1650.62,0.832,-173688.2,1.442,-0.084,-0.739,675.5,0.011,6.85
BE1_TRAIL,ANY,SHORT,breadth,lo,HOLDOUT,35314,588.57,0.332,-0.221,1.0,-164938.3,-2748.97,0.721,-184147.8,1.388,-0.159,-0.767,691.8,0.011,6.68
ATR_TRAIL2,ANY,SHORT,breadth,lo,TRAIN,107223,582.73,0.301,-0.0925,1.0,-235981.4,-1282.51,0.708,-237260.3,1.602,-0.058,-0.293,128.5,0.047,27.27
ATR_TRAIL2,ANY,SHORT,breadth,lo,VALID,58181,653.72,0.302,-0.1143,1.0,-154904.0,-1740.49,0.624,-155380.1,1.469,-0.078,-0.294,131.9,0.045,29.13
ATR_TRAIL2,ANY,SHORT,breadth,lo,TEST,59619,648.03,0.3,-0.1255,1.0,-146756.1,-1595.17,0.646,-147451.3,1.442,-0.087,-0.296,124.0,0.048,30.88
ATR_TRAIL2,ANY,SHORT,breadth,lo,HOLDOUT,35314,588.57,0.268,-0.1685,1.0,-118564.5,-1976.07,0.551,-121331.1,1.388,-0.121,-0.293,120.4,0.049,28.92
ATR_TRAIL3,ANY,SHORT,breadth,lo,TRAIN,107223,582.73,0.316,-0.0728,0.99588,-164675.6,-894.98,0.846,-238245.8,1.602,-0.045,-0.406,261.7,0.026,14.98
ATR_TRAIL3,ANY,SHORT,breadth,lo,VALID,58181,653.72,0.327,-0.1098,1.0,-144651.6,-1625.3,0.729,-168348.2,1.469,-0.075,-0.404,274.1,0.024,15.55
ATR_TRAIL3,ANY,SHORT,breadth,lo,TEST,59619,648.03,0.317,-0.1423,1.0,-180095.6,-1957.56,0.671,-181264.0,1.442,-0.099,-0.409,248.7,0.026,16.65
ATR_TRAIL3,ANY,SHORT,breadth,lo,HOLDOUT,35314,588.57,0.28,-0.1982,1.0,-146424.9,-2440.42,0.582,-153732.9,1.388,-0.143,-0.41,241.7,0.029,17.12
ATR_TRAIL4,ANY,SHORT,breadth,lo,TRAIN,107223,582.73,0.328,-0.0608,0.96245,-158924.0,-863.72,0.879,-285743.0,1.602,-0.038,-0.51,417.3,0.017,9.99
ATR_TRAIL4,ANY,SHORT,breadth,lo,VALID,58181,653.72,0.339,-0.0931,0.99959,-121182.6,-1361.6,0.813,-186979.3,1.469,-0.063,-0.505,440.4,0.016,10.22
ATR_TRAIL4,ANY,SHORT,breadth,lo,TEST,59619,648.03,0.323,-0.1546,1.0,-207933.2,-2260.14,0.69,-214522.5,1.442,-0.107,-0.517,398.0,0.017,10.75
ATR_TRAIL4,ANY,SHORT,breadth,lo,HOLDOUT,35314,588.57,0.286,-0.2278,1.0,-174162.9,-2902.72,0.596,-183698.4,1.388,-0.164,-0.52,385.8,0.019,10.98
MFE_LOCK0.3,ANY,SHORT,breadth,lo,TRAIN,107223,582.73,0.505,-0.0689,0.9981,-191151.5,-1038.87,0.891,-248745.0,1.602,-0.043,-0.735,585.1,0.013,7.73
MFE_LOCK0.3,ANY,SHORT,breadth,lo,VALID,58181,653.72,0.519,-0.0671,0.98955,-103607.3,-1164.13,0.882,-168504.1,1.469,-0.046,-0.723,592.2,0.012,7.93
MFE_LOCK0.3,ANY,SHORT,breadth,lo,TEST,59619,648.03,0.506,-0.1025,0.9999,-116007.1,-1260.95,0.869,-147710.2,1.442,-0.071,-0.734,565.9,0.013,8.45
MFE_LOCK0.3,ANY,SHORT,breadth,lo,HOLDOUT,35314,588.57,0.471,-0.1882,1.0,-131704.5,-2195.08,0.774,-149623.4,1.388,-0.136,-0.762,583.7,0.013,7.82
MFE_LOCK0.5,ANY,SHORT,breadth,lo,TRAIN,107223,582.73,0.505,-0.0671,0.99196,-199456.1,-1084.0,0.887,-262354.7,1.602,-0.042,-0.736,661.1,0.011,6.6
MFE_LOCK0.5,ANY,SHORT,breadth,lo,VALID,58181,653.72,0.519,-0.0788,0.99357,-125480.7,-1409.9,0.858,-180344.2,1.469,-0.054,-0.724,674.6,0.01,6.7
MFE_LOCK0.5,ANY,SHORT,breadth,lo,TEST,59619,648.03,0.505,-0.1325,1.0,-164699.2,-1790.21,0.815,-178942.3,1.442,-0.092,-0.735,636.3,0.011,7.42
MFE_LOCK0.5,ANY,SHORT,breadth,lo,HOLDOUT,35314,588.57,0.47,-0.2258,1.0,-164513.1,-2741.88,0.718,-181616.1,1.388,-0.163,-0.762,642.0,0.012,7.2
NOTP_TRAIL0.5,ANY,SHORT,breadth,lo,TRAIN,107223,582.73,0.306,-0.0989,1.0,-266448.6,-1448.09,0.689,-272920.3,1.602,-0.062,-0.305,158.7,0.04,23.59
NOTP_TRAIL0.5,ANY,SHORT,breadth,lo,VALID,58181,653.72,0.306,-0.1125,1.0,-153116.7,-1720.41,0.65,-154931.3,1.469,-0.077,-0.307,163.2,0.036,23.58
NOTP_TRAIL0.5,ANY,SHORT,breadth,lo,TEST,59619,648.03,0.306,-0.1171,1.0,-139244.7,-1513.53,0.681,-139989.7,1.442,-0.081,-0.308,153.0,0.039,25.42
NOTP_TRAIL0.5,ANY,SHORT,breadth,lo,HOLDOUT,35314,588.57,0.27,-0.1665,1.0,-117272.8,-1954.55,0.585,-119209.3,1.388,-0.12,-0.308,156.7,0.041,23.97
NOTP_TRAIL1,ANY,SHORT,breadth,lo,TRAIN,107223,582.73,0.346,-0.0841,0.99928,-230624.2,-1253.39,0.844,-279590.4,1.602,-0.053,-0.565,536.0,0.013,7.85
NOTP_TRAIL1,ANY,SHORT,breadth,lo,VALID,58181,653.72,0.36,-0.0816,0.99748,-114775.9,-1289.62,0.845,-176552.4,1.469,-0.056,-0.561,560.1,0.012,8.07
NOTP_TRAIL1,ANY,SHORT,breadth,lo,TEST,59619,648.03,0.342,-0.1433,1.0,-194025.6,-2108.97,0.743,-202146.5,1.442,-0.099,-0.567,511.0,0.013,8.25
NOTP_TRAIL1,ANY,SHORT,breadth,lo,HOLDOUT,35314,588.57,0.308,-0.2215,1.0,-162194.9,-2703.25,0.669,-177362.2,1.388,-0.16,-0.583,521.5,0.014,8.38
NOTP_TRAIL1.5,ANY,SHORT,breadth,lo,TRAIN,107223,582.73,0.367,-0.0543,0.9264,-161659.6,-878.58,0.912,-319631.9,1.602,-0.034,-0.729,792.5,0.01,5.76
NOTP_TRAIL1.5,ANY,SHORT,breadth,lo,VALID,58181,653.72,0.376,-0.0679,0.9456,-102931.1,-1156.53,0.889,-200663.9,1.469,-0.046,-0.72,816.2,0.009,5.91
NOTP_TRAIL1.5,ANY,SHORT,breadth,lo,TEST,59619,648.03,0.362,-0.1513,1.0,-193505.1,-2103.32,0.794,-210187.6,1.442,-0.105,-0.73,771.8,0.01,6.2
NOTP_TRAIL1.5,ANY,SHORT,breadth,lo,HOLDOUT,35314,588.57,0.333,-0.2371,1.0,-169701.2,-2828.35,0.721,-194013.8,1.388,-0.171,-0.755,774.8,0.01,6.1
TIME15m,ANY,SHORT,breadth,lo,TRAIN,107223,582.73,0.381,-0.0472,1.0,-121248.1,-658.96,0.625,-121351.9,1.602,-0.029,-0.15,15.0,0.284,165.37
TIME15m,ANY,SHORT,breadth,lo,VALID,58181,653.72,0.368,-0.0485,1.0,-66104.8,-742.75,0.6,-66732.8,1.469,-0.033,-0.143,15.0,0.289,189.2
TIME15m,ANY,SHORT,breadth,lo,TEST,59619,648.03,0.364,-0.0561,1.0,-64323.6,-699.17,0.608,-64350.8,1.442,-0.039,-0.143,15.0,0.291,188.54
TIME15m,ANY,SHORT,breadth,lo,HOLDOUT,35314,588.57,0.364,-0.0598,1.0,-39276.8,-654.61,0.608,-39276.8,1.388,-0.043,-0.141,15.0,0.304,178.75
TIME30m,ANY,SHORT,breadth,lo,TRAIN,107223,582.73,0.411,-0.0457,1.0,-121110.9,-658.21,0.714,-123420.2,1.602,-0.029,-0.209,29.8,0.159,92.65
TIME30m,ANY,SHORT,breadth,lo,VALID,58181,653.72,0.404,-0.0493,1.0,-70006.2,-786.59,0.672,-71002.0,1.469,-0.034,-0.202,29.9,0.158,103.43
TIME30m,ANY,SHORT,breadth,lo,TEST,59619,648.03,0.396,-0.0577,1.0,-67521.9,-733.93,0.684,-67648.1,1.442,-0.04,-0.202,29.9,0.159,102.76
TIME30m,ANY,SHORT,breadth,lo,HOLDOUT,35314,588.57,0.384,-0.071,1.0,-51356.3,-855.94,0.622,-51358.2,1.388,-0.051,-0.204,29.9,0.163,95.8
TIME1h,ANY,SHORT,breadth,lo,TRAIN,107223,582.73,0.435,-0.0446,1.0,-118127.2,-642.0,0.786,-121221.1,1.602,-0.028,-0.288,59.1,0.084,48.85
TIME1h,ANY,SHORT,breadth,lo,VALID,58181,653.72,0.436,-0.0475,1.0,-67987.3,-763.9,0.757,-71922.6,1.469,-0.032,-0.282,59.3,0.083,53.99
TIME1h,ANY,SHORT,breadth,lo,TEST,59619,648.03,0.426,-0.0566,1.0,-68271.3,-742.08,0.763,-70071.2,1.442,-0.039,-0.285,59.1,0.082,53.4
TIME1h,ANY,SHORT,breadth,lo,HOLDOUT,35314,588.57,0.404,-0.0796,1.0,-58060.9,-967.68,0.68,-58064.5,1.388,-0.057,-0.287,59.1,0.084,49.55
TIME2h,ANY,SHORT,breadth,lo,TRAIN,107223,582.73,0.45,-0.0494,0.99998,-133229.1,-724.07,0.823,-137149.4,1.602,-0.031,-0.394,115.1,0.049,28.68
TIME2h,ANY,SHORT,breadth,lo,VALID,58181,653.72,0.461,-0.0435,0.99904,-65058.6,-731.0,0.823,-73257.3,1.469,-0.03,-0.384,115.8,0.047,31.02
TIME2h,ANY,SHORT,breadth,lo,TEST,59619,648.03,0.441,-0.0653,1.0,-78602.0,-854.37,0.801,-84081.5,1.442,-0.045,-0.395,114.9,0.048,31.12
TIME2h,ANY,SHORT,breadth,lo,HOLDOUT,35314,588.57,0.419,-0.1019,1.0,-75642.4,-1260.71,0.693,-79633.2,1.388,-0.073,-0.398,115.3,0.05,29.25
TIME4h,ANY,SHORT,breadth,lo,TRAIN,107223,582.73,0.464,-0.0485,0.99653,-134010.0,-728.32,0.868,-146399.4,1.602,-0.03,-0.514,215.5,0.03,17.55
TIME4h,ANY,SHORT,breadth,lo,VALID,58181,653.72,0.479,-0.0347,0.9492,-52130.1,-585.73,0.895,-81522.3,1.469,-0.024,-0.504,218.3,0.029,18.85
TIME4h,ANY,SHORT,breadth,lo,TEST,59619,648.03,0.458,-0.0763,0.99988,-96504.8,-1048.97,0.819,-103365.3,1.442,-0.053,-0.525,214.0,0.029,19.1
TIME4h,ANY,SHORT,breadth,lo,HOLDOUT,35314,588.57,0.43,-0.1296,1.0,-91782.8,-1529.71,0.727,-102880.8,1.388,-0.093,-0.537,216.1,0.03,17.73
SIG_OFF,ANY,SHORT,breadth,lo,TRAIN,107223,582.73,0.372,-0.0379,0.99983,-83310.9,-452.78,0.81,-95586.7,1.602,-0.024,-0.204,77.4,0.066,38.38
SIG_OFF,ANY,SHORT,breadth,lo,VALID,58181,653.72,0.363,-0.0449,1.0,-63018.5,-708.07,0.714,-64946.8,1.469,-0.031,-0.194,79.0,0.069,45.0
SIG_OFF,ANY,SHORT,breadth,lo,TEST,59619,648.03,0.356,-0.0622,1.0,-73123.8,-794.82,0.677,-73952.4,1.442,-0.043,-0.2,77.6,0.067,43.21
SIG_OFF,ANY,SHORT,breadth,lo,HOLDOUT,35314,588.57,0.354,-0.076,1.0,-51571.5,-859.53,0.641,-53532.3,1.388,-0.055,-0.203,81.6,0.078,45.97
MOM_OFF,ANY,SHORT,breadth,lo,TRAIN,107223,582.73,0.319,-0.0396,0.99995,-104799.3,-569.56,0.78,-106670.4,1.602,-0.025,-0.206,49.8,0.129,75.32
MOM_OFF,ANY,SHORT,breadth,lo,VALID,58181,653.72,0.316,-0.0541,1.0,-84103.1,-944.98,0.65,-85703.9,1.469,-0.037,-0.2,50.2,0.124,81.11
MOM_OFF,ANY,SHORT,breadth,lo,TEST,59619,648.03,0.304,-0.064,1.0,-79015.5,-858.86,0.671,-79936.0,1.442,-0.044,-0.2,48.1,0.13,83.99
MOM_OFF,ANY,SHORT,breadth,lo,HOLDOUT,35314,588.57,0.29,-0.0871,1.0,-65297.3,-1088.29,0.566,-65382.4,1.388,-0.063,-0.199,46.0,0.134,78.77
FIXED,ANY,LONG,breadth,lo,TRAIN,84783,460.78,0.409,-0.1135,1.0,-180869.6,-982.99,0.888,-195912.6,1.57,-0.072,-0.824,700.3,0.016,7.22
FIXED,ANY,LONG,breadth,lo,VALID,46602,523.62,0.414,-0.0909,0.99726,-103021.8,-1157.55,0.88,-127741.5,1.66,-0.055,-0.798,693.5,0.014,7.37
FIXED,ANY,LONG,breadth,lo,TEST,48002,521.76,0.411,-0.1169,0.99999,-107390.1,-1167.28,0.875,-133660.5,1.569,-0.075,-0.817,695.4,0.015,7.63
FIXED,ANY,LONG,breadth,lo,HOLDOUT,28636,477.27,0.443,-0.0385,0.87756,-980.8,-16.35,0.998,-48130.1,1.843,-0.021,-0.806,704.9,0.015,6.97
TRAIL_A0.5_D0.5,ANY,LONG,breadth,lo,TRAIN,84783,460.78,0.533,-0.1153,1.0,-199160.7,-1082.39,0.811,-209790.9,1.57,-0.073,-0.62,402.0,0.027,12.21
TRAIL_A0.5_D0.5,ANY,LONG,breadth,lo,VALID,46602,523.62,0.515,-0.1345,1.0,-157951.1,-1774.73,0.735,-160579.2,1.66,-0.081,-0.606,391.3,0.023,12.3
TRAIL_A0.5_D0.5,ANY,LONG,breadth,lo,TEST,48002,521.76,0.527,-0.1222,1.0,-115473.6,-1255.15,0.794,-124671.2,1.569,-0.078,-0.604,377.7,0.024,12.78
TRAIL_A0.5_D0.5,ANY,LONG,breadth,lo,HOLDOUT,28636,477.27,0.531,-0.1053,1.0,-48974.1,-816.24,0.854,-57286.6,1.843,-0.057,-0.603,388.5,0.024,11.65
TRAIL_A0.5_D1,ANY,LONG,breadth,lo,TRAIN,84783,460.78,0.373,-0.1098,1.0,-180032.7,-978.44,0.86,-192159.8,1.57,-0.07,-0.665,540.6,0.021,9.6
TRAIL_A0.5_D1,ANY,LONG,breadth,lo,VALID,46602,523.62,0.367,-0.1187,0.99999,-142409.2,-1600.1,0.799,-145697.4,1.66,-0.071,-0.651,525.3,0.019,9.96
TRAIL_A0.5_D1,ANY,LONG,breadth,lo,TEST,48002,521.76,0.363,-0.126,1.0,-121858.2,-1324.55,0.823,-137331.6,1.569,-0.08,-0.65,514.4,0.019,9.85
TRAIL_A0.5_D1,ANY,LONG,breadth,lo,HOLDOUT,28636,477.27,0.38,-0.0859,0.99944,-38353.1,-639.22,0.907,-56736.7,1.843,-0.047,-0.653,522.9,0.02,9.37
TRAIL_A1_D0.5,ANY,LONG,breadth,lo,TRAIN,84783,460.78,0.483,-0.1128,1.0,-173751.1,-944.3,0.88,-187627.7,1.57,-0.072,-0.764,585.1,0.018,8.35
TRAIL_A1_D0.5,ANY,LONG,breadth,lo,VALID,46602,523.62,0.48,-0.1156,0.99998,-127593.7,-1433.64,0.837,-138398.4,1.66,-0.07,-0.745,576.0,0.017,8.88
TRAIL_A1_D0.5,ANY,LONG,breadth,lo,TEST,48002,521.76,0.485,-0.1231,1.0,-115878.0,-1259.54,0.85,-133883.8,1.569,-0.078,-0.753,569.4,0.017,8.83
TRAIL_A1_D0.5,ANY,LONG,breadth,lo,HOLDOUT,28636,477.27,0.508,-0.074,0.99634,-24855.2,-414.25,0.946,-54011.2,1.843,-0.04,-0.748,581.3,0.017,8.3
TRAIL_A1_D1,ANY,LONG,breadth,lo,TRAIN,84783,460.78,0.445,-0.1115,1.0,-174418.6,-947.93,0.88,-188077.1,1.57,-0.071,-0.766,632.0,0.017,8.02
TRAIL_A1_D1,ANY,LONG,breadth,lo,VALID,46602,523.62,0.44,-0.1084,0.99985,-123273.5,-1385.1,0.843,-137087.0,1.66,-0.065,-0.746,620.1,0.016,8.48
TRAIL_A1_D1,ANY,LONG,breadth,lo,TEST,48002,521.76,0.439,-0.124,1.0,-116555.3,-1266.91,0.849,-137690.3,1.569,-0.079,-0.754,615.8,0.016,8.54
TRAIL_A1_D1,ANY,LONG,breadth,lo,HOLDOUT,28636,477.27,0.461,-0.066,0.98692,-20947.8,-349.13,0.954,-52885.8,1.843,-0.036,-0.751,626.5,0.017,7.93
BE0.5_TRAIL,ANY,LONG,breadth,lo,TRAIN,84783,460.78,0.324,-0.1155,1.0,-187516.6,-1019.11,0.827,-196887.0,1.57,-0.074,-0.623,473.1,0.024,10.84
BE0.5_TRAIL,ANY,LONG,breadth,lo,VALID,46602,523.62,0.315,-0.1378,1.0,-159146.1,-1788.16,0.739,-161887.8,1.66,-0.083,-0.61,455.3,0.022,11.26
BE0.5_TRAIL,ANY,LONG,breadth,lo,TEST,48002,521.76,0.317,-0.1395,1.0,-132332.1,-1438.39,0.771,-144135.7,1.569,-0.089,-0.607,441.7,0.022,11.65
BE0.5_TRAIL,ANY,LONG,breadth,lo,HOLDOUT,28636,477.27,0.323,-0.1,0.99999,-40687.3,-678.12,0.882,-51944.5,1.843,-0.054,-0.608,447.7,0.022,10.5
BE1_TRAIL,ANY,LONG,breadth,lo,TRAIN,84783,460.78,0.353,-0.1171,1.0,-169510.1,-921.25,0.884,-183014.0,1.57,-0.075,-0.768,679.5,0.016,7.52
BE1_TRAIL,ANY,LONG,breadth,lo,VALID,46602,523.62,0.356,-0.1149,0.99989,-123997.3,-1393.23,0.844,-148768.8,1.66,-0.069,-0.748,668.0,0.015,7.99
BE1_TRAIL,ANY,LONG,breadth,lo,TEST,48002,521.76,0.346,-0.1492,1.0,-138761.7,-1508.28,0.822,-160894.7,1.569,-0.095,-0.756,660.7,0.015,8.01
BE1_TRAIL,ANY,LONG,breadth,lo,HOLDOUT,28636,477.27,0.372,-0.0586,0.96168,-11971.5,-199.52,0.974,-47980.4,1.843,-0.032,-0.754,671.9,0.015,7.2
ATR_TRAIL2,ANY,LONG,breadth,lo,TRAIN,84783,460.78,0.291,-0.1203,1.0,-228040.1,-1239.35,0.669,-230186.4,1.57,-0.077,-0.312,126.7,0.069,31.92
ATR_TRAIL2,ANY,LONG,breadth,lo,VALID,46602,523.62,0.292,-0.1207,1.0,-129137.6,-1450.98,0.64,-131114.2,1.66,-0.073,-0.302,122.2,0.065,34.27
ATR_TRAIL2,ANY,LONG,breadth,lo,TEST,48002,521.76,0.303,-0.1194,1.0,-106496.5,-1157.57,0.696,-106761.0,1.569,-0.076,-0.302,124.8,0.065,33.71
ATR_TRAIL2,ANY,LONG,breadth,lo,HOLDOUT,28636,477.27,0.289,-0.1355,1.0,-70017.2,-1166.95,0.686,-70209.5,1.843,-0.074,-0.305,120.7,0.068,32.35
ATR_TRAIL3,ANY,LONG,breadth,lo,TRAIN,84783,460.78,0.311,-0.1175,1.0,-221054.0,-1201.38,0.754,-224905.0,1.57,-0.075,-0.429,252.1,0.041,18.86
ATR_TRAIL3,ANY,LONG,breadth,lo,VALID,46602,523.62,0.307,-0.124,1.0,-144097.7,-1619.08,0.7,-146058.4,1.66,-0.075,-0.418,247.1,0.037,19.51
ATR_TRAIL3,ANY,LONG,breadth,lo,TEST,48002,521.76,0.313,-0.1334,1.0,-120229.3,-1306.84,0.741,-120632.9,1.569,-0.085,-0.417,242.5,0.039,20.13
ATR_TRAIL3,ANY,LONG,breadth,lo,HOLDOUT,28636,477.27,0.308,-0.1211,1.0,-57653.9,-960.9,0.801,-60004.8,1.843,-0.066,-0.423,242.0,0.037,17.87
ATR_TRAIL4,ANY,LONG,breadth,lo,TRAIN,84783,460.78,0.319,-0.1216,1.0,-215935.6,-1173.56,0.801,-221580.0,1.57,-0.077,-0.54,398.3,0.028,13.08
ATR_TRAIL4,ANY,LONG,breadth,lo,VALID,46602,523.62,0.317,-0.1104,1.0,-129750.1,-1457.87,0.779,-131625.4,1.66,-0.067,-0.525,400.5,0.024,12.81
ATR_TRAIL4,ANY,LONG,breadth,lo,TEST,48002,521.76,0.311,-0.146,1.0,-133035.9,-1446.04,0.768,-139012.8,1.569,-0.093,-0.524,383.7,0.025,13.07
ATR_TRAIL4,ANY,LONG,breadth,lo,HOLDOUT,28636,477.27,0.316,-0.0865,0.99876,-37259.8,-621.0,0.894,-54269.5,1.843,-0.047,-0.532,393.1,0.026,12.63
MFE_LOCK0.3,ANY,LONG,breadth,lo,TRAIN,84783,460.78,0.483,-0.1081,1.0,-145625.9,-791.44,0.9,-160169.8,1.57,-0.069,-0.764,582.9,0.018,8.46
MFE_LOCK0.3,ANY,LONG,breadth,lo,VALID,46602,523.62,0.48,-0.1225,0.99999,-132964.8,-1493.99,0.83,-145548.9,1.66,-0.074,-0.745,573.2,0.018,9.29
MFE_LOCK0.3,ANY,LONG,breadth,lo,TEST,48002,521.76,0.485,-0.1288,1.0,-118250.1,-1285.33,0.847,-134743.1,1.569,-0.082,-0.753,565.5,0.017,9.08
MFE_LOCK0.3,ANY,LONG,breadth,lo,HOLDOUT,28636,477.27,0.508,-0.0686,0.99298,-15603.7,-260.06,0.966,-48563.7,1.843,-0.037,-0.748,579.3,0.018,8.52
MFE_LOCK0.5,ANY,LONG,breadth,lo,TRAIN,84783,460.78,0.482,-0.1121,1.0,-168935.7,-918.13,0.884,-183343.6,1.57,-0.071,-0.765,646.9,0.017,7.96
MFE_LOCK0.5,ANY,LONG,breadth,lo,VALID,46602,523.62,0.479,-0.132,1.0,-150893.1,-1695.43,0.808,-163641.0,1.66,-0.08,-0.745,633.2,0.016,8.33
MFE_LOCK0.5,ANY,LONG,breadth,lo,TEST,48002,521.76,0.484,-0.1397,1.0,-132130.3,-1436.2,0.829,-147530.7,1.569,-0.089,-0.753,625.0,0.016,8.25
MFE_LOCK0.5,ANY,LONG,breadth,lo,HOLDOUT,28636,477.27,0.506,-0.071,0.98922,-20783.9,-346.4,0.955,-56426.4,1.843,-0.039,-0.75,638.7,0.016,7.77
NOTP_TRAIL0.5,ANY,LONG,breadth,lo,TRAIN,84783,460.78,0.289,-0.1241,1.0,-243289.8,-1322.23,0.664,-246398.7,1.57,-0.079,-0.321,156.0,0.063,29.15
NOTP_TRAIL0.5,ANY,LONG,breadth,lo,VALID,46602,523.62,0.294,-0.1148,1.0,-112607.0,-1265.25,0.7,-114357.4,1.66,-0.069,-0.311,149.5,0.058,30.61
NOTP_TRAIL0.5,ANY,LONG,breadth,lo,TEST,48002,521.76,0.302,-0.1216,1.0,-113849.6,-1237.5,0.692,-114014.2,1.569,-0.077,-0.312,147.0,0.059,30.79
NOTP_TRAIL0.5,ANY,LONG,breadth,lo,HOLDOUT,28636,477.27,0.295,-0.1302,1.0,-65202.1,-1086.7,0.722,-65273.0,1.843,-0.071,-0.315,145.9,0.06,28.85
NOTP_TRAIL1,ANY,LONG,breadth,lo,TRAIN,84783,460.78,0.34,-0.1168,1.0,-194721.7,-1058.27,0.84,-202805.7,1.57,-0.074,-0.594,519.1,0.022,10.15
NOTP_TRAIL1,ANY,LONG,breadth,lo,VALID,46602,523.62,0.336,-0.1237,1.0,-142278.1,-1598.63,0.785,-145191.6,1.66,-0.075,-0.578,501.2,0.02,10.66
NOTP_TRAIL1,ANY,LONG,breadth,lo,TEST,48002,521.76,0.332,-0.1509,1.0,-146306.3,-1590.29,0.775,-158797.5,1.569,-0.096,-0.578,488.4,0.02,10.58
NOTP_TRAIL1,ANY,LONG,breadth,lo,HOLDOUT,28636,477.27,0.345,-0.0952,0.99977,-39754.9,-662.58,0.899,-54326.3,1.843,-0.052,-0.585,494.5,0.022,10.38
NOTP_TRAIL1.5,ANY,LONG,breadth,lo,TRAIN,84783,460.78,0.35,-0.1186,0.99999,-180036.3,-978.46,0.881,-197259.5,1.57,-0.076,-0.756,755.0,0.015,6.98
NOTP_TRAIL1.5,ANY,LONG,breadth,lo,VALID,46602,523.62,0.357,-0.1039,0.99873,-122313.6,-1374.31,0.85,-154729.0,1.66,-0.063,-0.739,757.9,0.014,7.12
NOTP_TRAIL1.5,ANY,LONG,breadth,lo,TEST,48002,521.76,0.345,-0.1548,1.0,-144825.5,-1574.19,0.822,-168347.7,1.569,-0.099,-0.748,746.4,0.014,7.11
NOTP_TRAIL1.5,ANY,LONG,breadth,lo,HOLDOUT,28636,477.27,0.375,-0.0347,0.8011,5831.7,97.2,1.012,-53732.5,1.843,-0.019,-0.749,760.5,0.014,6.73
TIME15m,ANY,LONG,breadth,lo,TRAIN,84783,460.78,0.382,-0.0495,1.0,-93781.1,-509.68,0.663,-94053.0,1.57,-0.032,-0.163,15.0,0.339,156.15
TIME15m,ANY,LONG,breadth,lo,VALID,46602,523.62,0.376,-0.0501,1.0,-53066.5,-596.25,0.634,-53500.0,1.66,-0.03,-0.154,15.0,0.347,181.76
TIME15m,ANY,LONG,breadth,lo,TEST,48002,521.76,0.388,-0.0489,1.0,-43330.0,-470.98,0.678,-43365.8,1.569,-0.031,-0.15,15.0,0.351,183.29
TIME15m,ANY,LONG,breadth,lo,HOLDOUT,28636,477.27,0.372,-0.0572,1.0,-28458.6,-474.31,0.668,-28619.6,1.843,-0.031,-0.153,15.0,0.362,172.8
TIME30m,ANY,LONG,breadth,lo,TRAIN,84783,460.78,0.402,-0.0544,1.0,-97334.4,-528.99,0.732,-97768.0,1.57,-0.035,-0.227,29.8,0.197,90.58
TIME30m,ANY,LONG,breadth,lo,VALID,46602,523.62,0.405,-0.0491,1.0,-50668.1,-569.3,0.729,-52352.2,1.66,-0.03,-0.215,29.8,0.195,101.94
TIME30m,ANY,LONG,breadth,lo,TEST,48002,521.76,0.421,-0.0458,1.0,-39253.9,-426.67,0.778,-39884.8,1.569,-0.029,-0.212,29.8,0.195,101.99
TIME30m,ANY,LONG,breadth,lo,HOLDOUT,28636,477.27,0.4,-0.0589,1.0,-26780.5,-446.34,0.762,-27276.2,1.843,-0.032,-0.215,29.8,0.198,94.5
TIME1h,ANY,LONG,breadth,lo,TRAIN,84783,460.78,0.425,-0.0578,1.0,-101155.0,-549.76,0.788,-103928.7,1.57,-0.037,-0.31,58.9,0.106,48.62
TIME1h,ANY,LONG,breadth,lo,VALID,46602,523.62,0.42,-0.0513,1.0,-48420.0,-544.05,0.802,-52678.2,1.66,-0.031,-0.296,59.1,0.103,53.87
TIME1h,ANY,LONG,breadth,lo,TEST,48002,521.76,0.446,-0.0429,1.0,-30702.1,-333.72,0.871,-31728.4,1.569,-0.027,-0.295,59.0,0.102,53.47
TIME1h,ANY,LONG,breadth,lo,HOLDOUT,28636,477.27,0.427,-0.0559,1.0,-21745.1,-362.42,0.853,-22945.9,1.843,-0.03,-0.298,59.0,0.103,49.32
TIME2h,ANY,LONG,breadth,lo,TRAIN,84783,460.78,0.444,-0.0596,1.0,-98044.0,-532.85,0.846,-103243.0,1.57,-0.038,-0.416,114.5,0.063,28.82
TIME2h,ANY,LONG,breadth,lo,VALID,46602,523.62,0.433,-0.0562,0.99998,-59851.6,-672.49,0.821,-64809.1,1.66,-0.034,-0.399,115.3,0.059,30.96
TIME2h,ANY,LONG,breadth,lo,TEST,48002,521.76,0.46,-0.0453,0.99979,-28366.1,-308.33,0.912,-30560.1,1.569,-0.029,-0.402,114.7,0.06,31.35
TIME2h,ANY,LONG,breadth,lo,HOLDOUT,28636,477.27,0.443,-0.0581,0.99999,-19719.6,-328.66,0.901,-20718.4,1.843,-0.032,-0.407,114.9,0.061,29.15
TIME4h,ANY,LONG,breadth,lo,TRAIN,84783,460.78,0.447,-0.0701,0.99998,-109353.8,-594.31,0.873,-119090.9,1.57,-0.045,-0.541,213.2,0.039,17.91
TIME4h,ANY,LONG,breadth,lo,VALID,46602,523.62,0.448,-0.0597,0.99832,-70593.8,-793.19,0.845,-74454.3,1.66,-0.036,-0.524,215.3,0.036,19.02
TIME4h,ANY,LONG,breadth,lo,TEST,48002,521.76,0.457,-0.0559,0.99852,-36169.2,-393.14,0.918,-42691.4,1.569,-0.036,-0.528,213.8,0.037,19.41
TIME4h,ANY,LONG,breadth,lo,HOLDOUT,28636,477.27,0.453,-0.0586,0.99736,-18212.0,-303.53,0.933,-22422.9,1.843,-0.032,-0.533,214.7,0.038,17.93
SIG_OFF,ANY,LONG,breadth,lo,TRAIN,84783,460.78,0.375,-0.0524,1.0,-96991.2,-527.13,0.696,-97312.1,1.57,-0.033,-0.185,33.7,0.193,89.05
SIG_OFF,ANY,LONG,breadth,lo,VALID,46602,523.62,0.37,-0.0504,1.0,-53157.9,-597.28,0.685,-53213.5,1.66,-0.03,-0.178,39.1,0.173,90.67
SIG_OFF,ANY,LONG,breadth,lo,TEST,48002,521.76,0.381,-0.0516,1.0,-42154.1,-458.2,0.737,-44239.2,1.569,-0.033,-0.176,39.8,0.18,93.77
SIG_OFF,ANY,LONG,breadth,lo,HOLDOUT,28636,477.27,0.362,-0.0579,1.0,-30392.4,-506.54,0.706,-30663.1,1.843,-0.031,-0.182,41.9,0.191,91.33
MOM_OFF,ANY,LONG,breadth,lo,TRAIN,84783,460.78,0.326,-0.0521,1.0,-83682.7,-454.8,0.783,-84052.1,1.57,-0.033,-0.21,42.2,0.18,82.84
MOM_OFF,ANY,LONG,breadth,lo,VALID,46602,523.62,0.319,-0.0521,1.0,-60174.1,-676.11,0.703,-60246.0,1.66,-0.031,-0.203,42.1,0.174,90.87
MOM_OFF,ANY,LONG,breadth,lo,TEST,48002,521.76,0.331,-0.0486,1.0,-43710.3,-475.11,0.776,-45070.3,1.569,-0.031,-0.201,44.5,0.171,89.4
MOM_OFF,ANY,LONG,breadth,lo,HOLDOUT,28636,477.27,0.313,-0.0549,1.0,-24048.3,-400.8,0.81,-24338.3,1.843,-0.03,-0.208,44.5,0.164,78.32
FIXED,ANY,SHORT,mkt_oi,up,TRAIN,13112,71.26,0.506,0.0941,0.07632,44574.3,242.25,1.195,-36652.7,1.444,0.065,-0.74,781.1,0.015,1.08
FIXED,ANY,SHORT,mkt_oi,up,VALID,11546,129.73,0.552,0.1928,0.00351,54624.0,613.75,1.329,-21873.1,1.535,0.126,-0.698,775.6,0.009,1.13
FIXED,ANY,SHORT,mkt_oi,up,TEST,6667,72.47,0.432,-0.0933,0.79647,-6226.8,-67.68,0.939,-35075.6,1.348,-0.069,-0.773,733.8,0.015,1.07
FIXED,ANY,SHORT,mkt_oi,up,HOLDOUT,5307,88.45,0.295,-0.3782,0.99977,-79196.4,-1319.94,0.45,-79920.2,1.321,-0.286,-0.909,655.4,0.013,1.13
TRAIL_A0.5_D0.5,ANY,SHORT,mkt_oi,up,TRAIN,13112,71.26,0.611,0.0226,0.29047,13532.8,73.55,1.091,-21564.6,1.444,0.016,-0.543,432.5,0.022,1.59
TRAIL_A0.5_D0.5,ANY,SHORT,mkt_oi,up,VALID,11546,129.73,0.628,0.0752,0.04467,24662.2,277.1,1.235,-17045.8,1.535,0.049,-0.512,412.4,0.015,1.98
TRAIL_A0.5_D0.5,ANY,SHORT,mkt_oi,up,TEST,6667,72.47,0.524,-0.1167,0.96279,-11116.5,-120.83,0.834,-20523.0,1.348,-0.087,-0.574,389.2,0.022,1.58
TRAIL_A0.5_D0.5,ANY,SHORT,mkt_oi,up,HOLDOUT,5307,88.45,0.453,-0.287,0.99998,-58173.9,-969.56,0.398,-58217.6,1.321,-0.217,-0.684,371.4,0.018,1.63
TRAIL_A0.5_D1,ANY,SHORT,mkt_oi,up,TRAIN,13112,71.26,0.463,0.0756,0.09608,35189.7,191.25,1.194,-26274.4,1.444,0.052,-0.589,612.6,0.018,1.31
TRAIL_A0.5_D1,ANY,SHORT,mkt_oi,up,VALID,11546,129.73,0.499,0.1691,0.00454,50393.6,566.22,1.383,-18235.5,1.535,0.11,-0.559,613.9,0.01,1.36
TRAIL_A0.5_D1,ANY,SHORT,mkt_oi,up,TEST,6667,72.47,0.39,-0.0888,0.83369,-7920.3,-86.09,0.904,-26534.9,1.348,-0.066,-0.621,565.6,0.018,1.29
TRAIL_A0.5_D1,ANY,SHORT,mkt_oi,up,HOLDOUT,5307,88.45,0.261,-0.3168,0.99988,-66108.2,-1101.8,0.427,-66603.1,1.321,-0.24,-0.733,506.8,0.015,1.35
TRAIL_A1_D0.5,ANY,SHORT,mkt_oi,up,TRAIN,13112,71.26,0.582,0.0742,0.09044,34214.9,185.95,1.168,-29451.2,1.444,0.051,-0.676,641.2,0.017,1.21
TRAIL_A1_D0.5,ANY,SHORT,mkt_oi,up,VALID,11546,129.73,0.62,0.1539,0.00457,46466.7,522.1,1.316,-17002.6,1.535,0.1,-0.639,620.4,0.01,1.31
TRAIL_A1_D0.5,ANY,SHORT,mkt_oi,up,TEST,6667,72.47,0.496,-0.1097,0.87693,-9828.9,-106.84,0.895,-29710.3,1.348,-0.081,-0.719,597.5,0.016,1.2
TRAIL_A1_D0.5,ANY,SHORT,mkt_oi,up,HOLDOUT,5307,88.45,0.361,-0.3478,0.99986,-73797.0,-1229.95,0.449,-74045.4,1.321,-0.263,-0.855,562.8,0.013,1.15
TRAIL_A1_D1,ANY,SHORT,mkt_oi,up,TRAIN,13112,71.26,0.544,0.0921,0.06857,41902.7,227.73,1.205,-31863.3,1.444,0.064,-0.679,708.0,0.016,1.15
TRAIL_A1_D1,ANY,SHORT,mkt_oi,up,VALID,11546,129.73,0.578,0.1904,0.0024,55036.2,618.38,1.372,-18357.4,1.535,0.124,-0.644,701.5,0.009,1.15
TRAIL_A1_D1,ANY,SHORT,mkt_oi,up,TEST,6667,72.47,0.457,-0.1023,0.83967,-8494.5,-92.33,0.909,-31786.0,1.348,-0.076,-0.721,662.6,0.015,1.12
TRAIL_A1_D1,ANY,SHORT,mkt_oi,up,HOLDOUT,5307,88.45,0.33,-0.3516,0.99978,-74163.7,-1236.06,0.447,-74880.9,1.321,-0.266,-0.857,604.1,0.012,1.08
BE0.5_TRAIL,ANY,SHORT,mkt_oi,up,TRAIN,13112,71.26,0.397,0.0393,0.21569,21533.7,117.03,1.141,-27532.4,1.444,0.027,-0.547,542.9,0.02,1.45
BE0.5_TRAIL,ANY,SHORT,mkt_oi,up,VALID,11546,129.73,0.43,0.1158,0.02264,35299.2,396.62,1.325,-16507.8,1.535,0.075,-0.518,562.1,0.014,1.76
BE0.5_TRAIL,ANY,SHORT,mkt_oi,up,TEST,6667,72.47,0.334,-0.1036,0.90794,-8836.1,-96.04,0.872,-24369.0,1.348,-0.077,-0.58,493.3,0.019,1.37
BE0.5_TRAIL,ANY,SHORT,mkt_oi,up,HOLDOUT,5307,88.45,0.21,-0.3142,0.99999,-63898.7,-1064.98,0.352,-64312.0,1.321,-0.238,-0.689,432.8,0.017,1.47
BE1_TRAIL,ANY,SHORT,mkt_oi,up,TRAIN,13112,71.26,0.44,0.067,0.15772,35545.7,193.18,1.172,-35496.5,1.444,0.046,-0.683,779.0,0.015,1.07
BE1_TRAIL,ANY,SHORT,mkt_oi,up,VALID,11546,129.73,0.488,0.1628,0.01447,46521.3,522.71,1.311,-23212.4,1.535,0.106,-0.647,809.6,0.009,1.15
BE1_TRAIL,ANY,SHORT,mkt_oi,up,TEST,6667,72.47,0.371,-0.106,0.8204,-8038.3,-87.37,0.915,-35086.8,1.348,-0.079,-0.724,733.8,0.014,1.02
BE1_TRAIL,ANY,SHORT,mkt_oi,up,HOLDOUT,5307,88.45,0.261,-0.3691,0.99992,-76095.0,-1268.25,0.435,-76856.3,1.321,-0.279,-0.858,637.4,0.012,1.03
ATR_TRAIL2,ANY,SHORT,mkt_oi,up,TRAIN,13112,71.26,0.338,-0.0629,0.98814,-26534.1,-144.21,0.743,-36707.0,1.444,-0.044,-0.28,147.9,0.05,3.57
ATR_TRAIL2,ANY,SHORT,mkt_oi,up,VALID,11546,129.73,0.348,-0.0439,0.90686,-14342.0,-161.15,0.818,-17903.3,1.535,-0.029,-0.28,149.1,0.04,5.15
ATR_TRAIL2,ANY,SHORT,mkt_oi,up,TEST,6667,72.47,0.314,-0.1149,0.99976,-12819.4,-139.34,0.699,-12884.9,1.348,-0.085,-0.286,136.5,0.048,3.47
ATR_TRAIL2,ANY,SHORT,mkt_oi,up,HOLDOUT,5307,88.45,0.243,-0.1811,1.0,-31066.8,-517.78,0.376,-31467.4,1.321,-0.137,-0.327,119.9,0.053,4.67
ATR_TRAIL3,ANY,SHORT,mkt_oi,up,TRAIN,13112,71.26,0.378,-0.0169,0.63879,-9254.3,-50.3,0.931,-40862.3,1.444,-0.012,-0.382,301.8,0.03,2.11
ATR_TRAIL3,ANY,SHORT,mkt_oi,up,VALID,11546,129.73,0.41,0.0283,0.28396,1433.1,16.1,1.014,-20248.2,1.535,0.018,-0.374,325.7,0.02,2.64
ATR_TRAIL3,ANY,SHORT,mkt_oi,up,TEST,6667,72.47,0.359,-0.0759,0.92626,-6055.2,-65.82,0.887,-14624.8,1.348,-0.056,-0.395,291.2,0.029,2.08
ATR_TRAIL3,ANY,SHORT,mkt_oi,up,HOLDOUT,5307,88.45,0.256,-0.2242,1.0,-40830.9,-680.52,0.393,-42351.4,1.321,-0.17,-0.45,238.9,0.029,2.53
ATR_TRAIL4,ANY,SHORT,mkt_oi,up,TRAIN,13112,71.26,0.403,-0.0071,0.54983,-5052.4,-27.46,0.968,-48428.0,1.444,-0.005,-0.474,477.5,0.022,1.6
ATR_TRAIL4,ANY,SHORT,mkt_oi,up,VALID,11546,129.73,0.449,0.0999,0.06671,23396.3,262.88,1.204,-23249.0,1.535,0.065,-0.468,533.3,0.015,1.92
ATR_TRAIL4,ANY,SHORT,mkt_oi,up,TEST,6667,72.47,0.384,-0.0453,0.70796,-945.3,-10.27,0.985,-21135.2,1.348,-0.034,-0.49,467.9,0.02,1.47
ATR_TRAIL4,ANY,SHORT,mkt_oi,up,HOLDOUT,5307,88.45,0.257,-0.2832,0.99999,-52850.4,-880.84,0.38,-55506.8,1.321,-0.214,-0.57,369.8,0.022,1.98
MFE_LOCK0.3,ANY,SHORT,mkt_oi,up,TRAIN,13112,71.26,0.583,0.0576,0.14032,29288.9,159.18,1.144,-30079.5,1.444,0.04,-0.676,629.4,0.017,1.22
MFE_LOCK0.3,ANY,SHORT,mkt_oi,up,VALID,11546,129.73,0.621,0.1304,0.012,39481.8,443.62,1.269,-17649.5,1.535,0.085,-0.639,615.2,0.011,1.39
MFE_LOCK0.3,ANY,SHORT,mkt_oi,up,TEST,6667,72.47,0.497,-0.1201,0.90144,-10862.8,-118.07,0.884,-29503.8,1.348,-0.089,-0.718,594.1,0.017,1.23
MFE_LOCK0.3,ANY,SHORT,mkt_oi,up,HOLDOUT,5307,88.45,0.361,-0.3341,0.99983,-70671.3,-1177.85,0.472,-70854.2,1.321,-0.253,-0.855,557.3,0.013,1.18
MFE_LOCK0.5,ANY,SHORT,mkt_oi,up,TRAIN,13112,71.26,0.582,0.0508,0.18717,28048.6,152.44,1.137,-32446.9,1.444,0.035,-0.677,729.1,0.015,1.1
MFE_LOCK0.5,ANY,SHORT,mkt_oi,up,VALID,11546,129.73,0.62,0.1698,0.01066,47680.4,535.74,1.324,-21484.9,1.535,0.111,-0.644,759.1,0.009,1.19
MFE_LOCK0.5,ANY,SHORT,mkt_oi,up,TEST,6667,72.47,0.496,-0.1058,0.84056,-9011.5,-97.95,0.903,-32504.3,1.348,-0.078,-0.721,693.8,0.015,1.08
MFE_LOCK0.5,ANY,SHORT,mkt_oi,up,HOLDOUT,5307,88.45,0.361,-0.3856,0.99999,-79314.3,-1321.9,0.408,-79947.5,1.321,-0.292,-0.856,601.1,0.012,1.1
NOTP_TRAIL0.5,ANY,SHORT,mkt_oi,up,TRAIN,13112,71.26,0.34,-0.0497,0.96051,-18073.2,-98.22,0.833,-30883.9,1.444,-0.034,-0.291,194.2,0.045,3.18
NOTP_TRAIL0.5,ANY,SHORT,mkt_oi,up,VALID,11546,129.73,0.353,-0.0409,0.90932,-12393.9,-139.26,0.852,-18529.8,1.535,-0.027,-0.29,194.9,0.033,4.27
NOTP_TRAIL0.5,ANY,SHORT,mkt_oi,up,TEST,6667,72.47,0.316,-0.1029,0.99829,-11443.8,-124.39,0.746,-12427.6,1.348,-0.076,-0.298,174.8,0.042,3.01
NOTP_TRAIL0.5,ANY,SHORT,mkt_oi,up,HOLDOUT,5307,88.45,0.24,-0.1843,1.0,-33691.3,-561.52,0.359,-34324.1,1.321,-0.14,-0.335,142.6,0.046,4.08
NOTP_TRAIL1,ANY,SHORT,mkt_oi,up,TRAIN,13112,71.26,0.426,0.0278,0.31468,17185.5,93.4,1.098,-35790.5,1.444,0.019,-0.531,622.2,0.019,1.35
NOTP_TRAIL1,ANY,SHORT,mkt_oi,up,VALID,11546,129.73,0.462,0.1358,0.02855,37394.1,420.16,1.29,-21703.2,1.535,0.088,-0.509,684.7,0.012,1.54
NOTP_TRAIL1,ANY,SHORT,mkt_oi,up,TEST,6667,72.47,0.367,-0.0662,0.75462,-4581.9,-49.8,0.94,-26325.0,1.348,-0.049,-0.549,589.8,0.016,1.2
NOTP_TRAIL1,ANY,SHORT,mkt_oi,up,HOLDOUT,5307,88.45,0.236,-0.3183,0.99999,-64094.6,-1068.24,0.381,-66956.6,1.321,-0.241,-0.637,477.4,0.019,1.65
NOTP_TRAIL1.5,ANY,SHORT,mkt_oi,up,TRAIN,13112,71.26,0.435,0.0239,0.36264,22463.7,122.09,1.104,-44598.0,1.444,0.017,-0.676,876.3,0.014,0.99
NOTP_TRAIL1.5,ANY,SHORT,mkt_oi,up,VALID,11546,129.73,0.484,0.1649,0.03148,47161.2,529.9,1.303,-25249.5,1.535,0.107,-0.645,939.0,0.009,1.13
NOTP_TRAIL1.5,ANY,SHORT,mkt_oi,up,TEST,6667,72.47,0.379,-0.0648,0.68416,-1261.9,-13.72,0.987,-36932.9,1.348,-0.048,-0.712,860.4,0.014,1.0
NOTP_TRAIL1.5,ANY,SHORT,mkt_oi,up,HOLDOUT,5307,88.45,0.255,-0.41,0.99999,-83618.6,-1393.64,0.383,-85078.4,1.321,-0.31,-0.838,704.3,0.011,0.97
TIME15m,ANY,SHORT,mkt_oi,up,TRAIN,13112,71.26,0.402,-0.0376,1.0,-14074.5,-76.49,0.648,-14297.5,1.444,-0.026,-0.14,15.0,0.323,22.99
TIME15m,ANY,SHORT,mkt_oi,up,VALID,11546,129.73,0.384,-0.0416,1.0,-12436.1,-139.73,0.62,-13022.7,1.535,-0.027,-0.138,15.0,0.304,39.42
TIME15m,ANY,SHORT,mkt_oi,up,TEST,6667,72.47,0.36,-0.0567,1.0,-7720.8,-83.92,0.562,-7739.8,1.348,-0.042,-0.14,15.0,0.322,23.36
TIME15m,ANY,SHORT,mkt_oi,up,HOLDOUT,5307,88.45,0.395,-0.0524,1.0,-7339.6,-122.33,0.607,-7344.9,1.321,-0.04,-0.163,15.0,0.318,28.12
TIME30m,ANY,SHORT,mkt_oi,up,TRAIN,13112,71.26,0.421,-0.0389,1.0,-15879.3,-86.3,0.699,-16658.3,1.444,-0.027,-0.195,29.9,0.18,12.85
TIME30m,ANY,SHORT,mkt_oi,up,VALID,11546,129.73,0.426,-0.0316,0.99981,-10106.5,-113.56,0.758,-10810.0,1.535,-0.021,-0.195,29.9,0.164,21.26
TIME30m,ANY,SHORT,mkt_oi,up,TEST,6667,72.47,0.396,-0.0628,1.0,-8960.0,-97.39,0.606,-8978.1,1.348,-0.047,-0.202,29.9,0.173,12.52
TIME30m,ANY,SHORT,mkt_oi,up,HOLDOUT,5307,88.45,0.388,-0.0785,1.0,-12220.0,-203.67,0.555,-12258.9,1.321,-0.059,-0.239,29.7,0.17,15.0
TIME1h,ANY,SHORT,mkt_oi,up,TRAIN,13112,71.26,0.453,-0.0401,0.99802,-17718.9,-96.3,0.747,-19357.1,1.444,-0.028,-0.273,59.4,0.094,6.72
TIME1h,ANY,SHORT,mkt_oi,up,VALID,11546,129.73,0.483,-0.0121,0.7544,-5620.4,-63.15,0.894,-8194.9,1.535,-0.008,-0.268,59.5,0.085,10.98
TIME1h,ANY,SHORT,mkt_oi,up,TEST,6667,72.47,0.442,-0.0609,0.9999,-7852.6,-85.35,0.731,-7942.5,1.348,-0.045,-0.279,59.3,0.089,6.43
TIME1h,ANY,SHORT,mkt_oi,up,HOLDOUT,5307,88.45,0.404,-0.0972,0.99998,-16238.3,-270.64,0.55,-16241.4,1.321,-0.074,-0.33,58.7,0.088,7.82
TIME2h,ANY,SHORT,mkt_oi,up,TRAIN,13112,71.26,0.499,-0.012,0.67446,-7631.6,-41.48,0.914,-18864.9,1.444,-0.008,-0.361,116.6,0.054,3.84
TIME2h,ANY,SHORT,mkt_oi,up,VALID,11546,129.73,0.518,0.0165,0.29253,3668.0,41.21,1.054,-8883.4,1.535,0.011,-0.355,116.2,0.046,6.02
TIME2h,ANY,SHORT,mkt_oi,up,TEST,6667,72.47,0.467,-0.0547,0.9685,-6391.9,-69.48,0.836,-7331.6,1.348,-0.041,-0.38,115.9,0.05,3.64
TIME2h,ANY,SHORT,mkt_oi,up,HOLDOUT,5307,88.45,0.418,-0.131,0.99985,-21347.2,-355.79,0.557,-21401.0,1.321,-0.099,-0.445,113.4,0.05,4.42
TIME4h,ANY,SHORT,mkt_oi,up,TRAIN,13112,71.26,0.513,0.0146,0.36487,194.1,1.05,1.002,-25033.2,1.444,0.01,-0.465,221.4,0.033,2.35
TIME4h,ANY,SHORT,mkt_oi,up,VALID,11546,129.73,0.559,0.0689,0.0783,18625.1,209.27,1.214,-11922.8,1.535,0.045,-0.457,219.6,0.028,3.6
TIME4h,ANY,SHORT,mkt_oi,up,TEST,6667,72.47,0.526,-0.019,0.65271,664.8,7.23,1.014,-7413.8,1.348,-0.014,-0.485,218.6,0.032,2.32
TIME4h,ANY,SHORT,mkt_oi,up,HOLDOUT,5307,88.45,0.408,-0.1926,0.99963,-35303.8,-588.4,0.494,-36036.6,1.321,-0.146,-0.583,211.2,0.03,2.63
SIG_OFF,ANY,SHORT,mkt_oi,up,TRAIN,13112,71.26,0.394,-0.0393,0.99626,-14994.4,-81.49,0.712,-19606.9,1.444,-0.027,-0.181,65.3,0.143,10.21
SIG_OFF,ANY,SHORT,mkt_oi,up,VALID,11546,129.73,0.387,-0.0207,0.95289,-8153.8,-91.62,0.801,-11031.7,1.535,-0.013,-0.179,78.0,0.116,15.02
SIG_OFF,ANY,SHORT,mkt_oi,up,TEST,6667,72.47,0.359,-0.0447,0.97026,-5303.9,-57.65,0.757,-6223.5,1.348,-0.033,-0.181,69.4,0.136,9.87
SIG_OFF,ANY,SHORT,mkt_oi,up,HOLDOUT,5307,88.45,0.383,-0.0718,1.0,-11813.4,-196.89,0.525,-12598.6,1.321,-0.054,-0.206,46.7,0.155,13.67
MOM_OFF,ANY,SHORT,mkt_oi,up,TRAIN,13112,71.26,0.342,-0.0476,0.99869,-21614.1,-117.47,0.631,-23701.7,1.444,-0.033,-0.192,46.6,0.157,11.16
MOM_OFF,ANY,SHORT,mkt_oi,up,VALID,11546,129.73,0.354,-0.012,0.69124,-6819.3,-76.62,0.844,-8998.6,1.535,-0.008,-0.188,51.4,0.129,16.79
MOM_OFF,ANY,SHORT,mkt_oi,up,TEST,6667,72.47,0.312,-0.0532,0.99543,-7724.8,-83.97,0.681,-7754.0,1.348,-0.039,-0.189,46.4,0.142,10.29
MOM_OFF,ANY,SHORT,mkt_oi,up,HOLDOUT,5307,88.45,0.32,-0.086,1.0,-14091.7,-234.86,0.461,-14114.9,1.321,-0.065,-0.206,35.9,0.171,15.13
FIXED,ANY,LONG,mkt_oi,up,TRAIN,12755,69.32,0.343,-0.2441,0.99997,-100827.4,-547.98,0.652,-106044.4,1.401,-0.174,-0.859,709.9,0.016,1.08
FIXED,ANY,LONG,mkt_oi,up,VALID,9854,110.72,0.305,-0.3378,1.0,-89177.4,-1001.99,0.589,-92339.6,1.336,-0.253,-0.861,677.9,0.014,1.54
FIXED,ANY,LONG,mkt_oi,up,TEST,6293,68.4,0.458,0.0193,0.41477,1647.2,17.9,1.017,-30040.1,1.802,0.011,-0.768,685.0,0.014,0.92
FIXED,ANY,LONG,mkt_oi,up,HOLDOUT,5798,96.63,0.591,0.3662,0.00228,78980.9,1316.35,1.899,-35024.4,2.479,0.148,-0.777,663.3,0.01,1.0
TRAIL_A0.5_D0.5,ANY,LONG,mkt_oi,up,TRAIN,12755,69.32,0.494,-0.1984,1.0,-76991.8,-418.43,0.596,-78082.0,1.401,-0.142,-0.648,415.0,0.025,1.71
TRAIL_A0.5_D0.5,ANY,LONG,mkt_oi,up,VALID,9854,110.72,0.447,-0.2684,1.0,-74458.0,-836.61,0.504,-74955.4,1.336,-0.201,-0.657,394.3,0.025,2.72
TRAIL_A0.5_D0.5,ANY,LONG,mkt_oi,up,TEST,6293,68.4,0.509,-0.1044,0.97511,-13599.6,-147.82,0.797,-22296.6,1.802,-0.058,-0.602,397.7,0.023,1.57
TRAIL_A0.5_D0.5,ANY,LONG,mkt_oi,up,HOLDOUT,5798,96.63,0.644,0.1146,0.07103,31201.9,520.03,1.567,-18553.7,2.479,0.046,-0.56,362.2,0.018,1.72
TRAIL_A0.5_D1,ANY,LONG,mkt_oi,up,TRAIN,12755,69.32,0.316,-0.2202,1.0,-89044.6,-483.94,0.61,-89077.9,1.401,-0.157,-0.689,539.4,0.02,1.38
TRAIL_A0.5_D1,ANY,LONG,mkt_oi,up,VALID,9854,110.72,0.281,-0.3025,1.0,-82275.6,-924.44,0.535,-83285.4,1.336,-0.226,-0.699,499.8,0.019,2.12
TRAIL_A0.5_D1,ANY,LONG,mkt_oi,up,TEST,6293,68.4,0.403,-0.0294,0.66263,-5777.3,-62.8,0.928,-24459.1,1.802,-0.016,-0.643,525.8,0.017,1.17
TRAIL_A0.5_D1,ANY,LONG,mkt_oi,up,HOLDOUT,5798,96.63,0.495,0.2015,0.0274,49348.6,822.48,1.695,-22269.6,2.479,0.081,-0.63,488.1,0.013,1.3
TRAIL_A1_D0.5,ANY,LONG,mkt_oi,up,TRAIN,12755,69.32,0.424,-0.226,0.99999,-89018.2,-483.79,0.658,-89832.9,1.401,-0.161,-0.797,598.9,0.017,1.21
TRAIL_A1_D0.5,ANY,LONG,mkt_oi,up,VALID,9854,110.72,0.386,-0.3082,1.0,-82489.4,-926.85,0.581,-84613.8,1.336,-0.231,-0.8,569.9,0.017,1.91
TRAIL_A1_D0.5,ANY,LONG,mkt_oi,up,TEST,6293,68.4,0.516,-0.0391,0.69981,-6521.6,-70.89,0.926,-28698.4,1.802,-0.022,-0.723,576.4,0.015,1.02
TRAIL_A1_D0.5,ANY,LONG,mkt_oi,up,HOLDOUT,5798,96.63,0.642,0.2528,0.00877,59156.4,985.94,1.769,-27166.8,2.479,0.102,-0.697,545.7,0.014,1.35
TRAIL_A1_D1,ANY,LONG,mkt_oi,up,TRAIN,12755,69.32,0.385,-0.2355,0.99999,-95022.4,-516.43,0.636,-97142.3,1.401,-0.168,-0.798,638.4,0.017,1.15
TRAIL_A1_D1,ANY,LONG,mkt_oi,up,VALID,9854,110.72,0.346,-0.3172,1.0,-84497.0,-949.4,0.572,-86769.4,1.336,-0.237,-0.801,602.5,0.016,1.81
TRAIL_A1_D1,ANY,LONG,mkt_oi,up,TEST,6293,68.4,0.472,-0.0068,0.53344,-3282.5,-35.68,0.963,-28371.0,1.802,-0.004,-0.724,615.3,0.015,1.0
TRAIL_A1_D1,ANY,LONG,mkt_oi,up,HOLDOUT,5798,96.63,0.605,0.2859,0.00665,65469.1,1091.15,1.848,-28052.9,2.479,0.115,-0.71,588.0,0.012,1.17
BE0.5_TRAIL,ANY,LONG,mkt_oi,up,TRAIN,12755,69.32,0.275,-0.2237,1.0,-87007.8,-472.87,0.554,-87024.1,1.401,-0.16,-0.65,470.1,0.022,1.55
BE0.5_TRAIL,ANY,LONG,mkt_oi,up,VALID,9854,110.72,0.248,-0.2966,1.0,-81832.0,-919.46,0.467,-82571.4,1.336,-0.222,-0.659,433.3,0.021,2.29
BE0.5_TRAIL,ANY,LONG,mkt_oi,up,TEST,6293,68.4,0.334,-0.0887,0.9304,-13574.1,-147.54,0.803,-22793.7,1.802,-0.049,-0.605,449.5,0.02,1.4
BE0.5_TRAIL,ANY,LONG,mkt_oi,up,HOLDOUT,5798,96.63,0.416,0.1549,0.04442,40029.4,667.16,1.7,-19978.1,2.479,0.062,-0.575,423.4,0.016,1.5
BE1_TRAIL,ANY,LONG,mkt_oi,up,TRAIN,12755,69.32,0.288,-0.2722,1.0,-105912.7,-575.61,0.597,-106465.8,1.401,-0.194,-0.8,676.6,0.016,1.09
BE1_TRAIL,ANY,LONG,mkt_oi,up,VALID,9854,110.72,0.256,-0.348,1.0,-91963.5,-1033.3,0.538,-94460.6,1.336,-0.26,-0.803,629.0,0.015,1.69
BE1_TRAIL,ANY,LONG,mkt_oi,up,TEST,6293,68.4,0.399,-0.0045,0.52078,-4348.2,-47.26,0.951,-29107.6,1.802,-0.002,-0.726,662.0,0.014,0.98
BE1_TRAIL,ANY,LONG,mkt_oi,up,HOLDOUT,5798,96.63,0.502,0.3385,0.00464,77069.0,1284.48,1.985,-29045.0,2.479,0.137,-0.725,648.5,0.01,1.0
ATR_TRAIL2,ANY,LONG,mkt_oi,up,TRAIN,12755,69.32,0.269,-0.143,1.0,-50165.3,-272.64,0.54,-50307.3,1.401,-0.102,-0.306,123.6,0.06,4.18
ATR_TRAIL2,ANY,LONG,mkt_oi,up,VALID,9854,110.72,0.25,-0.1618,1.0,-38713.8,-434.99,0.528,-39330.1,1.336,-0.121,-0.307,110.2,0.061,6.71
ATR_TRAIL2,ANY,LONG,mkt_oi,up,TEST,6293,68.4,0.252,-0.1558,1.0,-21247.7,-230.95,0.53,-21358.4,1.802,-0.086,-0.299,112.3,0.059,4.02
ATR_TRAIL2,ANY,LONG,mkt_oi,up,HOLDOUT,5798,96.63,0.35,-0.0253,0.72126,-4092.1,-68.2,0.91,-16369.3,2.479,-0.01,-0.307,117.1,0.046,4.4
ATR_TRAIL3,ANY,LONG,mkt_oi,up,TRAIN,12755,69.32,0.282,-0.1641,1.0,-58956.9,-320.42,0.591,-59177.1,1.401,-0.117,-0.427,246.0,0.035,2.43
ATR_TRAIL3,ANY,LONG,mkt_oi,up,VALID,9854,110.72,0.241,-0.2281,1.0,-58893.6,-661.73,0.478,-59352.8,1.336,-0.171,-0.43,217.4,0.036,3.93
ATR_TRAIL3,ANY,LONG,mkt_oi,up,TEST,6293,68.4,0.277,-0.138,0.99978,-20848.7,-226.62,0.651,-20964.6,1.802,-0.077,-0.416,238.7,0.032,2.16
ATR_TRAIL3,ANY,LONG,mkt_oi,up,HOLDOUT,5798,96.63,0.373,0.0419,0.28702,8671.2,144.52,1.149,-24631.2,2.479,0.017,-0.425,238.0,0.025,2.42
ATR_TRAIL4,ANY,LONG,mkt_oi,up,TRAIN,12755,69.32,0.281,-0.199,1.0,-73046.1,-396.99,0.59,-74166.7,1.401,-0.142,-0.541,384.3,0.025,1.73
ATR_TRAIL4,ANY,LONG,mkt_oi,up,VALID,9854,110.72,0.226,-0.2854,1.0,-75852.8,-852.28,0.468,-77293.6,1.336,-0.214,-0.547,344.5,0.022,2.4
ATR_TRAIL4,ANY,LONG,mkt_oi,up,TEST,6293,68.4,0.307,-0.095,0.94032,-17965.8,-195.28,0.751,-23551.2,1.802,-0.053,-0.528,407.3,0.021,1.45
ATR_TRAIL4,ANY,LONG,mkt_oi,up,HOLDOUT,5798,96.63,0.391,0.1395,0.10124,27456.6,457.61,1.393,-33185.1,2.479,0.056,-0.55,404.9,0.016,1.58
MFE_LOCK0.3,ANY,LONG,mkt_oi,up,TRAIN,12755,69.32,0.424,-0.2283,1.0,-84553.2,-459.53,0.675,-85107.4,1.401,-0.163,-0.797,593.9,0.017,1.21
MFE_LOCK0.3,ANY,LONG,mkt_oi,up,VALID,9854,110.72,0.386,-0.3077,1.0,-81166.4,-911.98,0.588,-83119.4,1.336,-0.23,-0.8,566.2,0.018,1.97
MFE_LOCK0.3,ANY,LONG,mkt_oi,up,TEST,6293,68.4,0.517,-0.0427,0.71737,-6153.9,-66.89,0.93,-28021.5,1.802,-0.024,-0.723,576.8,0.015,1.04
MFE_LOCK0.3,ANY,LONG,mkt_oi,up,HOLDOUT,5798,96.63,0.643,0.2456,0.00847,58714.8,978.58,1.763,-26780.0,2.479,0.099,-0.697,546.4,0.013,1.23
MFE_LOCK0.5,ANY,LONG,mkt_oi,up,TRAIN,12755,69.32,0.423,-0.2632,1.0,-100881.2,-548.27,0.613,-101021.5,1.401,-0.188,-0.797,639.5,0.017,1.17
MFE_LOCK0.5,ANY,LONG,mkt_oi,up,VALID,9854,110.72,0.386,-0.3328,1.0,-90595.3,-1017.93,0.54,-93081.8,1.336,-0.249,-0.801,596.0,0.016,1.76
MFE_LOCK0.5,ANY,LONG,mkt_oi,up,TEST,6293,68.4,0.515,-0.0597,0.78579,-10118.7,-109.99,0.885,-28924.2,1.802,-0.033,-0.723,634.1,0.015,1.02
MFE_LOCK0.5,ANY,LONG,mkt_oi,up,HOLDOUT,5798,96.63,0.642,0.2671,0.00989,60482.3,1008.04,1.786,-24063.1,2.479,0.108,-0.717,616.9,0.011,1.05
NOTP_TRAIL0.5,ANY,LONG,mkt_oi,up,TRAIN,12755,69.32,0.261,-0.1579,1.0,-58638.6,-318.69,0.506,-58696.5,1.401,-0.113,-0.324,149.1,0.053,3.7
NOTP_TRAIL0.5,ANY,LONG,mkt_oi,up,VALID,9854,110.72,0.258,-0.167,1.0,-41691.2,-468.44,0.522,-42345.9,1.336,-0.125,-0.32,130.3,0.055,6.08
NOTP_TRAIL0.5,ANY,LONG,mkt_oi,up,TEST,6293,68.4,0.26,-0.1538,1.0,-20390.8,-221.64,0.567,-20441.2,1.802,-0.085,-0.311,130.9,0.055,3.75
NOTP_TRAIL0.5,ANY,LONG,mkt_oi,up,HOLDOUT,5798,96.63,0.355,-0.0003,0.50238,-11.4,-0.19,1.0,-17062.4,2.479,-0.0,-0.315,132.6,0.04,3.88
NOTP_TRAIL1,ANY,LONG,mkt_oi,up,TRAIN,12755,69.32,0.292,-0.235,1.0,-92461.5,-502.51,0.559,-92571.0,1.401,-0.168,-0.611,502.6,0.02,1.4
NOTP_TRAIL1,ANY,LONG,mkt_oi,up,VALID,9854,110.72,0.257,-0.3098,1.0,-83813.2,-941.72,0.487,-85353.5,1.336,-0.232,-0.613,440.5,0.02,2.19
NOTP_TRAIL1,ANY,LONG,mkt_oi,up,TEST,6293,68.4,0.365,-0.0573,0.81488,-10997.7,-119.54,0.857,-23631.9,1.802,-0.032,-0.578,499.7,0.018,1.22
NOTP_TRAIL1,ANY,LONG,mkt_oi,up,HOLDOUT,5798,96.63,0.458,0.1997,0.03367,47843.7,797.39,1.68,-25922.9,2.479,0.081,-0.576,471.4,0.015,1.45
NOTP_TRAIL1.5,ANY,LONG,mkt_oi,up,TRAIN,12755,69.32,0.281,-0.3074,1.0,-119794.6,-651.06,0.559,-121736.3,1.401,-0.219,-0.787,734.3,0.015,1.07
NOTP_TRAIL1.5,ANY,LONG,mkt_oi,up,VALID,9854,110.72,0.25,-0.3846,1.0,-103426.1,-1162.09,0.496,-107789.5,1.336,-0.288,-0.791,673.5,0.013,1.49
NOTP_TRAIL1.5,ANY,LONG,mkt_oi,up,TEST,6293,68.4,0.404,0.0074,0.4685,-5520.9,-60.01,0.94,-31442.2,1.802,0.004,-0.718,763.4,0.014,0.93
NOTP_TRAIL1.5,ANY,LONG,mkt_oi,up,HOLDOUT,5798,96.63,0.511,0.4455,0.00467,91244.2,1520.74,2.089,-27950.4,2.479,0.18,-0.793,775.3,0.009,0.9
TIME15m,ANY,LONG,mkt_oi,up,TRAIN,12755,69.32,0.366,-0.0497,1.0,-16801.0,-91.31,0.593,-17000.1,1.401,-0.035,-0.147,15.0,0.325,22.51
TIME15m,ANY,LONG,mkt_oi,up,VALID,9854,110.72,0.361,-0.0513,1.0,-12256.3,-137.71,0.595,-12421.4,1.336,-0.038,-0.149,15.0,0.349,38.69
TIME15m,ANY,LONG,mkt_oi,up,TEST,6293,68.4,0.363,-0.0471,1.0,-5471.2,-59.47,0.663,-5622.0,1.802,-0.026,-0.145,15.0,0.341,23.32
TIME15m,ANY,LONG,mkt_oi,up,HOLDOUT,5798,96.63,0.419,-0.0238,0.99043,-4212.5,-70.21,0.775,-5250.6,2.479,-0.01,-0.15,15.0,0.285,27.52
TIME30m,ANY,LONG,mkt_oi,up,TRAIN,12755,69.32,0.379,-0.0556,1.0,-19475.1,-105.84,0.642,-19890.1,1.401,-0.04,-0.208,29.9,0.183,12.67
TIME30m,ANY,LONG,mkt_oi,up,VALID,9854,110.72,0.378,-0.0598,1.0,-15176.8,-170.53,0.623,-15385.5,1.336,-0.045,-0.211,29.9,0.191,21.12
TIME30m,ANY,LONG,mkt_oi,up,TEST,6293,68.4,0.389,-0.0463,1.0,-5372.2,-58.39,0.744,-5727.9,1.802,-0.026,-0.203,29.9,0.183,12.53
TIME30m,ANY,LONG,mkt_oi,up,HOLDOUT,5798,96.63,0.438,-0.0207,0.88958,-3511.7,-58.53,0.859,-6423.5,2.479,-0.008,-0.213,29.8,0.153,14.8
TIME1h,ANY,LONG,mkt_oi,up,TRAIN,12755,69.32,0.404,-0.0572,0.99993,-20031.7,-108.87,0.721,-21697.7,1.401,-0.041,-0.288,59.4,0.097,6.7
TIME1h,ANY,LONG,mkt_oi,up,VALID,9854,110.72,0.385,-0.0765,1.0,-18850.6,-211.8,0.664,-19238.2,1.336,-0.057,-0.3,59.4,0.1,11.09
TIME1h,ANY,LONG,mkt_oi,up,TEST,6293,68.4,0.394,-0.0545,0.99972,-6964.5,-75.7,0.762,-7784.9,1.802,-0.03,-0.284,59.3,0.094,6.45
TIME1h,ANY,LONG,mkt_oi,up,HOLDOUT,5798,96.63,0.471,0.0044,0.43857,1265.4,21.09,1.042,-6906.4,2.479,0.002,-0.291,59.0,0.079,7.65
TIME2h,ANY,LONG,mkt_oi,up,TRAIN,12755,69.32,0.407,-0.0747,0.99848,-25674.8,-139.54,0.74,-26826.2,1.401,-0.053,-0.393,116.5,0.054,3.78
TIME2h,ANY,LONG,mkt_oi,up,VALID,9854,110.72,0.379,-0.1046,0.99999,-27022.6,-303.62,0.661,-27623.1,1.336,-0.078,-0.414,116.0,0.055,6.06
TIME2h,ANY,LONG,mkt_oi,up,TEST,6293,68.4,0.394,-0.0688,0.99744,-10270.2,-111.63,0.745,-11196.1,1.802,-0.038,-0.388,116.1,0.054,3.66
TIME2h,ANY,LONG,mkt_oi,up,HOLDOUT,5798,96.63,0.496,0.0421,0.18053,7428.0,123.8,1.192,-9146.8,2.479,0.017,-0.38,114.5,0.044,4.22
TIME4h,ANY,LONG,mkt_oi,up,TRAIN,12755,69.32,0.416,-0.096,0.99379,-32113.4,-174.53,0.764,-32193.4,1.401,-0.069,-0.529,219.0,0.034,2.33
TIME4h,ANY,LONG,mkt_oi,up,VALID,9854,110.72,0.37,-0.1499,0.99991,-40130.6,-450.91,0.641,-41188.8,1.336,-0.112,-0.551,216.8,0.032,3.58
TIME4h,ANY,LONG,mkt_oi,up,TEST,6293,68.4,0.392,-0.0948,0.99502,-13833.7,-150.37,0.753,-16181.6,1.802,-0.053,-0.523,219.3,0.033,2.23
TIME4h,ANY,LONG,mkt_oi,up,HOLDOUT,5798,96.63,0.52,0.101,0.0891,20294.9,338.25,1.41,-12769.8,2.479,0.041,-0.493,214.9,0.026,2.52
SIG_OFF,ANY,LONG,mkt_oi,up,TRAIN,12755,69.32,0.346,-0.0669,1.0,-23315.1,-126.71,0.558,-23830.2,1.401,-0.048,-0.183,44.8,0.141,9.8
SIG_OFF,ANY,LONG,mkt_oi,up,VALID,9854,110.72,0.347,-0.0617,1.0,-15962.4,-179.35,0.589,-16369.3,1.336,-0.046,-0.185,45.7,0.127,14.04
SIG_OFF,ANY,LONG,mkt_oi,up,TEST,6293,68.4,0.36,-0.0269,0.97486,-1819.3,-19.78,0.912,-4401.7,1.802,-0.015,-0.185,71.3,0.118,8.09
SIG_OFF,ANY,LONG,mkt_oi,up,HOLDOUT,5798,96.63,0.406,-0.0105,0.71059,-2342.3,-39.04,0.899,-7375.3,2.479,-0.004,-0.196,45.9,0.105,10.12
MOM_OFF,ANY,LONG,mkt_oi,up,TRAIN,12755,69.32,0.294,-0.063,1.0,-21831.5,-118.65,0.649,-21944.4,1.401,-0.045,-0.203,45.1,0.148,10.27
MOM_OFF,ANY,LONG,mkt_oi,up,VALID,9854,110.72,0.286,-0.0657,1.0,-16355.4,-183.77,0.646,-16462.1,1.336,-0.049,-0.203,43.1,0.146,16.2
MOM_OFF,ANY,LONG,mkt_oi,up,TEST,6293,68.4,0.29,-0.0528,0.99999,-7076.1,-76.91,0.709,-8096.3,1.802,-0.029,-0.197,45.0,0.14,9.54
MOM_OFF,ANY,LONG,mkt_oi,up,HOLDOUT,5798,96.63,0.338,-0.0076,0.61339,-2583.2,-43.05,0.913,-9119.6,2.479,-0.003,-0.219,51.4,0.104,10.07
FIXED,ANY,LONG,mkt_trend,bull,TRAIN,29497,160.31,0.355,-0.2237,1.0,-158757.5,-862.81,0.717,-160517.1,1.51,-0.148,-0.873,640.3,0.011,1.8
FIXED,ANY,LONG,mkt_trend,bull,VALID,24047,270.19,0.413,-0.0859,0.96533,-45912.7,-515.87,0.893,-61674.6,1.743,-0.049,-0.802,697.4,0.01,2.61
FIXED,ANY,LONG,mkt_trend,bull,TEST,14794,160.8,0.413,-0.1014,0.96257,-44756.1,-486.48,0.829,-85189.9,1.672,-0.061,-0.8,704.1,0.01,1.68
FIXED,ANY,LONG,mkt_trend,bull,HOLDOUT,18590,309.83,0.498,0.1209,0.03481,89448.0,1490.8,1.262,-71140.8,2.004,0.06,-0.803,684.8,0.008,2.63
TRAIL_A0.5_D0.5,ANY,LONG,mkt_trend,bull,TRAIN,29497,160.31,0.493,-0.1862,1.0,-128983.1,-701.0,0.641,-130892.3,1.51,-0.123,-0.639,364.6,0.02,3.16
TRAIL_A0.5_D0.5,ANY,LONG,mkt_trend,bull,VALID,24047,270.19,0.506,-0.1548,1.0,-90858.4,-1020.88,0.691,-92059.1,1.743,-0.089,-0.613,388.0,0.018,4.89
TRAIL_A0.5_D0.5,ANY,LONG,mkt_trend,bull,TEST,14794,160.8,0.52,-0.1234,0.99962,-48244.1,-524.39,0.721,-62685.4,1.672,-0.074,-0.596,388.9,0.018,2.83
TRAIL_A0.5_D0.5,ANY,LONG,mkt_trend,bull,HOLDOUT,18590,309.83,0.607,0.0178,0.31952,30950.2,515.84,1.146,-36205.1,2.004,0.009,-0.563,364.4,0.015,4.57
TRAIL_A0.5_D1,ANY,LONG,mkt_trend,bull,TRAIN,29497,160.31,0.329,-0.191,1.0,-136854.6,-743.77,0.686,-138232.5,1.51,-0.126,-0.688,482.1,0.015,2.38
TRAIL_A0.5_D1,ANY,LONG,mkt_trend,bull,VALID,24047,270.19,0.351,-0.1402,0.99995,-81443.0,-915.09,0.771,-86066.7,1.743,-0.08,-0.657,511.4,0.014,3.72
TRAIL_A0.5_D1,ANY,LONG,mkt_trend,bull,TEST,14794,160.8,0.363,-0.1129,0.99322,-47168.3,-512.7,0.776,-70506.6,1.672,-0.068,-0.641,515.7,0.013,2.15
TRAIL_A0.5_D1,ANY,LONG,mkt_trend,bull,HOLDOUT,18590,309.83,0.427,0.0365,0.23509,44957.5,749.29,1.167,-56602.2,2.004,0.018,-0.619,491.7,0.011,3.47
TRAIL_A1_D0.5,ANY,LONG,mkt_trend,bull,TRAIN,29497,160.31,0.443,-0.2052,1.0,-145457.7,-790.53,0.709,-148065.1,1.51,-0.136,-0.798,533.0,0.013,2.1
TRAIL_A1_D0.5,ANY,LONG,mkt_trend,bull,VALID,24047,270.19,0.478,-0.1325,0.99969,-75254.7,-845.56,0.808,-83955.6,1.743,-0.076,-0.751,575.9,0.012,3.16
TRAIL_A1_D0.5,ANY,LONG,mkt_trend,bull,TEST,14794,160.8,0.487,-0.1092,0.98764,-47796.0,-519.52,0.798,-75724.0,1.672,-0.065,-0.739,581.6,0.014,2.18
TRAIL_A1_D0.5,ANY,LONG,mkt_trend,bull,HOLDOUT,18590,309.83,0.569,0.0705,0.09342,64322.3,1072.04,1.214,-56318.3,2.004,0.035,-0.719,555.8,0.01,3.02
TRAIL_A1_D1,ANY,LONG,mkt_trend,bull,TRAIN,29497,160.31,0.397,-0.2056,1.0,-148605.3,-807.64,0.703,-150375.6,1.51,-0.136,-0.801,571.6,0.012,1.92
TRAIL_A1_D1,ANY,LONG,mkt_trend,bull,VALID,24047,270.19,0.433,-0.1204,0.99824,-68621.4,-771.03,0.826,-77973.1,1.743,-0.069,-0.753,616.2,0.011,3.01
TRAIL_A1_D1,ANY,LONG,mkt_trend,bull,TEST,14794,160.8,0.44,-0.1051,0.97893,-46248.3,-502.7,0.805,-77586.3,1.672,-0.063,-0.741,622.0,0.012,1.86
TRAIL_A1_D1,ANY,LONG,mkt_trend,bull,HOLDOUT,18590,309.83,0.525,0.0795,0.08562,69164.6,1152.74,1.229,-63925.7,2.004,0.04,-0.726,600.6,0.009,2.87
BE0.5_TRAIL,ANY,LONG,mkt_trend,bull,TRAIN,29497,160.31,0.287,-0.2036,1.0,-139700.3,-759.24,0.622,-140433.7,1.51,-0.135,-0.643,419.1,0.017,2.74
BE0.5_TRAIL,ANY,LONG,mkt_trend,bull,VALID,24047,270.19,0.297,-0.1718,1.0,-99736.1,-1120.63,0.671,-100138.3,1.743,-0.099,-0.616,437.1,0.017,4.54
BE0.5_TRAIL,ANY,LONG,mkt_trend,bull,TEST,14794,160.8,0.313,-0.1258,0.99914,-50033.2,-543.84,0.719,-65392.8,1.672,-0.075,-0.599,443.5,0.016,2.5
BE0.5_TRAIL,ANY,LONG,mkt_trend,bull,HOLDOUT,18590,309.83,0.37,0.0171,0.34986,31789.3,529.82,1.145,-46714.5,2.004,0.009,-0.571,422.4,0.012,3.8
BE1_TRAIL,ANY,LONG,mkt_trend,bull,TRAIN,29497,160.31,0.302,-0.2287,1.0,-159802.2,-868.49,0.684,-160473.1,1.51,-0.151,-0.804,612.9,0.011,1.84
BE1_TRAIL,ANY,LONG,mkt_trend,bull,VALID,24047,270.19,0.345,-0.1369,0.99935,-73406.5,-824.79,0.815,-80838.5,1.743,-0.079,-0.754,656.1,0.011,2.93
BE1_TRAIL,ANY,LONG,mkt_trend,bull,TEST,14794,160.8,0.35,-0.1178,0.98471,-49109.0,-533.79,0.795,-81822.4,1.672,-0.07,-0.742,662.5,0.011,1.77
BE1_TRAIL,ANY,LONG,mkt_trend,bull,HOLDOUT,18590,309.83,0.416,0.0766,0.1159,69941.2,1165.69,1.229,-67726.0,2.004,0.038,-0.733,650.2,0.009,2.73
ATR_TRAIL2,ANY,LONG,mkt_trend,bull,TRAIN,29497,160.31,0.28,-0.139,1.0,-90055.0,-489.43,0.584,-90147.9,1.51,-0.092,-0.306,119.2,0.055,8.81
ATR_TRAIL2,ANY,LONG,mkt_trend,bull,VALID,24047,270.19,0.272,-0.146,1.0,-78957.9,-887.17,0.573,-79011.5,1.743,-0.084,-0.304,111.8,0.051,13.88
ATR_TRAIL2,ANY,LONG,mkt_trend,bull,TEST,14794,160.8,0.272,-0.1385,1.0,-48145.8,-523.32,0.567,-48270.8,1.672,-0.083,-0.301,118.3,0.051,8.27
ATR_TRAIL2,ANY,LONG,mkt_trend,bull,HOLDOUT,18590,309.83,0.333,-0.0686,0.99878,-26635.0,-443.92,0.825,-42675.0,2.004,-0.034,-0.297,117.4,0.044,13.6
ATR_TRAIL3,ANY,LONG,mkt_trend,bull,TRAIN,29497,160.31,0.281,-0.17,1.0,-117918.0,-640.86,0.59,-118018.7,1.51,-0.113,-0.433,233.6,0.028,4.46
ATR_TRAIL3,ANY,LONG,mkt_trend,bull,VALID,24047,270.19,0.276,-0.173,1.0,-100434.9,-1128.48,0.596,-100492.8,1.743,-0.099,-0.423,228.5,0.026,7.1
ATR_TRAIL3,ANY,LONG,mkt_trend,bull,TEST,14794,160.8,0.296,-0.1304,0.99998,-45044.2,-489.61,0.691,-49161.8,1.672,-0.078,-0.416,243.5,0.027,4.34
ATR_TRAIL3,ANY,LONG,mkt_trend,bull,HOLDOUT,18590,309.83,0.344,-0.056,0.9447,-20880.2,-348.0,0.896,-60525.3,2.004,-0.028,-0.412,232.6,0.022,6.68
ATR_TRAIL4,ANY,LONG,mkt_trend,bull,TRAIN,29497,160.31,0.282,-0.1854,1.0,-128403.5,-697.85,0.64,-128526.9,1.51,-0.123,-0.551,369.6,0.019,3.1
ATR_TRAIL4,ANY,LONG,mkt_trend,bull,VALID,24047,270.19,0.288,-0.1513,0.99999,-91376.4,-1026.7,0.699,-92831.8,1.743,-0.087,-0.532,382.3,0.017,4.47
ATR_TRAIL4,ANY,LONG,mkt_trend,bull,TEST,14794,160.8,0.294,-0.144,0.99972,-53525.0,-581.79,0.705,-60743.8,1.672,-0.086,-0.523,393.1,0.016,2.57
ATR_TRAIL4,ANY,LONG,mkt_trend,bull,HOLDOUT,18590,309.83,0.351,-0.0144,0.61071,5100.2,85.0,1.021,-65891.2,2.004,-0.007,-0.524,392.6,0.014,4.3
MFE_LOCK0.3,ANY,LONG,mkt_trend,bull,TRAIN,29497,160.31,0.443,-0.2088,1.0,-141881.8,-771.1,0.716,-143921.4,1.51,-0.138,-0.798,530.3,0.013,2.11
MFE_LOCK0.3,ANY,LONG,mkt_trend,bull,VALID,24047,270.19,0.478,-0.1349,0.99975,-74323.1,-835.09,0.811,-82263.1,1.743,-0.077,-0.751,572.1,0.012,3.31
MFE_LOCK0.3,ANY,LONG,mkt_trend,bull,TEST,14794,160.8,0.487,-0.1044,0.98391,-43680.7,-474.79,0.815,-71455.8,1.672,-0.062,-0.74,580.3,0.012,1.9
MFE_LOCK0.3,ANY,LONG,mkt_trend,bull,HOLDOUT,18590,309.83,0.568,0.0628,0.11496,60775.1,1012.92,1.202,-54654.1,2.004,0.031,-0.719,553.7,0.009,2.9
MFE_LOCK0.5,ANY,LONG,mkt_trend,bull,TRAIN,29497,160.31,0.442,-0.2243,1.0,-157885.2,-858.07,0.684,-158503.1,1.51,-0.149,-0.799,581.2,0.012,1.89
MFE_LOCK0.5,ANY,LONG,mkt_trend,bull,VALID,24047,270.19,0.478,-0.1462,0.99979,-84971.7,-954.74,0.784,-88611.0,1.743,-0.084,-0.751,617.0,0.012,3.16
MFE_LOCK0.5,ANY,LONG,mkt_trend,bull,TEST,14794,160.8,0.486,-0.1137,0.98259,-48979.1,-532.38,0.793,-72715.4,1.672,-0.068,-0.74,632.3,0.011,1.79
MFE_LOCK0.5,ANY,LONG,mkt_trend,bull,HOLDOUT,18590,309.83,0.568,0.0539,0.17174,56196.8,936.61,1.187,-48928.7,2.004,0.027,-0.728,611.8,0.009,2.72
NOTP_TRAIL0.5,ANY,LONG,mkt_trend,bull,TRAIN,29497,160.31,0.277,-0.146,1.0,-95771.3,-520.5,0.581,-95781.0,1.51,-0.097,-0.319,141.8,0.048,7.62
NOTP_TRAIL0.5,ANY,LONG,mkt_trend,bull,VALID,24047,270.19,0.274,-0.1493,1.0,-83840.4,-942.03,0.57,-83907.5,1.743,-0.086,-0.314,130.7,0.044,11.91
NOTP_TRAIL0.5,ANY,LONG,mkt_trend,bull,TEST,14794,160.8,0.284,-0.1343,1.0,-47405.0,-515.27,0.591,-48158.1,1.672,-0.08,-0.311,138.5,0.044,7.14
NOTP_TRAIL0.5,ANY,LONG,mkt_trend,bull,HOLDOUT,18590,309.83,0.344,-0.052,0.98277,-17781.0,-296.35,0.888,-39455.3,2.004,-0.026,-0.305,137.9,0.038,11.92
NOTP_TRAIL1,ANY,LONG,mkt_trend,bull,TRAIN,29497,160.31,0.301,-0.2011,1.0,-142106.5,-772.32,0.65,-142106.5,1.51,-0.133,-0.611,458.8,0.015,2.43
NOTP_TRAIL1,ANY,LONG,mkt_trend,bull,VALID,24047,270.19,0.317,-0.1641,1.0,-92419.4,-1038.42,0.726,-93095.4,1.743,-0.094,-0.585,467.7,0.015,3.98
NOTP_TRAIL1,ANY,LONG,mkt_trend,bull,TEST,14794,160.8,0.331,-0.1322,0.99903,-50603.4,-550.04,0.747,-66253.4,1.672,-0.079,-0.572,480.4,0.014,2.22
NOTP_TRAIL1,ANY,LONG,mkt_trend,bull,HOLDOUT,18590,309.83,0.39,-0.0013,0.50977,25040.0,417.33,1.096,-62750.6,2.004,-0.001,-0.558,462.9,0.012,3.57
NOTP_TRAIL1.5,ANY,LONG,mkt_trend,bull,TRAIN,29497,160.31,0.296,-0.2492,1.0,-175017.4,-951.18,0.663,-175017.4,1.51,-0.165,-0.788,679.8,0.011,1.76
NOTP_TRAIL1.5,ANY,LONG,mkt_trend,bull,VALID,24047,270.19,0.348,-0.113,0.98612,-63659.0,-715.27,0.845,-70668.3,1.743,-0.065,-0.743,741.7,0.009,2.42
NOTP_TRAIL1.5,ANY,LONG,mkt_trend,bull,TEST,14794,160.8,0.349,-0.1252,0.98028,-52484.1,-570.48,0.788,-85597.9,1.672,-0.075,-0.733,736.2,0.01,1.55
NOTP_TRAIL1.5,ANY,LONG,mkt_trend,bull,HOLDOUT,18590,309.83,0.424,0.1216,0.06383,89088.0,1484.8,1.278,-69220.0,2.004,0.061,-0.75,756.8,0.007,2.17
TIME15m,ANY,LONG,mkt_trend,bull,TRAIN,29497,160.31,0.36,-0.0575,1.0,-37344.2,-202.96,0.564,-37371.9,1.51,-0.038,-0.154,15.0,0.33,52.91
TIME15m,ANY,LONG,mkt_trend,bull,VALID,24047,270.19,0.366,-0.0511,1.0,-26622.7,-299.13,0.625,-26802.1,1.743,-0.029,-0.149,15.0,0.329,88.96
TIME15m,ANY,LONG,mkt_trend,bull,TEST,14794,160.8,0.358,-0.055,1.0,-17258.5,-187.59,0.596,-17276.1,1.672,-0.033,-0.147,15.0,0.33,53.13
TIME15m,ANY,LONG,mkt_trend,bull,HOLDOUT,18590,309.83,0.417,-0.0346,1.0,-12303.6,-205.06,0.79,-12900.2,2.004,-0.017,-0.145,15.0,0.306,94.75
TIME30m,ANY,LONG,mkt_trend,bull,TRAIN,29497,160.31,0.384,-0.065,1.0,-41689.2,-226.57,0.634,-41741.2,1.51,-0.043,-0.221,29.9,0.184,29.49
TIME30m,ANY,LONG,mkt_trend,bull,VALID,24047,270.19,0.389,-0.0561,1.0,-30777.6,-345.82,0.675,-30992.3,1.743,-0.032,-0.213,29.9,0.178,48.06
TIME30m,ANY,LONG,mkt_trend,bull,TEST,14794,160.8,0.389,-0.0561,1.0,-18667.2,-202.9,0.663,-18668.5,1.672,-0.034,-0.208,29.9,0.179,28.82
TIME30m,ANY,LONG,mkt_trend,bull,HOLDOUT,18590,309.83,0.434,-0.0356,0.99998,-13054.1,-217.57,0.836,-16580.8,2.004,-0.018,-0.208,29.9,0.166,51.33
TIME1h,ANY,LONG,mkt_trend,bull,TRAIN,29497,160.31,0.406,-0.072,1.0,-45751.6,-248.65,0.702,-45763.1,1.51,-0.048,-0.309,59.0,0.097,15.55
TIME1h,ANY,LONG,mkt_trend,bull,VALID,24047,270.19,0.403,-0.0632,1.0,-34284.0,-385.21,0.734,-34782.1,1.743,-0.036,-0.299,59.3,0.092,24.98
TIME1h,ANY,LONG,mkt_trend,bull,TEST,14794,160.8,0.411,-0.0547,1.0,-20413.6,-221.89,0.726,-21483.7,1.672,-0.033,-0.288,59.3,0.092,14.79
TIME1h,ANY,LONG,mkt_trend,bull,HOLDOUT,18590,309.83,0.46,-0.0187,0.89968,-5397.7,-89.96,0.948,-16386.5,2.004,-0.009,-0.292,59.1,0.086,26.65
TIME2h,ANY,LONG,mkt_trend,bull,TRAIN,29497,160.31,0.418,-0.0914,1.0,-59024.2,-320.78,0.716,-59613.1,1.51,-0.061,-0.423,114.6,0.053,8.47
TIME2h,ANY,LONG,mkt_trend,bull,VALID,24047,270.19,0.411,-0.0724,0.99997,-39392.8,-442.62,0.774,-39739.9,1.743,-0.042,-0.409,115.7,0.05,13.39
TIME2h,ANY,LONG,mkt_trend,bull,TEST,14794,160.8,0.414,-0.0684,0.99957,-24954.5,-271.24,0.752,-28830.7,1.672,-0.041,-0.39,115.8,0.051,8.14
TIME2h,ANY,LONG,mkt_trend,bull,HOLDOUT,18590,309.83,0.477,-0.0075,0.62321,1340.8,22.35,1.01,-22603.3,2.004,-0.004,-0.405,115.0,0.045,14.03
TIME4h,ANY,LONG,mkt_trend,bull,TRAIN,29497,160.31,0.423,-0.109,0.9998,-70644.2,-383.94,0.75,-70798.6,1.51,-0.072,-0.555,212.5,0.031,4.92
TIME4h,ANY,LONG,mkt_trend,bull,VALID,24047,270.19,0.425,-0.0758,0.99723,-40943.1,-460.04,0.825,-41080.7,1.743,-0.043,-0.533,216.4,0.028,7.61
TIME4h,ANY,LONG,mkt_trend,bull,TEST,14794,160.8,0.424,-0.0806,0.99402,-32586.4,-354.2,0.766,-40406.8,1.672,-0.048,-0.519,217.8,0.029,4.59
TIME4h,ANY,LONG,mkt_trend,bull,HOLDOUT,18590,309.83,0.487,0.0172,0.32094,18341.8,305.7,1.099,-28754.4,2.004,0.009,-0.529,214.8,0.025,7.75
SIG_OFF,ANY,LONG,mkt_trend,bull,TRAIN,29497,160.31,0.343,-0.0707,1.0,-44905.5,-244.05,0.604,-45082.6,1.51,-0.047,-0.203,57.2,0.109,17.52
SIG_OFF,ANY,LONG,mkt_trend,bull,VALID,24047,270.19,0.359,-0.0516,1.0,-26624.3,-299.15,0.702,-26869.9,1.743,-0.03,-0.189,57.1,0.105,28.4
SIG_OFF,ANY,LONG,mkt_trend,bull,TEST,14794,160.8,0.35,-0.0581,1.0,-19425.1,-211.14,0.653,-19795.7,1.672,-0.035,-0.19,61.9,0.096,15.46
SIG_OFF,ANY,LONG,mkt_trend,bull,HOLDOUT,18590,309.83,0.401,-0.0321,0.99951,-12877.6,-214.63,0.829,-17877.3,2.004,-0.016,-0.187,54.6,0.107,33.25
MOM_OFF,ANY,LONG,mkt_trend,bull,TRAIN,29497,160.31,0.295,-0.0687,1.0,-43610.1,-237.01,0.652,-43676.5,1.51,-0.045,-0.21,45.2,0.147,23.55
MOM_OFF,ANY,LONG,mkt_trend,bull,VALID,24047,270.19,0.303,-0.0588,1.0,-32284.5,-362.75,0.697,-32319.1,1.743,-0.034,-0.206,44.2,0.14,37.74
MOM_OFF,ANY,LONG,mkt_trend,bull,TEST,14794,160.8,0.298,-0.0567,1.0,-20642.6,-224.38,0.672,-21372.3,1.672,-0.034,-0.201,44.5,0.146,23.4
MOM_OFF,ANY,LONG,mkt_trend,bull,HOLDOUT,18590,309.83,0.344,-0.0323,0.99239,-14614.1,-243.57,0.845,-22523.3,2.004,-0.016,-0.212,49.4,0.123,38.13
FIXED,ANY,SHORT,mkt_trend,bull,TRAIN,31178,169.45,0.471,0.0144,0.38242,21197.5,115.2,1.042,-83734.3,1.74,0.008,-0.78,712.7,0.01,1.64
FIXED,ANY,SHORT,mkt_trend,bull,VALID,25092,281.93,0.447,-0.0649,0.89472,-35090.7,-394.28,0.917,-76196.2,1.39,-0.047,-0.784,744.6,0.01,2.78
FIXED,ANY,SHORT,mkt_trend,bull,TEST,15273,166.01,0.423,-0.1229,0.98884,-27325.8,-297.02,0.895,-75511.1,1.256,-0.098,-0.813,771.6,0.011,1.75
FIXED,ANY,SHORT,mkt_trend,bull,HOLDOUT,18282,304.7,0.354,-0.2669,1.0,-159910.9,-2665.18,0.637,-182021.9,1.423,-0.188,-0.851,689.6,0.009,2.62
TRAIL_A0.5_D0.5,ANY,SHORT,mkt_trend,bull,TRAIN,31178,169.45,0.565,-0.0501,0.95412,-30450.8,-165.49,0.907,-68357.5,1.74,-0.029,-0.577,390.7,0.016,2.72
TRAIL_A0.5_D0.5,ANY,SHORT,mkt_trend,bull,VALID,25092,281.93,0.544,-0.0839,0.99561,-42662.4,-479.35,0.846,-56488.0,1.39,-0.06,-0.578,410.2,0.015,4.34
TRAIL_A0.5_D0.5,ANY,SHORT,mkt_trend,bull,TEST,15273,166.01,0.535,-0.135,0.99997,-40008.8,-434.88,0.766,-52311.2,1.256,-0.108,-0.596,406.7,0.016,2.74
TRAIL_A0.5_D0.5,ANY,SHORT,mkt_trend,bull,HOLDOUT,18282,304.7,0.496,-0.2224,1.0,-120593.8,-2009.9,0.589,-126861.6,1.423,-0.156,-0.64,377.4,0.015,4.65
TRAIL_A0.5_D1,ANY,SHORT,mkt_trend,bull,TRAIN,31178,169.45,0.413,-0.0205,0.70153,-2474.2,-13.45,0.994,-73573.2,1.74,-0.012,-0.623,557.8,0.012,2.03
TRAIL_A0.5_D1,ANY,SHORT,mkt_trend,bull,VALID,25092,281.93,0.395,-0.0569,0.90147,-28587.2,-321.2,0.916,-60019.1,1.39,-0.041,-0.626,584.7,0.011,3.22
TRAIL_A0.5_D1,ANY,SHORT,mkt_trend,bull,TEST,15273,166.01,0.359,-0.1485,0.99959,-44336.1,-481.91,0.792,-70921.3,1.256,-0.118,-0.646,587.3,0.013,2.21
TRAIL_A0.5_D1,ANY,SHORT,mkt_trend,bull,HOLDOUT,18282,304.7,0.307,-0.2537,1.0,-146765.1,-2446.08,0.587,-160754.1,1.423,-0.178,-0.685,523.3,0.01,3.13
TRAIL_A1_D0.5,ANY,SHORT,mkt_trend,bull,TRAIN,31178,169.45,0.542,-0.0097,0.59756,1936.7,10.53,1.004,-75353.2,1.74,-0.006,-0.717,581.9,0.012,2.08
TRAIL_A1_D0.5,ANY,SHORT,mkt_trend,bull,VALID,25092,281.93,0.513,-0.08,0.96693,-39908.4,-448.41,0.896,-67398.9,1.39,-0.058,-0.726,614.4,0.011,3.17
TRAIL_A1_D0.5,ANY,SHORT,mkt_trend,bull,TEST,15273,166.01,0.494,-0.1345,0.99829,-36488.6,-396.61,0.846,-68637.8,1.256,-0.107,-0.749,625.6,0.013,2.1
TRAIL_A1_D0.5,ANY,SHORT,mkt_trend,bull,HOLDOUT,18282,304.7,0.418,-0.2584,1.0,-149728.3,-2495.47,0.63,-163084.5,1.423,-0.182,-0.8,575.8,0.009,2.85
TRAIL_A1_D1,ANY,SHORT,mkt_trend,bull,TRAIN,31178,169.45,0.495,-0.0002,0.50187,10160.0,55.22,1.022,-80562.1,1.74,-0.0,-0.72,643.9,0.011,1.81
TRAIL_A1_D1,ANY,SHORT,mkt_trend,bull,VALID,25092,281.93,0.468,-0.0631,0.90355,-32405.0,-364.1,0.916,-69114.3,1.39,-0.045,-0.729,678.1,0.011,3.0
TRAIL_A1_D1,ANY,SHORT,mkt_trend,bull,TEST,15273,166.01,0.445,-0.1418,0.9981,-38005.4,-413.1,0.84,-75106.5,1.256,-0.113,-0.751,692.5,0.011,1.87
TRAIL_A1_D1,ANY,SHORT,mkt_trend,bull,HOLDOUT,18282,304.7,0.386,-0.2631,1.0,-154309.6,-2571.83,0.62,-172531.7,1.423,-0.185,-0.801,626.5,0.008,2.58
BE0.5_TRAIL,ANY,SHORT,mkt_trend,bull,TRAIN,31178,169.45,0.358,0.0019,0.48454,3394.5,18.45,1.01,-77973.5,1.74,0.001,-0.582,484.2,0.014,2.35
BE0.5_TRAIL,ANY,SHORT,mkt_trend,bull,VALID,25092,281.93,0.342,-0.0771,0.97701,-38868.8,-436.73,0.864,-55759.6,1.39,-0.055,-0.583,524.3,0.013,3.53
BE0.5_TRAIL,ANY,SHORT,mkt_trend,bull,TEST,15273,166.01,0.311,-0.1754,1.0,-56555.3,-614.73,0.68,-67097.7,1.256,-0.14,-0.602,499.4,0.013,2.23
BE0.5_TRAIL,ANY,SHORT,mkt_trend,bull,HOLDOUT,18282,304.7,0.253,-0.2434,1.0,-132859.6,-2214.33,0.558,-142811.8,1.423,-0.171,-0.643,448.8,0.012,3.57
BE1_TRAIL,ANY,SHORT,mkt_trend,bull,TRAIN,31178,169.45,0.403,0.0803,0.11573,57855.8,314.43,1.126,-88164.2,1.74,0.046,-0.724,708.9,0.01,1.67
BE1_TRAIL,ANY,SHORT,mkt_trend,bull,VALID,25092,281.93,0.39,-0.0847,0.95008,-44059.8,-495.05,0.887,-74610.8,1.39,-0.061,-0.732,758.5,0.009,2.6
BE1_TRAIL,ANY,SHORT,mkt_trend,bull,TEST,15273,166.01,0.346,-0.1996,0.99998,-58363.5,-634.39,0.757,-86166.7,1.256,-0.159,-0.754,752.3,0.01,1.71
BE1_TRAIL,ANY,SHORT,mkt_trend,bull,HOLDOUT,18282,304.7,0.3,-0.2791,1.0,-158185.2,-2636.42,0.613,-177719.3,1.423,-0.196,-0.802,670.6,0.007,2.25
ATR_TRAIL2,ANY,SHORT,mkt_trend,bull,TRAIN,31178,169.45,0.297,-0.0902,0.99781,-69206.7,-376.12,0.689,-90493.6,1.74,-0.052,-0.291,132.4,0.044,7.47
ATR_TRAIL2,ANY,SHORT,mkt_trend,bull,VALID,25092,281.93,0.301,-0.1111,1.0,-64080.2,-720.0,0.648,-68312.1,1.39,-0.08,-0.292,137.7,0.042,11.88
ATR_TRAIL2,ANY,SHORT,mkt_trend,bull,TEST,15273,166.01,0.302,-0.1298,1.0,-41736.1,-453.65,0.615,-42278.1,1.256,-0.103,-0.295,136.0,0.041,6.88
ATR_TRAIL2,ANY,SHORT,mkt_trend,bull,HOLDOUT,18282,304.7,0.275,-0.1498,1.0,-72627.5,-1210.46,0.554,-75486.6,1.423,-0.105,-0.302,121.7,0.044,13.35
ATR_TRAIL3,ANY,SHORT,mkt_trend,bull,TRAIN,31178,169.45,0.331,-0.0635,0.92893,-53868.2,-292.76,0.813,-90249.7,1.74,-0.036,-0.403,271.5,0.024,4.1
ATR_TRAIL3,ANY,SHORT,mkt_trend,bull,VALID,25092,281.93,0.336,-0.098,0.99926,-58553.2,-657.9,0.751,-64801.9,1.39,-0.071,-0.404,290.4,0.022,6.25
ATR_TRAIL3,ANY,SHORT,mkt_trend,bull,TEST,15273,166.01,0.322,-0.1548,1.0,-51371.9,-558.39,0.637,-55545.7,1.256,-0.123,-0.409,272.0,0.024,4.0
ATR_TRAIL3,ANY,SHORT,mkt_trend,bull,HOLDOUT,18282,304.7,0.276,-0.1927,1.0,-100802.2,-1680.04,0.547,-108138.4,1.423,-0.135,-0.418,242.9,0.022,6.6
ATR_TRAIL4,ANY,SHORT,mkt_trend,bull,TRAIN,31178,169.45,0.359,-0.0247,0.68447,-23285.5,-126.55,0.932,-78281.0,1.74,-0.014,-0.508,439.9,0.016,2.64
ATR_TRAIL4,ANY,SHORT,mkt_trend,bull,VALID,25092,281.93,0.354,-0.0851,0.97943,-52945.6,-594.89,0.815,-68579.4,1.39,-0.061,-0.512,467.1,0.014,4.08
ATR_TRAIL4,ANY,SHORT,mkt_trend,bull,TEST,15273,166.01,0.329,-0.1801,1.0,-61252.8,-665.79,0.645,-69589.5,1.256,-0.143,-0.512,434.9,0.017,2.79
ATR_TRAIL4,ANY,SHORT,mkt_trend,bull,HOLDOUT,18282,304.7,0.281,-0.2343,1.0,-130567.0,-2176.12,0.532,-142286.1,1.423,-0.165,-0.532,383.7,0.015,4.53
MFE_LOCK0.3,ANY,SHORT,mkt_trend,bull,TRAIN,31178,169.45,0.543,0.0266,0.28274,24737.1,134.44,1.055,-70641.0,1.74,0.015,-0.717,577.9,0.011,1.93
MFE_LOCK0.3,ANY,SHORT,mkt_trend,bull,VALID,25092,281.93,0.512,-0.0907,0.98282,-45740.6,-513.94,0.881,-66818.1,1.39,-0.065,-0.726,611.4,0.011,3.11
MFE_LOCK0.3,ANY,SHORT,mkt_trend,bull,TEST,15273,166.01,0.495,-0.1484,0.99959,-41779.3,-454.12,0.823,-70246.2,1.256,-0.118,-0.748,616.5,0.012,2.04
MFE_LOCK0.3,ANY,SHORT,mkt_trend,bull,HOLDOUT,18282,304.7,0.419,-0.2505,1.0,-137434.1,-2290.57,0.661,-149500.3,1.423,-0.176,-0.8,568.7,0.009,2.75
MFE_LOCK0.5,ANY,SHORT,mkt_trend,bull,TRAIN,31178,169.45,0.542,0.0378,0.23548,26772.2,145.5,1.059,-72424.9,1.74,0.022,-0.719,671.9,0.011,1.8
MFE_LOCK0.5,ANY,SHORT,mkt_trend,bull,VALID,25092,281.93,0.511,-0.0769,0.93852,-40520.2,-455.28,0.894,-69287.2,1.39,-0.055,-0.729,714.3,0.009,2.67
MFE_LOCK0.5,ANY,SHORT,mkt_trend,bull,TEST,15273,166.01,0.493,-0.1857,0.99998,-54140.3,-588.48,0.771,-79624.4,1.256,-0.148,-0.749,686.8,0.011,1.89
MFE_LOCK0.5,ANY,SHORT,mkt_trend,bull,HOLDOUT,18282,304.7,0.418,-0.2922,1.0,-166196.1,-2769.93,0.59,-183391.5,1.423,-0.205,-0.8,627.0,0.009,2.6
NOTP_TRAIL0.5,ANY,SHORT,mkt_trend,bull,TRAIN,31178,169.45,0.305,-0.0936,0.99992,-70255.8,-381.82,0.702,-89678.1,1.74,-0.054,-0.304,165.9,0.036,6.08
NOTP_TRAIL0.5,ANY,SHORT,mkt_trend,bull,VALID,25092,281.93,0.307,-0.1061,1.0,-60426.2,-678.95,0.685,-64355.7,1.39,-0.076,-0.303,179.0,0.035,9.73
NOTP_TRAIL0.5,ANY,SHORT,mkt_trend,bull,TEST,15273,166.01,0.3,-0.1292,1.0,-44090.5,-479.24,0.62,-44537.4,1.256,-0.103,-0.311,170.6,0.039,6.41
NOTP_TRAIL0.5,ANY,SHORT,mkt_trend,bull,HOLDOUT,18282,304.7,0.272,-0.1527,1.0,-74235.7,-1237.26,0.572,-77052.3,1.423,-0.107,-0.313,151.9,0.035,10.63
NOTP_TRAIL1,ANY,SHORT,mkt_trend,bull,TRAIN,31178,169.45,0.378,0.0028,0.47946,6791.8,36.91,1.018,-77507.6,1.74,0.002,-0.561,567.9,0.013,2.18
NOTP_TRAIL1,ANY,SHORT,mkt_trend,bull,VALID,25092,281.93,0.362,-0.067,0.93349,-36613.9,-411.39,0.886,-60299.6,1.39,-0.048,-0.558,612.8,0.011,3.16
NOTP_TRAIL1,ANY,SHORT,mkt_trend,bull,TEST,15273,166.01,0.333,-0.1818,1.0,-58316.8,-633.88,0.708,-76609.9,1.256,-0.145,-0.574,581.5,0.013,2.15
NOTP_TRAIL1,ANY,SHORT,mkt_trend,bull,HOLDOUT,18282,304.7,0.277,-0.2606,1.0,-145109.4,-2418.49,0.556,-159833.6,1.423,-0.183,-0.6,498.7,0.012,3.72
NOTP_TRAIL1.5,ANY,SHORT,mkt_trend,bull,TRAIN,31178,169.45,0.402,0.0868,0.11057,63765.0,346.55,1.134,-84587.3,1.74,0.05,-0.716,824.5,0.009,1.56
NOTP_TRAIL1.5,ANY,SHORT,mkt_trend,bull,VALID,25092,281.93,0.389,-0.0728,0.89634,-38277.2,-430.08,0.904,-76215.8,1.39,-0.052,-0.723,859.1,0.008,2.39
NOTP_TRAIL1.5,ANY,SHORT,mkt_trend,bull,TEST,15273,166.01,0.347,-0.2125,0.99997,-57757.9,-627.8,0.769,-94254.6,1.256,-0.169,-0.745,835.4,0.01,1.68
NOTP_TRAIL1.5,ANY,SHORT,mkt_trend,bull,HOLDOUT,18282,304.7,0.302,-0.2959,1.0,-173215.2,-2886.92,0.584,-201934.3,1.423,-0.208,-0.784,742.9,0.008,2.38
TIME15m,ANY,SHORT,mkt_trend,bull,TRAIN,31178,169.45,0.376,-0.0465,1.0,-33338.9,-181.19,0.608,-34861.5,1.74,-0.027,-0.142,15.0,0.316,53.62
TIME15m,ANY,SHORT,mkt_trend,bull,VALID,25092,281.93,0.373,-0.0501,1.0,-29061.9,-326.54,0.602,-29687.0,1.39,-0.036,-0.145,15.0,0.315,88.81
TIME15m,ANY,SHORT,mkt_trend,bull,TEST,15273,166.01,0.387,-0.0454,1.0,-13826.1,-150.28,0.66,-13857.1,1.256,-0.036,-0.14,15.0,0.322,53.52
TIME15m,ANY,SHORT,mkt_trend,bull,HOLDOUT,18282,304.7,0.398,-0.0485,1.0,-21057.6,-350.96,0.663,-21155.2,1.423,-0.034,-0.146,15.0,0.314,95.57
TIME30m,ANY,SHORT,mkt_trend,bull,TRAIN,31178,169.45,0.41,-0.045,1.0,-32953.1,-179.09,0.707,-36922.9,1.74,-0.026,-0.202,29.9,0.175,29.65
TIME30m,ANY,SHORT,mkt_trend,bull,VALID,25092,281.93,0.408,-0.046,1.0,-26567.1,-298.51,0.715,-27984.7,1.39,-0.033,-0.205,29.9,0.17,48.01
TIME30m,ANY,SHORT,mkt_trend,bull,TEST,15273,166.01,0.414,-0.0512,1.0,-15116.8,-164.31,0.721,-15603.2,1.256,-0.041,-0.199,29.9,0.173,28.73
TIME30m,ANY,SHORT,mkt_trend,bull,HOLDOUT,18282,304.7,0.397,-0.0647,1.0,-30665.9,-511.1,0.648,-31093.2,1.423,-0.045,-0.213,29.8,0.169,51.43
TIME1h,ANY,SHORT,mkt_trend,bull,TRAIN,31178,169.45,0.441,-0.0392,0.99913,-29759.3,-161.74,0.796,-35768.0,1.74,-0.023,-0.283,59.2,0.092,15.56
TIME1h,ANY,SHORT,mkt_trend,bull,VALID,25092,281.93,0.447,-0.0404,0.99954,-23670.2,-265.96,0.803,-26678.5,1.39,-0.029,-0.282,59.3,0.089,24.97
TIME1h,ANY,SHORT,mkt_trend,bull,TEST,15273,166.01,0.45,-0.0501,0.99998,-15309.1,-166.4,0.786,-15890.2,1.256,-0.04,-0.278,59.3,0.089,14.83
TIME1h,ANY,SHORT,mkt_trend,bull,HOLDOUT,18282,304.7,0.418,-0.0769,1.0,-36879.6,-614.66,0.684,-37596.7,1.423,-0.054,-0.301,59.0,0.088,26.83
TIME2h,ANY,SHORT,mkt_trend,bull,TRAIN,31178,169.45,0.467,-0.0294,0.92226,-23829.0,-129.51,0.878,-35184.0,1.74,-0.017,-0.387,115.5,0.049,8.35
TIME2h,ANY,SHORT,mkt_trend,bull,VALID,25092,281.93,0.469,-0.039,0.97215,-23036.9,-258.84,0.857,-30161.8,1.39,-0.028,-0.385,115.7,0.048,13.48
TIME2h,ANY,SHORT,mkt_trend,bull,TEST,15273,166.01,0.47,-0.0567,0.9979,-15029.9,-163.37,0.843,-18100.1,1.256,-0.045,-0.381,116.0,0.049,8.18
TIME2h,ANY,SHORT,mkt_trend,bull,HOLDOUT,18282,304.7,0.436,-0.0958,0.99998,-45012.7,-750.21,0.714,-46422.7,1.423,-0.067,-0.411,114.7,0.046,14.12
TIME4h,ANY,SHORT,mkt_trend,bull,TRAIN,31178,169.45,0.491,-0.015,0.68781,-17606.5,-95.69,0.933,-41129.6,1.74,-0.009,-0.501,217.0,0.028,4.82
TIME4h,ANY,SHORT,mkt_trend,bull,VALID,25092,281.93,0.488,-0.0392,0.89018,-23809.6,-267.52,0.892,-35568.7,1.39,-0.028,-0.508,217.4,0.027,7.57
TIME4h,ANY,SHORT,mkt_trend,bull,TEST,15273,166.01,0.487,-0.0592,0.9785,-15150.1,-164.68,0.882,-23528.1,1.256,-0.047,-0.501,219.6,0.028,4.58
TIME4h,ANY,SHORT,mkt_trend,bull,HOLDOUT,18282,304.7,0.428,-0.1426,0.99995,-70839.1,-1180.65,0.681,-74441.1,1.423,-0.1,-0.548,213.9,0.026,7.78
SIG_OFF,ANY,SHORT,mkt_trend,bull,TRAIN,31178,169.45,0.371,-0.0407,0.99999,-28176.7,-153.13,0.74,-34086.6,1.74,-0.023,-0.182,63.6,0.106,18.02
SIG_OFF,ANY,SHORT,mkt_trend,bull,VALID,25092,281.93,0.371,-0.0424,1.0,-27281.0,-306.53,0.7,-28490.3,1.39,-0.031,-0.184,66.0,0.102,28.72
SIG_OFF,ANY,SHORT,mkt_trend,bull,TEST,15273,166.01,0.383,-0.0541,1.0,-14954.6,-162.55,0.718,-17573.4,1.256,-0.043,-0.185,68.7,0.1,16.55
SIG_OFF,ANY,SHORT,mkt_trend,bull,HOLDOUT,18282,304.7,0.386,-0.0678,1.0,-33641.2,-560.69,0.605,-35000.7,1.423,-0.048,-0.194,61.5,0.095,28.85
MOM_OFF,ANY,SHORT,mkt_trend,bull,TRAIN,31178,169.45,0.328,-0.0328,0.95625,-29052.0,-157.89,0.758,-39983.4,1.74,-0.019,-0.19,46.8,0.15,25.45
MOM_OFF,ANY,SHORT,mkt_trend,bull,VALID,25092,281.93,0.33,-0.0437,0.99925,-28782.2,-323.4,0.712,-31667.2,1.39,-0.031,-0.195,48.6,0.138,38.94
MOM_OFF,ANY,SHORT,mkt_trend,bull,TEST,15273,166.01,0.33,-0.056,1.0,-17242.4,-187.42,0.703,-17369.6,1.256,-0.045,-0.188,47.2,0.142,23.58
MOM_OFF,ANY,SHORT,mkt_trend,bull,HOLDOUT,18282,304.7,0.318,-0.0771,1.0,-40259.7,-670.99,0.556,-41006.8,1.423,-0.054,-0.198,41.7,0.151,46.12
FIXED,ANY,LONG,sym_vol,lo,TRAIN,93536,508.35,0.394,-0.1528,1.0,-302573.4,-1644.42,0.795,-316083.8,1.721,-0.089,-0.837,644.1,0.015,7.8
FIXED,ANY,LONG,sym_vol,lo,VALID,52410,588.88,0.413,-0.1018,0.99908,-62371.9,-700.81,0.913,-101731.1,1.758,-0.058,-0.815,653.1,0.014,8.38
FIXED,ANY,LONG,sym_vol,lo,TEST,52435,569.95,0.411,-0.1258,1.0,-104442.5,-1135.24,0.855,-133459.1,1.731,-0.073,-0.83,653.9,0.014,8.26
FIXED,ANY,LONG,sym_vol,lo,HOLDOUT,28020,467.0,0.417,-0.1337,0.99976,-41716.9,-695.28,0.887,-76805.3,2.009,-0.067,-0.837,635.9,0.018,8.18
TRAIL_A0.5_D0.5,ANY,LONG,sym_vol,lo,TRAIN,93536,508.35,0.503,-0.1567,1.0,-301263.7,-1637.3,0.685,-304250.6,1.721,-0.091,-0.62,361.0,0.029,14.64
TRAIL_A0.5_D0.5,ANY,LONG,sym_vol,lo,VALID,52410,588.88,0.503,-0.1434,1.0,-121641.3,-1366.76,0.741,-123847.9,1.758,-0.082,-0.607,361.4,0.027,16.09
TRAIL_A0.5_D0.5,ANY,LONG,sym_vol,lo,TEST,52435,569.95,0.503,-0.1473,1.0,-120515.1,-1309.95,0.736,-127147.8,1.731,-0.085,-0.607,351.9,0.027,15.62
TRAIL_A0.5_D0.5,ANY,LONG,sym_vol,lo,HOLDOUT,28020,467.0,0.49,-0.1761,1.0,-60764.0,-1012.73,0.746,-68209.9,2.009,-0.088,-0.613,342.2,0.034,15.88
TRAIL_A0.5_D1,ANY,LONG,sym_vol,lo,TRAIN,93536,508.35,0.351,-0.1509,1.0,-304115.7,-1652.8,0.739,-313571.8,1.721,-0.088,-0.667,486.8,0.021,10.7
TRAIL_A0.5_D1,ANY,LONG,sym_vol,lo,VALID,52410,588.88,0.363,-0.117,1.0,-88927.0,-999.18,0.845,-112914.3,1.758,-0.067,-0.652,487.3,0.02,11.52
TRAIL_A0.5_D1,ANY,LONG,sym_vol,lo,TEST,52435,569.95,0.357,-0.1382,1.0,-114892.9,-1248.84,0.797,-128965.1,1.731,-0.08,-0.653,477.2,0.021,11.73
TRAIL_A0.5_D1,ANY,LONG,sym_vol,lo,HOLDOUT,28020,467.0,0.354,-0.1608,1.0,-58598.1,-976.63,0.801,-76395.4,2.009,-0.08,-0.661,464.3,0.025,11.53
TRAIL_A1_D0.5,ANY,LONG,sym_vol,lo,TRAIN,93536,508.35,0.472,-0.1581,1.0,-304064.1,-1652.52,0.768,-314504.5,1.721,-0.092,-0.77,531.9,0.019,9.43
TRAIL_A1_D0.5,ANY,LONG,sym_vol,lo,VALID,52410,588.88,0.485,-0.1317,1.0,-101187.4,-1136.94,0.843,-121730.2,1.758,-0.075,-0.755,537.4,0.017,10.16
TRAIL_A1_D0.5,ANY,LONG,sym_vol,lo,TEST,52435,569.95,0.489,-0.1397,1.0,-114346.2,-1242.89,0.82,-134385.8,1.731,-0.081,-0.761,532.4,0.018,10.52
TRAIL_A1_D0.5,ANY,LONG,sym_vol,lo,HOLDOUT,28020,467.0,0.486,-0.1646,1.0,-55509.9,-925.16,0.832,-76314.1,2.009,-0.082,-0.77,519.7,0.022,10.32
TRAIL_A1_D1,ANY,LONG,sym_vol,lo,TRAIN,93536,508.35,0.423,-0.1526,1.0,-302151.2,-1642.13,0.771,-314113.8,1.721,-0.089,-0.773,574.8,0.017,8.79
TRAIL_A1_D1,ANY,LONG,sym_vol,lo,VALID,52410,588.88,0.435,-0.1142,0.99994,-82044.0,-921.84,0.873,-113315.2,1.758,-0.065,-0.756,580.5,0.016,9.44
TRAIL_A1_D1,ANY,LONG,sym_vol,lo,TEST,52435,569.95,0.432,-0.1346,1.0,-111240.1,-1209.13,0.826,-133815.2,1.731,-0.078,-0.763,575.2,0.017,9.87
TRAIL_A1_D1,ANY,LONG,sym_vol,lo,HOLDOUT,28020,467.0,0.43,-0.1523,0.99999,-52279.0,-871.32,0.843,-77659.6,2.009,-0.076,-0.773,561.2,0.02,9.32
BE0.5_TRAIL,ANY,LONG,sym_vol,lo,TRAIN,93536,508.35,0.308,-0.1574,1.0,-302526.0,-1644.16,0.694,-305309.7,1.721,-0.091,-0.623,422.9,0.025,12.62
BE0.5_TRAIL,ANY,LONG,sym_vol,lo,VALID,52410,588.88,0.314,-0.1347,1.0,-109934.2,-1235.22,0.774,-119514.2,1.758,-0.077,-0.61,421.2,0.023,13.56
BE0.5_TRAIL,ANY,LONG,sym_vol,lo,TEST,52435,569.95,0.312,-0.1574,1.0,-132449.0,-1439.66,0.721,-141101.4,1.731,-0.091,-0.61,406.0,0.024,13.72
BE0.5_TRAIL,ANY,LONG,sym_vol,lo,HOLDOUT,28020,467.0,0.307,-0.1625,1.0,-56281.5,-938.03,0.773,-70801.3,2.009,-0.081,-0.617,394.4,0.03,14.07
BE1_TRAIL,ANY,LONG,sym_vol,lo,TRAIN,93536,508.35,0.333,-0.1655,1.0,-316828.8,-1721.9,0.762,-326288.4,1.721,-0.096,-0.774,618.6,0.016,8.23
BE1_TRAIL,ANY,LONG,sym_vol,lo,VALID,52410,588.88,0.353,-0.1195,0.99985,-84925.5,-954.22,0.87,-122232.3,1.758,-0.068,-0.758,627.4,0.016,9.2
BE1_TRAIL,ANY,LONG,sym_vol,lo,TEST,52435,569.95,0.344,-0.1605,1.0,-138221.5,-1502.41,0.787,-160735.3,1.731,-0.093,-0.765,617.0,0.015,8.78
BE1_TRAIL,ANY,LONG,sym_vol,lo,HOLDOUT,28020,467.0,0.348,-0.1408,0.99962,-44811.4,-746.86,0.867,-78720.8,2.009,-0.07,-0.775,603.5,0.019,8.97
ATR_TRAIL2,ANY,LONG,sym_vol,lo,TRAIN,93536,508.35,0.276,-0.1416,1.0,-259538.3,-1410.53,0.576,-259691.0,1.721,-0.082,-0.303,119.0,0.084,42.6
ATR_TRAIL2,ANY,LONG,sym_vol,lo,VALID,52410,588.88,0.275,-0.1399,1.0,-126121.3,-1417.09,0.599,-127286.7,1.758,-0.08,-0.305,118.7,0.077,45.51
ATR_TRAIL2,ANY,LONG,sym_vol,lo,TEST,52435,569.95,0.27,-0.1663,1.0,-138608.6,-1506.62,0.557,-138724.4,1.731,-0.096,-0.305,116.3,0.08,45.57
ATR_TRAIL2,ANY,LONG,sym_vol,lo,HOLDOUT,28020,467.0,0.269,-0.1814,1.0,-62956.7,-1049.28,0.611,-62958.5,2.009,-0.09,-0.306,114.8,0.102,47.55
ATR_TRAIL3,ANY,LONG,sym_vol,lo,TRAIN,93536,508.35,0.294,-0.1365,1.0,-253793.4,-1379.31,0.68,-254321.2,1.721,-0.079,-0.422,240.0,0.043,21.84
ATR_TRAIL3,ANY,LONG,sym_vol,lo,VALID,52410,588.88,0.299,-0.1239,1.0,-102236.0,-1148.72,0.746,-103438.8,1.758,-0.07,-0.421,245.2,0.039,23.08
ATR_TRAIL3,ANY,LONG,sym_vol,lo,TEST,52435,569.95,0.287,-0.1704,1.0,-139646.9,-1517.9,0.656,-139769.1,1.731,-0.098,-0.422,235.0,0.042,24.14
ATR_TRAIL3,ANY,LONG,sym_vol,lo,HOLDOUT,28020,467.0,0.287,-0.1749,1.0,-61322.2,-1022.04,0.709,-65073.6,2.009,-0.087,-0.426,232.5,0.051,23.9
ATR_TRAIL4,ANY,LONG,sym_vol,lo,TRAIN,93536,508.35,0.301,-0.1346,1.0,-267476.5,-1453.68,0.726,-268188.9,1.721,-0.078,-0.538,385.7,0.028,14.26
ATR_TRAIL4,ANY,LONG,sym_vol,lo,VALID,52410,588.88,0.31,-0.1023,0.99981,-74789.3,-840.33,0.847,-99413.3,1.758,-0.058,-0.53,398.4,0.025,14.48
ATR_TRAIL4,ANY,LONG,sym_vol,lo,TEST,52435,569.95,0.293,-0.1752,1.0,-146873.1,-1596.45,0.703,-147075.3,1.731,-0.101,-0.534,380.0,0.026,14.68
ATR_TRAIL4,ANY,LONG,sym_vol,lo,HOLDOUT,28020,467.0,0.29,-0.1448,0.99974,-56154.9,-935.92,0.782,-71448.7,2.009,-0.072,-0.54,377.2,0.032,14.83
MFE_LOCK0.3,ANY,LONG,sym_vol,lo,TRAIN,93536,508.35,0.472,-0.1545,1.0,-279280.9,-1517.83,0.787,-288426.8,1.721,-0.09,-0.77,530.6,0.019,9.59
MFE_LOCK0.3,ANY,LONG,sym_vol,lo,VALID,52410,588.88,0.485,-0.1352,1.0,-102607.6,-1152.89,0.841,-121479.3,1.758,-0.077,-0.755,535.8,0.018,10.47
MFE_LOCK0.3,ANY,LONG,sym_vol,lo,TEST,52435,569.95,0.489,-0.1482,1.0,-116904.4,-1270.7,0.816,-134834.2,1.731,-0.086,-0.761,529.5,0.018,10.38
MFE_LOCK0.3,ANY,LONG,sym_vol,lo,HOLDOUT,28020,467.0,0.486,-0.1581,1.0,-46956.3,-782.6,0.858,-71589.7,2.009,-0.079,-0.77,518.9,0.022,10.23
MFE_LOCK0.5,ANY,LONG,sym_vol,lo,TRAIN,93536,508.35,0.471,-0.1546,1.0,-298859.0,-1624.23,0.772,-304912.7,1.721,-0.09,-0.771,591.9,0.017,8.65
MFE_LOCK0.5,ANY,LONG,sym_vol,lo,VALID,52410,588.88,0.484,-0.1435,1.0,-111975.5,-1258.15,0.826,-135204.6,1.758,-0.082,-0.755,599.8,0.016,9.42
MFE_LOCK0.5,ANY,LONG,sym_vol,lo,TEST,52435,569.95,0.487,-0.1622,1.0,-134674.5,-1463.85,0.788,-149864.7,1.731,-0.094,-0.762,585.9,0.016,9.35
MFE_LOCK0.5,ANY,LONG,sym_vol,lo,HOLDOUT,28020,467.0,0.484,-0.1342,0.997,-42035.8,-700.6,0.873,-76323.5,2.009,-0.067,-0.771,581.3,0.02,9.25
NOTP_TRAIL0.5,ANY,LONG,sym_vol,lo,TRAIN,93536,508.35,0.278,-0.1451,1.0,-270204.4,-1468.5,0.576,-270258.3,1.721,-0.084,-0.313,140.2,0.073,37.04
NOTP_TRAIL0.5,ANY,LONG,sym_vol,lo,VALID,52410,588.88,0.28,-0.1414,1.0,-126499.1,-1421.34,0.61,-127401.3,1.758,-0.08,-0.314,137.8,0.069,40.44
NOTP_TRAIL0.5,ANY,LONG,sym_vol,lo,TEST,52435,569.95,0.275,-0.1659,1.0,-140465.4,-1526.8,0.566,-140554.0,1.731,-0.096,-0.314,132.4,0.073,41.75
NOTP_TRAIL0.5,ANY,LONG,sym_vol,lo,HOLDOUT,28020,467.0,0.276,-0.1801,1.0,-58861.1,-981.02,0.646,-58861.5,2.009,-0.09,-0.315,131.5,0.089,41.62
NOTP_TRAIL1,ANY,LONG,sym_vol,lo,TRAIN,93536,508.35,0.32,-0.1523,1.0,-308360.7,-1675.87,0.717,-313251.1,1.721,-0.088,-0.591,468.9,0.022,11.07
NOTP_TRAIL1,ANY,LONG,sym_vol,lo,VALID,52410,588.88,0.331,-0.1223,0.99999,-95411.3,-1072.04,0.823,-118349.8,1.758,-0.07,-0.578,469.6,0.02,11.87
NOTP_TRAIL1,ANY,LONG,sym_vol,lo,TEST,52435,569.95,0.324,-0.1701,1.0,-146685.6,-1594.41,0.727,-153717.5,1.731,-0.098,-0.582,453.7,0.022,12.27
NOTP_TRAIL1,ANY,LONG,sym_vol,lo,HOLDOUT,28020,467.0,0.32,-0.1579,0.99999,-54920.7,-915.34,0.803,-77057.0,2.009,-0.079,-0.587,442.6,0.027,12.57
NOTP_TRAIL1.5,ANY,LONG,sym_vol,lo,TRAIN,93536,508.35,0.329,-0.1597,1.0,-321792.3,-1748.87,0.767,-329417.3,1.721,-0.093,-0.764,700.5,0.014,7.37
NOTP_TRAIL1.5,ANY,LONG,sym_vol,lo,VALID,52410,588.88,0.349,-0.1021,0.99667,-65350.6,-734.28,0.903,-115241.1,1.758,-0.058,-0.746,722.1,0.013,7.93
NOTP_TRAIL1.5,ANY,LONG,sym_vol,lo,TEST,52435,569.95,0.339,-0.1685,1.0,-143858.5,-1563.68,0.786,-161821.5,1.731,-0.097,-0.754,705.9,0.014,7.73
NOTP_TRAIL1.5,ANY,LONG,sym_vol,lo,HOLDOUT,28020,467.0,0.345,-0.106,0.97362,-28381.0,-473.02,0.919,-82310.6,2.009,-0.053,-0.766,693.8,0.017,7.77
TIME15m,ANY,LONG,sym_vol,lo,TRAIN,93536,508.35,0.36,-0.0573,1.0,-101430.3,-551.25,0.575,-101557.7,1.721,-0.033,-0.153,15.0,0.433,220.03
TIME15m,ANY,LONG,sym_vol,lo,VALID,52410,588.88,0.348,-0.0629,1.0,-59494.8,-668.48,0.521,-59511.9,1.758,-0.036,-0.153,15.0,0.437,257.47
TIME15m,ANY,LONG,sym_vol,lo,TEST,52435,569.95,0.348,-0.0661,1.0,-53980.8,-586.75,0.547,-53996.8,1.731,-0.038,-0.149,15.0,0.46,261.89
TIME15m,ANY,LONG,sym_vol,lo,HOLDOUT,28020,467.0,0.339,-0.0797,1.0,-26736.9,-445.61,0.572,-26774.1,2.009,-0.04,-0.153,15.0,0.532,248.35
TIME30m,ANY,LONG,sym_vol,lo,TRAIN,93536,508.35,0.388,-0.0592,1.0,-105014.6,-570.73,0.661,-105109.1,1.721,-0.034,-0.216,29.9,0.272,138.26
TIME30m,ANY,LONG,sym_vol,lo,VALID,52410,588.88,0.381,-0.0633,1.0,-58439.0,-656.62,0.628,-58671.9,1.758,-0.036,-0.215,29.9,0.266,156.56
TIME30m,ANY,LONG,sym_vol,lo,TEST,52435,569.95,0.385,-0.0639,1.0,-51847.6,-563.56,0.66,-51901.1,1.731,-0.037,-0.211,29.8,0.276,157.55
TIME30m,ANY,LONG,sym_vol,lo,HOLDOUT,28020,467.0,0.375,-0.0803,1.0,-25339.3,-422.32,0.683,-25487.1,2.009,-0.04,-0.216,29.8,0.331,154.43
TIME1h,ANY,LONG,sym_vol,lo,TRAIN,93536,508.35,0.413,-0.0645,1.0,-116052.7,-630.72,0.721,-116229.7,1.721,-0.037,-0.303,59.1,0.157,79.59
TIME1h,ANY,LONG,sym_vol,lo,VALID,52410,588.88,0.407,-0.0655,1.0,-55960.2,-628.77,0.727,-56348.6,1.758,-0.037,-0.299,59.2,0.147,86.7
TIME1h,ANY,LONG,sym_vol,lo,TEST,52435,569.95,0.411,-0.0649,1.0,-50433.8,-548.19,0.75,-50757.2,1.731,-0.038,-0.296,59.1,0.153,86.98
TIME1h,ANY,LONG,sym_vol,lo,HOLDOUT,28020,467.0,0.405,-0.081,1.0,-24364.5,-406.07,0.768,-24548.7,2.009,-0.04,-0.301,58.9,0.187,87.5
TIME2h,ANY,LONG,sym_vol,lo,TRAIN,93536,508.35,0.426,-0.0739,1.0,-134147.7,-729.06,0.761,-134660.8,1.721,-0.043,-0.415,114.6,0.085,43.42
TIME2h,ANY,LONG,sym_vol,lo,VALID,52410,588.88,0.425,-0.0668,1.0,-53097.2,-596.6,0.806,-53891.6,1.758,-0.038,-0.407,115.3,0.079,46.62
TIME2h,ANY,LONG,sym_vol,lo,TEST,52435,569.95,0.427,-0.0725,1.0,-55856.4,-607.13,0.796,-57824.3,1.731,-0.042,-0.407,114.9,0.082,46.62
TIME2h,ANY,LONG,sym_vol,lo,HOLDOUT,28020,467.0,0.423,-0.0881,1.0,-25434.7,-423.91,0.822,-28296.3,2.009,-0.044,-0.414,114.2,0.102,47.45
TIME4h,ANY,LONG,sym_vol,lo,TRAIN,93536,508.35,0.438,-0.0845,1.0,-152565.7,-829.16,0.8,-153612.9,1.721,-0.049,-0.544,212.1,0.048,24.47
TIME4h,ANY,LONG,sym_vol,lo,VALID,52410,588.88,0.442,-0.0673,0.99964,-42886.7,-481.87,0.884,-53683.5,1.758,-0.038,-0.533,214.4,0.044,25.91
TIME4h,ANY,LONG,sym_vol,lo,TEST,52435,569.95,0.433,-0.0835,1.0,-62444.0,-678.74,0.834,-69387.0,1.731,-0.048,-0.537,213.6,0.045,25.73
TIME4h,ANY,LONG,sym_vol,lo,HOLDOUT,28020,467.0,0.435,-0.102,0.99999,-29462.8,-491.05,0.85,-38993.6,2.009,-0.051,-0.548,211.7,0.056,26.27
SIG_OFF,ANY,LONG,sym_vol,lo,TRAIN,93536,508.35,0.351,-0.0613,1.0,-116310.2,-632.12,0.629,-116516.4,1.721,-0.036,-0.198,58.1,0.16,81.53
SIG_OFF,ANY,LONG,sym_vol,lo,VALID,52410,588.88,0.342,-0.0651,1.0,-59815.1,-672.08,0.629,-59815.1,1.758,-0.037,-0.199,61.3,0.154,90.92
SIG_OFF,ANY,LONG,sym_vol,lo,TEST,52435,569.95,0.338,-0.0722,1.0,-59666.8,-648.55,0.618,-61124.5,1.731,-0.042,-0.196,63.1,0.153,87.29
SIG_OFF,ANY,LONG,sym_vol,lo,HOLDOUT,28020,467.0,0.327,-0.0852,1.0,-29261.6,-487.69,0.648,-29331.0,2.009,-0.042,-0.205,60.5,0.191,89.2
MOM_OFF,ANY,LONG,sym_vol,lo,TRAIN,93536,508.35,0.302,-0.0581,1.0,-99657.7,-541.62,0.706,-99916.7,1.721,-0.034,-0.206,44.7,0.227,115.45
MOM_OFF,ANY,LONG,sym_vol,lo,VALID,52410,588.88,0.3,-0.0616,1.0,-56318.7,-632.79,0.676,-56334.0,1.758,-0.035,-0.206,44.2,0.218,128.18
MOM_OFF,ANY,LONG,sym_vol,lo,TEST,52435,569.95,0.292,-0.0672,1.0,-56585.7,-615.06,0.671,-56997.8,1.731,-0.039,-0.204,44.9,0.22,125.36
MOM_OFF,ANY,LONG,sym_vol,lo,HOLDOUT,28020,467.0,0.288,-0.0743,1.0,-23396.0,-389.93,0.739,-25790.1,2.009,-0.037,-0.21,45.3,0.258,120.53
FIXED,ANY,SHORT,sym_vol,lo,TRAIN,96309,523.42,0.444,-0.0429,0.94965,-55773.6,-303.12,0.96,-121622.2,1.775,-0.024,-0.805,661.5,0.014,7.51
FIXED,ANY,SHORT,sym_vol,lo,VALID,54225,609.27,0.435,-0.0684,0.97647,-95833.5,-1076.78,0.871,-133594.7,1.524,-0.045,-0.81,676.5,0.013,8.12
FIXED,ANY,SHORT,sym_vol,lo,TEST,54906,596.8,0.42,-0.1241,0.99999,-109650.0,-1191.85,0.852,-124666.5,1.537,-0.081,-0.822,664.2,0.014,8.1
FIXED,ANY,SHORT,sym_vol,lo,HOLDOUT,28757,479.28,0.416,-0.1624,1.0,-62084.6,-1034.74,0.838,-87006.1,1.669,-0.097,-0.827,651.9,0.017,8.33
TRAIL_A0.5_D0.5,ANY,SHORT,sym_vol,lo,TRAIN,96309,523.42,0.54,-0.082,1.0,-136071.2,-739.52,0.846,-158129.9,1.775,-0.046,-0.585,360.1,0.026,13.61
TRAIL_A0.5_D0.5,ANY,SHORT,sym_vol,lo,VALID,54225,609.27,0.517,-0.1111,1.0,-129113.2,-1450.71,0.73,-139058.5,1.524,-0.073,-0.596,364.9,0.024,14.76
TRAIL_A0.5_D0.5,ANY,SHORT,sym_vol,lo,TEST,54906,596.8,0.512,-0.1425,1.0,-117857.7,-1281.06,0.749,-123963.3,1.537,-0.093,-0.598,349.8,0.025,15.09
TRAIL_A0.5_D0.5,ANY,SHORT,sym_vol,lo,HOLDOUT,28757,479.28,0.495,-0.1877,1.0,-74688.2,-1244.8,0.697,-84078.8,1.669,-0.112,-0.604,342.2,0.032,15.57
TRAIL_A0.5_D1,ANY,SHORT,sym_vol,lo,TRAIN,96309,523.42,0.387,-0.0658,0.999,-101534.1,-551.82,0.907,-140207.7,1.775,-0.037,-0.634,500.9,0.019,9.96
TRAIL_A0.5_D1,ANY,SHORT,sym_vol,lo,VALID,54225,609.27,0.379,-0.0793,0.99733,-101563.5,-1141.16,0.827,-114297.2,1.524,-0.052,-0.645,512.9,0.018,10.83
TRAIL_A0.5_D1,ANY,SHORT,sym_vol,lo,TEST,54906,596.8,0.363,-0.1383,1.0,-121853.5,-1324.5,0.791,-130401.2,1.537,-0.09,-0.648,492.4,0.018,10.82
TRAIL_A0.5_D1,ANY,SHORT,sym_vol,lo,HOLDOUT,28757,479.28,0.347,-0.1876,1.0,-77376.1,-1289.6,0.746,-93888.5,1.669,-0.112,-0.652,478.3,0.022,10.63
TRAIL_A1_D0.5,ANY,SHORT,sym_vol,lo,TRAIN,96309,523.42,0.523,-0.055,0.99399,-78958.9,-429.12,0.936,-128410.8,1.775,-0.031,-0.734,539.3,0.018,9.26
TRAIL_A1_D0.5,ANY,SHORT,sym_vol,lo,VALID,54225,609.27,0.508,-0.0844,0.99795,-104576.3,-1175.01,0.841,-133346.1,1.524,-0.055,-0.745,552.7,0.016,9.62
TRAIL_A1_D0.5,ANY,SHORT,sym_vol,lo,TEST,54906,596.8,0.5,-0.1322,1.0,-111924.4,-1216.57,0.829,-123240.1,1.537,-0.086,-0.751,534.4,0.017,9.87
TRAIL_A1_D0.5,ANY,SHORT,sym_vol,lo,HOLDOUT,28757,479.28,0.492,-0.1733,1.0,-68127.7,-1135.46,0.8,-85814.3,1.669,-0.104,-0.758,522.1,0.021,9.83
TRAIL_A1_D1,ANY,SHORT,sym_vol,lo,TRAIN,96309,523.42,0.472,-0.0461,0.97322,-61621.3,-334.9,0.95,-121674.1,1.775,-0.026,-0.736,590.5,0.016,8.59
TRAIL_A1_D1,ANY,SHORT,sym_vol,lo,VALID,54225,609.27,0.456,-0.069,0.9845,-92226.9,-1036.26,0.861,-125027.0,1.524,-0.045,-0.748,605.4,0.015,9.03
TRAIL_A1_D1,ANY,SHORT,sym_vol,lo,TEST,54906,596.8,0.444,-0.1286,1.0,-112127.9,-1218.78,0.83,-124263.4,1.537,-0.084,-0.754,587.6,0.015,9.15
TRAIL_A1_D1,ANY,SHORT,sym_vol,lo,HOLDOUT,28757,479.28,0.431,-0.1736,1.0,-69544.0,-1159.07,0.798,-91099.4,1.669,-0.104,-0.76,572.7,0.02,9.67
BE0.5_TRAIL,ANY,SHORT,sym_vol,lo,TRAIN,96309,523.42,0.338,-0.0685,0.99878,-104923.7,-570.24,0.886,-161137.4,1.775,-0.039,-0.59,438.4,0.021,11.01
BE0.5_TRAIL,ANY,SHORT,sym_vol,lo,VALID,54225,609.27,0.325,-0.1111,1.0,-133845.3,-1503.88,0.73,-142791.1,1.524,-0.073,-0.601,450.3,0.019,11.56
BE0.5_TRAIL,ANY,SHORT,sym_vol,lo,TEST,54906,596.8,0.319,-0.1579,1.0,-138167.1,-1501.82,0.716,-144246.6,1.537,-0.103,-0.603,421.9,0.02,12.16
BE0.5_TRAIL,ANY,SHORT,sym_vol,lo,HOLDOUT,28757,479.28,0.304,-0.2023,1.0,-83413.0,-1390.22,0.673,-93972.6,1.669,-0.121,-0.607,406.5,0.027,12.87
BE1_TRAIL,ANY,SHORT,sym_vol,lo,TRAIN,96309,523.42,0.376,-0.0329,0.86155,-32931.7,-178.98,0.974,-144742.8,1.775,-0.019,-0.74,650.1,0.014,7.51
BE1_TRAIL,ANY,SHORT,sym_vol,lo,VALID,54225,609.27,0.372,-0.0934,0.99719,-125079.3,-1405.38,0.814,-143571.8,1.524,-0.061,-0.75,673.9,0.013,7.9
BE1_TRAIL,ANY,SHORT,sym_vol,lo,TEST,54906,596.8,0.35,-0.1593,1.0,-141529.0,-1538.36,0.787,-153096.1,1.537,-0.104,-0.756,640.8,0.014,8.23
BE1_TRAIL,ANY,SHORT,sym_vol,lo,HOLDOUT,28757,479.28,0.341,-0.2051,1.0,-79897.5,-1331.62,0.77,-99533.4,1.669,-0.123,-0.762,620.2,0.018,8.72
ATR_TRAIL2,ANY,SHORT,sym_vol,lo,TRAIN,96309,523.42,0.291,-0.1135,1.0,-200365.8,-1088.94,0.666,-203963.1,1.775,-0.064,-0.297,125.5,0.073,38.41
ATR_TRAIL2,ANY,SHORT,sym_vol,lo,VALID,54225,609.27,0.286,-0.1324,1.0,-143407.3,-1611.32,0.552,-147557.8,1.524,-0.087,-0.303,127.3,0.068,41.51
ATR_TRAIL2,ANY,SHORT,sym_vol,lo,TEST,54906,596.8,0.287,-0.1546,1.0,-128850.2,-1400.55,0.587,-128867.4,1.537,-0.101,-0.302,123.1,0.07,41.5
ATR_TRAIL2,ANY,SHORT,sym_vol,lo,HOLDOUT,28757,479.28,0.267,-0.2034,1.0,-74979.7,-1249.66,0.544,-77756.4,1.669,-0.122,-0.302,118.2,0.091,43.83
ATR_TRAIL3,ANY,SHORT,sym_vol,lo,TRAIN,96309,523.42,0.316,-0.087,0.99989,-144061.6,-782.94,0.816,-163624.1,1.775,-0.049,-0.414,259.3,0.037,19.44
ATR_TRAIL3,ANY,SHORT,sym_vol,lo,VALID,54225,609.27,0.307,-0.1354,1.0,-151956.0,-1707.37,0.634,-158524.9,1.524,-0.089,-0.422,263.5,0.035,21.07
ATR_TRAIL3,ANY,SHORT,sym_vol,lo,TEST,54906,596.8,0.31,-0.1682,1.0,-142804.8,-1552.23,0.647,-144001.0,1.537,-0.109,-0.42,247.9,0.036,21.39
ATR_TRAIL3,ANY,SHORT,sym_vol,lo,HOLDOUT,28757,479.28,0.283,-0.2197,1.0,-85209.0,-1420.15,0.604,-92753.7,1.669,-0.132,-0.42,237.3,0.047,22.3
ATR_TRAIL4,ANY,SHORT,sym_vol,lo,TRAIN,96309,523.42,0.33,-0.0541,0.95639,-86475.1,-469.97,0.909,-164579.4,1.775,-0.03,-0.524,417.1,0.023,12.28
ATR_TRAIL4,ANY,SHORT,sym_vol,lo,VALID,54225,609.27,0.319,-0.1379,1.0,-161925.1,-1819.38,0.68,-168674.5,1.524,-0.09,-0.531,420.6,0.022,13.25
ATR_TRAIL4,ANY,SHORT,sym_vol,lo,TEST,54906,596.8,0.314,-0.1866,1.0,-168404.7,-1830.49,0.661,-174580.3,1.537,-0.121,-0.531,396.6,0.022,13.36
ATR_TRAIL4,ANY,SHORT,sym_vol,lo,HOLDOUT,28757,479.28,0.295,-0.237,1.0,-92918.7,-1548.65,0.647,-102690.1,1.669,-0.142,-0.533,381.4,0.03,14.15
MFE_LOCK0.3,ANY,SHORT,sym_vol,lo,TRAIN,96309,523.42,0.523,-0.0508,0.98494,-68202.4,-370.67,0.945,-131301.9,1.775,-0.029,-0.733,537.1,0.017,9.15
MFE_LOCK0.3,ANY,SHORT,sym_vol,lo,VALID,54225,609.27,0.508,-0.0959,0.99952,-119884.0,-1347.01,0.818,-139381.6,1.524,-0.063,-0.745,552.5,0.016,9.48
MFE_LOCK0.3,ANY,SHORT,sym_vol,lo,TEST,54906,596.8,0.5,-0.1453,1.0,-120456.2,-1309.31,0.816,-129983.0,1.537,-0.095,-0.751,529.6,0.017,9.92
MFE_LOCK0.3,ANY,SHORT,sym_vol,lo,HOLDOUT,28757,479.28,0.493,-0.1876,1.0,-66129.9,-1102.16,0.806,-81714.7,1.669,-0.112,-0.758,517.0,0.021,10.13
MFE_LOCK0.5,ANY,SHORT,sym_vol,lo,TRAIN,96309,523.42,0.522,-0.0346,0.88391,-42339.5,-230.11,0.966,-126097.8,1.775,-0.019,-0.736,623.2,0.015,7.99
MFE_LOCK0.5,ANY,SHORT,sym_vol,lo,VALID,54225,609.27,0.507,-0.0985,0.99897,-126122.0,-1417.1,0.809,-142998.9,1.524,-0.065,-0.747,640.6,0.014,8.42
MFE_LOCK0.5,ANY,SHORT,sym_vol,lo,TEST,54906,596.8,0.498,-0.1701,1.0,-149302.6,-1622.85,0.772,-161249.9,1.537,-0.111,-0.752,603.4,0.014,8.27
MFE_LOCK0.5,ANY,SHORT,sym_vol,lo,HOLDOUT,28757,479.28,0.491,-0.2237,1.0,-88241.7,-1470.7,0.741,-103887.4,1.669,-0.134,-0.759,577.3,0.019,8.97
NOTP_TRAIL0.5,ANY,SHORT,sym_vol,lo,TRAIN,96309,523.42,0.298,-0.1157,1.0,-204179.2,-1109.67,0.673,-210052.1,1.775,-0.065,-0.308,148.4,0.061,31.75
NOTP_TRAIL0.5,ANY,SHORT,sym_vol,lo,VALID,54225,609.27,0.289,-0.1308,1.0,-141423.4,-1589.03,0.576,-145279.8,1.524,-0.086,-0.314,149.5,0.059,36.12
NOTP_TRAIL0.5,ANY,SHORT,sym_vol,lo,TEST,54906,596.8,0.291,-0.1481,1.0,-121517.2,-1320.84,0.624,-122777.9,1.537,-0.096,-0.311,144.3,0.058,34.48
NOTP_TRAIL0.5,ANY,SHORT,sym_vol,lo,HOLDOUT,28757,479.28,0.271,-0.1975,1.0,-71288.0,-1188.13,0.581,-74154.7,1.669,-0.118,-0.311,140.8,0.077,36.78
NOTP_TRAIL1,ANY,SHORT,sym_vol,lo,TRAIN,96309,523.42,0.352,-0.063,0.98833,-93759.7,-509.56,0.91,-162664.5,1.775,-0.036,-0.567,503.3,0.019,9.7
NOTP_TRAIL1,ANY,SHORT,sym_vol,lo,VALID,54225,609.27,0.346,-0.1032,0.99984,-129064.5,-1450.16,0.767,-138880.3,1.524,-0.068,-0.577,524.2,0.018,10.75
NOTP_TRAIL1,ANY,SHORT,sym_vol,lo,TEST,54906,596.8,0.331,-0.1703,1.0,-151628.4,-1648.13,0.723,-159369.6,1.537,-0.111,-0.577,488.3,0.018,10.47
NOTP_TRAIL1,ANY,SHORT,sym_vol,lo,HOLDOUT,28757,479.28,0.314,-0.2242,1.0,-89025.8,-1483.76,0.69,-101900.5,1.669,-0.134,-0.577,465.0,0.022,10.37
NOTP_TRAIL1.5,ANY,SHORT,sym_vol,lo,TRAIN,96309,523.42,0.371,-0.0103,0.60654,-1489.5,-8.09,0.999,-161596.6,1.775,-0.006,-0.732,752.2,0.013,6.65
NOTP_TRAIL1.5,ANY,SHORT,sym_vol,lo,VALID,54225,609.27,0.366,-0.0924,0.99221,-129524.7,-1455.33,0.814,-145104.9,1.524,-0.061,-0.741,775.1,0.012,7.2
NOTP_TRAIL1.5,ANY,SHORT,sym_vol,lo,TEST,54906,596.8,0.343,-0.1828,1.0,-165062.3,-1794.16,0.762,-182728.1,1.537,-0.119,-0.748,740.0,0.012,7.17
NOTP_TRAIL1.5,ANY,SHORT,sym_vol,lo,HOLDOUT,28757,479.28,0.335,-0.2298,1.0,-85229.0,-1420.48,0.764,-109710.3,1.669,-0.138,-0.751,711.7,0.017,7.93
TIME15m,ANY,SHORT,sym_vol,lo,TRAIN,96309,523.42,0.373,-0.0542,1.0,-100093.1,-543.98,0.58,-100739.5,1.775,-0.031,-0.149,15.0,0.42,219.67
TIME15m,ANY,SHORT,sym_vol,lo,VALID,54225,609.27,0.352,-0.0598,1.0,-60697.4,-681.99,0.516,-60889.5,1.524,-0.039,-0.148,15.0,0.423,257.52
TIME15m,ANY,SHORT,sym_vol,lo,TEST,54906,596.8,0.351,-0.0686,1.0,-56916.8,-618.66,0.534,-56936.3,1.537,-0.045,-0.146,15.0,0.437,260.89
TIME15m,ANY,SHORT,sym_vol,lo,HOLDOUT,28757,479.28,0.342,-0.0813,1.0,-29117.9,-485.3,0.541,-29156.8,1.669,-0.049,-0.148,15.0,0.513,246.1
TIME30m,ANY,SHORT,sym_vol,lo,TRAIN,96309,523.42,0.409,-0.0522,1.0,-93093.6,-505.94,0.698,-94644.5,1.775,-0.029,-0.211,29.8,0.264,138.1
TIME30m,ANY,SHORT,sym_vol,lo,VALID,54225,609.27,0.389,-0.0607,1.0,-64901.4,-729.23,0.599,-65640.3,1.524,-0.04,-0.21,29.9,0.256,155.72
TIME30m,ANY,SHORT,sym_vol,lo,TEST,54906,596.8,0.386,-0.0713,1.0,-58433.5,-635.15,0.627,-58507.3,1.537,-0.046,-0.208,29.8,0.263,157.01
TIME30m,ANY,SHORT,sym_vol,lo,HOLDOUT,28757,479.28,0.376,-0.0904,1.0,-34992.3,-583.2,0.585,-35079.4,1.669,-0.054,-0.215,29.8,0.321,154.03
TIME1h,ANY,SHORT,sym_vol,lo,TRAIN,96309,523.42,0.436,-0.0499,1.0,-86519.9,-470.22,0.787,-90535.6,1.775,-0.028,-0.294,59.0,0.152,79.45
TIME1h,ANY,SHORT,sym_vol,lo,VALID,54225,609.27,0.421,-0.0612,1.0,-66761.7,-750.13,0.683,-67615.6,1.524,-0.04,-0.292,59.1,0.142,86.74
TIME1h,ANY,SHORT,sym_vol,lo,TEST,54906,596.8,0.425,-0.0735,1.0,-60613.9,-658.85,0.711,-62197.0,1.537,-0.048,-0.294,59.0,0.146,87.15
TIME1h,ANY,SHORT,sym_vol,lo,HOLDOUT,28757,479.28,0.404,-0.098,1.0,-39067.7,-651.13,0.649,-39733.8,1.669,-0.059,-0.302,58.9,0.182,87.05
TIME2h,ANY,SHORT,sym_vol,lo,TRAIN,96309,523.42,0.456,-0.0516,1.0,-89817.2,-488.14,0.837,-96329.7,1.775,-0.029,-0.404,114.6,0.082,43.17
TIME2h,ANY,SHORT,sym_vol,lo,VALID,54225,609.27,0.447,-0.0648,1.0,-73682.5,-827.89,0.74,-76715.1,1.524,-0.043,-0.402,115.0,0.076,46.61
TIME2h,ANY,SHORT,sym_vol,lo,TEST,54906,596.8,0.442,-0.0826,1.0,-65593.1,-712.97,0.769,-68390.7,1.537,-0.054,-0.407,114.4,0.078,46.51
TIME2h,ANY,SHORT,sym_vol,lo,HOLDOUT,28757,479.28,0.427,-0.1146,1.0,-44077.5,-734.62,0.706,-46796.8,1.669,-0.069,-0.415,114.1,0.099,47.28
TIME4h,ANY,SHORT,sym_vol,lo,TRAIN,96309,523.42,0.469,-0.0503,0.99831,-86507.9,-470.15,0.884,-99765.4,1.775,-0.028,-0.528,213.0,0.046,24.07
TIME4h,ANY,SHORT,sym_vol,lo,VALID,54225,609.27,0.466,-0.0632,0.99875,-79123.1,-889.02,0.795,-86000.9,1.524,-0.041,-0.527,214.7,0.043,25.93
TIME4h,ANY,SHORT,sym_vol,lo,TEST,54906,596.8,0.463,-0.0887,1.0,-73093.4,-794.49,0.811,-77678.7,1.537,-0.058,-0.538,212.3,0.043,25.89
TIME4h,ANY,SHORT,sym_vol,lo,HOLDOUT,28757,479.28,0.441,-0.1362,1.0,-51405.4,-856.76,0.75,-58454.4,1.669,-0.082,-0.55,211.7,0.055,26.13
SIG_OFF,ANY,SHORT,sym_vol,lo,TRAIN,96309,523.42,0.366,-0.0526,1.0,-94216.7,-512.05,0.693,-98358.4,1.775,-0.03,-0.193,62.0,0.137,71.5
SIG_OFF,ANY,SHORT,sym_vol,lo,VALID,54225,609.27,0.348,-0.0573,1.0,-61055.0,-686.01,0.615,-61612.1,1.524,-0.038,-0.188,61.1,0.133,81.07
SIG_OFF,ANY,SHORT,sym_vol,lo,TEST,54906,596.8,0.345,-0.0762,1.0,-63258.2,-687.59,0.604,-64491.4,1.537,-0.05,-0.194,63.0,0.129,76.86
SIG_OFF,ANY,SHORT,sym_vol,lo,HOLDOUT,28757,479.28,0.339,-0.0922,1.0,-32864.8,-547.75,0.605,-34520.1,1.669,-0.055,-0.196,63.0,0.165,78.95
MOM_OFF,ANY,SHORT,sym_vol,lo,TRAIN,96309,523.42,0.318,-0.0468,1.0,-82890.3,-450.49,0.759,-90144.4,1.775,-0.026,-0.204,48.0,0.218,113.89
MOM_OFF,ANY,SHORT,sym_vol,lo,VALID,54225,609.27,0.306,-0.0594,1.0,-67198.5,-755.04,0.622,-68436.5,1.524,-0.039,-0.204,48.6,0.207,126.42
MOM_OFF,ANY,SHORT,sym_vol,lo,TEST,54906,596.8,0.301,-0.0748,1.0,-63764.4,-693.09,0.636,-64633.5,1.537,-0.049,-0.203,47.3,0.212,126.55
MOM_OFF,ANY,SHORT,sym_vol,lo,HOLDOUT,28757,479.28,0.287,-0.1,1.0,-41711.7,-695.19,0.547,-41785.0,1.669,-0.06,-0.206,45.9,0.258,123.78
FIXED,ANY,LONG,sym_vol,hi,TRAIN,78909,428.85,0.403,-0.119,1.0,-239579.1,-1302.06,0.861,-269467.4,1.424,-0.084,-0.802,757.5,0.016,6.98
FIXED,ANY,LONG,sym_vol,hi,VALID,39543,444.3,0.417,-0.065,0.97607,-101742.1,-1143.17,0.889,-134577.5,1.548,-0.042,-0.768,756.8,0.018,7.97
FIXED,ANY,LONG,sym_vol,hi,TEST,42220,458.91,0.392,-0.1391,1.0,-153645.2,-1670.06,0.839,-212774.8,1.371,-0.101,-0.805,743.1,0.016,7.54
FIXED,ANY,LONG,sym_vol,hi,HOLDOUT,34854,580.9,0.484,0.098,0.00403,133744.7,2229.08,1.196,-67703.0,1.934,0.051,-0.779,722.0,0.014,7.98
TRAIL_A0.5_D0.5,ANY,LONG,sym_vol,hi,TRAIN,78909,428.85,0.532,-0.1215,1.0,-259697.4,-1411.4,0.774,-268546.0,1.424,-0.085,-0.612,446.8,0.029,12.48
TRAIL_A0.5_D0.5,ANY,LONG,sym_vol,hi,VALID,39543,444.3,0.544,-0.0906,0.99994,-131071.5,-1472.71,0.794,-134602.3,1.548,-0.058,-0.593,436.8,0.03,13.39
TRAIL_A0.5_D0.5,ANY,LONG,sym_vol,hi,TEST,42220,458.91,0.527,-0.1263,1.0,-147898.8,-1607.6,0.768,-172020.0,1.371,-0.092,-0.611,422.4,0.029,13.18
TRAIL_A0.5_D0.5,ANY,LONG,sym_vol,hi,HOLDOUT,34854,580.9,0.581,-0.0134,0.73622,11744.1,195.74,1.026,-51502.5,1.934,-0.007,-0.574,399.6,0.026,15.3
TRAIL_A0.5_D1,ANY,LONG,sym_vol,hi,TRAIN,78909,428.85,0.367,-0.1181,1.0,-231982.6,-1260.77,0.833,-245837.2,1.424,-0.083,-0.655,595.3,0.022,9.27
TRAIL_A0.5_D1,ANY,LONG,sym_vol,hi,VALID,39543,444.3,0.377,-0.0887,0.99912,-133850.5,-1503.94,0.824,-136481.1,1.548,-0.057,-0.633,573.2,0.022,9.67
TRAIL_A0.5_D1,ANY,LONG,sym_vol,hi,TEST,42220,458.91,0.353,-0.1379,1.0,-160458.3,-1744.11,0.792,-197233.0,1.371,-0.101,-0.654,562.3,0.023,10.34
TRAIL_A0.5_D1,ANY,LONG,sym_vol,hi,HOLDOUT,34854,580.9,0.418,0.0246,0.19904,55393.4,923.22,1.1,-57376.2,1.934,0.013,-0.625,534.6,0.018,10.43
TRAIL_A1_D0.5,ANY,LONG,sym_vol,hi,TRAIN,78909,428.85,0.47,-0.1223,1.0,-246657.3,-1340.53,0.843,-263081.4,1.424,-0.086,-0.751,644.1,0.019,8.29
TRAIL_A1_D0.5,ANY,LONG,sym_vol,hi,VALID,39543,444.3,0.482,-0.0796,0.99661,-116150.3,-1305.06,0.861,-124596.0,1.548,-0.051,-0.72,634.5,0.021,9.13
TRAIL_A1_D0.5,ANY,LONG,sym_vol,hi,TEST,42220,458.91,0.461,-0.1369,1.0,-159985.9,-1738.98,0.815,-203266.8,1.371,-0.1,-0.751,622.6,0.02,9.3
TRAIL_A1_D0.5,ANY,LONG,sym_vol,hi,HOLDOUT,34854,580.9,0.548,0.0462,0.06075,81044.7,1350.74,1.132,-55941.4,1.934,0.024,-0.716,597.5,0.016,9.43
TRAIL_A1_D1,ANY,LONG,sym_vol,hi,TRAIN,78909,428.85,0.438,-0.1206,1.0,-239248.9,-1300.27,0.848,-257901.2,1.424,-0.085,-0.752,691.4,0.018,7.8
TRAIL_A1_D1,ANY,LONG,sym_vol,hi,VALID,39543,444.3,0.451,-0.0782,0.99435,-115684.1,-1299.82,0.862,-129821.4,1.548,-0.051,-0.721,677.6,0.018,8.17
TRAIL_A1_D1,ANY,LONG,sym_vol,hi,TEST,42220,458.91,0.426,-0.1396,1.0,-161315.5,-1753.43,0.814,-207872.8,1.371,-0.102,-0.753,667.7,0.019,8.64
TRAIL_A1_D1,ANY,LONG,sym_vol,hi,HOLDOUT,34854,580.9,0.508,0.0614,0.03056,97453.3,1624.22,1.158,-61161.1,1.934,0.032,-0.721,642.3,0.015,8.73
BE0.5_TRAIL,ANY,LONG,sym_vol,hi,TRAIN,78909,428.85,0.311,-0.1237,1.0,-245558.1,-1334.55,0.792,-253391.4,1.424,-0.087,-0.616,518.4,0.025,10.89
BE0.5_TRAIL,ANY,LONG,sym_vol,hi,VALID,39543,444.3,0.327,-0.092,0.99984,-134269.2,-1508.64,0.794,-136933.2,1.548,-0.059,-0.595,502.4,0.025,11.13
BE0.5_TRAIL,ANY,LONG,sym_vol,hi,TEST,42220,458.91,0.307,-0.1414,1.0,-161988.1,-1760.74,0.752,-191347.2,1.371,-0.103,-0.614,487.7,0.025,11.38
BE0.5_TRAIL,ANY,LONG,sym_vol,hi,HOLDOUT,34854,580.9,0.353,0.0033,0.44871,40973.4,682.89,1.089,-47937.0,1.934,0.002,-0.58,462.2,0.022,12.5
BE1_TRAIL,ANY,LONG,sym_vol,hi,TRAIN,78909,428.85,0.352,-0.1234,1.0,-226639.6,-1231.74,0.857,-243844.2,1.424,-0.087,-0.754,737.7,0.017,7.29
BE1_TRAIL,ANY,LONG,sym_vol,hi,VALID,39543,444.3,0.363,-0.078,0.99293,-109584.0,-1231.28,0.87,-133713.8,1.548,-0.05,-0.723,724.6,0.017,7.69
BE1_TRAIL,ANY,LONG,sym_vol,hi,TEST,42220,458.91,0.336,-0.1568,1.0,-171786.5,-1867.24,0.803,-229824.6,1.371,-0.114,-0.754,710.7,0.017,7.67
BE1_TRAIL,ANY,LONG,sym_vol,hi,HOLDOUT,34854,580.9,0.411,0.0799,0.01531,124478.8,2074.65,1.2,-65149.7,1.934,0.041,-0.726,690.8,0.014,8.23
ATR_TRAIL2,ANY,LONG,sym_vol,hi,TRAIN,78909,428.85,0.295,-0.1069,1.0,-226058.3,-1228.58,0.679,-226928.0,1.424,-0.075,-0.295,130.4,0.097,41.7
ATR_TRAIL2,ANY,LONG,sym_vol,hi,VALID,39543,444.3,0.304,-0.0866,1.0,-112846.4,-1267.94,0.699,-113957.1,1.548,-0.056,-0.289,124.2,0.1,44.49
ATR_TRAIL2,ANY,LONG,sym_vol,hi,TEST,42220,458.91,0.295,-0.1014,1.0,-117217.2,-1274.1,0.69,-118587.0,1.371,-0.074,-0.294,124.6,0.098,44.77
ATR_TRAIL2,ANY,LONG,sym_vol,hi,HOLDOUT,34854,580.9,0.316,-0.0725,1.0,-63468.7,-1057.81,0.792,-64326.1,1.934,-0.037,-0.296,119.1,0.081,47.05
ATR_TRAIL3,ANY,LONG,sym_vol,hi,TRAIN,78909,428.85,0.304,-0.1174,1.0,-251967.2,-1369.39,0.729,-255008.4,1.424,-0.082,-0.407,255.2,0.051,21.89
ATR_TRAIL3,ANY,LONG,sym_vol,hi,VALID,39543,444.3,0.308,-0.0931,1.0,-134848.5,-1515.15,0.735,-136127.4,1.548,-0.06,-0.399,248.2,0.052,23.18
ATR_TRAIL3,ANY,LONG,sym_vol,hi,TEST,42220,458.91,0.3,-0.1224,1.0,-142179.4,-1545.43,0.72,-150193.9,1.371,-0.089,-0.408,244.1,0.051,23.28
ATR_TRAIL3,ANY,LONG,sym_vol,hi,HOLDOUT,34854,580.9,0.325,-0.0574,0.99816,-42854.4,-714.24,0.893,-65246.7,1.934,-0.03,-0.408,238.1,0.041,23.78
ATR_TRAIL4,ANY,LONG,sym_vol,hi,TRAIN,78909,428.85,0.312,-0.1204,1.0,-240102.5,-1304.9,0.787,-245933.8,1.424,-0.085,-0.512,403.9,0.032,13.64
ATR_TRAIL4,ANY,LONG,sym_vol,hi,VALID,39543,444.3,0.321,-0.0828,0.9996,-127744.3,-1435.33,0.795,-129028.8,1.548,-0.053,-0.499,405.3,0.032,14.2
ATR_TRAIL4,ANY,LONG,sym_vol,hi,TEST,42220,458.91,0.3,-0.1419,1.0,-161086.7,-1750.94,0.746,-181997.9,1.371,-0.104,-0.513,389.6,0.032,14.64
ATR_TRAIL4,ANY,LONG,sym_vol,hi,HOLDOUT,34854,580.9,0.338,0.0033,0.45711,24812.0,413.53,1.051,-59134.4,1.934,0.002,-0.514,399.3,0.025,14.6
MFE_LOCK0.3,ANY,LONG,sym_vol,hi,TRAIN,78909,428.85,0.47,-0.1187,1.0,-228636.6,-1242.59,0.854,-244753.2,1.424,-0.083,-0.751,640.5,0.02,8.49
MFE_LOCK0.3,ANY,LONG,sym_vol,hi,VALID,39543,444.3,0.482,-0.0843,0.99845,-120928.2,-1358.74,0.856,-127047.0,1.548,-0.054,-0.72,631.7,0.02,8.99
MFE_LOCK0.3,ANY,LONG,sym_vol,hi,TEST,42220,458.91,0.461,-0.1403,1.0,-159746.9,-1736.38,0.815,-204461.2,1.371,-0.102,-0.751,619.0,0.02,9.09
MFE_LOCK0.3,ANY,LONG,sym_vol,hi,HOLDOUT,34854,580.9,0.548,0.0519,0.03854,93048.8,1550.81,1.151,-54225.1,1.934,0.027,-0.716,595.9,0.016,9.33
MFE_LOCK0.5,ANY,LONG,sym_vol,hi,TRAIN,78909,428.85,0.469,-0.1193,1.0,-230448.5,-1252.44,0.853,-246901.7,1.424,-0.084,-0.751,700.8,0.018,7.83
MFE_LOCK0.5,ANY,LONG,sym_vol,hi,VALID,39543,444.3,0.482,-0.0911,0.99882,-141913.5,-1594.53,0.831,-144681.1,1.548,-0.059,-0.721,689.6,0.018,8.03
MFE_LOCK0.5,ANY,LONG,sym_vol,hi,TEST,42220,458.91,0.461,-0.1578,1.0,-177082.5,-1924.81,0.795,-212502.7,1.371,-0.115,-0.751,673.7,0.018,8.03
MFE_LOCK0.5,ANY,LONG,sym_vol,hi,HOLDOUT,34854,580.9,0.547,0.0622,0.02939,98735.5,1645.59,1.161,-47493.2,1.934,0.032,-0.721,658.3,0.015,8.77
NOTP_TRAIL0.5,ANY,LONG,sym_vol,hi,TRAIN,78909,428.85,0.288,-0.1156,1.0,-256881.2,-1396.09,0.663,-256881.2,1.424,-0.081,-0.312,172.6,0.077,33.09
NOTP_TRAIL0.5,ANY,LONG,sym_vol,hi,VALID,39543,444.3,0.309,-0.0793,1.0,-96111.4,-1079.9,0.76,-97496.2,1.548,-0.051,-0.303,160.4,0.082,36.63
NOTP_TRAIL0.5,ANY,LONG,sym_vol,hi,TEST,42220,458.91,0.296,-0.1069,1.0,-125078.1,-1359.54,0.692,-127318.2,1.371,-0.078,-0.309,153.9,0.081,37.13
NOTP_TRAIL0.5,ANY,LONG,sym_vol,hi,HOLDOUT,34854,580.9,0.322,-0.0644,1.0,-54429.7,-907.16,0.831,-61491.1,1.934,-0.033,-0.306,145.4,0.066,38.32
NOTP_TRAIL1,ANY,LONG,sym_vol,hi,TRAIN,78909,428.85,0.335,-0.1218,1.0,-231363.1,-1257.41,0.824,-240322.9,1.424,-0.086,-0.585,564.5,0.023,9.7
NOTP_TRAIL1,ANY,LONG,sym_vol,hi,VALID,39543,444.3,0.346,-0.0901,0.99967,-130898.5,-1470.77,0.816,-133514.3,1.548,-0.058,-0.563,539.1,0.025,10.93
NOTP_TRAIL1,ANY,LONG,sym_vol,hi,TEST,42220,458.91,0.324,-0.1476,1.0,-169839.8,-1846.08,0.766,-201170.1,1.371,-0.108,-0.579,524.8,0.023,10.5
NOTP_TRAIL1,ANY,LONG,sym_vol,hi,HOLDOUT,34854,580.9,0.381,0.0162,0.30237,54036.9,900.61,1.101,-55006.3,1.934,0.008,-0.563,503.5,0.019,10.77
NOTP_TRAIL1.5,ANY,LONG,sym_vol,hi,TRAIN,78909,428.85,0.353,-0.1115,0.99998,-197772.7,-1074.85,0.878,-243676.9,1.424,-0.078,-0.741,808.7,0.015,6.6
NOTP_TRAIL1.5,ANY,LONG,sym_vol,hi,VALID,39543,444.3,0.365,-0.0815,0.99147,-128756.3,-1446.7,0.853,-146310.2,1.548,-0.053,-0.714,811.0,0.016,7.22
NOTP_TRAIL1.5,ANY,LONG,sym_vol,hi,TEST,42220,458.91,0.338,-0.1679,1.0,-188173.0,-2045.36,0.792,-240378.6,1.371,-0.122,-0.743,784.5,0.016,7.23
NOTP_TRAIL1.5,ANY,LONG,sym_vol,hi,HOLDOUT,34854,580.9,0.416,0.1287,0.00288,174382.3,2906.37,1.268,-63400.4,1.934,0.067,-0.732,789.7,0.012,7.07
TIME15m,ANY,LONG,sym_vol,hi,TRAIN,78909,428.85,0.39,-0.0373,1.0,-80166.1,-435.69,0.706,-80631.8,1.424,-0.026,-0.148,15.0,0.475,203.92
TIME15m,ANY,LONG,sym_vol,hi,VALID,39543,444.3,0.39,-0.0358,1.0,-46889.1,-526.84,0.687,-47201.9,1.548,-0.023,-0.145,15.0,0.533,237.02
TIME15m,ANY,LONG,sym_vol,hi,TEST,42220,458.91,0.401,-0.0353,1.0,-41141.0,-447.18,0.712,-41485.2,1.371,-0.026,-0.144,15.0,0.525,240.76
TIME15m,ANY,LONG,sym_vol,hi,HOLDOUT,34854,580.9,0.404,-0.0313,1.0,-28700.2,-478.34,0.756,-28837.6,1.934,-0.016,-0.144,15.0,0.482,280.12
TIME30m,ANY,LONG,sym_vol,hi,TRAIN,78909,428.85,0.41,-0.0396,1.0,-75299.6,-409.24,0.789,-76236.8,1.424,-0.028,-0.206,29.9,0.316,135.58
TIME30m,ANY,LONG,sym_vol,hi,VALID,39543,444.3,0.416,-0.0353,1.0,-47842.5,-537.56,0.758,-48506.4,1.548,-0.023,-0.203,29.9,0.347,154.2
TIME30m,ANY,LONG,sym_vol,hi,TEST,42220,458.91,0.423,-0.0355,1.0,-41841.6,-454.8,0.782,-42368.6,1.371,-0.026,-0.202,29.9,0.338,155.22
TIME30m,ANY,LONG,sym_vol,hi,HOLDOUT,34854,580.9,0.428,-0.0301,1.0,-24000.2,-400.0,0.847,-24451.5,1.934,-0.016,-0.205,29.9,0.289,168.07
TIME1h,ANY,LONG,sym_vol,hi,TRAIN,78909,428.85,0.43,-0.0423,1.0,-74177.7,-403.14,0.844,-75509.7,1.424,-0.03,-0.284,59.2,0.187,80.21
TIME1h,ANY,LONG,sym_vol,hi,VALID,39543,444.3,0.429,-0.0331,1.0,-44716.8,-502.44,0.828,-46893.4,1.548,-0.021,-0.279,59.3,0.198,88.11
TIME1h,ANY,LONG,sym_vol,hi,TEST,42220,458.91,0.437,-0.0379,1.0,-42929.9,-466.63,0.835,-44425.8,1.371,-0.028,-0.283,59.3,0.193,88.53
TIME1h,ANY,LONG,sym_vol,hi,HOLDOUT,34854,580.9,0.445,-0.0225,0.99842,-17076.8,-284.61,0.919,-20733.5,1.934,-0.012,-0.287,59.2,0.157,91.35
TIME2h,ANY,LONG,sym_vol,hi,TRAIN,78909,428.85,0.445,-0.0474,1.0,-77674.9,-422.15,0.879,-81292.7,1.424,-0.033,-0.387,115.7,0.102,43.55
TIME2h,ANY,LONG,sym_vol,hi,VALID,39543,444.3,0.433,-0.0346,0.9965,-53336.9,-599.29,0.85,-55262.1,1.548,-0.022,-0.378,116.3,0.106,47.09
TIME2h,ANY,LONG,sym_vol,hi,TEST,42220,458.91,0.441,-0.0425,0.99993,-43767.8,-475.74,0.876,-50601.5,1.371,-0.031,-0.385,116.0,0.103,47.28
TIME2h,ANY,LONG,sym_vol,hi,HOLDOUT,34854,580.9,0.457,-0.0166,0.89412,-7857.6,-130.96,0.972,-28124.8,1.934,-0.009,-0.395,115.4,0.083,48.02
TIME4h,ANY,LONG,sym_vol,hi,TRAIN,78909,428.85,0.449,-0.0592,0.99994,-90136.8,-489.87,0.896,-97236.1,1.424,-0.042,-0.51,217.8,0.056,24.22
TIME4h,ANY,LONG,sym_vol,hi,VALID,39543,444.3,0.441,-0.032,0.94988,-55095.2,-619.05,0.884,-60077.4,1.548,-0.021,-0.494,219.8,0.058,25.61
TIME4h,ANY,LONG,sym_vol,hi,TEST,42220,458.91,0.44,-0.0578,0.99925,-65131.6,-707.95,0.865,-79261.6,1.371,-0.042,-0.511,218.6,0.057,25.95
TIME4h,ANY,LONG,sym_vol,hi,HOLDOUT,34854,580.9,0.464,-0.0039,0.57382,10864.3,181.07,1.029,-36042.4,1.934,-0.002,-0.518,216.3,0.045,26.22
SIG_OFF,ANY,LONG,sym_vol,hi,TRAIN,78909,428.85,0.378,-0.0423,1.0,-86817.1,-471.83,0.754,-87833.4,1.424,-0.03,-0.189,59.4,0.187,80.18
SIG_OFF,ANY,LONG,sym_vol,hi,VALID,39543,444.3,0.383,-0.0303,1.0,-40690.5,-457.2,0.777,-40913.5,1.548,-0.02,-0.179,60.0,0.2,88.65
SIG_OFF,ANY,LONG,sym_vol,hi,TEST,42220,458.91,0.388,-0.0457,1.0,-51750.2,-562.5,0.726,-53986.2,1.371,-0.033,-0.188,58.7,0.197,90.61
SIG_OFF,ANY,LONG,sym_vol,hi,HOLDOUT,34854,580.9,0.39,-0.0259,1.0,-25351.9,-422.53,0.831,-27074.0,1.934,-0.013,-0.186,56.6,0.165,95.78
MOM_OFF,ANY,LONG,sym_vol,hi,TRAIN,78909,428.85,0.322,-0.0418,1.0,-77368.6,-420.48,0.806,-78215.3,1.424,-0.029,-0.197,45.2,0.259,111.27
MOM_OFF,ANY,LONG,sym_vol,hi,VALID,39543,444.3,0.32,-0.035,1.0,-52701.0,-592.15,0.76,-54071.8,1.548,-0.023,-0.197,45.0,0.275,122.04
MOM_OFF,ANY,LONG,sym_vol,hi,TEST,42220,458.91,0.325,-0.0463,1.0,-57916.3,-629.53,0.732,-59958.6,1.371,-0.034,-0.196,45.2,0.268,123.22
MOM_OFF,ANY,LONG,sym_vol,hi,HOLDOUT,34854,580.9,0.329,-0.0285,0.99995,-27690.6,-461.51,0.851,-29194.9,1.934,-0.015,-0.207,47.9,0.212,123.35
FIXED,ANY,SHORT,sym_vol,hi,TRAIN,80604,438.07,0.453,-0.0228,0.79995,-74527.9,-405.04,0.956,-162818.4,1.483,-0.015,-0.765,772.7,0.015,6.57
FIXED,ANY,SHORT,sym_vol,hi,VALID,40848,458.97,0.457,-0.0254,0.77676,-50857.7,-571.44,0.944,-169701.0,1.322,-0.019,-0.768,789.2,0.015,6.84
FIXED,ANY,SHORT,sym_vol,hi,TEST,43991,478.16,0.463,-0.0099,0.61738,-14966.7,-162.68,0.983,-83752.9,1.351,-0.007,-0.761,760.1,0.014,6.92
FIXED,ANY,SHORT,sym_vol,hi,HOLDOUT,35937,598.95,0.379,-0.2124,1.0,-245137.0,-4085.62,0.712,-254858.6,1.184,-0.179,-0.83,753.8,0.012,7.43
TRAIL_A0.5_D0.5,ANY,SHORT,sym_vol,hi,TRAIN,80604,438.07,0.57,-0.0491,0.99651,-137387.1,-746.67,0.88,-175980.5,1.483,-0.033,-0.577,438.8,0.026,11.47
TRAIL_A0.5_D0.5,ANY,SHORT,sym_vol,hi,VALID,40848,458.97,0.567,-0.0773,0.99997,-98498.5,-1106.72,0.837,-144595.2,1.322,-0.058,-0.581,446.4,0.026,12.16
TRAIL_A0.5_D0.5,ANY,SHORT,sym_vol,hi,TEST,43991,478.16,0.577,-0.0476,0.98844,-67319.1,-731.73,0.887,-73284.7,1.351,-0.035,-0.567,412.9,0.027,13.1
TRAIL_A0.5_D0.5,ANY,SHORT,sym_vol,hi,HOLDOUT,35937,598.95,0.516,-0.1772,1.0,-190879.3,-3181.32,0.665,-197253.6,1.184,-0.15,-0.623,417.2,0.023,13.55
TRAIL_A0.5_D1,ANY,SHORT,sym_vol,hi,TRAIN,80604,438.07,0.4,-0.0473,0.98145,-137334.4,-746.38,0.902,-195886.6,1.483,-0.032,-0.62,603.0,0.019,8.38
TRAIL_A0.5_D1,ANY,SHORT,sym_vol,hi,VALID,40848,458.97,0.404,-0.0442,0.94445,-48843.8,-548.81,0.933,-143726.2,1.322,-0.033,-0.625,618.2,0.019,8.8
TRAIL_A0.5_D1,ANY,SHORT,sym_vol,hi,TEST,43991,478.16,0.397,-0.0481,0.9633,-76865.9,-835.5,0.896,-92125.5,1.351,-0.036,-0.615,574.6,0.019,8.97
TRAIL_A0.5_D1,ANY,SHORT,sym_vol,hi,HOLDOUT,35937,598.95,0.329,-0.2037,1.0,-227597.8,-3793.3,0.67,-234743.5,1.184,-0.172,-0.67,581.7,0.015,9.18
TRAIL_A1_D0.5,ANY,SHORT,sym_vol,hi,TRAIN,80604,438.07,0.514,-0.0392,0.952,-109081.7,-592.84,0.93,-174776.0,1.483,-0.026,-0.716,646.7,0.018,7.95
TRAIL_A1_D0.5,ANY,SHORT,sym_vol,hi,VALID,40848,458.97,0.519,-0.0478,0.9615,-62251.3,-699.45,0.924,-151745.8,1.322,-0.036,-0.716,659.6,0.018,8.42
TRAIL_A1_D0.5,ANY,SHORT,sym_vol,hi,TEST,43991,478.16,0.524,-0.0324,0.87437,-45554.7,-495.16,0.944,-86571.0,1.351,-0.024,-0.709,625.9,0.017,8.26
TRAIL_A1_D0.5,ANY,SHORT,sym_vol,hi,HOLDOUT,35937,598.95,0.446,-0.2016,1.0,-224681.6,-3744.69,0.711,-233947.1,1.184,-0.17,-0.776,630.4,0.014,8.62
TRAIL_A1_D1,ANY,SHORT,sym_vol,hi,TRAIN,80604,438.07,0.48,-0.0367,0.92861,-110010.1,-597.88,0.929,-187811.2,1.483,-0.025,-0.717,702.9,0.017,7.46
TRAIL_A1_D1,ANY,SHORT,sym_vol,hi,VALID,40848,458.97,0.485,-0.0326,0.85491,-42714.3,-479.94,0.948,-152144.1,1.322,-0.025,-0.719,717.6,0.017,7.74
TRAIL_A1_D1,ANY,SHORT,sym_vol,hi,TEST,43991,478.16,0.487,-0.0316,0.85387,-47344.3,-514.61,0.942,-88069.3,1.351,-0.023,-0.712,682.2,0.015,7.4
TRAIL_A1_D1,ANY,SHORT,sym_vol,hi,HOLDOUT,35937,598.95,0.41,-0.2098,1.0,-235182.2,-3919.7,0.699,-244205.6,1.184,-0.177,-0.779,686.6,0.013,8.0
BE0.5_TRAIL,ANY,SHORT,sym_vol,hi,TRAIN,80604,438.07,0.344,-0.0482,0.98593,-139760.3,-759.57,0.881,-196759.8,1.483,-0.032,-0.581,532.9,0.021,9.35
BE0.5_TRAIL,ANY,SHORT,sym_vol,hi,VALID,40848,458.97,0.34,-0.0826,0.99993,-102679.0,-1153.7,0.835,-160350.8,1.322,-0.062,-0.585,550.7,0.021,9.74
BE0.5_TRAIL,ANY,SHORT,sym_vol,hi,TEST,43991,478.16,0.341,-0.0652,0.99814,-101757.4,-1106.06,0.834,-108190.0,1.351,-0.048,-0.572,504.2,0.022,10.3
BE0.5_TRAIL,ANY,SHORT,sym_vol,hi,HOLDOUT,35937,598.95,0.273,-0.2008,1.0,-216272.2,-3604.54,0.629,-222950.4,1.184,-0.17,-0.628,498.0,0.018,10.62
BE1_TRAIL,ANY,SHORT,sym_vol,hi,TRAIN,80604,438.07,0.394,-0.0397,0.92239,-116303.6,-632.08,0.926,-207926.3,1.483,-0.027,-0.72,767.3,0.015,6.46
BE1_TRAIL,ANY,SHORT,sym_vol,hi,VALID,40848,458.97,0.396,-0.0689,0.98718,-93958.0,-1055.71,0.886,-187090.2,1.322,-0.052,-0.72,785.3,0.015,7.03
BE1_TRAIL,ANY,SHORT,sym_vol,hi,TEST,43991,478.16,0.394,-0.0538,0.95842,-82249.3,-894.01,0.901,-109592.5,1.351,-0.04,-0.714,743.2,0.014,6.85
BE1_TRAIL,ANY,SHORT,sym_vol,hi,HOLDOUT,35937,598.95,0.323,-0.233,1.0,-253848.8,-4230.81,0.677,-261877.2,1.184,-0.197,-0.781,734.8,0.012,7.07
ATR_TRAIL2,ANY,SHORT,sym_vol,hi,TRAIN,80604,438.07,0.318,-0.0696,1.0,-186513.2,-1013.66,0.74,-187312.9,1.483,-0.047,-0.29,135.3,0.081,35.41
ATR_TRAIL2,ANY,SHORT,sym_vol,hi,VALID,40848,458.97,0.315,-0.0978,1.0,-122743.0,-1379.14,0.669,-123153.4,1.322,-0.074,-0.292,140.0,0.083,38.25
ATR_TRAIL2,ANY,SHORT,sym_vol,hi,TEST,43991,478.16,0.325,-0.0805,1.0,-101581.6,-1104.15,0.729,-103819.4,1.351,-0.06,-0.286,134.1,0.082,39.35
ATR_TRAIL2,ANY,SHORT,sym_vol,hi,HOLDOUT,35937,598.95,0.286,-0.1333,1.0,-137507.0,-2291.78,0.582,-138374.2,1.184,-0.113,-0.297,126.5,0.07,41.87
ATR_TRAIL3,ANY,SHORT,sym_vol,hi,TRAIN,80604,438.07,0.333,-0.04,0.88476,-105123.7,-571.32,0.89,-171379.6,1.483,-0.027,-0.397,273.8,0.042,18.55
ATR_TRAIL3,ANY,SHORT,sym_vol,hi,VALID,40848,458.97,0.343,-0.0857,1.0,-97871.7,-1099.68,0.797,-127370.6,1.322,-0.065,-0.398,291.7,0.041,18.78
ATR_TRAIL3,ANY,SHORT,sym_vol,hi,TEST,43991,478.16,0.34,-0.0907,1.0,-126999.9,-1380.43,0.745,-130560.9,1.351,-0.067,-0.393,266.8,0.042,19.99
ATR_TRAIL3,ANY,SHORT,sym_vol,hi,HOLDOUT,35937,598.95,0.291,-0.171,1.0,-185343.3,-3089.05,0.58,-186903.0,1.184,-0.144,-0.411,250.9,0.037,21.88
ATR_TRAIL4,ANY,SHORT,sym_vol,hi,TRAIN,80604,438.07,0.345,-0.0294,0.74857,-97437.6,-529.55,0.916,-203595.6,1.483,-0.02,-0.494,435.6,0.026,11.55
ATR_TRAIL4,ANY,SHORT,sym_vol,hi,VALID,40848,458.97,0.355,-0.0624,0.98169,-70021.1,-786.75,0.881,-149955.1,1.322,-0.047,-0.495,466.2,0.026,11.76
ATR_TRAIL4,ANY,SHORT,sym_vol,hi,TEST,43991,478.16,0.349,-0.0926,0.99997,-142303.5,-1546.78,0.768,-146374.3,1.351,-0.069,-0.496,424.2,0.028,13.15
ATR_TRAIL4,ANY,SHORT,sym_vol,hi,HOLDOUT,35937,598.95,0.296,-0.2045,1.0,-229290.2,-3821.5,0.579,-232559.0,1.184,-0.173,-0.519,397.8,0.022,13.17
MFE_LOCK0.3,ANY,SHORT,sym_vol,hi,TRAIN,80604,438.07,0.514,-0.0407,0.95687,-108057.4,-587.27,0.93,-170594.6,1.483,-0.027,-0.716,642.6,0.017,7.62
MFE_LOCK0.3,ANY,SHORT,sym_vol,hi,VALID,40848,458.97,0.52,-0.0593,0.98855,-77879.4,-875.05,0.905,-158465.3,1.322,-0.045,-0.716,653.6,0.018,8.4
MFE_LOCK0.3,ANY,SHORT,sym_vol,hi,TEST,43991,478.16,0.525,-0.0451,0.95169,-62198.7,-676.07,0.924,-92486.9,1.351,-0.033,-0.709,619.9,0.018,8.42
MFE_LOCK0.3,ANY,SHORT,sym_vol,hi,HOLDOUT,35937,598.95,0.447,-0.1993,1.0,-215811.0,-3596.85,0.723,-225058.0,1.184,-0.168,-0.776,622.2,0.014,8.48
MFE_LOCK0.5,ANY,SHORT,sym_vol,hi,TRAIN,80604,438.07,0.514,-0.0305,0.84301,-93427.9,-507.76,0.94,-179749.3,1.483,-0.021,-0.717,719.6,0.016,7.1
MFE_LOCK0.5,ANY,SHORT,sym_vol,hi,VALID,40848,458.97,0.519,-0.0701,0.99356,-92135.7,-1035.23,0.887,-172964.4,1.322,-0.053,-0.717,732.9,0.016,7.35
MFE_LOCK0.5,ANY,SHORT,sym_vol,hi,TEST,43991,478.16,0.524,-0.0664,0.99262,-95250.7,-1035.33,0.884,-109283.3,1.351,-0.049,-0.709,696.4,0.016,7.41
MFE_LOCK0.5,ANY,SHORT,sym_vol,hi,HOLDOUT,35937,598.95,0.446,-0.2329,1.0,-252421.8,-4207.03,0.676,-261381.5,1.184,-0.197,-0.777,682.1,0.013,7.73
NOTP_TRAIL0.5,ANY,SHORT,sym_vol,hi,TRAIN,80604,438.07,0.321,-0.0704,1.0,-192359.2,-1045.43,0.749,-197774.1,1.483,-0.047,-0.304,182.3,0.059,25.95
NOTP_TRAIL0.5,ANY,SHORT,sym_vol,hi,VALID,40848,458.97,0.315,-0.0947,1.0,-121276.4,-1362.66,0.698,-124712.8,1.322,-0.072,-0.307,189.7,0.059,27.08
NOTP_TRAIL0.5,ANY,SHORT,sym_vol,hi,TEST,43991,478.16,0.327,-0.0731,1.0,-100827.1,-1095.95,0.748,-101387.8,1.351,-0.054,-0.299,175.5,0.061,28.93
NOTP_TRAIL0.5,ANY,SHORT,sym_vol,hi,HOLDOUT,35937,598.95,0.283,-0.1341,1.0,-141385.5,-2356.42,0.601,-143481.5,1.184,-0.113,-0.311,170.8,0.05,29.98
NOTP_TRAIL1,ANY,SHORT,sym_vol,hi,TRAIN,80604,438.07,0.367,-0.0515,0.97586,-137611.0,-747.89,0.896,-188540.4,1.483,-0.035,-0.554,595.3,0.019,8.28
NOTP_TRAIL1,ANY,SHORT,sym_vol,hi,VALID,40848,458.97,0.372,-0.0662,0.99029,-74139.9,-833.03,0.892,-161999.0,1.322,-0.05,-0.559,618.7,0.019,8.81
NOTP_TRAIL1,ANY,SHORT,sym_vol,hi,TEST,43991,478.16,0.364,-0.0836,0.99972,-133064.9,-1446.36,0.81,-141175.8,1.351,-0.062,-0.549,565.6,0.019,9.03
NOTP_TRAIL1,ANY,SHORT,sym_vol,hi,HOLDOUT,35937,598.95,0.298,-0.2143,1.0,-229128.2,-3818.8,0.641,-236420.6,1.184,-0.181,-0.591,556.8,0.016,9.75
NOTP_TRAIL1.5,ANY,SHORT,sym_vol,hi,TRAIN,80604,438.07,0.395,-0.0282,0.76712,-68057.8,-369.88,0.958,-195547.0,1.483,-0.019,-0.71,851.6,0.013,5.88
NOTP_TRAIL1.5,ANY,SHORT,sym_vol,hi,VALID,40848,458.97,0.398,-0.0513,0.87864,-59872.1,-672.72,0.93,-192179.7,1.322,-0.039,-0.711,864.3,0.014,6.24
NOTP_TRAIL1.5,ANY,SHORT,sym_vol,hi,TEST,43991,478.16,0.399,-0.0692,0.98347,-104993.6,-1141.23,0.878,-119396.7,1.351,-0.051,-0.704,834.5,0.014,6.52
NOTP_TRAIL1.5,ANY,SHORT,sym_vol,hi,HOLDOUT,35937,598.95,0.326,-0.2484,1.0,-271645.4,-4527.42,0.663,-281075.5,1.184,-0.21,-0.767,804.2,0.011,6.83
TIME15m,ANY,SHORT,sym_vol,hi,TRAIN,80604,438.07,0.398,-0.0391,1.0,-97449.4,-529.62,0.659,-97663.4,1.483,-0.026,-0.148,15.0,0.473,207.04
TIME15m,ANY,SHORT,sym_vol,hi,VALID,40848,458.97,0.401,-0.0368,1.0,-47764.0,-536.67,0.678,-48100.3,1.322,-0.028,-0.144,15.0,0.529,242.65
TIME15m,ANY,SHORT,sym_vol,hi,TEST,43991,478.16,0.399,-0.0379,1.0,-45344.3,-492.87,0.694,-45446.9,1.351,-0.028,-0.139,15.0,0.511,244.21
TIME15m,ANY,SHORT,sym_vol,hi,HOLDOUT,35937,598.95,0.388,-0.0432,1.0,-43018.9,-716.98,0.659,-43060.7,1.184,-0.037,-0.143,15.0,0.477,285.45
TIME30m,ANY,SHORT,sym_vol,hi,TRAIN,80604,438.07,0.422,-0.0405,1.0,-108187.7,-587.98,0.716,-108565.1,1.483,-0.027,-0.207,29.8,0.314,137.36
TIME30m,ANY,SHORT,sym_vol,hi,VALID,40848,458.97,0.426,-0.0393,1.0,-50119.3,-563.14,0.744,-50814.4,1.322,-0.03,-0.205,29.9,0.341,156.31
TIME30m,ANY,SHORT,sym_vol,hi,TEST,43991,478.16,0.43,-0.0357,1.0,-43214.1,-469.72,0.776,-43385.9,1.351,-0.026,-0.195,29.9,0.329,157.27
TIME30m,ANY,SHORT,sym_vol,hi,HOLDOUT,35937,598.95,0.404,-0.0555,1.0,-57151.3,-952.52,0.672,-57262.4,1.184,-0.047,-0.208,29.9,0.283,169.68
TIME1h,ANY,SHORT,sym_vol,hi,TRAIN,80604,438.07,0.445,-0.0409,1.0,-119655.6,-650.3,0.763,-120296.5,1.483,-0.028,-0.286,59.2,0.184,80.42
TIME1h,ANY,SHORT,sym_vol,hi,VALID,40848,458.97,0.46,-0.0369,1.0,-44300.9,-497.76,0.827,-49220.6,1.322,-0.028,-0.282,59.3,0.194,88.87
TIME1h,ANY,SHORT,sym_vol,hi,TEST,43991,478.16,0.456,-0.0317,0.99999,-41738.8,-453.68,0.84,-41962.8,1.351,-0.023,-0.271,59.3,0.185,88.57
TIME1h,ANY,SHORT,sym_vol,hi,HOLDOUT,35937,598.95,0.421,-0.0658,1.0,-68703.8,-1145.06,0.71,-68837.6,1.184,-0.056,-0.293,59.2,0.153,91.68
TIME2h,ANY,SHORT,sym_vol,hi,TRAIN,80604,438.07,0.46,-0.0376,0.99943,-115129.0,-625.7,0.83,-116215.9,1.483,-0.025,-0.384,115.5,0.1,43.84
TIME2h,ANY,SHORT,sym_vol,hi,VALID,40848,458.97,0.473,-0.0396,0.99969,-46948.3,-527.51,0.862,-59948.3,1.322,-0.03,-0.38,116.1,0.104,47.53
TIME2h,ANY,SHORT,sym_vol,hi,TEST,43991,478.16,0.467,-0.0382,0.99868,-51918.9,-564.34,0.857,-53054.3,1.351,-0.028,-0.378,115.7,0.099,47.42
TIME2h,ANY,SHORT,sym_vol,hi,HOLDOUT,35937,598.95,0.44,-0.0828,1.0,-85606.7,-1426.78,0.732,-87487.2,1.184,-0.07,-0.404,115.2,0.081,48.3
TIME4h,ANY,SHORT,sym_vol,hi,TRAIN,80604,438.07,0.472,-0.0367,0.982,-119994.3,-652.14,0.868,-125525.9,1.483,-0.025,-0.498,217.6,0.055,24.15
TIME4h,ANY,SHORT,sym_vol,hi,VALID,40848,458.97,0.483,-0.039,0.98383,-45882.0,-515.53,0.9,-77521.1,1.322,-0.03,-0.498,219.9,0.056,25.56
TIME4h,ANY,SHORT,sym_vol,hi,TEST,43991,478.16,0.48,-0.0392,0.97699,-54208.9,-589.23,0.888,-56475.7,1.351,-0.029,-0.5,217.4,0.054,25.6
TIME4h,ANY,SHORT,sym_vol,hi,HOLDOUT,35937,598.95,0.446,-0.1099,1.0,-114157.4,-1902.62,0.736,-118467.1,1.184,-0.093,-0.533,216.4,0.043,26.05
SIG_OFF,ANY,SHORT,sym_vol,hi,TRAIN,80604,438.07,0.39,-0.0293,0.99325,-65270.1,-354.73,0.82,-73252.3,1.483,-0.02,-0.187,62.2,0.165,72.11
SIG_OFF,ANY,SHORT,sym_vol,hi,VALID,40848,458.97,0.393,-0.0368,1.0,-48378.8,-543.58,0.745,-49974.2,1.322,-0.028,-0.186,68.7,0.172,78.82
SIG_OFF,ANY,SHORT,sym_vol,hi,TEST,43991,478.16,0.393,-0.0401,1.0,-49062.8,-533.29,0.746,-49276.6,1.351,-0.03,-0.182,66.3,0.157,74.86
SIG_OFF,ANY,SHORT,sym_vol,hi,HOLDOUT,35937,598.95,0.377,-0.0582,1.0,-60762.5,-1012.71,0.642,-61789.4,1.184,-0.049,-0.19,64.4,0.147,87.8
MOM_OFF,ANY,SHORT,sym_vol,hi,TRAIN,80604,438.07,0.334,-0.0354,0.9999,-99673.4,-541.7,0.76,-99807.6,1.483,-0.024,-0.199,48.4,0.253,110.74
MOM_OFF,ANY,SHORT,sym_vol,hi,VALID,40848,458.97,0.34,-0.0467,1.0,-65243.4,-733.07,0.694,-65986.8,1.322,-0.035,-0.197,47.9,0.261,119.93
MOM_OFF,ANY,SHORT,sym_vol,hi,TEST,43991,478.16,0.334,-0.0424,1.0,-56865.3,-618.1,0.736,-57036.2,1.351,-0.031,-0.19,48.5,0.25,119.53
MOM_OFF,ANY,SHORT,sym_vol,hi,HOLDOUT,35937,598.95,0.314,-0.0712,1.0,-75632.8,-1260.55,0.595,-76369.9,1.184,-0.06,-0.196,43.6,0.23,138.02
FIXED,ANY,LONG,mkt_oi,down,TRAIN,9988,54.28,0.496,0.0964,0.13046,33859.2,184.02,1.179,-29956.4,1.584,0.061,-0.743,795.8,0.016,0.86
FIXED,ANY,LONG,mkt_oi,down,VALID,10041,112.82,0.458,0.0072,0.46878,9167.9,103.01,1.044,-61150.3,1.646,0.004,-0.751,720.8,0.014,1.63
FIXED,ANY,LONG,mkt_oi,down,TEST,4122,44.8,0.287,-0.4208,0.99999,-62878.5,-683.46,0.456,-65070.2,1.058,-0.398,-0.895,684.0,0.017,0.78
FIXED,ANY,LONG,mkt_oi,down,HOLDOUT,2386,39.77,0.618,0.3846,0.00264,25504.2,425.07,1.856,-7085.1,2.237,0.172,-0.648,755.3,0.01,0.4
TRAIL_A0.5_D0.5,ANY,LONG,mkt_oi,down,TRAIN,9988,54.28,0.591,-0.0212,0.68021,-3545.1,-19.27,0.972,-22568.8,1.584,-0.013,-0.571,447.3,0.023,1.27
TRAIL_A0.5_D0.5,ANY,LONG,mkt_oi,down,VALID,10041,112.82,0.559,-0.0386,0.71543,-4025.0,-45.22,0.973,-50575.9,1.646,-0.023,-0.578,429.6,0.021,2.37
TRAIL_A0.5_D0.5,ANY,LONG,mkt_oi,down,TEST,4122,44.8,0.439,-0.3167,0.99999,-44115.8,-479.52,0.453,-45392.4,1.058,-0.299,-0.681,395.3,0.024,1.05
TRAIL_A0.5_D0.5,ANY,LONG,mkt_oi,down,HOLDOUT,2386,39.77,0.623,0.0717,0.16172,7397.2,123.29,1.352,-4846.4,2.237,0.032,-0.518,392.8,0.013,0.52
TRAIL_A0.5_D1,ANY,LONG,mkt_oi,down,TRAIN,9988,54.28,0.428,0.0259,0.34371,14793.7,80.4,1.095,-24598.3,1.584,0.016,-0.612,622.2,0.018,0.97
TRAIL_A0.5_D1,ANY,LONG,mkt_oi,down,VALID,10041,112.82,0.417,-0.0094,0.54493,7917.2,88.96,1.045,-56951.3,1.646,-0.006,-0.62,567.9,0.018,2.01
TRAIL_A0.5_D1,ANY,LONG,mkt_oi,down,TEST,4122,44.8,0.249,-0.3818,1.0,-56828.9,-617.71,0.403,-57291.6,1.058,-0.361,-0.731,507.4,0.021,0.92
TRAIL_A0.5_D1,ANY,LONG,mkt_oi,down,HOLDOUT,2386,39.77,0.486,0.1527,0.06522,10228.7,170.48,1.372,-6736.9,2.237,0.068,-0.56,541.8,0.011,0.45
TRAIL_A1_D0.5,ANY,LONG,mkt_oi,down,TRAIN,9988,54.28,0.559,0.0564,0.20817,20567.3,111.78,1.12,-26518.6,1.584,0.036,-0.698,675.4,0.018,0.98
TRAIL_A1_D0.5,ANY,LONG,mkt_oi,down,VALID,10041,112.82,0.513,-0.0253,0.62128,1538.8,17.29,1.008,-57696.7,1.646,-0.015,-0.707,612.9,0.017,1.89
TRAIL_A1_D0.5,ANY,LONG,mkt_oi,down,TEST,4122,44.8,0.342,-0.4002,0.99999,-58887.5,-640.08,0.457,-60109.8,1.058,-0.378,-0.847,585.7,0.019,0.84
TRAIL_A1_D0.5,ANY,LONG,mkt_oi,down,HOLDOUT,2386,39.77,0.65,0.245,0.01121,17994.1,299.9,1.65,-6395.3,2.237,0.11,-0.621,607.4,0.012,0.48
TRAIL_A1_D1,ANY,LONG,mkt_oi,down,TRAIN,9988,54.28,0.524,0.0738,0.16613,27461.4,149.25,1.16,-27361.4,1.584,0.047,-0.698,727.8,0.017,0.9
TRAIL_A1_D1,ANY,LONG,mkt_oi,down,VALID,10041,112.82,0.483,-0.0044,0.51975,8108.4,91.11,1.042,-58769.4,1.646,-0.003,-0.708,657.1,0.016,1.75
TRAIL_A1_D1,ANY,LONG,mkt_oi,down,TEST,4122,44.8,0.314,-0.4196,1.0,-62949.4,-684.23,0.42,-63583.5,1.058,-0.397,-0.848,615.6,0.018,0.82
TRAIL_A1_D1,ANY,LONG,mkt_oi,down,HOLDOUT,2386,39.77,0.612,0.2723,0.00942,18988.5,316.47,1.683,-6588.0,2.237,0.122,-0.622,662.7,0.011,0.45
BE0.5_TRAIL,ANY,LONG,mkt_oi,down,TRAIN,9988,54.28,0.346,-0.0016,0.51081,7795.0,42.36,1.06,-23571.3,1.584,-0.001,-0.574,533.3,0.02,1.06
BE0.5_TRAIL,ANY,LONG,mkt_oi,down,VALID,10041,112.82,0.362,0.0058,0.47313,10103.0,113.52,1.066,-55092.1,1.646,0.004,-0.58,509.4,0.02,2.21
BE0.5_TRAIL,ANY,LONG,mkt_oi,down,TEST,4122,44.8,0.215,-0.3591,1.0,-50640.7,-550.44,0.384,-51207.8,1.058,-0.339,-0.684,446.9,0.023,1.03
BE0.5_TRAIL,ANY,LONG,mkt_oi,down,HOLDOUT,2386,39.77,0.4,0.0657,0.19788,6153.5,102.56,1.281,-4628.2,2.237,0.029,-0.521,453.6,0.012,0.47
BE1_TRAIL,ANY,LONG,mkt_oi,down,TRAIN,9988,54.28,0.437,0.1029,0.12662,41085.4,223.29,1.237,-28358.0,1.584,0.065,-0.7,790.0,0.016,0.85
BE1_TRAIL,ANY,LONG,mkt_oi,down,VALID,10041,112.82,0.412,0.0302,0.38203,19110.3,214.72,1.098,-60711.3,1.646,0.018,-0.709,712.6,0.014,1.58
BE1_TRAIL,ANY,LONG,mkt_oi,down,TEST,4122,44.8,0.234,-0.4488,1.0,-65713.9,-714.28,0.398,-67877.4,1.058,-0.424,-0.849,642.3,0.016,0.72
BE1_TRAIL,ANY,LONG,mkt_oi,down,HOLDOUT,2386,39.77,0.518,0.2622,0.01569,18527.2,308.79,1.658,-5690.3,2.237,0.117,-0.624,720.3,0.012,0.47
ATR_TRAIL2,ANY,LONG,mkt_oi,down,TRAIN,9988,54.28,0.31,-0.106,0.99982,-24728.7,-134.39,0.733,-25520.9,1.584,-0.067,-0.311,134.7,0.052,2.84
ATR_TRAIL2,ANY,LONG,mkt_oi,down,VALID,10041,112.82,0.321,-0.0582,0.90793,-16446.5,-184.79,0.82,-25586.5,1.646,-0.035,-0.287,132.1,0.051,5.73
ATR_TRAIL2,ANY,LONG,mkt_oi,down,TEST,4122,44.8,0.299,-0.1312,0.99972,-14002.5,-152.2,0.626,-15531.7,1.058,-0.124,-0.301,127.6,0.058,2.62
ATR_TRAIL2,ANY,LONG,mkt_oi,down,HOLDOUT,2386,39.77,0.326,-0.0729,0.9645,-3898.0,-64.97,0.776,-6404.3,2.237,-0.033,-0.277,115.5,0.047,1.87
ATR_TRAIL3,ANY,LONG,mkt_oi,down,TRAIN,9988,54.28,0.331,-0.0911,0.9733,-16852.0,-91.59,0.856,-26188.7,1.584,-0.058,-0.413,271.1,0.03,1.6
ATR_TRAIL3,ANY,LONG,mkt_oi,down,VALID,10041,112.82,0.341,-0.0284,0.65017,-10313.3,-115.88,0.917,-41989.1,1.646,-0.017,-0.4,259.5,0.029,3.31
ATR_TRAIL3,ANY,LONG,mkt_oi,down,TEST,4122,44.8,0.274,-0.2012,0.9999,-21694.9,-235.81,0.594,-24521.1,1.058,-0.19,-0.434,233.5,0.037,1.65
ATR_TRAIL3,ANY,LONG,mkt_oi,down,HOLDOUT,2386,39.77,0.354,-0.0311,0.68302,-4318.8,-71.98,0.808,-5969.7,2.237,-0.014,-0.374,240.8,0.027,1.08
ATR_TRAIL4,ANY,LONG,mkt_oi,down,TRAIN,9988,54.28,0.352,-0.0517,0.77795,-8267.1,-44.93,0.94,-33471.7,1.584,-0.033,-0.505,431.5,0.022,1.2
ATR_TRAIL4,ANY,LONG,mkt_oi,down,VALID,10041,112.82,0.359,-0.0087,0.53966,653.1,7.34,1.004,-49679.5,1.646,-0.005,-0.503,424.0,0.021,2.37
ATR_TRAIL4,ANY,LONG,mkt_oi,down,TEST,4122,44.8,0.257,-0.2802,0.99995,-35226.2,-382.89,0.501,-39387.0,1.058,-0.265,-0.558,348.9,0.027,1.22
ATR_TRAIL4,ANY,LONG,mkt_oi,down,HOLDOUT,2386,39.77,0.392,0.0957,0.19646,1176.2,19.6,1.045,-7053.9,2.237,0.043,-0.463,422.7,0.017,0.68
MFE_LOCK0.3,ANY,LONG,mkt_oi,down,TRAIN,9988,54.28,0.559,0.0772,0.15086,28356.8,154.11,1.165,-25551.8,1.584,0.049,-0.698,676.3,0.018,0.96
MFE_LOCK0.3,ANY,LONG,mkt_oi,down,VALID,10041,112.82,0.514,-0.0284,0.63892,-1701.6,-19.12,0.991,-57680.1,1.646,-0.017,-0.707,613.0,0.016,1.83
MFE_LOCK0.3,ANY,LONG,mkt_oi,down,TEST,4122,44.8,0.343,-0.4026,0.99999,-59226.6,-643.77,0.454,-60139.7,1.058,-0.381,-0.846,581.9,0.018,0.82
MFE_LOCK0.3,ANY,LONG,mkt_oi,down,HOLDOUT,2386,39.77,0.65,0.2307,0.01326,17655.6,294.26,1.638,-6419.2,2.237,0.103,-0.621,605.7,0.012,0.48
MFE_LOCK0.5,ANY,LONG,mkt_oi,down,TRAIN,9988,54.28,0.559,0.1028,0.12825,38779.3,210.76,1.226,-26113.0,1.584,0.065,-0.698,761.6,0.017,0.9
MFE_LOCK0.5,ANY,LONG,mkt_oi,down,VALID,10041,112.82,0.513,-0.0097,0.54293,4526.0,50.85,1.023,-59513.5,1.646,-0.006,-0.707,705.6,0.015,1.71
MFE_LOCK0.5,ANY,LONG,mkt_oi,down,TEST,4122,44.8,0.342,-0.4353,1.0,-65124.2,-707.87,0.399,-66111.5,1.058,-0.411,-0.847,611.7,0.017,0.77
MFE_LOCK0.5,ANY,LONG,mkt_oi,down,HOLDOUT,2386,39.77,0.65,0.2604,0.01551,16812.0,280.2,1.608,-5107.0,2.237,0.116,-0.621,680.0,0.013,0.5
NOTP_TRAIL0.5,ANY,LONG,mkt_oi,down,TRAIN,9988,54.28,0.311,-0.1149,1.0,-31475.5,-171.06,0.681,-32644.9,1.584,-0.073,-0.319,182.1,0.046,2.52
NOTP_TRAIL0.5,ANY,LONG,mkt_oi,down,VALID,10041,112.82,0.324,-0.0461,0.84505,-1620.8,-18.21,0.983,-25082.4,1.646,-0.028,-0.299,180.7,0.046,5.19
NOTP_TRAIL0.5,ANY,LONG,mkt_oi,down,TEST,4122,44.8,0.282,-0.1465,0.99997,-17048.0,-185.3,0.577,-17648.2,1.058,-0.138,-0.315,157.4,0.053,2.38
NOTP_TRAIL0.5,ANY,LONG,mkt_oi,down,HOLDOUT,2386,39.77,0.336,-0.0701,0.94544,-3919.5,-65.33,0.791,-6412.4,2.237,-0.031,-0.29,140.3,0.029,1.17
NOTP_TRAIL1,ANY,LONG,mkt_oi,down,TRAIN,9988,54.28,0.387,0.0216,0.38436,16353.1,88.88,1.106,-24357.4,1.584,0.014,-0.56,609.4,0.018,0.99
NOTP_TRAIL1,ANY,LONG,mkt_oi,down,VALID,10041,112.82,0.383,0.0125,0.44571,13314.9,149.61,1.081,-55886.1,1.646,0.008,-0.554,560.7,0.018,2.08
NOTP_TRAIL1,ANY,LONG,mkt_oi,down,TEST,4122,44.8,0.23,-0.3561,1.0,-51167.8,-556.17,0.397,-52662.9,1.058,-0.337,-0.63,452.2,0.022,1.0
NOTP_TRAIL1,ANY,LONG,mkt_oi,down,HOLDOUT,2386,39.77,0.437,0.0751,0.24238,4566.9,76.12,1.162,-7047.5,2.237,0.034,-0.508,511.9,0.014,0.57
NOTP_TRAIL1.5,ANY,LONG,mkt_oi,down,TRAIN,9988,54.28,0.443,0.148,0.08425,55260.5,300.33,1.309,-29631.8,1.584,0.093,-0.691,897.4,0.014,0.76
NOTP_TRAIL1.5,ANY,LONG,mkt_oi,down,VALID,10041,112.82,0.413,0.0231,0.40882,10876.6,122.21,1.055,-65172.3,1.646,0.014,-0.699,818.0,0.013,1.52
NOTP_TRAIL1.5,ANY,LONG,mkt_oi,down,TEST,4122,44.8,0.232,-0.4702,1.0,-70119.5,-762.17,0.373,-72114.1,1.058,-0.444,-0.833,675.0,0.015,0.68
NOTP_TRAIL1.5,ANY,LONG,mkt_oi,down,HOLDOUT,2386,39.77,0.54,0.4248,0.00931,25479.5,424.66,1.854,-7458.1,2.237,0.19,-0.623,898.0,0.009,0.37
TIME15m,ANY,LONG,mkt_oi,down,TRAIN,9988,54.28,0.398,-0.0432,0.9999,-10085.0,-54.81,0.736,-10211.6,1.584,-0.027,-0.164,14.9,0.31,16.84
TIME15m,ANY,LONG,mkt_oi,down,VALID,10041,112.82,0.394,-0.0351,1.0,-10412.0,-116.99,0.706,-10685.9,1.646,-0.021,-0.141,15.0,0.307,34.65
TIME15m,ANY,LONG,mkt_oi,down,TEST,4122,44.8,0.422,-0.036,0.99076,-2947.2,-32.03,0.784,-2977.2,1.058,-0.034,-0.145,15.0,0.344,15.39
TIME15m,ANY,LONG,mkt_oi,down,HOLDOUT,2386,39.77,0.401,-0.0325,0.99442,-1439.7,-23.99,0.793,-1796.9,2.237,-0.015,-0.14,15.0,0.336,13.35
TIME30m,ANY,LONG,mkt_oi,down,TRAIN,9988,54.28,0.425,-0.0316,0.9897,-4327.9,-23.52,0.907,-9505.9,1.584,-0.02,-0.218,29.7,0.179,9.72
TIME30m,ANY,LONG,mkt_oi,down,VALID,10041,112.82,0.439,-0.0337,0.99474,-7734.6,-86.91,0.833,-8569.1,1.646,-0.02,-0.201,29.9,0.172,19.45
TIME30m,ANY,LONG,mkt_oi,down,TEST,4122,44.8,0.446,-0.0344,0.95668,-1560.1,-16.96,0.914,-3557.4,1.058,-0.033,-0.206,29.9,0.194,8.68
TIME30m,ANY,LONG,mkt_oi,down,HOLDOUT,2386,39.77,0.42,-0.0295,0.98219,-1654.1,-27.57,0.829,-2040.0,2.237,-0.013,-0.201,29.9,0.182,7.25
TIME1h,ANY,LONG,mkt_oi,down,TRAIN,9988,54.28,0.448,-0.0333,0.96378,-1808.2,-9.83,0.971,-9556.0,1.584,-0.021,-0.298,59.0,0.097,5.26
TIME1h,ANY,LONG,mkt_oi,down,VALID,10041,112.82,0.451,-0.0261,0.88359,-7179.6,-80.67,0.882,-11587.3,1.646,-0.016,-0.276,59.3,0.091,10.24
TIME1h,ANY,LONG,mkt_oi,down,TEST,4122,44.8,0.445,-0.0441,0.92159,-1549.6,-16.84,0.941,-4694.2,1.058,-0.042,-0.3,59.1,0.101,4.54
TIME1h,ANY,LONG,mkt_oi,down,HOLDOUT,2386,39.77,0.439,-0.0041,0.54533,537.2,8.95,1.045,-1957.5,2.237,-0.002,-0.275,59.3,0.096,3.8
TIME2h,ANY,LONG,mkt_oi,down,TRAIN,9988,54.28,0.481,-0.011,0.6389,4850.5,26.36,1.064,-14315.2,1.584,-0.007,-0.39,115.1,0.055,2.99
TIME2h,ANY,LONG,mkt_oi,down,VALID,10041,112.82,0.451,-0.026,0.73527,-13088.0,-147.06,0.852,-26010.3,1.646,-0.016,-0.381,116.0,0.051,5.71
TIME2h,ANY,LONG,mkt_oi,down,TEST,4122,44.8,0.437,-0.0704,0.92673,-4118.8,-44.77,0.891,-10145.2,1.058,-0.067,-0.42,114.9,0.059,2.64
TIME2h,ANY,LONG,mkt_oi,down,HOLDOUT,2386,39.77,0.472,0.0253,0.33855,2766.2,46.1,1.19,-2770.1,2.237,0.011,-0.36,115.8,0.05,2.0
TIME4h,ANY,LONG,mkt_oi,down,TRAIN,9988,54.28,0.498,0.009,0.42439,10571.3,57.45,1.103,-13343.1,1.584,0.006,-0.496,218.9,0.031,1.71
TIME4h,ANY,LONG,mkt_oi,down,VALID,10041,112.82,0.469,-0.0114,0.57457,-9639.9,-108.31,0.917,-41505.7,1.646,-0.007,-0.496,217.3,0.03,3.4
TIME4h,ANY,LONG,mkt_oi,down,TEST,4122,44.8,0.396,-0.1646,0.99144,-18472.6,-200.79,0.667,-22735.0,1.058,-0.156,-0.56,214.2,0.036,1.63
TIME4h,ANY,LONG,mkt_oi,down,HOLDOUT,2386,39.77,0.485,0.0569,0.27286,4100.0,68.33,1.205,-4587.1,2.237,0.025,-0.468,218.7,0.029,1.17
SIG_OFF,ANY,LONG,mkt_oi,down,TRAIN,9988,54.28,0.385,-0.0378,0.98972,-9812.5,-53.33,0.797,-12002.0,1.584,-0.024,-0.209,73.0,0.132,7.18
SIG_OFF,ANY,LONG,mkt_oi,down,VALID,10041,112.82,0.384,-0.0229,0.91597,-4399.9,-49.44,0.898,-9778.9,1.646,-0.014,-0.178,64.6,0.142,15.97
SIG_OFF,ANY,LONG,mkt_oi,down,TEST,4122,44.8,0.407,-0.0698,0.99867,-7112.8,-77.31,0.643,-8053.1,1.058,-0.066,-0.203,47.4,0.17,7.6
SIG_OFF,ANY,LONG,mkt_oi,down,HOLDOUT,2386,39.77,0.393,-0.0103,0.64325,-926.3,-15.44,0.898,-2126.5,2.237,-0.005,-0.191,77.7,0.09,3.58
MOM_OFF,ANY,LONG,mkt_oi,down,TRAIN,9988,54.28,0.323,-0.057,0.99544,-10712.7,-58.22,0.81,-13143.1,1.584,-0.036,-0.225,46.4,0.152,8.27
MOM_OFF,ANY,LONG,mkt_oi,down,VALID,10041,112.82,0.338,-0.0157,0.71594,-5965.3,-67.03,0.88,-11866.6,1.646,-0.01,-0.189,45.5,0.141,15.94
MOM_OFF,ANY,LONG,mkt_oi,down,TEST,4122,44.8,0.348,-0.0562,0.99664,-6081.4,-66.1,0.709,-6511.9,1.058,-0.053,-0.195,41.2,0.168,7.54
MOM_OFF,ANY,LONG,mkt_oi,down,HOLDOUT,2386,39.77,0.326,-0.0328,0.89892,-860.8,-14.35,0.922,-2953.0,2.237,-0.015,-0.211,51.5,0.142,5.63
FIXED,ANY,SHORT,mkt_oi,down,TRAIN,9065,49.27,0.327,-0.2994,0.99995,-87666.5,-476.45,0.613,-100559.3,1.323,-0.226,-0.847,809.1,0.016,0.77
FIXED,ANY,SHORT,mkt_oi,down,VALID,9698,108.97,0.418,-0.0959,0.87252,-44310.5,-497.87,0.8,-71193.8,1.257,-0.076,-0.795,758.2,0.014,1.51
FIXED,ANY,SHORT,mkt_oi,down,TEST,4955,53.86,0.627,0.4096,0.00041,76139.6,827.6,2.082,-12182.3,1.782,0.23,-0.626,737.8,0.012,0.66
FIXED,ANY,SHORT,mkt_oi,down,HOLDOUT,2243,37.38,0.21,-0.6361,1.0,-42898.7,-714.98,0.286,-43602.1,0.708,-0.898,-0.951,725.6,0.013,0.48
TRAIL_A0.5_D0.5,ANY,SHORT,mkt_oi,down,TRAIN,9065,49.27,0.492,-0.1798,0.99915,-51261.3,-278.59,0.663,-53619.4,1.323,-0.136,-0.637,469.2,0.022,1.1
TRAIL_A0.5_D0.5,ANY,SHORT,mkt_oi,down,VALID,9698,108.97,0.54,-0.1247,0.98667,-35181.8,-395.3,0.756,-58059.4,1.257,-0.099,-0.591,408.9,0.02,2.21
TRAIL_A0.5_D0.5,ANY,SHORT,mkt_oi,down,TEST,4955,53.86,0.672,0.1446,0.03635,26838.7,291.73,1.536,-8227.8,1.782,0.081,-0.491,399.5,0.021,1.12
TRAIL_A0.5_D0.5,ANY,SHORT,mkt_oi,down,HOLDOUT,2243,37.38,0.384,-0.4303,1.0,-29132.0,-485.53,0.298,-29410.7,0.708,-0.608,-0.72,451.2,0.016,0.62
TRAIL_A0.5_D1,ANY,SHORT,mkt_oi,down,TRAIN,9065,49.27,0.305,-0.2477,0.99994,-70792.1,-384.74,0.613,-75222.4,1.323,-0.187,-0.689,630.9,0.018,0.9
TRAIL_A0.5_D1,ANY,SHORT,mkt_oi,down,VALID,9698,108.97,0.377,-0.0987,0.90962,-27541.3,-309.45,0.839,-53560.8,1.257,-0.079,-0.637,560.0,0.016,1.8
TRAIL_A0.5_D1,ANY,SHORT,mkt_oi,down,TEST,4955,53.86,0.528,0.2608,0.00873,43907.4,477.25,1.685,-11381.0,1.782,0.146,-0.523,551.0,0.014,0.76
TRAIL_A0.5_D1,ANY,SHORT,mkt_oi,down,HOLDOUT,2243,37.38,0.181,-0.5392,1.0,-36737.4,-612.29,0.252,-37273.3,0.708,-0.761,-0.771,587.1,0.013,0.5
TRAIL_A1_D0.5,ANY,SHORT,mkt_oi,down,TRAIN,9065,49.27,0.404,-0.2435,0.9997,-69021.4,-375.12,0.666,-77831.2,1.323,-0.184,-0.79,694.7,0.017,0.86
TRAIL_A1_D0.5,ANY,SHORT,mkt_oi,down,VALID,9698,108.97,0.502,-0.1009,0.91701,-28723.5,-322.74,0.848,-58279.3,1.257,-0.08,-0.729,607.2,0.015,1.66
TRAIL_A1_D0.5,ANY,SHORT,mkt_oi,down,TEST,4955,53.86,0.669,0.3114,0.00164,57951.0,629.9,1.897,-10674.3,1.782,0.175,-0.585,602.6,0.014,0.76
TRAIL_A1_D0.5,ANY,SHORT,mkt_oi,down,HOLDOUT,2243,37.38,0.263,-0.5871,1.0,-40000.1,-666.67,0.297,-40512.7,0.708,-0.829,-0.905,649.5,0.014,0.53
TRAIL_A1_D1,ANY,SHORT,mkt_oi,down,TRAIN,9065,49.27,0.37,-0.2652,0.99987,-76625.6,-416.44,0.63,-87188.8,1.323,-0.2,-0.793,739.2,0.017,0.84
TRAIL_A1_D1,ANY,SHORT,mkt_oi,down,VALID,9698,108.97,0.454,-0.0971,0.89129,-29901.9,-335.98,0.843,-55269.7,1.257,-0.077,-0.731,662.8,0.015,1.64
TRAIL_A1_D1,ANY,SHORT,mkt_oi,down,TEST,4955,53.86,0.639,0.3494,0.00111,62994.4,684.72,1.969,-11782.4,1.782,0.196,-0.586,655.0,0.013,0.7
TRAIL_A1_D1,ANY,SHORT,mkt_oi,down,HOLDOUT,2243,37.38,0.231,-0.6166,1.0,-41847.3,-697.46,0.265,-42407.1,0.708,-0.871,-0.907,679.1,0.013,0.5
BE0.5_TRAIL,ANY,SHORT,mkt_oi,down,TRAIN,9065,49.27,0.264,-0.1942,0.99823,-53225.0,-289.27,0.658,-56989.7,1.323,-0.147,-0.644,542.6,0.02,0.99
BE0.5_TRAIL,ANY,SHORT,mkt_oi,down,VALID,9698,108.97,0.319,-0.1469,0.99479,-42671.3,-479.45,0.712,-60156.2,1.257,-0.117,-0.594,485.0,0.018,1.93
BE0.5_TRAIL,ANY,SHORT,mkt_oi,down,TEST,4955,53.86,0.439,0.1997,0.02002,32479.4,353.04,1.624,-9891.1,1.782,0.112,-0.493,488.6,0.015,0.83
BE0.5_TRAIL,ANY,SHORT,mkt_oi,down,HOLDOUT,2243,37.38,0.155,-0.4739,1.0,-33035.5,-550.59,0.219,-33295.2,0.708,-0.669,-0.724,504.0,0.014,0.52
BE1_TRAIL,ANY,SHORT,mkt_oi,down,TRAIN,9065,49.27,0.29,-0.2626,0.99908,-72265.4,-392.75,0.653,-84926.9,1.323,-0.199,-0.798,778.8,0.016,0.79
BE1_TRAIL,ANY,SHORT,mkt_oi,down,VALID,9698,108.97,0.352,-0.1516,0.97846,-50998.9,-573.02,0.734,-63959.7,1.257,-0.121,-0.732,719.0,0.014,1.53
BE1_TRAIL,ANY,SHORT,mkt_oi,down,TEST,4955,53.86,0.546,0.3738,0.00178,66155.6,719.08,2.0,-13213.6,1.782,0.21,-0.587,714.3,0.012,0.63
BE1_TRAIL,ANY,SHORT,mkt_oi,down,HOLDOUT,2243,37.38,0.171,-0.6358,1.0,-43206.7,-720.11,0.244,-43898.0,0.708,-0.898,-0.907,696.5,0.013,0.5
ATR_TRAIL2,ANY,SHORT,mkt_oi,down,TRAIN,9065,49.27,0.265,-0.1006,0.97799,-25455.5,-138.35,0.718,-29274.7,1.323,-0.076,-0.311,114.0,0.06,2.95
ATR_TRAIL2,ANY,SHORT,mkt_oi,down,VALID,9698,108.97,0.306,-0.1096,0.99998,-20540.9,-230.8,0.744,-28826.5,1.257,-0.087,-0.29,126.3,0.044,4.82
ATR_TRAIL2,ANY,SHORT,mkt_oi,down,TEST,4955,53.86,0.358,-0.0078,0.55419,1476.5,16.05,1.037,-7522.6,1.782,-0.004,-0.267,131.0,0.043,2.33
ATR_TRAIL2,ANY,SHORT,mkt_oi,down,HOLDOUT,2243,37.38,0.235,-0.2223,1.0,-13287.1,-221.45,0.352,-13688.9,0.708,-0.314,-0.316,118.8,0.051,1.92
ATR_TRAIL3,ANY,SHORT,mkt_oi,down,TRAIN,9065,49.27,0.256,-0.0113,0.52819,16036.9,87.16,1.131,-44717.4,1.323,-0.009,-0.436,233.2,0.033,1.61
ATR_TRAIL3,ANY,SHORT,mkt_oi,down,VALID,9698,108.97,0.313,-0.1314,0.99878,-24304.8,-273.09,0.771,-38426.6,1.257,-0.105,-0.4,255.3,0.028,3.02
ATR_TRAIL3,ANY,SHORT,mkt_oi,down,TEST,4955,53.86,0.411,0.082,0.15317,11777.6,128.02,1.235,-9751.4,1.782,0.046,-0.361,270.2,0.024,1.27
ATR_TRAIL3,ANY,SHORT,mkt_oi,down,HOLDOUT,2243,37.38,0.194,-0.3281,1.0,-21321.6,-355.36,0.256,-21972.9,0.708,-0.463,-0.444,223.8,0.029,1.07
ATR_TRAIL4,ANY,SHORT,mkt_oi,down,TRAIN,9065,49.27,0.251,-0.0386,0.58444,7981.4,43.38,1.052,-54677.7,1.323,-0.029,-0.554,391.1,0.024,1.17
ATR_TRAIL4,ANY,SHORT,mkt_oi,down,VALID,9698,108.97,0.318,-0.1465,0.9951,-39628.9,-445.27,0.697,-45067.7,1.257,-0.117,-0.501,419.8,0.019,2.02
ATR_TRAIL4,ANY,SHORT,mkt_oi,down,TEST,4955,53.86,0.447,0.1719,0.05438,25197.7,273.89,1.428,-10902.2,1.782,0.096,-0.436,450.0,0.016,0.87
ATR_TRAIL4,ANY,SHORT,mkt_oi,down,HOLDOUT,2243,37.38,0.178,-0.4345,1.0,-28630.3,-477.17,0.217,-30207.9,0.708,-0.614,-0.573,349.9,0.021,0.77
MFE_LOCK0.3,ANY,SHORT,mkt_oi,down,TRAIN,9065,49.27,0.404,-0.2242,0.99797,-60819.5,-330.54,0.706,-69569.5,1.323,-0.17,-0.792,691.6,0.017,0.85
MFE_LOCK0.3,ANY,SHORT,mkt_oi,down,VALID,9698,108.97,0.502,-0.1067,0.93509,-32278.3,-362.68,0.83,-59270.2,1.257,-0.085,-0.729,603.2,0.016,1.79
MFE_LOCK0.3,ANY,SHORT,mkt_oi,down,TEST,4955,53.86,0.669,0.2826,0.00212,53904.0,585.91,1.834,-10962.9,1.782,0.159,-0.585,597.1,0.015,0.78
MFE_LOCK0.3,ANY,SHORT,mkt_oi,down,HOLDOUT,2243,37.38,0.263,-0.5831,1.0,-39286.1,-654.77,0.309,-39743.6,0.708,-0.824,-0.905,640.9,0.014,0.53
MFE_LOCK0.5,ANY,SHORT,mkt_oi,down,TRAIN,9065,49.27,0.403,-0.1656,0.91957,-38686.9,-210.26,0.813,-55751.6,1.323,-0.125,-0.793,736.8,0.016,0.81
MFE_LOCK0.5,ANY,SHORT,mkt_oi,down,VALID,9698,108.97,0.502,-0.1551,0.98827,-49538.8,-556.62,0.738,-64828.0,1.257,-0.123,-0.731,658.9,0.015,1.65
MFE_LOCK0.5,ANY,SHORT,mkt_oi,down,TEST,4955,53.86,0.667,0.2728,0.00336,49283.9,535.69,1.761,-11979.0,1.782,0.153,-0.585,694.9,0.012,0.66
MFE_LOCK0.5,ANY,SHORT,mkt_oi,down,HOLDOUT,2243,37.38,0.262,-0.6107,1.0,-41257.1,-687.62,0.275,-41722.9,0.708,-0.863,-0.905,667.4,0.013,0.5
NOTP_TRAIL0.5,ANY,SHORT,mkt_oi,down,TRAIN,9065,49.27,0.267,-0.1327,0.99973,-40952.5,-222.57,0.587,-41353.6,1.323,-0.1,-0.328,157.8,0.048,2.35
NOTP_TRAIL0.5,ANY,SHORT,mkt_oi,down,VALID,9698,108.97,0.31,-0.1123,0.99994,-23546.4,-264.57,0.738,-34768.8,1.257,-0.089,-0.307,160.5,0.038,4.19
NOTP_TRAIL0.5,ANY,SHORT,mkt_oi,down,TEST,4955,53.86,0.383,0.0116,0.41958,5596.4,60.83,1.136,-7080.5,1.782,0.006,-0.281,168.9,0.039,2.08
NOTP_TRAIL0.5,ANY,SHORT,mkt_oi,down,HOLDOUT,2243,37.38,0.215,-0.243,1.0,-15555.7,-259.26,0.306,-15889.9,0.708,-0.343,-0.333,167.2,0.041,1.52
NOTP_TRAIL1,ANY,SHORT,mkt_oi,down,TRAIN,9065,49.27,0.272,-0.177,0.95804,-38454.2,-208.99,0.775,-50838.7,1.323,-0.134,-0.615,579.6,0.019,0.95
NOTP_TRAIL1,ANY,SHORT,mkt_oi,down,VALID,9698,108.97,0.35,-0.1304,0.97558,-38499.2,-432.58,0.758,-53845.8,1.257,-0.104,-0.567,552.8,0.016,1.79
NOTP_TRAIL1,ANY,SHORT,mkt_oi,down,TEST,4955,53.86,0.489,0.213,0.02394,33736.0,366.7,1.53,-12261.7,1.782,0.12,-0.477,556.3,0.013,0.72
NOTP_TRAIL1,ANY,SHORT,mkt_oi,down,HOLDOUT,2243,37.38,0.16,-0.5024,1.0,-33887.4,-564.79,0.232,-35651.0,0.708,-0.71,-0.665,520.1,0.014,0.52
NOTP_TRAIL1.5,ANY,SHORT,mkt_oi,down,TRAIN,9065,49.27,0.286,-0.1431,0.79876,-24426.0,-132.75,0.886,-70813.2,1.323,-0.108,-0.787,824.8,0.015,0.74
NOTP_TRAIL1.5,ANY,SHORT,mkt_oi,down,VALID,9698,108.97,0.354,-0.1781,0.98492,-66977.6,-752.56,0.666,-71263.7,1.257,-0.142,-0.725,818.4,0.013,1.39
NOTP_TRAIL1.5,ANY,SHORT,mkt_oi,down,TEST,4955,53.86,0.557,0.3251,0.00383,57568.0,625.74,1.793,-14874.7,1.782,0.182,-0.585,865.9,0.009,0.51
NOTP_TRAIL1.5,ANY,SHORT,mkt_oi,down,HOLDOUT,2243,37.38,0.166,-0.6519,1.0,-43302.3,-721.71,0.243,-44251.3,0.708,-0.921,-0.887,705.3,0.013,0.48
TIME15m,ANY,SHORT,mkt_oi,down,TRAIN,9065,49.27,0.403,-0.0358,0.97334,-9655.8,-52.48,0.735,-10986.2,1.323,-0.027,-0.156,15.0,0.326,16.06
TIME15m,ANY,SHORT,mkt_oi,down,VALID,9698,108.97,0.393,-0.0424,1.0,-9533.5,-107.12,0.709,-10607.4,1.257,-0.034,-0.142,15.0,0.311,33.87
TIME15m,ANY,SHORT,mkt_oi,down,TEST,4955,53.86,0.402,-0.0405,0.99985,-5107.6,-55.52,0.705,-5130.3,1.782,-0.023,-0.135,15.0,0.286,15.39
TIME15m,ANY,SHORT,mkt_oi,down,HOLDOUT,2243,37.38,0.357,-0.0554,0.99995,-2803.1,-46.72,0.621,-3157.4,0.708,-0.078,-0.143,15.0,0.355,13.27
TIME30m,ANY,SHORT,mkt_oi,down,TRAIN,9065,49.27,0.404,-0.0461,0.98651,-12717.6,-69.12,0.74,-13029.4,1.323,-0.035,-0.219,29.7,0.193,9.53
TIME30m,ANY,SHORT,mkt_oi,down,VALID,9698,108.97,0.425,-0.0414,0.99598,-8168.6,-91.78,0.808,-12522.5,1.257,-0.033,-0.203,29.9,0.175,19.04
TIME30m,ANY,SHORT,mkt_oi,down,TEST,4955,53.86,0.417,-0.0421,0.99847,-5724.1,-62.22,0.739,-5821.3,1.782,-0.024,-0.191,29.9,0.161,8.7
TIME30m,ANY,SHORT,mkt_oi,down,HOLDOUT,2243,37.38,0.355,-0.0778,0.99965,-4387.3,-73.12,0.585,-4762.8,0.708,-0.11,-0.211,29.9,0.19,7.1
TIME1h,ANY,SHORT,mkt_oi,down,TRAIN,9065,49.27,0.406,-0.0654,0.99455,-20221.7,-109.9,0.693,-20793.3,1.323,-0.049,-0.304,58.6,0.105,5.2
TIME1h,ANY,SHORT,mkt_oi,down,VALID,9698,108.97,0.435,-0.0464,0.98256,-8068.3,-90.65,0.862,-16551.7,1.257,-0.037,-0.284,59.4,0.093,10.15
TIME1h,ANY,SHORT,mkt_oi,down,TEST,4955,53.86,0.455,-0.0189,0.74893,-2387.2,-25.95,0.917,-4623.3,1.782,-0.011,-0.259,59.4,0.085,4.59
TIME1h,ANY,SHORT,mkt_oi,down,HOLDOUT,2243,37.38,0.38,-0.1165,0.99137,-7034.2,-117.24,0.534,-7774.0,0.708,-0.165,-0.309,59.2,0.101,3.78
TIME2h,ANY,SHORT,mkt_oi,down,TRAIN,9065,49.27,0.395,-0.0876,0.98718,-26527.3,-144.17,0.704,-27079.9,1.323,-0.066,-0.416,113.9,0.06,2.97
TIME2h,ANY,SHORT,mkt_oi,down,VALID,9698,108.97,0.459,-0.0459,0.91442,-7597.3,-85.36,0.897,-21351.9,1.257,-0.036,-0.386,116.1,0.052,5.69
TIME2h,ANY,SHORT,mkt_oi,down,TEST,4955,53.86,0.504,0.0286,0.2918,2978.5,32.37,1.078,-4988.3,1.782,0.016,-0.348,115.7,0.048,2.61
TIME2h,ANY,SHORT,mkt_oi,down,HOLDOUT,2243,37.38,0.354,-0.1814,0.99823,-11328.0,-188.8,0.464,-11857.9,0.708,-0.256,-0.439,115.2,0.057,2.12
TIME4h,ANY,SHORT,mkt_oi,down,TRAIN,9065,49.27,0.392,-0.1283,0.99166,-37472.2,-203.65,0.68,-38555.6,1.323,-0.097,-0.54,215.2,0.034,1.67
TIME4h,ANY,SHORT,mkt_oi,down,VALID,9698,108.97,0.462,-0.0281,0.71066,1501.4,16.87,1.015,-26844.5,1.257,-0.022,-0.497,220.3,0.031,3.38
TIME4h,ANY,SHORT,mkt_oi,down,TEST,4955,53.86,0.547,0.1136,0.0822,17567.7,190.95,1.389,-6584.2,1.782,0.064,-0.445,217.6,0.03,1.6
TIME4h,ANY,SHORT,mkt_oi,down,HOLDOUT,2243,37.38,0.358,-0.2655,0.99984,-16554.0,-275.9,0.426,-16732.3,0.708,-0.375,-0.587,214.8,0.032,1.2
SIG_OFF,ANY,SHORT,mkt_oi,down,TRAIN,9065,49.27,0.39,0.0414,0.34849,19641.5,106.75,1.427,-12490.8,1.323,0.031,-0.194,50.1,0.161,7.94
SIG_OFF,ANY,SHORT,mkt_oi,down,VALID,9698,108.97,0.385,-0.0413,0.99926,-10742.7,-120.7,0.734,-10765.9,1.257,-0.033,-0.175,60.9,0.125,13.57
SIG_OFF,ANY,SHORT,mkt_oi,down,TEST,4955,53.86,0.4,-0.0061,0.59867,1396.8,15.18,1.067,-5103.0,1.782,-0.003,-0.168,84.6,0.075,4.02
SIG_OFF,ANY,SHORT,mkt_oi,down,HOLDOUT,2243,37.38,0.338,-0.0952,1.0,-5751.3,-95.85,0.476,-5983.6,0.708,-0.134,-0.199,54.8,0.144,5.38
MOM_OFF,ANY,SHORT,mkt_oi,down,TRAIN,9065,49.27,0.294,-0.0342,0.72603,-8523.7,-46.32,0.847,-18599.2,1.323,-0.026,-0.216,43.2,0.167,8.23
MOM_OFF,ANY,SHORT,mkt_oi,down,VALID,9698,108.97,0.316,-0.0591,0.99996,-15498.1,-174.14,0.688,-16484.0,1.257,-0.047,-0.204,49.6,0.138,15.09
MOM_OFF,ANY,SHORT,mkt_oi,down,TEST,4955,53.86,0.34,-0.0275,0.854,-4675.9,-50.82,0.812,-5000.6,1.782,-0.015,-0.186,52.1,0.123,6.6
MOM_OFF,ANY,SHORT,mkt_oi,down,HOLDOUT,2243,37.38,0.3,-0.0762,0.99344,-4053.8,-67.56,0.606,-4778.7,0.708,-0.108,-0.189,42.6,0.16,5.97
FIXED,ANY,LONG,mkt_vol,lo,TRAIN,83088,451.57,0.395,-0.1398,1.0,-254204.8,-1381.55,0.823,-302995.4,1.645,-0.085,-0.83,659.1,0.01,4.57
FIXED,ANY,LONG,mkt_vol,lo,VALID,55688,625.71,0.404,-0.1191,0.99987,-111246.8,-1249.96,0.877,-169007.7,1.734,-0.069,-0.818,676.1,0.009,5.71
FIXED,ANY,LONG,mkt_vol,lo,TEST,53240,578.7,0.412,-0.1107,0.99991,-68705.8,-746.8,0.917,-126087.4,1.725,-0.064,-0.821,661.2,0.01,5.76
FIXED,ANY,LONG,mkt_vol,lo,HOLDOUT,33916,565.27,0.408,-0.1343,0.99986,-79409.2,-1323.49,0.864,-100129.5,1.92,-0.07,-0.831,645.8,0.009,5.35
TRAIL_A0.5_D0.5,ANY,LONG,mkt_vol,lo,TRAIN,83088,451.57,0.516,-0.1371,1.0,-237161.2,-1288.92,0.741,-251830.3,1.645,-0.083,-0.612,367.3,0.017,7.79
TRAIL_A0.5_D0.5,ANY,LONG,mkt_vol,lo,VALID,55688,625.71,0.501,-0.1544,1.0,-163596.8,-1838.17,0.729,-177918.0,1.734,-0.089,-0.615,382.2,0.016,10.02
TRAIL_A0.5_D0.5,ANY,LONG,mkt_vol,lo,TEST,53240,578.7,0.509,-0.1408,1.0,-115997.5,-1260.84,0.785,-136655.8,1.725,-0.082,-0.606,363.1,0.017,9.97
TRAIL_A0.5_D0.5,ANY,LONG,mkt_vol,lo,HOLDOUT,33916,565.27,0.499,-0.1607,1.0,-94019.5,-1566.99,0.757,-96530.2,1.92,-0.084,-0.612,352.5,0.017,9.85
TRAIL_A0.5_D1,ANY,LONG,mkt_vol,lo,TRAIN,83088,451.57,0.356,-0.1349,1.0,-241897.4,-1314.66,0.784,-273300.6,1.645,-0.082,-0.659,495.8,0.013,5.93
TRAIL_A0.5_D1,ANY,LONG,mkt_vol,lo,VALID,55688,625.71,0.355,-0.1367,1.0,-141715.8,-1592.31,0.807,-164894.6,1.734,-0.079,-0.66,509.0,0.012,7.58
TRAIL_A0.5_D1,ANY,LONG,mkt_vol,lo,TEST,53240,578.7,0.363,-0.1255,1.0,-94492.4,-1027.09,0.857,-126619.2,1.725,-0.073,-0.652,486.3,0.013,7.62
TRAIL_A0.5_D1,ANY,LONG,mkt_vol,lo,HOLDOUT,33916,565.27,0.35,-0.1551,1.0,-100186.5,-1669.77,0.788,-103136.9,1.92,-0.081,-0.66,469.5,0.012,6.95
TRAIL_A1_D0.5,ANY,LONG,mkt_vol,lo,TRAIN,83088,451.57,0.476,-0.1435,1.0,-251507.3,-1366.89,0.803,-288727.4,1.645,-0.087,-0.763,544.5,0.012,5.29
TRAIL_A1_D0.5,ANY,LONG,mkt_vol,lo,VALID,55688,625.71,0.474,-0.1443,1.0,-145965.3,-1640.06,0.821,-179617.7,1.734,-0.083,-0.76,562.3,0.011,6.69
TRAIL_A1_D0.5,ANY,LONG,mkt_vol,lo,TEST,53240,578.7,0.489,-0.1264,1.0,-90846.8,-987.46,0.876,-128905.9,1.725,-0.073,-0.755,542.3,0.011,6.62
TRAIL_A1_D0.5,ANY,LONG,mkt_vol,lo,HOLDOUT,33916,565.27,0.479,-0.1554,1.0,-92060.4,-1534.34,0.826,-100642.2,1.92,-0.081,-0.767,530.6,0.011,6.2
TRAIL_A1_D1,ANY,LONG,mkt_vol,lo,TRAIN,83088,451.57,0.428,-0.1403,1.0,-251989.6,-1369.51,0.803,-293786.4,1.645,-0.085,-0.766,587.9,0.011,5.07
TRAIL_A1_D1,ANY,LONG,mkt_vol,lo,VALID,55688,625.71,0.428,-0.1306,0.99999,-129252.0,-1452.27,0.842,-171057.0,1.734,-0.075,-0.761,604.1,0.01,6.35
TRAIL_A1_D1,ANY,LONG,mkt_vol,lo,TEST,53240,578.7,0.437,-0.12,0.99999,-82883.6,-900.91,0.888,-127596.1,1.725,-0.07,-0.757,583.5,0.011,6.48
TRAIL_A1_D1,ANY,LONG,mkt_vol,lo,HOLDOUT,33916,565.27,0.427,-0.1475,0.99999,-90870.0,-1514.5,0.829,-102635.7,1.92,-0.077,-0.77,569.0,0.01,5.93
BE0.5_TRAIL,ANY,LONG,mkt_vol,lo,TRAIN,83088,451.57,0.313,-0.1484,1.0,-256855.8,-1395.96,0.727,-275910.0,1.645,-0.09,-0.615,428.3,0.015,6.71
BE0.5_TRAIL,ANY,LONG,mkt_vol,lo,VALID,55688,625.71,0.306,-0.1534,1.0,-165854.8,-1863.54,0.734,-181873.3,1.734,-0.088,-0.619,439.0,0.014,8.89
BE0.5_TRAIL,ANY,LONG,mkt_vol,lo,TEST,53240,578.7,0.315,-0.1478,1.0,-118125.4,-1283.97,0.788,-140216.1,1.725,-0.086,-0.609,416.8,0.015,8.65
BE0.5_TRAIL,ANY,LONG,mkt_vol,lo,HOLDOUT,33916,565.27,0.305,-0.1496,1.0,-84836.8,-1413.95,0.786,-85384.8,1.92,-0.078,-0.616,402.8,0.015,8.5
BE1_TRAIL,ANY,LONG,mkt_vol,lo,TRAIN,83088,451.57,0.335,-0.1599,1.0,-277324.2,-1507.2,0.786,-312773.0,1.645,-0.097,-0.768,631.4,0.01,4.65
BE1_TRAIL,ANY,LONG,mkt_vol,lo,VALID,55688,625.71,0.346,-0.1362,0.99999,-132275.8,-1486.25,0.84,-181873.7,1.734,-0.079,-0.763,647.4,0.01,6.17
BE1_TRAIL,ANY,LONG,mkt_vol,lo,TEST,53240,578.7,0.348,-0.1406,1.0,-94822.2,-1030.68,0.873,-144769.7,1.725,-0.082,-0.759,625.3,0.01,5.96
BE1_TRAIL,ANY,LONG,mkt_vol,lo,HOLDOUT,33916,565.27,0.342,-0.1367,0.99983,-80069.6,-1334.49,0.85,-97012.3,1.92,-0.071,-0.772,608.2,0.01,5.58
ATR_TRAIL2,ANY,LONG,mkt_vol,lo,TRAIN,83088,451.57,0.28,-0.1376,1.0,-236711.3,-1286.47,0.598,-239425.4,1.645,-0.084,-0.302,117.8,0.049,22.28
ATR_TRAIL2,ANY,LONG,mkt_vol,lo,VALID,55688,625.71,0.271,-0.1483,1.0,-154334.0,-1734.09,0.601,-158420.1,1.734,-0.086,-0.308,117.9,0.049,30.36
ATR_TRAIL2,ANY,LONG,mkt_vol,lo,TEST,53240,578.7,0.275,-0.1566,1.0,-140749.2,-1529.88,0.606,-140964.1,1.725,-0.091,-0.303,116.6,0.05,28.7
ATR_TRAIL2,ANY,LONG,mkt_vol,lo,HOLDOUT,33916,565.27,0.276,-0.1571,1.0,-79528.4,-1325.47,0.674,-80234.3,1.92,-0.082,-0.303,114.6,0.05,28.4
ATR_TRAIL3,ANY,LONG,mkt_vol,lo,TRAIN,83088,451.57,0.297,-0.1369,1.0,-245859.1,-1336.19,0.681,-252053.0,1.645,-0.083,-0.421,238.1,0.026,11.56
ATR_TRAIL3,ANY,LONG,mkt_vol,lo,VALID,55688,625.71,0.292,-0.1419,1.0,-148871.9,-1672.72,0.705,-155953.9,1.734,-0.082,-0.424,243.8,0.025,15.4
ATR_TRAIL3,ANY,LONG,mkt_vol,lo,TEST,53240,578.7,0.29,-0.1572,1.0,-133603.3,-1452.21,0.714,-134565.8,1.725,-0.091,-0.42,236.4,0.026,15.15
ATR_TRAIL3,ANY,LONG,mkt_vol,lo,HOLDOUT,33916,565.27,0.288,-0.1499,1.0,-72367.1,-1206.12,0.776,-73968.8,1.92,-0.078,-0.423,229.7,0.026,14.57
ATR_TRAIL4,ANY,LONG,mkt_vol,lo,TRAIN,83088,451.57,0.306,-0.1332,1.0,-252801.4,-1373.92,0.732,-263738.7,1.645,-0.081,-0.536,385.6,0.017,7.65
ATR_TRAIL4,ANY,LONG,mkt_vol,lo,VALID,55688,625.71,0.302,-0.1202,1.0,-120100.8,-1349.45,0.804,-137833.2,1.734,-0.069,-0.532,396.8,0.016,9.99
ATR_TRAIL4,ANY,LONG,mkt_vol,lo,TEST,53240,578.7,0.296,-0.1562,1.0,-128384.5,-1395.48,0.776,-144546.0,1.725,-0.091,-0.532,381.9,0.017,9.58
ATR_TRAIL4,ANY,LONG,mkt_vol,lo,HOLDOUT,33916,565.27,0.287,-0.1377,0.99993,-73856.6,-1230.94,0.816,-78859.6,1.92,-0.072,-0.538,368.0,0.016,9.05
MFE_LOCK0.3,ANY,LONG,mkt_vol,lo,TRAIN,83088,451.57,0.476,-0.1471,1.0,-245024.5,-1331.65,0.808,-284188.4,1.645,-0.089,-0.763,541.9,0.012,5.24
MFE_LOCK0.3,ANY,LONG,mkt_vol,lo,VALID,55688,625.71,0.474,-0.1492,1.0,-149832.9,-1683.52,0.817,-181375.3,1.734,-0.086,-0.76,559.8,0.011,6.82
MFE_LOCK0.3,ANY,LONG,mkt_vol,lo,TEST,53240,578.7,0.489,-0.1351,1.0,-95318.4,-1036.07,0.87,-131657.0,1.725,-0.078,-0.755,540.0,0.012,6.86
MFE_LOCK0.3,ANY,LONG,mkt_vol,lo,HOLDOUT,33916,565.27,0.478,-0.1453,1.0,-76294.6,-1271.58,0.856,-89542.4,1.92,-0.076,-0.768,530.0,0.011,6.27
MFE_LOCK0.5,ANY,LONG,mkt_vol,lo,TRAIN,83088,451.57,0.475,-0.1533,1.0,-279132.5,-1517.02,0.781,-313061.5,1.645,-0.093,-0.764,598.8,0.01,4.73
MFE_LOCK0.5,ANY,LONG,mkt_vol,lo,VALID,55688,625.71,0.474,-0.1563,1.0,-164006.8,-1842.77,0.799,-196459.7,1.734,-0.09,-0.76,618.6,0.01,6.27
MFE_LOCK0.5,ANY,LONG,mkt_vol,lo,TEST,53240,578.7,0.487,-0.1482,1.0,-110191.3,-1197.73,0.85,-140665.7,1.725,-0.086,-0.756,596.1,0.011,6.25
MFE_LOCK0.5,ANY,LONG,mkt_vol,lo,HOLDOUT,33916,565.27,0.476,-0.1315,0.99924,-80199.8,-1336.66,0.848,-97446.0,1.92,-0.068,-0.769,588.1,0.011,6.13
NOTP_TRAIL0.5,ANY,LONG,mkt_vol,lo,TRAIN,83088,451.57,0.284,-0.1362,1.0,-233890.1,-1271.14,0.62,-236979.4,1.645,-0.083,-0.311,140.7,0.043,19.27
NOTP_TRAIL0.5,ANY,LONG,mkt_vol,lo,VALID,55688,625.71,0.275,-0.147,1.0,-152949.9,-1718.54,0.621,-158260.4,1.734,-0.085,-0.318,140.8,0.041,25.54
NOTP_TRAIL0.5,ANY,LONG,mkt_vol,lo,TEST,53240,578.7,0.28,-0.1556,1.0,-140013.8,-1521.89,0.625,-140570.4,1.725,-0.09,-0.313,134.6,0.042,24.27
NOTP_TRAIL0.5,ANY,LONG,mkt_vol,lo,HOLDOUT,33916,565.27,0.281,-0.157,1.0,-78020.5,-1300.34,0.694,-78535.4,1.92,-0.082,-0.312,130.1,0.045,25.3
NOTP_TRAIL1,ANY,LONG,mkt_vol,lo,TRAIN,83088,451.57,0.325,-0.1448,1.0,-260109.2,-1413.64,0.753,-279545.6,1.645,-0.088,-0.587,473.3,0.014,6.25
NOTP_TRAIL1,ANY,LONG,mkt_vol,lo,VALID,55688,625.71,0.324,-0.1437,1.0,-149469.3,-1679.43,0.783,-170487.3,1.734,-0.083,-0.586,480.9,0.013,7.98
NOTP_TRAIL1,ANY,LONG,mkt_vol,lo,TEST,53240,578.7,0.331,-0.1508,1.0,-119328.5,-1297.05,0.809,-142784.6,1.725,-0.087,-0.582,460.4,0.014,8.14
NOTP_TRAIL1,ANY,LONG,mkt_vol,lo,HOLDOUT,33916,565.27,0.316,-0.1519,1.0,-86987.1,-1449.79,0.804,-95225.1,1.92,-0.079,-0.587,438.6,0.014,7.67
NOTP_TRAIL1.5,ANY,LONG,mkt_vol,lo,TRAIN,83088,451.57,0.331,-0.1544,1.0,-284878.2,-1548.25,0.787,-314311.2,1.645,-0.094,-0.756,711.4,0.009,4.2
NOTP_TRAIL1.5,ANY,LONG,mkt_vol,lo,VALID,55688,625.71,0.343,-0.1225,0.99965,-111905.5,-1257.37,0.869,-177127.0,1.734,-0.071,-0.752,733.8,0.009,5.38
NOTP_TRAIL1.5,ANY,LONG,mkt_vol,lo,TEST,53240,578.7,0.343,-0.1458,1.0,-104370.2,-1134.46,0.866,-149201.2,1.725,-0.084,-0.749,712.7,0.009,5.42
NOTP_TRAIL1.5,ANY,LONG,mkt_vol,lo,HOLDOUT,33916,565.27,0.338,-0.1192,0.99302,-65684.3,-1094.74,0.882,-105758.5,1.92,-0.062,-0.762,690.8,0.009,5.0
TIME15m,ANY,LONG,mkt_vol,lo,TRAIN,83088,451.57,0.368,-0.054,1.0,-89456.5,-486.18,0.614,-89465.2,1.645,-0.033,-0.153,15.0,0.319,144.11
TIME15m,ANY,LONG,mkt_vol,lo,VALID,55688,625.71,0.356,-0.0605,1.0,-65362.1,-734.41,0.577,-65488.6,1.734,-0.035,-0.155,15.0,0.326,204.21
TIME15m,ANY,LONG,mkt_vol,lo,TEST,53240,578.7,0.363,-0.0593,1.0,-48886.5,-531.37,0.635,-49373.4,1.725,-0.034,-0.149,15.0,0.332,192.33
TIME15m,ANY,LONG,mkt_vol,lo,HOLDOUT,33916,565.27,0.35,-0.0688,1.0,-33694.7,-561.58,0.642,-33710.3,1.92,-0.036,-0.151,15.0,0.338,190.9
TIME30m,ANY,LONG,mkt_vol,lo,TRAIN,83088,451.57,0.394,-0.0562,1.0,-92419.0,-502.28,0.695,-92660.8,1.645,-0.034,-0.216,29.8,0.176,79.49
TIME30m,ANY,LONG,mkt_vol,lo,VALID,55688,625.71,0.382,-0.0651,1.0,-70388.4,-790.88,0.649,-70931.1,1.734,-0.038,-0.217,29.8,0.177,110.74
TIME30m,ANY,LONG,mkt_vol,lo,TEST,53240,578.7,0.396,-0.0572,1.0,-47954.0,-521.24,0.726,-48446.2,1.725,-0.033,-0.209,29.8,0.178,103.13
TIME30m,ANY,LONG,mkt_vol,lo,HOLDOUT,33916,565.27,0.384,-0.0705,1.0,-32660.3,-544.34,0.733,-32760.0,1.92,-0.037,-0.213,29.8,0.178,100.63
TIME1h,ANY,LONG,mkt_vol,lo,TRAIN,83088,451.57,0.417,-0.0601,1.0,-98562.1,-535.66,0.758,-99031.1,1.645,-0.037,-0.303,59.1,0.092,41.71
TIME1h,ANY,LONG,mkt_vol,lo,VALID,55688,625.71,0.403,-0.0698,1.0,-72043.5,-809.48,0.727,-74565.4,1.734,-0.04,-0.302,59.2,0.091,57.24
TIME1h,ANY,LONG,mkt_vol,lo,TEST,53240,578.7,0.417,-0.0586,1.0,-50340.1,-547.18,0.787,-52390.0,1.725,-0.034,-0.294,59.1,0.092,53.41
TIME1h,ANY,LONG,mkt_vol,lo,HOLDOUT,33916,565.27,0.408,-0.0718,1.0,-34461.9,-574.37,0.792,-34732.0,1.92,-0.037,-0.298,59.0,0.092,52.0
TIME2h,ANY,LONG,mkt_vol,lo,TRAIN,83088,451.57,0.431,-0.0673,1.0,-107367.9,-583.52,0.803,-109784.7,1.645,-0.041,-0.413,114.7,0.049,22.16
TIME2h,ANY,LONG,mkt_vol,lo,VALID,55688,625.71,0.418,-0.0747,1.0,-70425.3,-791.3,0.798,-75594.9,1.734,-0.043,-0.408,115.4,0.048,30.15
TIME2h,ANY,LONG,mkt_vol,lo,TEST,53240,578.7,0.43,-0.0661,1.0,-53786.4,-584.63,0.833,-61513.2,1.725,-0.038,-0.403,114.9,0.049,28.28
TIME2h,ANY,LONG,mkt_vol,lo,HOLDOUT,33916,565.27,0.425,-0.0758,1.0,-33211.4,-553.52,0.853,-35035.0,1.92,-0.039,-0.409,114.5,0.049,27.53
TIME4h,ANY,LONG,mkt_vol,lo,TRAIN,83088,451.57,0.44,-0.0753,0.99997,-115445.4,-627.42,0.843,-121945.3,1.645,-0.046,-0.541,212.7,0.027,12.26
TIME4h,ANY,LONG,mkt_vol,lo,VALID,55688,625.71,0.433,-0.0784,0.99997,-64190.4,-721.24,0.862,-78335.5,1.734,-0.045,-0.533,215.4,0.027,16.7
TIME4h,ANY,LONG,mkt_vol,lo,TEST,53240,578.7,0.431,-0.083,0.99999,-70494.0,-766.24,0.841,-87321.6,1.725,-0.048,-0.535,213.7,0.027,15.68
TIME4h,ANY,LONG,mkt_vol,lo,HOLDOUT,33916,565.27,0.432,-0.0881,0.99996,-39795.2,-663.25,0.872,-43614.9,1.92,-0.046,-0.542,212.4,0.027,15.02
SIG_OFF,ANY,LONG,mkt_vol,lo,TRAIN,83088,451.57,0.356,-0.0593,1.0,-104729.9,-569.18,0.654,-105243.5,1.645,-0.036,-0.198,56.2,0.113,51.2
SIG_OFF,ANY,LONG,mkt_vol,lo,VALID,55688,625.71,0.348,-0.0661,1.0,-70438.8,-791.45,0.637,-70563.2,1.734,-0.038,-0.198,58.3,0.108,67.53
SIG_OFF,ANY,LONG,mkt_vol,lo,TEST,53240,578.7,0.352,-0.0654,1.0,-52710.5,-572.94,0.7,-55568.5,1.725,-0.038,-0.194,60.3,0.102,59.15
SIG_OFF,ANY,LONG,mkt_vol,lo,HOLDOUT,33916,565.27,0.337,-0.0719,1.0,-36331.4,-605.52,0.705,-36785.7,1.92,-0.037,-0.199,58.2,0.108,61.15
MOM_OFF,ANY,LONG,mkt_vol,lo,TRAIN,83088,451.57,0.306,-0.0586,1.0,-98019.9,-532.72,0.709,-99046.2,1.645,-0.036,-0.207,44.7,0.143,64.44
MOM_OFF,ANY,LONG,mkt_vol,lo,VALID,55688,625.71,0.301,-0.0671,1.0,-73491.2,-825.74,0.667,-75582.9,1.734,-0.039,-0.209,42.9,0.143,89.49
MOM_OFF,ANY,LONG,mkt_vol,lo,TEST,53240,578.7,0.301,-0.0608,1.0,-54718.6,-594.77,0.724,-57173.6,1.725,-0.035,-0.203,45.2,0.138,79.97
MOM_OFF,ANY,LONG,mkt_vol,lo,HOLDOUT,33916,565.27,0.294,-0.0634,1.0,-31146.9,-519.12,0.777,-32568.2,1.92,-0.033,-0.207,45.5,0.132,74.83
FIXED,ANY,SHORT,mkt_vol,lo,TRAIN,85257,463.35,0.447,-0.0422,0.91492,-59075.8,-321.06,0.957,-138065.3,1.702,-0.025,-0.797,676.3,0.009,4.29
FIXED,ANY,SHORT,mkt_vol,lo,VALID,58463,656.89,0.452,-0.0354,0.83499,-53526.7,-601.42,0.941,-162836.2,1.522,-0.023,-0.788,704.4,0.008,5.47
FIXED,ANY,SHORT,mkt_vol,lo,TEST,56072,609.48,0.416,-0.147,1.0,-167852.2,-1824.48,0.81,-184245.8,1.419,-0.104,-0.816,692.1,0.009,5.28
FIXED,ANY,SHORT,mkt_vol,lo,HOLDOUT,35810,596.83,0.424,-0.1388,0.99998,-64977.7,-1082.96,0.89,-106056.3,1.549,-0.09,-0.819,684.8,0.008,4.98
TRAIL_A0.5_D0.5,ANY,SHORT,mkt_vol,lo,TRAIN,85257,463.35,0.536,-0.0942,1.0,-164616.9,-894.66,0.819,-185790.5,1.702,-0.055,-0.593,373.9,0.016,7.22
TRAIL_A0.5_D0.5,ANY,SHORT,mkt_vol,lo,VALID,58463,656.89,0.534,-0.0825,0.99986,-106216.5,-1193.44,0.823,-128950.1,1.522,-0.054,-0.584,386.5,0.014,9.16
TRAIL_A0.5_D0.5,ANY,SHORT,mkt_vol,lo,TEST,56072,609.48,0.516,-0.1445,1.0,-143284.2,-1557.44,0.748,-150322.6,1.419,-0.102,-0.596,368.0,0.016,9.51
TRAIL_A0.5_D0.5,ANY,SHORT,mkt_vol,lo,HOLDOUT,35810,596.83,0.518,-0.158,1.0,-73689.9,-1228.17,0.806,-92734.7,1.549,-0.102,-0.6,359.0,0.015,9.08
TRAIL_A0.5_D1,ANY,SHORT,mkt_vol,lo,TRAIN,85257,463.35,0.385,-0.075,0.99849,-127599.5,-693.48,0.886,-175456.8,1.702,-0.044,-0.638,518.9,0.012,5.42
TRAIL_A0.5_D1,ANY,SHORT,mkt_vol,lo,VALID,58463,656.89,0.399,-0.0411,0.91162,-52244.5,-587.02,0.928,-128216.2,1.522,-0.027,-0.631,546.1,0.011,6.92
TRAIL_A0.5_D1,ANY,SHORT,mkt_vol,lo,TEST,56072,609.48,0.364,-0.1432,1.0,-154526.9,-1679.64,0.779,-167029.6,1.419,-0.101,-0.645,521.2,0.011,6.97
TRAIL_A0.5_D1,ANY,SHORT,mkt_vol,lo,HOLDOUT,35810,596.83,0.359,-0.157,1.0,-76675.5,-1277.93,0.837,-106757.8,1.549,-0.101,-0.649,509.3,0.011,6.48
TRAIL_A1_D0.5,ANY,SHORT,mkt_vol,lo,TRAIN,85257,463.35,0.515,-0.0684,0.9961,-109454.1,-594.86,0.912,-165900.6,1.702,-0.04,-0.737,558.7,0.011,4.99
TRAIL_A1_D0.5,ANY,SHORT,mkt_vol,lo,VALID,58463,656.89,0.52,-0.0562,0.96615,-75720.4,-850.79,0.907,-152260.6,1.522,-0.037,-0.726,580.8,0.01,6.53
TRAIL_A1_D0.5,ANY,SHORT,mkt_vol,lo,TEST,56072,609.48,0.494,-0.1449,1.0,-154600.9,-1680.44,0.803,-166197.5,1.419,-0.102,-0.748,561.8,0.01,6.28
TRAIL_A1_D0.5,ANY,SHORT,mkt_vol,lo,HOLDOUT,35810,596.83,0.499,-0.143,1.0,-62681.6,-1044.69,0.881,-94099.8,1.549,-0.092,-0.753,552.7,0.011,6.38
TRAIL_A1_D1,ANY,SHORT,mkt_vol,lo,TRAIN,85257,463.35,0.469,-0.0555,0.97588,-87722.0,-476.75,0.93,-156913.0,1.702,-0.033,-0.739,609.4,0.01,4.55
TRAIL_A1_D1,ANY,SHORT,mkt_vol,lo,VALID,58463,656.89,0.473,-0.0355,0.85301,-49865.1,-560.28,0.939,-149956.8,1.522,-0.023,-0.729,636.8,0.009,6.16
TRAIL_A1_D1,ANY,SHORT,mkt_vol,lo,TEST,56072,609.48,0.442,-0.1415,1.0,-155107.6,-1685.95,0.804,-169247.9,1.419,-0.1,-0.751,618.0,0.01,6.01
TRAIL_A1_D1,ANY,SHORT,mkt_vol,lo,HOLDOUT,35810,596.83,0.446,-0.142,1.0,-63678.9,-1061.31,0.88,-99948.2,1.549,-0.092,-0.756,607.9,0.009,5.55
BE0.5_TRAIL,ANY,SHORT,mkt_vol,lo,TRAIN,85257,463.35,0.333,-0.0734,0.99665,-128998.7,-701.08,0.863,-188163.1,1.702,-0.043,-0.597,454.5,0.012,5.62
BE0.5_TRAIL,ANY,SHORT,mkt_vol,lo,VALID,58463,656.89,0.342,-0.0752,0.99768,-98261.4,-1104.06,0.841,-133002.8,1.522,-0.049,-0.588,483.8,0.011,7.02
BE0.5_TRAIL,ANY,SHORT,mkt_vol,lo,TEST,56072,609.48,0.319,-0.1598,1.0,-165370.9,-1797.51,0.717,-175463.1,1.419,-0.113,-0.601,449.2,0.012,7.58
BE0.5_TRAIL,ANY,SHORT,mkt_vol,lo,HOLDOUT,35810,596.83,0.309,-0.1745,1.0,-88365.3,-1472.75,0.775,-110579.1,1.549,-0.113,-0.605,434.6,0.012,6.97
BE1_TRAIL,ANY,SHORT,mkt_vol,lo,TRAIN,85257,463.35,0.382,-0.0327,0.81747,-51032.2,-277.35,0.96,-175616.1,1.702,-0.019,-0.742,668.6,0.009,4.17
BE1_TRAIL,ANY,SHORT,mkt_vol,lo,VALID,58463,656.89,0.394,-0.0541,0.93566,-78833.7,-885.77,0.905,-167315.4,1.522,-0.036,-0.731,710.4,0.008,5.11
BE1_TRAIL,ANY,SHORT,mkt_vol,lo,TEST,56072,609.48,0.352,-0.1795,1.0,-197068.5,-2142.05,0.753,-213688.6,1.419,-0.126,-0.753,673.3,0.009,5.4
BE1_TRAIL,ANY,SHORT,mkt_vol,lo,HOLDOUT,35810,596.83,0.354,-0.1744,1.0,-81800.8,-1363.35,0.848,-116150.7,1.549,-0.113,-0.758,661.8,0.009,5.08
ATR_TRAIL2,ANY,SHORT,mkt_vol,lo,TRAIN,85257,463.35,0.287,-0.1126,1.0,-203482.7,-1105.88,0.659,-214809.1,1.702,-0.066,-0.299,126.0,0.042,19.47
ATR_TRAIL2,ANY,SHORT,mkt_vol,lo,VALID,58463,656.89,0.299,-0.1129,1.0,-138232.3,-1553.17,0.647,-143578.6,1.522,-0.074,-0.299,133.2,0.039,25.76
ATR_TRAIL2,ANY,SHORT,mkt_vol,lo,TEST,56072,609.48,0.293,-0.1483,1.0,-136764.2,-1486.57,0.622,-137152.0,1.419,-0.104,-0.3,125.7,0.042,25.65
ATR_TRAIL2,ANY,SHORT,mkt_vol,lo,HOLDOUT,35810,596.83,0.282,-0.1763,1.0,-94991.4,-1583.19,0.62,-100576.9,1.549,-0.114,-0.299,122.0,0.042,25.2
ATR_TRAIL3,ANY,SHORT,mkt_vol,lo,TRAIN,85257,463.35,0.311,-0.0907,0.99966,-169580.7,-921.63,0.784,-194551.5,1.702,-0.053,-0.415,260.6,0.022,10.17
ATR_TRAIL3,ANY,SHORT,mkt_vol,lo,VALID,58463,656.89,0.327,-0.1041,1.0,-125726.1,-1412.65,0.752,-135831.6,1.522,-0.068,-0.412,277.1,0.019,12.39
ATR_TRAIL3,ANY,SHORT,mkt_vol,lo,TEST,56072,609.48,0.315,-0.1599,1.0,-155970.7,-1695.33,0.67,-160996.8,1.419,-0.113,-0.415,254.9,0.022,13.35
ATR_TRAIL3,ANY,SHORT,mkt_vol,lo,HOLDOUT,35810,596.83,0.299,-0.1912,1.0,-107966.2,-1799.44,0.672,-125190.4,1.549,-0.123,-0.417,246.6,0.022,13.1
ATR_TRAIL4,ANY,SHORT,mkt_vol,lo,TRAIN,85257,463.35,0.326,-0.0643,0.96847,-139546.9,-758.41,0.854,-190655.2,1.702,-0.038,-0.522,417.7,0.014,6.62
ATR_TRAIL4,ANY,SHORT,mkt_vol,lo,VALID,58463,656.89,0.341,-0.0982,0.99986,-130393.7,-1465.1,0.789,-149062.2,1.522,-0.065,-0.517,440.0,0.012,8.07
ATR_TRAIL4,ANY,SHORT,mkt_vol,lo,TEST,56072,609.48,0.32,-0.1783,1.0,-186257.9,-2024.54,0.678,-199898.1,1.419,-0.126,-0.523,406.7,0.014,8.74
ATR_TRAIL4,ANY,SHORT,mkt_vol,lo,HOLDOUT,35810,596.83,0.308,-0.209,1.0,-120960.6,-2016.01,0.7,-141666.6,1.549,-0.135,-0.527,393.3,0.014,8.07
MFE_LOCK0.3,ANY,SHORT,mkt_vol,lo,TRAIN,85257,463.35,0.515,-0.0598,0.98407,-94139.0,-511.63,0.924,-169398.5,1.702,-0.035,-0.737,556.2,0.011,4.93
MFE_LOCK0.3,ANY,SHORT,mkt_vol,lo,VALID,58463,656.89,0.52,-0.0653,0.98445,-89475.3,-1005.34,0.891,-153133.7,1.522,-0.043,-0.725,581.0,0.01,6.4
MFE_LOCK0.3,ANY,SHORT,mkt_vol,lo,TEST,56072,609.48,0.494,-0.159,1.0,-166641.6,-1811.32,0.788,-176902.5,1.419,-0.112,-0.748,555.9,0.01,6.26
MFE_LOCK0.3,ANY,SHORT,mkt_vol,lo,HOLDOUT,35810,596.83,0.5,-0.1584,1.0,-65828.8,-1097.15,0.875,-96923.3,1.549,-0.102,-0.753,546.4,0.01,5.68
MFE_LOCK0.5,ANY,SHORT,mkt_vol,lo,TRAIN,85257,463.35,0.514,-0.0466,0.91868,-81661.4,-443.81,0.934,-159998.4,1.702,-0.027,-0.738,642.0,0.009,4.31
MFE_LOCK0.5,ANY,SHORT,mkt_vol,lo,VALID,58463,656.89,0.519,-0.0599,0.96242,-82385.7,-925.68,0.899,-156399.8,1.522,-0.039,-0.727,675.5,0.009,5.6
MFE_LOCK0.5,ANY,SHORT,mkt_vol,lo,TEST,56072,609.48,0.493,-0.1863,1.0,-197929.3,-2151.41,0.748,-213465.5,1.419,-0.131,-0.749,630.8,0.009,5.75
MFE_LOCK0.5,ANY,SHORT,mkt_vol,lo,HOLDOUT,35810,596.83,0.498,-0.1899,1.0,-86085.7,-1434.76,0.837,-113205.8,1.549,-0.123,-0.753,614.6,0.009,5.33
NOTP_TRAIL0.5,ANY,SHORT,mkt_vol,lo,TRAIN,85257,463.35,0.293,-0.1165,1.0,-209495.0,-1138.56,0.667,-218165.1,1.702,-0.068,-0.311,152.7,0.036,16.72
NOTP_TRAIL0.5,ANY,SHORT,mkt_vol,lo,VALID,58463,656.89,0.304,-0.1076,1.0,-129513.7,-1455.21,0.685,-134887.2,1.522,-0.071,-0.309,163.6,0.031,20.58
NOTP_TRAIL0.5,ANY,SHORT,mkt_vol,lo,TEST,56072,609.48,0.294,-0.1439,1.0,-137577.8,-1495.41,0.638,-139746.2,1.419,-0.101,-0.31,153.4,0.035,21.14
NOTP_TRAIL0.5,ANY,SHORT,mkt_vol,lo,HOLDOUT,35810,596.83,0.285,-0.173,1.0,-93507.9,-1558.46,0.645,-99171.0,1.549,-0.112,-0.311,150.4,0.033,19.43
NOTP_TRAIL1,ANY,SHORT,mkt_vol,lo,TRAIN,85257,463.35,0.35,-0.0614,0.9685,-112063.8,-609.04,0.894,-181829.7,1.702,-0.036,-0.571,518.3,0.011,5.26
NOTP_TRAIL1,ANY,SHORT,mkt_vol,lo,VALID,58463,656.89,0.367,-0.0587,0.97347,-73476.3,-825.58,0.893,-129201.5,1.522,-0.039,-0.564,565.1,0.01,6.67
NOTP_TRAIL1,ANY,SHORT,mkt_vol,lo,TEST,56072,609.48,0.332,-0.1765,1.0,-190259.9,-2068.04,0.71,-205382.1,1.419,-0.124,-0.574,517.8,0.011,6.71
NOTP_TRAIL1,ANY,SHORT,mkt_vol,lo,HOLDOUT,35810,596.83,0.325,-0.1941,1.0,-97286.9,-1621.45,0.782,-122833.7,1.549,-0.125,-0.577,500.6,0.01,6.08
NOTP_TRAIL1.5,ANY,SHORT,mkt_vol,lo,TRAIN,85257,463.35,0.378,-0.0106,0.59519,-33025.5,-179.49,0.975,-172634.0,1.702,-0.006,-0.732,763.8,0.008,3.69
NOTP_TRAIL1.5,ANY,SHORT,mkt_vol,lo,VALID,58463,656.89,0.39,-0.0415,0.8481,-64032.6,-719.47,0.925,-169976.5,1.522,-0.027,-0.723,813.7,0.007,4.54
NOTP_TRAIL1.5,ANY,SHORT,mkt_vol,lo,TEST,56072,609.48,0.346,-0.2138,1.0,-238163.8,-2588.74,0.712,-263980.0,1.419,-0.151,-0.744,764.8,0.008,4.93
NOTP_TRAIL1.5,ANY,SHORT,mkt_vol,lo,HOLDOUT,35810,596.83,0.35,-0.1977,1.0,-89624.9,-1493.75,0.839,-130818.4,1.549,-0.128,-0.747,751.2,0.008,4.53
TIME15m,ANY,SHORT,mkt_vol,lo,TRAIN,85257,463.35,0.371,-0.0528,1.0,-92708.7,-503.85,0.603,-93481.5,1.702,-0.031,-0.148,15.0,0.309,143.36
TIME15m,ANY,SHORT,mkt_vol,lo,VALID,58463,656.89,0.36,-0.0541,1.0,-64615.2,-726.01,0.587,-64806.7,1.522,-0.036,-0.146,15.0,0.31,203.92
TIME15m,ANY,SHORT,mkt_vol,lo,TEST,56072,609.48,0.356,-0.0657,1.0,-59789.9,-649.89,0.577,-60042.3,1.419,-0.046,-0.145,15.0,0.315,191.7
TIME15m,ANY,SHORT,mkt_vol,lo,HOLDOUT,35810,596.83,0.356,-0.0701,1.0,-37258.5,-620.98,0.614,-37772.6,1.549,-0.045,-0.146,15.0,0.319,190.22
TIME30m,ANY,SHORT,mkt_vol,lo,TRAIN,85257,463.35,0.407,-0.0508,1.0,-89724.8,-487.63,0.708,-92033.0,1.702,-0.03,-0.211,29.8,0.171,79.41
TIME30m,ANY,SHORT,mkt_vol,lo,VALID,58463,656.89,0.398,-0.0538,1.0,-66954.2,-752.29,0.67,-67706.1,1.522,-0.035,-0.208,29.8,0.168,110.34
TIME30m,ANY,SHORT,mkt_vol,lo,TEST,56072,609.48,0.39,-0.0686,1.0,-62127.3,-675.3,0.663,-62564.2,1.419,-0.048,-0.207,29.9,0.169,102.82
TIME30m,ANY,SHORT,mkt_vol,lo,HOLDOUT,35810,596.83,0.386,-0.0778,1.0,-44273.1,-737.89,0.66,-45294.4,1.549,-0.05,-0.211,29.8,0.169,100.65
TIME1h,ANY,SHORT,mkt_vol,lo,TRAIN,85257,463.35,0.432,-0.0499,1.0,-89148.0,-484.5,0.781,-95743.6,1.702,-0.029,-0.294,59.0,0.09,41.67
TIME1h,ANY,SHORT,mkt_vol,lo,VALID,58463,656.89,0.431,-0.0511,1.0,-65382.2,-734.63,0.751,-66014.7,1.522,-0.034,-0.287,59.1,0.087,57.3
TIME1h,ANY,SHORT,mkt_vol,lo,TEST,56072,609.48,0.428,-0.0705,1.0,-65449.7,-711.41,0.734,-65915.2,1.419,-0.05,-0.291,59.1,0.087,53.28
TIME1h,ANY,SHORT,mkt_vol,lo,HOLDOUT,35810,596.83,0.414,-0.0831,1.0,-47031.5,-783.86,0.731,-49191.7,1.549,-0.054,-0.296,59.0,0.087,51.8
TIME2h,ANY,SHORT,mkt_vol,lo,TRAIN,85257,463.35,0.449,-0.0556,0.99998,-101362.5,-550.88,0.816,-109451.5,1.702,-0.033,-0.402,114.6,0.048,22.04
TIME2h,ANY,SHORT,mkt_vol,lo,VALID,58463,656.89,0.459,-0.048,0.99964,-63021.0,-708.1,0.82,-66507.7,1.522,-0.032,-0.392,115.1,0.046,30.02
TIME2h,ANY,SHORT,mkt_vol,lo,TEST,56072,609.48,0.447,-0.0795,1.0,-71678.6,-779.11,0.784,-72553.4,1.419,-0.056,-0.403,114.7,0.046,28.14
TIME2h,ANY,SHORT,mkt_vol,lo,HOLDOUT,35810,596.83,0.438,-0.1001,1.0,-56145.7,-935.76,0.765,-61510.7,1.549,-0.065,-0.411,114.5,0.046,27.23
TIME4h,ANY,SHORT,mkt_vol,lo,TRAIN,85257,463.35,0.463,-0.0592,0.99836,-112157.0,-609.55,0.849,-132167.6,1.702,-0.035,-0.526,213.4,0.026,12.28
TIME4h,ANY,SHORT,mkt_vol,lo,VALID,58463,656.89,0.479,-0.0421,0.97402,-63251.0,-710.69,0.867,-77746.5,1.522,-0.028,-0.512,215.8,0.025,16.47
TIME4h,ANY,SHORT,mkt_vol,lo,TEST,56072,609.48,0.47,-0.0791,0.99989,-72499.3,-788.04,0.839,-76821.9,1.419,-0.056,-0.528,213.4,0.026,15.73
TIME4h,ANY,SHORT,mkt_vol,lo,HOLDOUT,35810,596.83,0.449,-0.1224,1.0,-65621.1,-1093.69,0.797,-80843.7,1.549,-0.079,-0.546,212.7,0.025,14.87
SIG_OFF,ANY,SHORT,mkt_vol,lo,TRAIN,85257,463.35,0.364,-0.0516,1.0,-91101.5,-495.12,0.694,-95236.5,1.702,-0.03,-0.19,60.3,0.088,40.91
SIG_OFF,ANY,SHORT,mkt_vol,lo,VALID,58463,656.89,0.356,-0.0484,1.0,-58445.9,-656.7,0.702,-59234.8,1.522,-0.032,-0.185,63.7,0.08,52.88
SIG_OFF,ANY,SHORT,mkt_vol,lo,TEST,56072,609.48,0.352,-0.0749,1.0,-71382.1,-775.89,0.611,-73681.5,1.419,-0.053,-0.191,63.0,0.088,53.73
SIG_OFF,ANY,SHORT,mkt_vol,lo,HOLDOUT,35810,596.83,0.351,-0.0804,1.0,-43177.8,-719.63,0.664,-46322.8,1.549,-0.052,-0.195,66.1,0.084,49.98
MOM_OFF,ANY,SHORT,mkt_vol,lo,TRAIN,85257,463.35,0.315,-0.0479,1.0,-90846.1,-493.73,0.731,-99317.8,1.702,-0.028,-0.203,47.4,0.138,63.99
MOM_OFF,ANY,SHORT,mkt_vol,lo,VALID,58463,656.89,0.316,-0.051,1.0,-69207.3,-777.61,0.688,-70485.6,1.522,-0.034,-0.201,49.5,0.127,83.62
MOM_OFF,ANY,SHORT,mkt_vol,lo,TEST,56072,609.48,0.309,-0.0701,1.0,-66331.4,-720.99,0.67,-66714.6,1.419,-0.049,-0.199,47.5,0.134,81.59
MOM_OFF,ANY,SHORT,mkt_vol,lo,HOLDOUT,35810,596.83,0.299,-0.0889,1.0,-53814.9,-896.92,0.624,-54793.0,1.549,-0.057,-0.203,46.8,0.126,75.12
FIXED,ANY,LONG,mkt_trend,bear,TRAIN,50959,276.95,0.409,-0.1117,0.99856,-123206.4,-669.6,0.887,-192886.5,1.584,-0.071,-0.805,745.1,0.009,2.42
FIXED,ANY,LONG,mkt_trend,bear,VALID,21930,246.4,0.414,-0.0922,0.93557,-71616.6,-804.68,0.846,-145588.9,1.488,-0.062,-0.78,702.3,0.009,2.34
FIXED,ANY,LONG,mkt_trend,bear,TEST,25659,278.9,0.369,-0.2036,0.99999,-129430.4,-1406.85,0.767,-155173.9,1.357,-0.15,-0.846,713.1,0.01,2.77
FIXED,ANY,LONG,mkt_trend,bear,HOLDOUT,1413,23.55,0.529,0.1809,0.09682,11008.2,183.47,1.518,-9195.4,2.463,0.073,-0.779,620.0,0.02,0.47
TRAIL_A0.5_D0.5,ANY,LONG,mkt_trend,bear,TRAIN,50959,276.95,0.533,-0.1234,1.0,-160615.9,-872.91,0.781,-161860.6,1.584,-0.078,-0.62,434.7,0.016,4.35
TRAIL_A0.5_D0.5,ANY,LONG,mkt_trend,bear,VALID,21930,246.4,0.531,-0.1062,0.99233,-79064.4,-888.36,0.763,-111962.3,1.488,-0.071,-0.603,409.0,0.017,4.21
TRAIL_A0.5_D0.5,ANY,LONG,mkt_trend,bear,TEST,25659,278.9,0.506,-0.1654,1.0,-107096.6,-1164.09,0.712,-110348.6,1.357,-0.122,-0.639,403.4,0.016,4.53
TRAIL_A0.5_D0.5,ANY,LONG,mkt_trend,bear,HOLDOUT,1413,23.55,0.571,-0.0561,0.7084,1646.6,27.44,1.113,-6262.1,2.463,-0.023,-0.596,328.9,0.036,0.85
TRAIL_A0.5_D1,ANY,LONG,mkt_trend,bear,TRAIN,50959,276.95,0.368,-0.1221,0.99995,-150028.9,-815.37,0.831,-166112.4,1.584,-0.077,-0.662,588.8,0.012,3.26
TRAIL_A0.5_D1,ANY,LONG,mkt_trend,bear,VALID,21930,246.4,0.379,-0.0987,0.96937,-77713.8,-873.19,0.8,-130594.8,1.488,-0.066,-0.642,541.3,0.014,3.39
TRAIL_A0.5_D1,ANY,LONG,mkt_trend,bear,TEST,25659,278.9,0.327,-0.1996,1.0,-130595.4,-1419.52,0.71,-138683.9,1.357,-0.147,-0.684,540.6,0.013,3.58
TRAIL_A0.5_D1,ANY,LONG,mkt_trend,bear,HOLDOUT,1413,23.55,0.419,-0.0395,0.64151,2534.0,42.23,1.137,-8443.8,2.463,-0.016,-0.64,454.7,0.029,0.68
TRAIL_A1_D0.5,ANY,LONG,mkt_trend,bear,TRAIN,50959,276.95,0.474,-0.1188,0.99987,-138796.1,-754.33,0.86,-176901.6,1.584,-0.075,-0.755,628.5,0.011,3.1
TRAIL_A1_D0.5,ANY,LONG,mkt_trend,bear,VALID,21930,246.4,0.477,-0.1001,0.96596,-74297.0,-834.8,0.827,-132712.1,1.488,-0.067,-0.73,585.1,0.012,3.03
TRAIL_A1_D0.5,ANY,LONG,mkt_trend,bear,TEST,25659,278.9,0.437,-0.1995,1.0,-131846.2,-1433.11,0.74,-146446.5,1.357,-0.147,-0.79,595.4,0.011,3.0
TRAIL_A1_D0.5,ANY,LONG,mkt_trend,bear,HOLDOUT,1413,23.55,0.583,0.0663,0.30591,6779.8,113.0,1.356,-7409.1,2.463,0.027,-0.727,487.2,0.023,0.53
TRAIL_A1_D1,ANY,LONG,mkt_trend,bear,TRAIN,50959,276.95,0.443,-0.1149,0.99952,-132986.5,-722.75,0.866,-181439.8,1.584,-0.073,-0.756,680.4,0.01,2.74
TRAIL_A1_D1,ANY,LONG,mkt_trend,bear,VALID,21930,246.4,0.445,-0.0985,0.95653,-74404.9,-836.01,0.827,-137158.1,1.488,-0.066,-0.731,629.6,0.011,2.76
TRAIL_A1_D1,ANY,LONG,mkt_trend,bear,TEST,25659,278.9,0.4,-0.2096,1.0,-136974.1,-1488.85,0.73,-154379.2,1.357,-0.154,-0.791,641.2,0.011,3.21
TRAIL_A1_D1,ANY,LONG,mkt_trend,bear,HOLDOUT,1413,23.55,0.538,0.0641,0.3011,6729.1,112.15,1.352,-8477.0,2.463,0.026,-0.728,530.4,0.023,0.55
BE0.5_TRAIL,ANY,LONG,mkt_trend,bear,TRAIN,50959,276.95,0.314,-0.1215,0.99999,-149918.9,-814.78,0.8,-166067.8,1.584,-0.077,-0.622,512.3,0.014,3.78
BE0.5_TRAIL,ANY,LONG,mkt_trend,bear,VALID,21930,246.4,0.338,-0.1029,0.98357,-75877.6,-852.56,0.777,-119315.8,1.488,-0.069,-0.605,482.6,0.014,3.53
BE0.5_TRAIL,ANY,LONG,mkt_trend,bear,TEST,25659,278.9,0.291,-0.1917,1.0,-122828.2,-1335.09,0.678,-130243.8,1.357,-0.141,-0.643,469.6,0.014,3.89
BE0.5_TRAIL,ANY,LONG,mkt_trend,bear,HOLDOUT,1413,23.55,0.357,-0.072,0.75762,1870.0,31.17,1.124,-6868.3,2.463,-0.029,-0.599,387.8,0.031,0.73
BE1_TRAIL,ANY,LONG,mkt_trend,bear,TRAIN,50959,276.95,0.356,-0.1194,0.99944,-129094.1,-701.6,0.871,-177721.7,1.584,-0.075,-0.758,730.3,0.01,2.66
BE1_TRAIL,ANY,LONG,mkt_trend,bear,VALID,21930,246.4,0.361,-0.1074,0.96515,-78460.3,-881.58,0.819,-141732.5,1.488,-0.072,-0.732,681.7,0.01,2.48
BE1_TRAIL,ANY,LONG,mkt_trend,bear,TEST,25659,278.9,0.308,-0.236,1.0,-152728.7,-1660.1,0.702,-172312.4,1.357,-0.174,-0.793,684.4,0.01,2.67
BE1_TRAIL,ANY,LONG,mkt_trend,bear,HOLDOUT,1413,23.55,0.406,0.0477,0.35127,7133.3,118.89,1.367,-9207.1,2.463,0.019,-0.731,583.1,0.021,0.48
ATR_TRAIL2,ANY,LONG,mkt_trend,bear,TRAIN,50959,276.95,0.292,-0.104,1.0,-136190.3,-740.16,0.698,-136531.6,1.584,-0.066,-0.298,131.5,0.048,13.38
ATR_TRAIL2,ANY,LONG,mkt_trend,bear,VALID,21930,246.4,0.301,-0.091,0.99999,-63535.7,-713.88,0.666,-64395.7,1.488,-0.061,-0.291,128.1,0.048,11.89
ATR_TRAIL2,ANY,LONG,mkt_trend,bear,TEST,25659,278.9,0.288,-0.1141,1.0,-70056.4,-761.48,0.672,-70282.6,1.357,-0.084,-0.304,125.1,0.047,13.11
ATR_TRAIL2,ANY,LONG,mkt_trend,bear,HOLDOUT,1413,23.55,0.314,-0.1055,0.97759,-1103.2,-18.39,0.892,-4508.3,2.463,-0.043,-0.31,124.4,0.075,1.77
ATR_TRAIL3,ANY,LONG,mkt_trend,bear,TRAIN,50959,276.95,0.309,-0.099,0.99992,-129041.2,-701.31,0.78,-136425.7,1.584,-0.062,-0.41,259.4,0.025,7.02
ATR_TRAIL3,ANY,LONG,mkt_trend,bear,VALID,21930,246.4,0.319,-0.0892,0.99519,-66941.2,-752.15,0.74,-81382.5,1.488,-0.06,-0.403,252.2,0.026,6.44
ATR_TRAIL3,ANY,LONG,mkt_trend,bear,TEST,25659,278.9,0.287,-0.1547,1.0,-95499.9,-1038.04,0.672,-97091.5,1.357,-0.114,-0.422,237.2,0.025,7.09
ATR_TRAIL3,ANY,LONG,mkt_trend,bear,HOLDOUT,1413,23.55,0.337,-0.0927,0.91983,1476.5,24.61,1.118,-4875.7,2.463,-0.038,-0.408,240.6,0.039,0.92
ATR_TRAIL4,ANY,LONG,mkt_trend,bear,TRAIN,50959,276.95,0.32,-0.1048,0.99952,-114421.7,-621.86,0.838,-130760.7,1.584,-0.066,-0.515,409.4,0.017,4.59
ATR_TRAIL4,ANY,LONG,mkt_trend,bear,VALID,21930,246.4,0.333,-0.0913,0.97953,-63056.7,-708.5,0.799,-102462.4,1.488,-0.061,-0.505,406.7,0.018,4.4
ATR_TRAIL4,ANY,LONG,mkt_trend,bear,TEST,25659,278.9,0.285,-0.1874,1.0,-109388.6,-1189.01,0.699,-115998.8,1.357,-0.138,-0.531,374.8,0.017,4.68
ATR_TRAIL4,ANY,LONG,mkt_trend,bear,HOLDOUT,1413,23.55,0.351,-0.0637,0.78221,4629.3,77.16,1.304,-6555.7,2.463,-0.026,-0.504,376.6,0.034,0.8
MFE_LOCK0.3,ANY,LONG,mkt_trend,bear,TRAIN,50959,276.95,0.474,-0.1151,0.99982,-126184.4,-685.78,0.873,-163636.0,1.584,-0.073,-0.755,625.2,0.011,3.08
MFE_LOCK0.3,ANY,LONG,mkt_trend,bear,VALID,21930,246.4,0.478,-0.1063,0.97637,-81397.8,-914.58,0.81,-137265.3,1.488,-0.071,-0.73,583.0,0.012,3.06
MFE_LOCK0.3,ANY,LONG,mkt_trend,bear,TEST,25659,278.9,0.438,-0.2047,1.0,-133355.2,-1449.51,0.737,-149371.7,1.357,-0.151,-0.79,590.9,0.01,2.8
MFE_LOCK0.3,ANY,LONG,mkt_trend,bear,HOLDOUT,1413,23.55,0.583,0.0735,0.29148,9124.9,152.08,1.479,-7202.5,2.463,0.03,-0.727,483.2,0.022,0.52
MFE_LOCK0.5,ANY,LONG,mkt_trend,bear,TRAIN,50959,276.95,0.474,-0.109,0.99847,-124368.4,-675.92,0.875,-177414.8,1.584,-0.069,-0.756,695.3,0.011,2.92
MFE_LOCK0.5,ANY,LONG,mkt_trend,bear,VALID,21930,246.4,0.477,-0.121,0.98547,-89023.5,-1000.26,0.792,-142097.2,1.488,-0.081,-0.73,652.7,0.011,2.82
MFE_LOCK0.5,ANY,LONG,mkt_trend,bear,TEST,25659,278.9,0.437,-0.2258,1.0,-142567.9,-1549.65,0.719,-164866.6,1.357,-0.166,-0.79,646.0,0.01,2.83
MFE_LOCK0.5,ANY,LONG,mkt_trend,bear,HOLDOUT,1413,23.55,0.582,0.0273,0.41612,8643.3,144.05,1.454,-7466.0,2.463,0.011,-0.727,545.3,0.021,0.5
NOTP_TRAIL0.5,ANY,LONG,mkt_trend,bear,TRAIN,50959,276.95,0.285,-0.1165,1.0,-167778.1,-911.84,0.656,-167778.1,1.584,-0.074,-0.314,171.1,0.04,11.17
NOTP_TRAIL0.5,ANY,LONG,mkt_trend,bear,VALID,21930,246.4,0.306,-0.0766,0.99901,-44286.4,-497.6,0.779,-50021.2,1.488,-0.051,-0.304,163.8,0.042,10.46
NOTP_TRAIL0.5,ANY,LONG,mkt_trend,bear,TEST,25659,278.9,0.283,-0.1255,1.0,-77905.8,-846.8,0.66,-79101.2,1.357,-0.092,-0.319,149.9,0.041,11.42
NOTP_TRAIL0.5,ANY,LONG,mkt_trend,bear,HOLDOUT,1413,23.55,0.286,-0.1342,0.99651,-1237.6,-20.63,0.887,-4658.6,2.463,-0.054,-0.318,139.3,0.066,1.55
NOTP_TRAIL1,ANY,LONG,mkt_trend,bear,TRAIN,50959,276.95,0.334,-0.1279,0.99998,-155882.4,-847.19,0.814,-177191.9,1.584,-0.081,-0.589,566.9,0.012,3.4
NOTP_TRAIL1,ANY,LONG,mkt_trend,bear,VALID,21930,246.4,0.347,-0.1081,0.98665,-78893.5,-886.44,0.781,-122246.6,1.488,-0.073,-0.568,525.0,0.015,3.63
NOTP_TRAIL1,ANY,LONG,mkt_trend,bear,TEST,25659,278.9,0.295,-0.2131,1.0,-135455.9,-1472.35,0.676,-139465.9,1.357,-0.157,-0.604,506.3,0.013,3.67
NOTP_TRAIL1,ANY,LONG,mkt_trend,bear,HOLDOUT,1413,23.55,0.376,-0.0991,0.83729,1461.1,24.35,1.082,-8618.1,2.463,-0.04,-0.574,440.3,0.031,0.73
NOTP_TRAIL1.5,ANY,LONG,mkt_trend,bear,TRAIN,50959,276.95,0.356,-0.1159,0.99762,-116056.3,-630.74,0.888,-176400.2,1.584,-0.073,-0.747,808.9,0.009,2.49
NOTP_TRAIL1.5,ANY,LONG,mkt_trend,bear,VALID,21930,246.4,0.358,-0.1319,0.98413,-100990.4,-1134.72,0.773,-170629.4,1.488,-0.089,-0.722,773.6,0.009,2.28
NOTP_TRAIL1.5,ANY,LONG,mkt_trend,bear,TEST,25659,278.9,0.31,-0.2448,1.0,-153539.1,-1668.9,0.71,-179603.8,1.357,-0.18,-0.779,759.8,0.009,2.5
NOTP_TRAIL1.5,ANY,LONG,mkt_trend,bear,HOLDOUT,1413,23.55,0.42,0.0284,0.42622,7584.0,126.4,1.363,-10094.8,2.463,0.012,-0.725,694.7,0.02,0.47
TIME15m,ANY,LONG,mkt_trend,bear,TRAIN,50959,276.95,0.386,-0.0393,1.0,-50520.6,-274.57,0.716,-51019.8,1.584,-0.025,-0.152,15.0,0.308,85.35
TIME15m,ANY,LONG,mkt_trend,bear,VALID,21930,246.4,0.376,-0.043,1.0,-28099.8,-315.73,0.628,-28421.0,1.488,-0.029,-0.148,15.0,0.299,73.72
TIME15m,ANY,LONG,mkt_trend,bear,TEST,25659,278.9,0.39,-0.0427,1.0,-27114.7,-294.72,0.664,-27336.0,1.357,-0.031,-0.147,15.0,0.315,87.76
TIME15m,ANY,LONG,mkt_trend,bear,HOLDOUT,1413,23.55,0.366,-0.0503,0.99991,-1344.1,-22.4,0.674,-1349.2,2.463,-0.02,-0.16,15.0,0.355,8.35
TIME30m,ANY,LONG,mkt_trend,bear,TRAIN,50959,276.95,0.411,-0.0361,1.0,-38507.7,-209.28,0.83,-40676.5,1.584,-0.023,-0.209,29.8,0.175,48.35
TIME30m,ANY,LONG,mkt_trend,bear,VALID,21930,246.4,0.417,-0.0396,1.0,-26367.1,-296.26,0.729,-27275.0,1.488,-0.027,-0.206,29.9,0.168,41.42
TIME30m,ANY,LONG,mkt_trend,bear,TEST,25659,278.9,0.419,-0.042,1.0,-25725.1,-279.62,0.761,-26092.4,1.357,-0.031,-0.21,29.8,0.174,48.47
TIME30m,ANY,LONG,mkt_trend,bear,HOLDOUT,1413,23.55,0.367,-0.0628,0.99974,-1637.0,-27.28,0.716,-1984.0,2.463,-0.026,-0.219,29.9,0.196,4.62
TIME1h,ANY,LONG,mkt_trend,bear,TRAIN,50959,276.95,0.437,-0.0394,0.99998,-38576.0,-209.65,0.872,-45631.8,1.584,-0.025,-0.288,59.2,0.093,25.71
TIME1h,ANY,LONG,mkt_trend,bear,VALID,21930,246.4,0.427,-0.0417,0.99934,-25128.2,-282.34,0.803,-27381.4,1.488,-0.028,-0.284,59.3,0.089,21.83
TIME1h,ANY,LONG,mkt_trend,bear,TEST,25659,278.9,0.439,-0.0431,0.99985,-21016.7,-228.44,0.855,-21789.9,1.357,-0.032,-0.294,59.2,0.091,25.34
TIME1h,ANY,LONG,mkt_trend,bear,HOLDOUT,1413,23.55,0.41,-0.0578,0.98315,-1015.8,-16.93,0.866,-1827.9,2.463,-0.023,-0.309,59.2,0.103,2.43
TIME2h,ANY,LONG,mkt_trend,bear,TRAIN,50959,276.95,0.452,-0.0385,0.98993,-29167.0,-158.52,0.928,-42928.7,1.584,-0.024,-0.394,115.5,0.049,13.62
TIME2h,ANY,LONG,mkt_trend,bear,VALID,21930,246.4,0.442,-0.0456,0.9713,-35386.6,-397.6,0.802,-40755.2,1.488,-0.031,-0.386,115.9,0.048,11.73
TIME2h,ANY,LONG,mkt_trend,bear,TEST,25659,278.9,0.442,-0.0508,0.99662,-22534.9,-244.94,0.886,-26401.2,1.357,-0.037,-0.402,115.5,0.048,13.43
TIME2h,ANY,LONG,mkt_trend,bear,HOLDOUT,1413,23.55,0.512,0.0387,0.31197,3809.2,63.49,1.464,-2341.3,2.463,0.016,-0.398,114.6,0.064,1.5
TIME4h,ANY,LONG,mkt_trend,bear,TRAIN,50959,276.95,0.459,-0.0476,0.97423,-25238.1,-137.16,0.953,-55759.9,1.584,-0.03,-0.514,216.1,0.028,7.68
TIME4h,ANY,LONG,mkt_trend,bear,VALID,21930,246.4,0.451,-0.0382,0.84813,-36634.3,-411.62,0.847,-62785.1,1.488,-0.026,-0.503,217.5,0.028,6.82
TIME4h,ANY,LONG,mkt_trend,bear,TEST,25659,278.9,0.436,-0.0729,0.99509,-37125.0,-403.53,0.864,-43328.6,1.357,-0.054,-0.533,216.7,0.027,7.47
TIME4h,ANY,LONG,mkt_trend,bear,HOLDOUT,1413,23.55,0.507,0.0371,0.35175,4894.1,81.57,1.431,-3512.0,2.463,0.015,-0.514,212.1,0.038,0.9
SIG_OFF,ANY,LONG,mkt_trend,bear,TRAIN,50959,276.95,0.376,-0.0457,1.0,-56904.5,-309.26,0.752,-57556.0,1.584,-0.029,-0.195,60.5,0.11,30.41
SIG_OFF,ANY,LONG,mkt_trend,bear,VALID,21930,246.4,0.37,-0.0394,0.99966,-21765.9,-244.56,0.766,-22122.0,1.488,-0.026,-0.184,64.0,0.106,26.01
SIG_OFF,ANY,LONG,mkt_trend,bear,TEST,25659,278.9,0.373,-0.0624,1.0,-39796.7,-432.57,0.641,-40630.5,1.357,-0.046,-0.198,58.3,0.104,29.0
SIG_OFF,ANY,LONG,mkt_trend,bear,HOLDOUT,1413,23.55,0.352,-0.0732,0.99471,-1421.7,-23.7,0.751,-2346.0,2.463,-0.03,-0.218,54.4,0.156,3.68
MOM_OFF,ANY,LONG,mkt_trend,bear,TRAIN,50959,276.95,0.321,-0.0426,0.99995,-46167.4,-250.91,0.82,-51075.0,1.584,-0.027,-0.202,45.1,0.146,40.5
MOM_OFF,ANY,LONG,mkt_trend,bear,VALID,21930,246.4,0.316,-0.045,0.99998,-32183.6,-361.61,0.698,-33753.6,1.488,-0.03,-0.195,44.2,0.141,34.64
MOM_OFF,ANY,LONG,mkt_trend,bear,TEST,25659,278.9,0.321,-0.0548,1.0,-35708.3,-388.13,0.704,-36868.9,1.357,-0.04,-0.199,44.5,0.146,40.61
MOM_OFF,ANY,LONG,mkt_trend,bear,HOLDOUT,1413,23.55,0.301,-0.0565,0.98826,-712.2,-11.87,0.889,-2793.2,2.463,-0.023,-0.216,42.9,0.178,4.2
FIXED,ANY,SHORT,mkt_trend,bear,TRAIN,52418,284.88,0.432,-0.0688,0.95457,-134254.4,-729.64,0.88,-166751.7,1.461,-0.047,-0.796,727.1,0.008,2.27
FIXED,ANY,SHORT,mkt_trend,bear,VALID,21740,244.27,0.435,-0.0489,0.78622,-37323.4,-419.36,0.916,-144954.6,1.414,-0.035,-0.812,725.8,0.01,2.42
FIXED,ANY,SHORT,mkt_trend,bear,TEST,27342,297.2,0.458,-0.0009,0.50699,-6859.7,-74.56,0.987,-82242.7,1.493,-0.001,-0.773,698.4,0.009,2.53
FIXED,ANY,SHORT,mkt_trend,bear,HOLDOUT,1778,29.63,0.212,-0.5984,1.0,-29037.2,-483.95,0.336,-29175.4,1.053,-0.568,-1.0,578.9,0.014,0.42
TRAIL_A0.5_D0.5,ANY,SHORT,mkt_trend,bear,TRAIN,52418,284.88,0.564,-0.0595,0.98682,-112981.5,-614.03,0.845,-126304.5,1.461,-0.041,-0.584,412.4,0.014,3.96
TRAIL_A0.5_D0.5,ANY,SHORT,mkt_trend,bear,VALID,21740,244.27,0.564,-0.0898,0.99427,-55647.3,-625.25,0.803,-103559.3,1.414,-0.063,-0.59,391.3,0.016,3.92
TRAIL_A0.5_D0.5,ANY,SHORT,mkt_trend,bear,TEST,27342,297.2,0.586,-0.0286,0.80577,-28621.1,-311.1,0.911,-60490.9,1.493,-0.019,-0.555,362.3,0.014,4.07
TRAIL_A0.5_D0.5,ANY,SHORT,mkt_trend,bear,HOLDOUT,1778,29.63,0.499,-0.2131,0.99775,-10497.7,-174.96,0.528,-10617.0,1.053,-0.202,-0.629,331.7,0.024,0.7
TRAIL_A0.5_D1,ANY,SHORT,mkt_trend,bear,TRAIN,52418,284.88,0.382,-0.076,0.9891,-141726.8,-770.25,0.842,-156130.5,1.461,-0.052,-0.631,557.7,0.01,2.97
TRAIL_A0.5_D1,ANY,SHORT,mkt_trend,bear,VALID,21740,244.27,0.385,-0.077,0.94315,-35440.9,-398.21,0.897,-121834.0,1.414,-0.054,-0.644,535.7,0.013,3.1
TRAIL_A0.5_D1,ANY,SHORT,mkt_trend,bear,TEST,27342,297.2,0.395,-0.0413,0.84369,-48782.4,-530.24,0.88,-83658.4,1.493,-0.028,-0.606,500.9,0.01,3.05
TRAIL_A0.5_D1,ANY,SHORT,mkt_trend,bear,HOLDOUT,1778,29.63,0.234,-0.3644,1.0,-18286.8,-304.78,0.358,-18482.1,1.053,-0.346,-0.7,437.7,0.016,0.48
TRAIL_A1_D0.5,ANY,SHORT,mkt_trend,bear,TRAIN,52418,284.88,0.505,-0.0629,0.96185,-125531.8,-682.24,0.876,-148920.2,1.461,-0.043,-0.734,611.3,0.009,2.57
TRAIL_A1_D0.5,ANY,SHORT,mkt_trend,bear,VALID,21740,244.27,0.517,-0.059,0.87993,-32556.5,-365.8,0.916,-119488.6,1.414,-0.042,-0.741,589.2,0.011,2.6
TRAIL_A1_D0.5,ANY,SHORT,mkt_trend,bear,TEST,27342,297.2,0.534,-0.0175,0.65291,-18062.1,-196.33,0.961,-82381.9,1.493,-0.012,-0.706,560.9,0.01,2.93
TRAIL_A1_D0.5,ANY,SHORT,mkt_trend,bear,HOLDOUT,1778,29.63,0.378,-0.391,0.99996,-18981.9,-316.36,0.465,-19148.6,1.053,-0.371,-0.87,488.5,0.016,0.47
TRAIL_A1_D1,ANY,SHORT,mkt_trend,bear,TRAIN,52418,284.88,0.465,-0.0682,0.96598,-137543.0,-747.52,0.865,-162406.1,1.461,-0.047,-0.736,658.7,0.009,2.6
TRAIL_A1_D1,ANY,SHORT,mkt_trend,bear,VALID,21740,244.27,0.473,-0.0557,0.84027,-28461.7,-319.79,0.927,-128074.8,1.414,-0.039,-0.744,639.6,0.01,2.47
TRAIL_A1_D1,ANY,SHORT,mkt_trend,bear,TEST,27342,297.2,0.489,-0.0253,0.70501,-29809.3,-324.01,0.935,-86960.1,1.493,-0.017,-0.711,608.8,0.009,2.59
TRAIL_A1_D1,ANY,SHORT,mkt_trend,bear,HOLDOUT,1778,29.63,0.3,-0.4686,1.0,-22648.6,-377.48,0.364,-22786.9,1.053,-0.445,-0.873,518.4,0.015,0.43
BE0.5_TRAIL,ANY,SHORT,mkt_trend,bear,TRAIN,52418,284.88,0.33,-0.076,0.9929,-140864.1,-765.57,0.812,-158433.2,1.461,-0.052,-0.588,485.1,0.012,3.41
BE0.5_TRAIL,ANY,SHORT,mkt_trend,bear,VALID,21740,244.27,0.329,-0.1192,0.99918,-69661.2,-782.71,0.761,-124561.6,1.414,-0.084,-0.596,466.8,0.014,3.39
BE0.5_TRAIL,ANY,SHORT,mkt_trend,bear,TEST,27342,297.2,0.341,-0.058,0.95071,-62830.7,-682.94,0.812,-78398.9,1.493,-0.039,-0.562,430.7,0.011,3.28
BE0.5_TRAIL,ANY,SHORT,mkt_trend,bear,HOLDOUT,1778,29.63,0.236,-0.2666,0.99972,-14158.7,-235.98,0.384,-14184.1,1.053,-0.253,-0.637,374.4,0.021,0.62
BE1_TRAIL,ANY,SHORT,mkt_trend,bear,TRAIN,52418,284.88,0.37,-0.0854,0.98196,-159244.2,-865.46,0.845,-191562.7,1.461,-0.058,-0.739,707.7,0.008,2.24
BE1_TRAIL,ANY,SHORT,mkt_trend,bear,VALID,21740,244.27,0.361,-0.1141,0.98146,-69989.2,-786.4,0.822,-153287.4,1.414,-0.081,-0.747,691.8,0.01,2.45
BE1_TRAIL,ANY,SHORT,mkt_trend,bear,TEST,27342,297.2,0.377,-0.0528,0.85967,-54902.8,-596.77,0.882,-98251.2,1.493,-0.035,-0.714,657.9,0.008,2.27
BE1_TRAIL,ANY,SHORT,mkt_trend,bear,HOLDOUT,1778,29.63,0.161,-0.5028,1.0,-24769.1,-412.82,0.312,-24907.3,1.053,-0.477,-0.877,539.7,0.015,0.43
ATR_TRAIL2,ANY,SHORT,mkt_trend,bear,TRAIN,52418,284.88,0.298,-0.0895,1.0,-148423.0,-806.65,0.681,-149392.1,1.461,-0.061,-0.296,123.1,0.041,11.77
ATR_TRAIL2,ANY,SHORT,mkt_trend,bear,VALID,21740,244.27,0.31,-0.1112,1.0,-64110.8,-720.35,0.636,-64333.5,1.414,-0.079,-0.297,126.9,0.04,9.82
ATR_TRAIL2,ANY,SHORT,mkt_trend,bear,TEST,27342,297.2,0.332,-0.0727,0.99984,-50453.5,-548.41,0.759,-52672.9,1.493,-0.049,-0.288,125.8,0.038,11.36
ATR_TRAIL2,ANY,SHORT,mkt_trend,bear,HOLDOUT,1778,29.63,0.269,-0.1647,0.99954,-7348.7,-122.48,0.46,-7780.4,1.053,-0.156,-0.304,111.4,0.057,1.7
ATR_TRAIL3,ANY,SHORT,mkt_trend,bear,TRAIN,52418,284.88,0.307,-0.0866,0.9936,-138735.4,-754.0,0.779,-157864.4,1.461,-0.059,-0.409,251.4,0.021,6.1
ATR_TRAIL3,ANY,SHORT,mkt_trend,bear,VALID,21740,244.27,0.325,-0.1141,0.99996,-51613.5,-579.93,0.773,-79963.3,1.414,-0.081,-0.417,263.9,0.022,5.38
ATR_TRAIL3,ANY,SHORT,mkt_trend,bear,TEST,27342,297.2,0.346,-0.0987,0.99993,-79154.1,-860.37,0.717,-82468.2,1.493,-0.066,-0.397,246.3,0.021,6.25
ATR_TRAIL3,ANY,SHORT,mkt_trend,bear,HOLDOUT,1778,29.63,0.231,-0.2577,0.99994,-12664.6,-211.08,0.336,-12849.2,1.053,-0.245,-0.454,202.4,0.034,1.0
ATR_TRAIL4,ANY,SHORT,mkt_trend,bear,TRAIN,52418,284.88,0.313,-0.1037,0.99461,-181856.7,-988.35,0.765,-204067.4,1.461,-0.071,-0.514,407.5,0.014,3.87
ATR_TRAIL4,ANY,SHORT,mkt_trend,bear,VALID,21740,244.27,0.332,-0.089,0.95094,-25398.2,-285.37,0.909,-104108.7,1.414,-0.063,-0.524,429.0,0.015,3.74
ATR_TRAIL4,ANY,SHORT,mkt_trend,bear,TEST,27342,297.2,0.339,-0.1234,0.99981,-101860.6,-1107.18,0.709,-106309.6,1.493,-0.083,-0.506,391.9,0.013,3.98
ATR_TRAIL4,ANY,SHORT,mkt_trend,bear,HOLDOUT,1778,29.63,0.212,-0.3754,1.0,-18108.6,-301.81,0.272,-18531.7,1.053,-0.356,-0.599,302.2,0.021,0.63
MFE_LOCK0.3,ANY,SHORT,mkt_trend,bear,TRAIN,52418,284.88,0.505,-0.0643,0.9637,-121260.2,-659.02,0.881,-147539.1,1.461,-0.044,-0.734,607.0,0.009,2.57
MFE_LOCK0.3,ANY,SHORT,mkt_trend,bear,VALID,21740,244.27,0.517,-0.0719,0.931,-41037.7,-461.1,0.894,-121829.0,1.414,-0.051,-0.741,583.1,0.012,2.88
MFE_LOCK0.3,ANY,SHORT,mkt_trend,bear,TEST,27342,297.2,0.534,-0.0237,0.70751,-24557.3,-266.93,0.946,-82501.5,1.493,-0.016,-0.706,555.5,0.01,2.96
MFE_LOCK0.3,ANY,SHORT,mkt_trend,bear,HOLDOUT,1778,29.63,0.379,-0.3736,0.99988,-18255.2,-304.25,0.485,-18961.9,1.053,-0.355,-0.87,482.9,0.016,0.48
MFE_LOCK0.5,ANY,SHORT,mkt_trend,bear,TRAIN,52418,284.88,0.504,-0.0867,0.98864,-162679.5,-884.13,0.84,-192550.9,1.461,-0.059,-0.735,667.1,0.008,2.37
MFE_LOCK0.5,ANY,SHORT,mkt_trend,bear,VALID,21740,244.27,0.517,-0.1145,0.98953,-66632.7,-748.68,0.828,-138333.4,1.414,-0.081,-0.742,642.0,0.01,2.51
MFE_LOCK0.5,ANY,SHORT,mkt_trend,bear,TEST,27342,297.2,0.533,-0.0714,0.95559,-64493.4,-701.01,0.859,-96231.2,1.493,-0.048,-0.707,612.9,0.009,2.71
MFE_LOCK0.5,ANY,SHORT,mkt_trend,bear,HOLDOUT,1778,29.63,0.377,-0.4419,0.99999,-21509.5,-358.49,0.393,-21647.7,1.053,-0.42,-0.871,502.5,0.015,0.45
NOTP_TRAIL0.5,ANY,SHORT,mkt_trend,bear,TRAIN,52418,284.88,0.302,-0.0921,1.0,-157213.5,-854.42,0.68,-162161.7,1.461,-0.063,-0.307,161.2,0.032,9.21
NOTP_TRAIL0.5,ANY,SHORT,mkt_trend,bear,VALID,21740,244.27,0.318,-0.106,1.0,-64119.7,-720.45,0.661,-68368.7,1.414,-0.075,-0.312,158.7,0.034,8.22
NOTP_TRAIL0.5,ANY,SHORT,mkt_trend,bear,TEST,27342,297.2,0.337,-0.0601,0.99787,-43005.9,-467.45,0.803,-46711.5,1.493,-0.04,-0.297,152.8,0.032,9.65
NOTP_TRAIL0.5,ANY,SHORT,mkt_trend,bear,HOLDOUT,1778,29.63,0.277,-0.1461,0.99902,-6756.3,-112.61,0.506,-7210.6,1.053,-0.139,-0.309,131.7,0.049,1.45
NOTP_TRAIL1,ANY,SHORT,mkt_trend,bear,TRAIN,52418,284.88,0.347,-0.0908,0.99501,-157324.5,-855.02,0.814,-178457.9,1.461,-0.062,-0.562,531.2,0.01,2.97
NOTP_TRAIL1,ANY,SHORT,mkt_trend,bear,VALID,21740,244.27,0.354,-0.1143,0.99097,-53879.6,-605.39,0.834,-132267.7,1.414,-0.081,-0.578,519.5,0.012,3.03
NOTP_TRAIL1,ANY,SHORT,mkt_trend,bear,TEST,27342,297.2,0.361,-0.0988,0.99719,-92470.9,-1005.12,0.76,-106242.4,1.493,-0.066,-0.542,479.1,0.01,2.95
NOTP_TRAIL1,ANY,SHORT,mkt_trend,bear,HOLDOUT,1778,29.63,0.218,-0.351,1.0,-18619.2,-310.32,0.294,-18864.5,1.053,-0.333,-0.613,389.1,0.017,0.5
NOTP_TRAIL1.5,ANY,SHORT,mkt_trend,bear,TRAIN,52418,284.88,0.367,-0.1071,0.98819,-190372.6,-1034.63,0.82,-228309.6,1.461,-0.073,-0.729,779.4,0.007,2.05
NOTP_TRAIL1.5,ANY,SHORT,mkt_trend,bear,VALID,21740,244.27,0.36,-0.1112,0.92135,-52105.2,-585.45,0.873,-167993.2,1.414,-0.079,-0.739,769.3,0.009,2.16
NOTP_TRAIL1.5,ANY,SHORT,mkt_trend,bear,TEST,27342,297.2,0.379,-0.0928,0.96907,-84555.7,-919.08,0.827,-106038.6,1.493,-0.062,-0.704,744.8,0.007,2.09
NOTP_TRAIL1.5,ANY,SHORT,mkt_trend,bear,HOLDOUT,1778,29.63,0.15,-0.5721,1.0,-27689.0,-461.48,0.254,-27827.3,1.053,-0.543,-0.852,555.7,0.013,0.38
TIME15m,ANY,SHORT,mkt_trend,bear,TRAIN,52418,284.88,0.406,-0.0406,1.0,-62334.3,-338.77,0.669,-62481.1,1.461,-0.028,-0.152,15.0,0.297,84.62
TIME15m,ANY,SHORT,mkt_trend,bear,VALID,21740,244.27,0.397,-0.0405,1.0,-23350.9,-262.37,0.667,-23833.8,1.414,-0.029,-0.145,15.0,0.299,73.12
TIME15m,ANY,SHORT,mkt_trend,bear,TEST,27342,297.2,0.394,-0.041,1.0,-27579.8,-299.78,0.681,-27882.9,1.493,-0.027,-0.145,15.0,0.293,87.07
TIME15m,ANY,SHORT,mkt_trend,bear,HOLDOUT,1778,29.63,0.385,-0.0467,0.99936,-1567.3,-26.12,0.669,-1759.5,1.053,-0.044,-0.153,15.0,0.285,8.45
TIME30m,ANY,SHORT,mkt_trend,bear,TRAIN,52418,284.88,0.423,-0.0461,1.0,-75635.5,-411.06,0.702,-75855.5,1.461,-0.032,-0.215,29.8,0.169,48.22
TIME30m,ANY,SHORT,mkt_trend,bear,VALID,21740,244.27,0.42,-0.0428,1.0,-25042.1,-281.37,0.729,-25975.0,1.414,-0.03,-0.207,29.9,0.169,41.36
TIME30m,ANY,SHORT,mkt_trend,bear,TEST,27342,297.2,0.43,-0.0357,0.99999,-24100.3,-261.96,0.782,-25715.3,1.493,-0.024,-0.201,29.8,0.162,48.22
TIME30m,ANY,SHORT,mkt_trend,bear,HOLDOUT,1778,29.63,0.413,-0.0582,0.97401,-2067.2,-34.45,0.697,-2691.7,1.053,-0.055,-0.215,29.8,0.156,4.63
TIME1h,ANY,SHORT,mkt_trend,bear,TRAIN,52418,284.88,0.432,-0.056,1.0,-99684.0,-541.76,0.709,-100003.1,1.461,-0.038,-0.3,59.0,0.09,25.54
TIME1h,ANY,SHORT,mkt_trend,bear,VALID,21740,244.27,0.459,-0.0398,0.99909,-21330.9,-239.67,0.825,-25978.4,1.414,-0.028,-0.286,59.3,0.089,21.75
TIME1h,ANY,SHORT,mkt_trend,bear,TEST,27342,297.2,0.462,-0.0307,0.99105,-21916.4,-238.22,0.854,-24016.8,1.493,-0.021,-0.279,59.1,0.085,25.27
TIME1h,ANY,SHORT,mkt_trend,bear,HOLDOUT,1778,29.63,0.407,-0.0809,0.97149,-4086.6,-68.11,0.584,-4428.0,1.053,-0.077,-0.304,58.9,0.081,2.4
TIME2h,ANY,SHORT,mkt_trend,bear,TRAIN,52418,284.88,0.442,-0.0605,0.99946,-110416.3,-600.09,0.76,-110899.4,1.461,-0.041,-0.406,114.7,0.048,13.62
TIME2h,ANY,SHORT,mkt_trend,bear,VALID,21740,244.27,0.462,-0.0473,0.9824,-24537.4,-275.7,0.85,-38039.6,1.414,-0.033,-0.393,115.8,0.048,11.79
TIME2h,ANY,SHORT,mkt_trend,bear,TEST,27342,297.2,0.463,-0.0373,0.95236,-30938.4,-336.29,0.855,-34433.2,1.493,-0.025,-0.387,114.9,0.045,13.33
TIME2h,ANY,SHORT,mkt_trend,bear,HOLDOUT,1778,29.63,0.385,-0.1559,0.98939,-8040.0,-134.0,0.486,-8602.5,1.053,-0.148,-0.455,113.5,0.049,1.45
TIME4h,ANY,SHORT,mkt_trend,bear,TRAIN,52418,284.88,0.448,-0.0702,0.99543,-135582.6,-736.86,0.778,-136409.5,1.461,-0.048,-0.528,214.1,0.027,7.61
TIME4h,ANY,SHORT,mkt_trend,bear,VALID,21740,244.27,0.465,-0.0492,0.91285,-22831.9,-256.54,0.897,-54816.4,1.414,-0.035,-0.521,217.6,0.028,6.81
TIME4h,ANY,SHORT,mkt_trend,bear,TEST,27342,297.2,0.478,-0.0426,0.89972,-35730.7,-388.38,0.874,-53328.6,1.493,-0.029,-0.517,214.0,0.025,7.58
TIME4h,ANY,SHORT,mkt_trend,bear,HOLDOUT,1778,29.63,0.353,-0.2812,0.99752,-13371.6,-222.86,0.418,-13384.4,1.053,-0.267,-0.648,204.7,0.031,0.93
SIG_OFF,ANY,SHORT,mkt_trend,bear,TRAIN,52418,284.88,0.394,-0.0353,0.96663,-45690.6,-248.32,0.808,-69527.9,1.461,-0.024,-0.192,58.1,0.087,24.8
SIG_OFF,ANY,SHORT,mkt_trend,bear,VALID,21740,244.27,0.387,-0.0447,1.0,-24926.9,-280.08,0.721,-26289.9,1.414,-0.032,-0.186,58.4,0.087,21.22
SIG_OFF,ANY,SHORT,mkt_trend,bear,TEST,27342,297.2,0.382,-0.045,1.0,-30847.0,-335.29,0.729,-31623.7,1.493,-0.03,-0.19,61.3,0.078,23.21
SIG_OFF,ANY,SHORT,mkt_trend,bear,HOLDOUT,1778,29.63,0.361,-0.099,0.99916,-4307.4,-71.79,0.45,-4325.6,1.053,-0.094,-0.221,42.5,0.168,4.98
MOM_OFF,ANY,SHORT,mkt_trend,bear,TRAIN,52418,284.88,0.319,-0.0523,0.99977,-87228.2,-474.07,0.693,-87359.2,1.461,-0.036,-0.212,47.3,0.138,39.24
MOM_OFF,ANY,SHORT,mkt_trend,bear,VALID,21740,244.27,0.33,-0.054,1.0,-36446.8,-409.51,0.655,-37095.0,1.414,-0.038,-0.204,49.0,0.135,33.07
MOM_OFF,ANY,SHORT,mkt_trend,bear,TEST,27342,297.2,0.329,-0.05,1.0,-36947.0,-401.6,0.709,-38402.3,1.493,-0.034,-0.201,49.0,0.128,38.07
MOM_OFF,ANY,SHORT,mkt_trend,bear,HOLDOUT,1778,29.63,0.301,-0.076,0.99701,-3896.6,-64.94,0.507,-4113.8,1.053,-0.072,-0.214,47.7,0.138,4.1
FIXED,ANY,LONG,mkt_vol,hi,TRAIN,85505,464.7,0.399,-0.1342,1.0,-276068.2,-1500.37,0.843,-278222.5,1.542,-0.087,-0.809,733.4,0.009,4.16
FIXED,ANY,LONG,mkt_vol,hi,VALID,36417,409.18,0.432,-0.0359,0.77629,-52727.9,-592.45,0.928,-145588.9,1.567,-0.023,-0.759,731.0,0.008,3.31
FIXED,ANY,LONG,mkt_vol,hi,TEST,41415,450.16,0.39,-0.1587,0.99999,-189381.9,-2058.5,0.776,-210801.1,1.371,-0.116,-0.816,735.5,0.009,4.14
FIXED,ANY,LONG,mkt_vol,hi,HOLDOUT,29128,485.47,0.507,0.1449,0.00218,174134.3,2902.24,1.366,-77534.3,2.02,0.072,-0.775,727.8,0.008,4.07
TRAIL_A0.5_D0.5,ANY,LONG,mkt_vol,hi,TRAIN,85505,464.7,0.518,-0.1426,1.0,-312466.3,-1698.19,0.738,-312865.9,1.542,-0.093,-0.621,433.2,0.015,6.93
TRAIL_A0.5_D0.5,ANY,LONG,mkt_vol,hi,VALID,36417,409.18,0.55,-0.0703,0.98585,-89753.7,-1008.47,0.822,-111962.3,1.567,-0.045,-0.579,411.4,0.016,6.58
TRAIL_A0.5_D0.5,ANY,LONG,mkt_vol,hi,TEST,41415,450.16,0.52,-0.1343,1.0,-152416.3,-1656.7,0.726,-160035.7,1.371,-0.098,-0.612,409.3,0.015,6.85
TRAIL_A0.5_D0.5,ANY,LONG,mkt_vol,hi,HOLDOUT,29128,485.47,0.589,0.0011,0.48388,44324.5,738.74,1.144,-49528.5,2.02,0.001,-0.567,398.9,0.014,7.02
TRAIL_A0.5_D1,ANY,LONG,mkt_vol,hi,TRAIN,85505,464.7,0.358,-0.1397,1.0,-297690.4,-1617.88,0.792,-297690.4,1.542,-0.091,-0.663,575.2,0.012,5.47
TRAIL_A0.5_D1,ANY,LONG,mkt_vol,hi,VALID,36417,409.18,0.39,-0.0572,0.92201,-81626.7,-917.15,0.864,-130594.8,1.567,-0.036,-0.619,547.7,0.012,4.75
TRAIL_A0.5_D1,ANY,LONG,mkt_vol,hi,TEST,41415,450.16,0.346,-0.1542,1.0,-180858.8,-1965.86,0.733,-192756.6,1.371,-0.112,-0.655,552.3,0.012,5.28
TRAIL_A0.5_D1,ANY,LONG,mkt_vol,hi,HOLDOUT,29128,485.47,0.435,0.0548,0.08458,96634.3,1610.57,1.249,-63581.0,2.02,0.027,-0.619,542.7,0.011,5.27
TRAIL_A1_D0.5,ANY,LONG,mkt_vol,hi,TRAIN,85505,464.7,0.465,-0.1398,1.0,-287232.0,-1561.04,0.82,-287483.5,1.542,-0.091,-0.759,622.2,0.011,4.92
TRAIL_A1_D0.5,ANY,LONG,mkt_vol,hi,VALID,36417,409.18,0.498,-0.0565,0.9143,-71273.8,-800.83,0.893,-132712.1,1.567,-0.036,-0.71,604.9,0.01,4.08
TRAIL_A1_D0.5,ANY,LONG,mkt_vol,hi,TEST,41415,450.16,0.461,-0.154,1.0,-183485.3,-1994.41,0.76,-197776.2,1.371,-0.112,-0.758,611.6,0.011,4.9
TRAIL_A1_D0.5,ANY,LONG,mkt_vol,hi,HOLDOUT,29128,485.47,0.569,0.0778,0.0284,119667.1,1994.45,1.281,-61017.7,2.02,0.038,-0.709,600.5,0.01,5.02
TRAIL_A1_D1,ANY,LONG,mkt_vol,hi,TRAIN,85505,464.7,0.431,-0.1372,1.0,-283346.1,-1539.92,0.823,-283383.0,1.542,-0.089,-0.76,668.0,0.01,4.7
TRAIL_A1_D1,ANY,LONG,mkt_vol,hi,VALID,36417,409.18,0.463,-0.0509,0.87518,-68488.0,-769.53,0.898,-137158.1,1.567,-0.032,-0.711,650.1,0.01,3.93
TRAIL_A1_D1,ANY,LONG,mkt_vol,hi,TEST,41415,450.16,0.419,-0.1585,1.0,-189672.0,-2061.65,0.753,-205184.9,1.371,-0.116,-0.76,658.8,0.01,4.54
TRAIL_A1_D1,ANY,LONG,mkt_vol,hi,HOLDOUT,29128,485.47,0.527,0.0985,0.01452,137608.5,2293.48,1.322,-69297.4,2.02,0.049,-0.714,649.6,0.009,4.58
BE0.5_TRAIL,ANY,LONG,mkt_vol,hi,TRAIN,85505,464.7,0.306,-0.134,1.0,-280292.3,-1523.33,0.77,-280292.3,1.542,-0.087,-0.623,503.5,0.013,6.16
BE0.5_TRAIL,ANY,LONG,mkt_vol,hi,VALID,36417,409.18,0.339,-0.061,0.94581,-79264.2,-890.61,0.846,-119315.8,1.567,-0.039,-0.581,482.0,0.013,5.28
BE0.5_TRAIL,ANY,LONG,mkt_vol,hi,TEST,41415,450.16,0.303,-0.1534,1.0,-176311.7,-1916.43,0.692,-186798.6,1.371,-0.112,-0.615,475.4,0.013,5.96
BE0.5_TRAIL,ANY,LONG,mkt_vol,hi,HOLDOUT,29128,485.47,0.365,0.0212,0.27075,68330.9,1138.85,1.214,-53255.6,2.02,0.01,-0.573,466.1,0.014,6.6
BE1_TRAIL,ANY,LONG,mkt_vol,hi,TRAIN,85505,464.7,0.346,-0.1327,1.0,-253068.5,-1375.37,0.843,-253068.5,1.542,-0.086,-0.762,713.2,0.009,4.4
BE1_TRAIL,ANY,LONG,mkt_vol,hi,VALID,36417,409.18,0.374,-0.0502,0.85284,-62690.9,-704.39,0.907,-141732.5,1.567,-0.032,-0.712,702.7,0.008,3.47
BE1_TRAIL,ANY,LONG,mkt_vol,hi,TEST,41415,450.16,0.33,-0.1823,1.0,-215185.8,-2338.98,0.722,-233777.4,1.371,-0.133,-0.761,701.8,0.009,4.02
BE1_TRAIL,ANY,LONG,mkt_vol,hi,HOLDOUT,29128,485.47,0.431,0.119,0.01057,161277.4,2687.96,1.373,-73571.9,2.02,0.059,-0.72,703.0,0.009,4.28
ATR_TRAIL2,ANY,LONG,mkt_vol,hi,TRAIN,85505,464.7,0.291,-0.1095,1.0,-237155.1,-1288.89,0.672,-237496.4,1.542,-0.071,-0.296,130.1,0.049,22.83
ATR_TRAIL2,ANY,LONG,mkt_vol,hi,VALID,36417,409.18,0.311,-0.0705,0.99982,-85582.3,-961.6,0.719,-86403.4,1.567,-0.045,-0.283,125.7,0.047,19.09
ATR_TRAIL2,ANY,LONG,mkt_vol,hi,TEST,41415,450.16,0.289,-0.1126,1.0,-115076.6,-1250.83,0.656,-115226.4,1.371,-0.082,-0.296,124.2,0.047,21.35
ATR_TRAIL2,ANY,LONG,mkt_vol,hi,HOLDOUT,29128,485.47,0.318,-0.0785,1.0,-47962.2,-799.37,0.788,-63711.6,2.02,-0.039,-0.297,120.3,0.045,22.03
ATR_TRAIL3,ANY,LONG,mkt_vol,hi,TRAIN,85505,464.7,0.3,-0.1153,1.0,-255332.7,-1387.68,0.731,-255680.8,1.542,-0.075,-0.408,254.2,0.025,11.78
ATR_TRAIL3,ANY,LONG,mkt_vol,hi,VALID,36417,409.18,0.319,-0.0646,0.97578,-89583.9,-1006.56,0.782,-91832.8,1.567,-0.041,-0.392,250.4,0.025,10.16
ATR_TRAIL3,ANY,LONG,mkt_vol,hi,TEST,41415,450.16,0.296,-0.1384,1.0,-148223.0,-1611.12,0.669,-149061.3,1.371,-0.101,-0.41,242.5,0.025,11.41
ATR_TRAIL3,ANY,LONG,mkt_vol,hi,HOLDOUT,29128,485.47,0.33,-0.0629,0.99216,-33601.3,-560.02,0.886,-70494.4,2.02,-0.031,-0.409,242.7,0.023,11.2
ATR_TRAIL4,ANY,LONG,mkt_vol,hi,TRAIN,85505,464.7,0.305,-0.1209,1.0,-253591.0,-1378.21,0.781,-254058.2,1.542,-0.078,-0.516,399.9,0.017,7.72
ATR_TRAIL4,ANY,LONG,mkt_vol,hi,VALID,36417,409.18,0.335,-0.0553,0.91469,-83690.5,-940.34,0.833,-102462.4,1.567,-0.035,-0.492,408.3,0.015,6.19
ATR_TRAIL4,ANY,LONG,mkt_vol,hi,TEST,41415,450.16,0.296,-0.1657,1.0,-179575.3,-1951.91,0.676,-183656.4,1.371,-0.121,-0.514,387.4,0.016,7.0
ATR_TRAIL4,ANY,LONG,mkt_vol,hi,HOLDOUT,29128,485.47,0.351,0.0246,0.27906,41225.4,687.09,1.118,-68227.0,2.02,0.012,-0.512,414.5,0.014,6.93
MFE_LOCK0.3,ANY,LONG,mkt_vol,hi,TRAIN,85505,464.7,0.465,-0.1277,1.0,-243767.3,-1324.82,0.848,-244108.6,1.542,-0.083,-0.759,620.1,0.011,4.96
MFE_LOCK0.3,ANY,LONG,mkt_vol,hi,VALID,36417,409.18,0.498,-0.0594,0.92711,-73668.7,-827.74,0.89,-137265.3,1.567,-0.038,-0.71,603.3,0.01,4.18
MFE_LOCK0.3,ANY,LONG,mkt_vol,hi,TEST,41415,450.16,0.461,-0.157,1.0,-181333.0,-1971.01,0.763,-195670.4,1.371,-0.115,-0.758,607.3,0.01,4.64
MFE_LOCK0.3,ANY,LONG,mkt_vol,hi,HOLDOUT,29128,485.47,0.569,0.0791,0.02645,124313.7,2071.9,1.292,-59671.4,2.02,0.039,-0.709,598.5,0.01,4.65
MFE_LOCK0.5,ANY,LONG,mkt_vol,hi,TRAIN,85505,464.7,0.464,-0.1226,0.99999,-239114.8,-1299.54,0.85,-241204.2,1.542,-0.08,-0.759,683.2,0.01,4.48
MFE_LOCK0.5,ANY,LONG,mkt_vol,hi,VALID,36417,409.18,0.498,-0.0683,0.94222,-90155.8,-1012.99,0.865,-142097.2,1.567,-0.044,-0.71,668.5,0.009,3.66
MFE_LOCK0.5,ANY,LONG,mkt_vol,hi,TEST,41415,450.16,0.46,-0.1757,1.0,-201565.7,-2190.93,0.737,-215176.4,1.371,-0.128,-0.759,662.3,0.01,4.41
MFE_LOCK0.5,ANY,LONG,mkt_vol,hi,HOLDOUT,29128,485.47,0.568,0.0983,0.02006,139899.0,2331.65,1.329,-54245.6,2.02,0.049,-0.714,666.1,0.01,4.73
NOTP_TRAIL0.5,ANY,LONG,mkt_vol,hi,TRAIN,85505,464.7,0.283,-0.1235,1.0,-284373.4,-1545.51,0.636,-284373.4,1.542,-0.08,-0.313,167.8,0.041,19.12
NOTP_TRAIL0.5,ANY,LONG,mkt_vol,hi,VALID,36417,409.18,0.319,-0.0667,0.9998,-70531.0,-792.48,0.781,-72035.1,1.567,-0.043,-0.296,157.9,0.04,16.31
NOTP_TRAIL0.5,ANY,LONG,mkt_vol,hi,TEST,41415,450.16,0.29,-0.119,1.0,-125529.8,-1364.45,0.647,-125529.8,1.371,-0.087,-0.31,151.4,0.04,18.16
NOTP_TRAIL0.5,ANY,LONG,mkt_vol,hi,HOLDOUT,29128,485.47,0.326,-0.0677,0.99994,-36590.7,-609.84,0.846,-57509.9,2.02,-0.034,-0.307,149.8,0.037,17.95
NOTP_TRAIL1,ANY,LONG,mkt_vol,hi,TRAIN,85505,464.7,0.326,-0.1337,1.0,-283162.6,-1538.93,0.79,-283162.6,1.542,-0.087,-0.589,547.6,0.012,5.62
NOTP_TRAIL1,ANY,LONG,mkt_vol,hi,VALID,36417,409.18,0.359,-0.0565,0.91422,-78520.6,-882.25,0.861,-122246.6,1.567,-0.036,-0.55,527.9,0.012,4.89
NOTP_TRAIL1,ANY,LONG,mkt_vol,hi,TEST,41415,450.16,0.315,-0.1719,1.0,-197197.0,-2143.45,0.69,-208537.8,1.371,-0.125,-0.58,517.5,0.013,5.7
NOTP_TRAIL1,ANY,LONG,mkt_vol,hi,HOLDOUT,29128,485.47,0.398,0.0438,0.15599,86474.2,1441.24,1.229,-65740.9,2.02,0.022,-0.557,520.5,0.011,5.57
NOTP_TRAIL1.5,ANY,LONG,mkt_vol,hi,TRAIN,85505,464.7,0.347,-0.1239,0.9999,-230491.4,-1252.67,0.862,-242554.8,1.542,-0.08,-0.75,785.2,0.009,4.1
NOTP_TRAIL1.5,ANY,LONG,mkt_vol,hi,VALID,36417,409.18,0.377,-0.0501,0.82521,-83251.3,-935.41,0.88,-168114.6,1.567,-0.032,-0.701,801.1,0.008,3.11
NOTP_TRAIL1.5,ANY,LONG,mkt_vol,hi,TEST,41415,450.16,0.332,-0.1971,1.0,-227661.3,-2474.58,0.715,-249482.7,1.371,-0.144,-0.75,777.2,0.009,3.95
NOTP_TRAIL1.5,ANY,LONG,mkt_vol,hi,HOLDOUT,29128,485.47,0.439,0.1912,0.00214,216938.5,3615.64,1.478,-74588.3,2.02,0.095,-0.729,812.6,0.008,3.77
TIME15m,ANY,LONG,mkt_vol,hi,TRAIN,85505,464.7,0.381,-0.041,1.0,-87191.5,-473.87,0.687,-87626.8,1.542,-0.027,-0.149,15.0,0.319,148.02
TIME15m,ANY,LONG,mkt_vol,hi,VALID,36417,409.18,0.382,-0.0377,1.0,-41176.1,-462.65,0.657,-41271.6,1.567,-0.024,-0.142,15.0,0.314,128.57
TIME15m,ANY,LONG,mkt_vol,hi,TEST,41415,450.16,0.383,-0.0434,1.0,-46235.3,-502.56,0.639,-46240.4,1.371,-0.032,-0.144,15.0,0.325,146.24
TIME15m,ANY,LONG,mkt_vol,hi,HOLDOUT,29128,485.47,0.403,-0.0341,1.0,-22078.3,-367.97,0.748,-22402.4,2.02,-0.017,-0.144,15.0,0.317,153.73
TIME30m,ANY,LONG,mkt_vol,hi,TRAIN,85505,464.7,0.405,-0.0417,1.0,-81077.9,-440.64,0.776,-82028.5,1.542,-0.027,-0.207,29.9,0.18,83.56
TIME30m,ANY,LONG,mkt_vol,hi,VALID,36417,409.18,0.417,-0.0305,0.99999,-36219.0,-406.95,0.767,-36800.6,1.567,-0.019,-0.198,29.9,0.175,71.42
TIME30m,ANY,LONG,mkt_vol,hi,TEST,41415,450.16,0.41,-0.0435,1.0,-45735.2,-497.12,0.729,-45964.0,1.371,-0.032,-0.204,29.9,0.178,80.35
TIME30m,ANY,LONG,mkt_vol,hi,HOLDOUT,29128,485.47,0.428,-0.0312,1.0,-17013.6,-283.56,0.853,-21494.3,2.02,-0.015,-0.206,29.9,0.172,83.4
TIME1h,ANY,LONG,mkt_vol,hi,TRAIN,85505,464.7,0.424,-0.0458,1.0,-84924.1,-461.54,0.824,-85600.6,1.542,-0.03,-0.286,59.2,0.095,44.34
TIME1h,ANY,LONG,mkt_vol,hi,VALID,36417,409.18,0.436,-0.0242,0.98696,-29115.2,-327.14,0.856,-31638.0,1.567,-0.015,-0.272,59.4,0.092,37.61
TIME1h,ANY,LONG,mkt_vol,hi,TEST,41415,450.16,0.429,-0.0455,1.0,-43023.6,-467.65,0.81,-43077.9,1.371,-0.033,-0.286,59.3,0.093,41.98
TIME1h,ANY,LONG,mkt_vol,hi,HOLDOUT,29128,485.47,0.449,-0.0212,0.97623,-6704.2,-111.74,0.956,-20545.8,2.02,-0.011,-0.287,59.1,0.089,43.1
TIME2h,ANY,LONG,mkt_vol,hi,TRAIN,85505,464.7,0.439,-0.0529,0.99998,-97189.8,-528.21,0.852,-97855.3,1.542,-0.034,-0.391,115.5,0.051,23.49
TIME2h,ANY,LONG,mkt_vol,hi,VALID,36417,409.18,0.444,-0.0204,0.85714,-36571.9,-410.92,0.87,-40755.2,1.567,-0.013,-0.373,116.3,0.048,19.69
TIME2h,ANY,LONG,mkt_vol,hi,TEST,41415,450.16,0.437,-0.0502,0.99981,-45837.8,-498.24,0.85,-46892.9,1.371,-0.037,-0.389,116.0,0.049,22.1
TIME2h,ANY,LONG,mkt_vol,hi,HOLDOUT,29128,485.47,0.462,-0.0161,0.81672,642.2,10.7,1.003,-30128.6,2.02,-0.008,-0.396,115.2,0.047,22.65
TIME4h,ANY,LONG,mkt_vol,hi,TRAIN,85505,464.7,0.446,-0.0671,0.99982,-119023.1,-646.86,0.867,-119280.0,1.542,-0.044,-0.516,216.6,0.028,13.09
TIME4h,ANY,LONG,mkt_vol,hi,VALID,36417,409.18,0.455,-0.0126,0.66512,-34182.5,-384.07,0.91,-62785.1,1.567,-0.008,-0.491,218.7,0.027,10.87
TIME4h,ANY,LONG,mkt_vol,hi,TEST,41415,450.16,0.442,-0.0581,0.99599,-57081.5,-620.45,0.863,-60904.7,1.371,-0.042,-0.514,218.5,0.027,12.08
TIME4h,ANY,LONG,mkt_vol,hi,HOLDOUT,29128,485.47,0.473,-0.0002,0.50275,21573.7,359.56,1.08,-40839.4,2.02,-0.0,-0.519,216.4,0.026,12.52
SIG_OFF,ANY,LONG,mkt_vol,hi,TRAIN,85505,464.7,0.371,-0.0454,1.0,-95057.8,-516.62,0.738,-95589.2,1.542,-0.029,-0.191,60.9,0.111,51.68
SIG_OFF,ANY,LONG,mkt_vol,hi,VALID,36417,409.18,0.377,-0.0266,0.99903,-30290.9,-340.35,0.798,-31755.1,1.567,-0.017,-0.178,64.5,0.093,38.13
SIG_OFF,ANY,LONG,mkt_vol,hi,TEST,41415,450.16,0.372,-0.054,1.0,-58706.4,-638.11,0.654,-59250.2,1.371,-0.039,-0.191,62.2,0.102,45.92
SIG_OFF,ANY,LONG,mkt_vol,hi,HOLDOUT,29128,485.47,0.391,-0.0293,0.99998,-18286.3,-304.77,0.837,-23312.0,2.02,-0.014,-0.188,58.5,0.103,50.0
MOM_OFF,ANY,LONG,mkt_vol,hi,TRAIN,85505,464.7,0.317,-0.0403,1.0,-73240.2,-398.04,0.817,-77866.8,1.542,-0.026,-0.197,45.1,0.148,68.6
MOM_OFF,ANY,LONG,mkt_vol,hi,VALID,36417,409.18,0.32,-0.0249,0.9762,-35936.1,-403.78,0.793,-37228.2,1.567,-0.016,-0.191,47.1,0.136,55.63
MOM_OFF,ANY,LONG,mkt_vol,hi,TEST,41415,450.16,0.314,-0.0542,1.0,-59783.5,-649.82,0.685,-59823.7,1.371,-0.04,-0.197,44.8,0.145,65.18
MOM_OFF,ANY,LONG,mkt_vol,hi,HOLDOUT,29128,485.47,0.331,-0.0315,0.99868,-19749.0,-329.15,0.857,-28073.7,2.02,-0.016,-0.209,48.2,0.127,61.83
FIXED,ANY,SHORT,mkt_vol,hi,TRAIN,88333,480.07,0.449,-0.0233,0.77346,-81196.4,-441.29,0.953,-189951.7,1.572,-0.015,-0.776,752.3,0.008,3.88
FIXED,ANY,SHORT,mkt_vol,hi,VALID,36789,413.36,0.431,-0.075,0.95458,-93172.6,-1046.88,0.874,-222715.6,1.308,-0.057,-0.8,757.4,0.008,3.39
FIXED,ANY,SHORT,mkt_vol,hi,TEST,42825,465.49,0.47,0.0232,0.29077,43235.5,469.95,1.057,-102008.6,1.501,0.015,-0.767,726.1,0.009,4.01
FIXED,ANY,SHORT,mkt_vol,hi,HOLDOUT,29063,484.38,0.361,-0.2531,1.0,-246468.0,-4107.8,0.623,-252005.8,1.213,-0.209,-0.84,738.2,0.009,4.48
TRAIL_A0.5_D0.5,ANY,SHORT,mkt_vol,hi,TRAIN,88333,480.07,0.575,-0.0377,0.96797,-112559.1,-611.73,0.899,-176381.3,1.572,-0.024,-0.569,418.3,0.014,6.58
TRAIL_A0.5_D0.5,ANY,SHORT,mkt_vol,hi,VALID,36789,413.36,0.544,-0.121,1.0,-121735.3,-1367.81,0.749,-170828.9,1.308,-0.093,-0.599,421.0,0.014,5.78
TRAIL_A0.5_D0.5,ANY,SHORT,mkt_vol,hi,TEST,42825,465.49,0.574,-0.0424,0.94735,-41892.6,-455.35,0.916,-83143.7,1.501,-0.028,-0.569,390.9,0.014,6.54
TRAIL_A0.5_D0.5,ANY,SHORT,mkt_vol,hi,HOLDOUT,29063,484.38,0.493,-0.2104,1.0,-194209.0,-3236.82,0.562,-198927.7,1.213,-0.173,-0.632,414.9,0.015,7.18
TRAIL_A0.5_D1,ANY,SHORT,mkt_vol,hi,TRAIN,88333,480.07,0.402,-0.0387,0.93599,-121184.5,-658.61,0.912,-205033.1,1.572,-0.025,-0.615,579.2,0.01,4.81
TRAIL_A0.5_D1,ANY,SHORT,mkt_vol,hi,VALID,36789,413.36,0.375,-0.1033,0.99804,-97738.0,-1098.18,0.835,-199320.6,1.308,-0.079,-0.646,577.2,0.01,4.27
TRAIL_A0.5_D1,ANY,SHORT,mkt_vol,hi,TEST,42825,465.49,0.397,-0.0392,0.87805,-44192.6,-480.35,0.929,-102612.1,1.501,-0.026,-0.617,539.0,0.011,5.14
TRAIL_A0.5_D1,ANY,SHORT,mkt_vol,hi,HOLDOUT,29063,484.38,0.31,-0.2444,1.0,-231219.4,-3853.66,0.567,-234695.8,1.213,-0.201,-0.678,568.7,0.01,5.07
TRAIL_A1_D0.5,ANY,SHORT,mkt_vol,hi,TRAIN,88333,480.07,0.525,-0.0256,0.83039,-89566.8,-486.78,0.942,-181069.4,1.572,-0.016,-0.713,619.9,0.01,4.7
TRAIL_A1_D0.5,ANY,SHORT,mkt_vol,hi,VALID,36789,413.36,0.501,-0.0907,0.99278,-91143.0,-1024.08,0.862,-190126.4,1.308,-0.069,-0.743,626.8,0.009,3.83
TRAIL_A1_D0.5,ANY,SHORT,mkt_vol,hi,TEST,42825,465.49,0.532,-0.0129,0.64238,-2878.2,-31.29,0.996,-97000.0,1.501,-0.009,-0.711,592.5,0.01,4.62
TRAIL_A1_D0.5,ANY,SHORT,mkt_vol,hi,HOLDOUT,29063,484.38,0.426,-0.2458,1.0,-235587.4,-3926.46,0.61,-239703.7,1.213,-0.203,-0.788,619.0,0.01,4.92
TRAIL_A1_D1,ANY,SHORT,mkt_vol,hi,TRAIN,88333,480.07,0.484,-0.0272,0.82977,-97442.3,-529.58,0.937,-198796.2,1.572,-0.017,-0.715,677.3,0.009,4.29
TRAIL_A1_D1,ANY,SHORT,mkt_vol,hi,VALID,36789,413.36,0.461,-0.0839,0.98009,-84823.3,-953.07,0.872,-203290.4,1.308,-0.064,-0.745,680.2,0.009,3.61
TRAIL_A1_D1,ANY,SHORT,mkt_vol,hi,TEST,42825,465.49,0.491,-0.0121,0.62607,-4364.7,-47.44,0.994,-105147.8,1.501,-0.008,-0.715,645.0,0.009,4.28
TRAIL_A1_D1,ANY,SHORT,mkt_vol,hi,HOLDOUT,29063,484.38,0.386,-0.257,1.0,-245798.8,-4096.65,0.594,-250263.5,1.213,-0.212,-0.789,670.8,0.009,4.57
BE0.5_TRAIL,ANY,SHORT,mkt_vol,hi,TRAIN,88333,480.07,0.35,-0.0463,0.97168,-131524.2,-714.81,0.886,-212167.0,1.572,-0.029,-0.574,510.5,0.012,5.53
BE0.5_TRAIL,ANY,SHORT,mkt_vol,hi,VALID,36789,413.36,0.314,-0.1383,1.0,-138263.4,-1553.52,0.724,-203994.1,1.308,-0.106,-0.604,508.5,0.012,5.1
BE0.5_TRAIL,ANY,SHORT,mkt_vol,hi,TEST,42825,465.49,0.342,-0.0601,0.98249,-74553.6,-810.37,0.855,-113059.7,1.501,-0.04,-0.574,470.8,0.012,5.36
BE0.5_TRAIL,ANY,SHORT,mkt_vol,hi,HOLDOUT,29063,484.38,0.259,-0.2341,1.0,-214742.2,-3579.04,0.527,-218614.5,1.213,-0.193,-0.635,485.6,0.012,5.83
BE1_TRAIL,ANY,SHORT,mkt_vol,hi,TRAIN,88333,480.07,0.386,-0.0416,0.90549,-120156.2,-653.02,0.923,-235253.8,1.572,-0.026,-0.718,742.6,0.008,3.77
BE1_TRAIL,ANY,SHORT,mkt_vol,hi,VALID,36789,413.36,0.363,-0.1308,0.99941,-140262.4,-1575.98,0.79,-246254.7,1.308,-0.1,-0.748,739.3,0.008,3.48
BE1_TRAIL,ANY,SHORT,mkt_vol,hi,TEST,42825,465.49,0.393,-0.0246,0.73152,-26709.7,-290.32,0.962,-120883.2,1.501,-0.016,-0.717,703.5,0.008,3.79
BE1_TRAIL,ANY,SHORT,mkt_vol,hi,HOLDOUT,29063,484.38,0.302,-0.2774,1.0,-257370.8,-4289.51,0.577,-261031.6,1.213,-0.229,-0.791,711.6,0.008,4.08
ATR_TRAIL2,ANY,SHORT,mkt_vol,hi,TRAIN,88333,480.07,0.321,-0.0724,1.0,-181122.5,-984.36,0.748,-182353.1,1.572,-0.046,-0.289,134.4,0.041,19.82
ATR_TRAIL2,ANY,SHORT,mkt_vol,hi,VALID,36789,413.36,0.297,-0.1267,1.0,-128641.3,-1445.41,0.573,-128675.1,1.308,-0.097,-0.298,132.0,0.041,16.91
ATR_TRAIL2,ANY,SHORT,mkt_vol,hi,TEST,42825,465.49,0.318,-0.0868,1.0,-93667.6,-1018.13,0.711,-96235.5,1.501,-0.058,-0.287,130.9,0.041,18.89
ATR_TRAIL2,ANY,SHORT,mkt_vol,hi,HOLDOUT,29063,484.38,0.272,-0.1493,1.0,-119636.3,-1993.94,0.517,-120108.4,1.213,-0.123,-0.299,123.7,0.043,21.07
ATR_TRAIL3,ANY,SHORT,mkt_vol,hi,TRAIN,88333,480.07,0.338,-0.0399,0.85183,-82828.5,-450.15,0.913,-185247.1,1.572,-0.025,-0.397,272.6,0.021,10.23
ATR_TRAIL3,ANY,SHORT,mkt_vol,hi,VALID,36789,413.36,0.315,-0.132,1.0,-124673.4,-1400.83,0.681,-150482.6,1.308,-0.101,-0.412,273.0,0.023,9.33
ATR_TRAIL3,ANY,SHORT,mkt_vol,hi,TEST,42825,465.49,0.335,-0.0995,1.0,-113834.1,-1237.33,0.735,-121750.9,1.501,-0.066,-0.398,258.0,0.022,10.04
ATR_TRAIL3,ANY,SHORT,mkt_vol,hi,HOLDOUT,29063,484.38,0.274,-0.1938,1.0,-165179.9,-2753.0,0.504,-166381.2,1.213,-0.16,-0.413,243.0,0.024,11.58
ATR_TRAIL4,ANY,SHORT,mkt_vol,hi,TRAIN,88333,480.07,0.349,-0.0217,0.65877,-55387.2,-301.02,0.952,-233350.8,1.572,-0.014,-0.498,435.7,0.014,6.54
ATR_TRAIL4,ANY,SHORT,mkt_vol,hi,VALID,36789,413.36,0.326,-0.1194,0.99948,-101398.1,-1139.3,0.788,-189282.7,1.308,-0.091,-0.514,440.2,0.015,6.07
ATR_TRAIL4,ANY,SHORT,mkt_vol,hi,TEST,42825,465.49,0.342,-0.101,0.99982,-124450.3,-1352.72,0.765,-148771.9,1.501,-0.067,-0.504,411.7,0.014,6.52
ATR_TRAIL4,ANY,SHORT,mkt_vol,hi,HOLDOUT,29063,484.38,0.28,-0.2305,1.0,-204594.3,-3409.91,0.503,-207523.7,1.213,-0.19,-0.524,387.6,0.015,7.37
MFE_LOCK0.3,ANY,SHORT,mkt_vol,hi,TRAIN,88333,480.07,0.525,-0.0297,0.86631,-90677.5,-492.81,0.941,-177575.1,1.572,-0.019,-0.713,615.9,0.01,4.77
MFE_LOCK0.3,ANY,SHORT,mkt_vol,hi,VALID,36789,413.36,0.501,-0.1059,0.99846,-108084.0,-1214.43,0.836,-198560.7,1.308,-0.081,-0.743,619.3,0.01,4.06
MFE_LOCK0.3,ANY,SHORT,mkt_vol,hi,TEST,42825,465.49,0.533,-0.0244,0.76135,-16013.3,-174.06,0.977,-101731.2,1.501,-0.016,-0.711,587.9,0.01,4.64
MFE_LOCK0.3,ANY,SHORT,mkt_vol,hi,HOLDOUT,29063,484.38,0.427,-0.238,1.0,-221738.9,-3695.65,0.633,-225719.7,1.213,-0.196,-0.788,611.4,0.01,4.87
MFE_LOCK0.5,ANY,SHORT,mkt_vol,hi,TRAIN,88333,480.07,0.525,-0.0172,0.68607,-68888.7,-374.4,0.956,-209164.7,1.572,-0.011,-0.714,692.9,0.009,4.1
MFE_LOCK0.5,ANY,SHORT,mkt_vol,hi,VALID,36789,413.36,0.5,-0.1307,0.99977,-136373.1,-1532.28,0.793,-228797.5,1.308,-0.1,-0.745,687.2,0.009,3.58
MFE_LOCK0.5,ANY,SHORT,mkt_vol,hi,TEST,42825,465.49,0.531,-0.0424,0.8856,-46624.0,-506.78,0.932,-122939.2,1.501,-0.028,-0.712,663.1,0.009,4.1
MFE_LOCK0.5,ANY,SHORT,mkt_vol,hi,HOLDOUT,29063,484.38,0.426,-0.2766,1.0,-260560.4,-4342.67,0.568,-264059.8,1.213,-0.228,-0.788,661.5,0.009,4.3
NOTP_TRAIL0.5,ANY,SHORT,mkt_vol,hi,TRAIN,88333,480.07,0.324,-0.0715,1.0,-185033.9,-1005.62,0.757,-195544.6,1.572,-0.045,-0.301,176.0,0.032,15.51
NOTP_TRAIL0.5,ANY,SHORT,mkt_vol,hi,VALID,36789,413.36,0.293,-0.1294,1.0,-133855.4,-1503.99,0.589,-136981.0,1.308,-0.099,-0.314,171.7,0.032,13.24
NOTP_TRAIL0.5,ANY,SHORT,mkt_vol,hi,TEST,42825,465.49,0.323,-0.0766,1.0,-84766.5,-921.37,0.753,-85525.6,1.501,-0.051,-0.3,164.4,0.032,15.09
NOTP_TRAIL0.5,ANY,SHORT,mkt_vol,hi,HOLDOUT,29063,484.38,0.269,-0.1485,1.0,-121165.2,-2019.42,0.544,-122806.1,1.213,-0.122,-0.312,166.2,0.035,16.73
NOTP_TRAIL1,ANY,SHORT,mkt_vol,hi,TRAIN,88333,480.07,0.37,-0.0531,0.96564,-129232.1,-702.35,0.901,-219896.9,1.572,-0.034,-0.551,576.3,0.01,4.82
NOTP_TRAIL1,ANY,SHORT,mkt_vol,hi,VALID,36789,413.36,0.34,-0.135,0.99994,-129821.9,-1458.67,0.768,-226852.1,1.308,-0.103,-0.577,564.0,0.011,4.48
NOTP_TRAIL1,ANY,SHORT,mkt_vol,hi,TEST,42825,465.49,0.363,-0.0731,0.99038,-94433.4,-1026.45,0.84,-127308.9,1.501,-0.049,-0.552,529.0,0.011,5.13
NOTP_TRAIL1,ANY,SHORT,mkt_vol,hi,HOLDOUT,29063,484.38,0.281,-0.2483,1.0,-224012.3,-3733.54,0.542,-227379.5,1.213,-0.205,-0.595,535.2,0.011,5.38
NOTP_TRAIL1.5,ANY,SHORT,mkt_vol,hi,TRAIN,88333,480.07,0.386,-0.0258,0.71522,-49854.2,-270.95,0.969,-267478.2,1.572,-0.016,-0.71,833.0,0.007,3.39
NOTP_TRAIL1.5,ANY,SHORT,mkt_vol,hi,VALID,36789,413.36,0.363,-0.1301,0.99253,-125734.9,-1412.75,0.819,-272676.6,1.308,-0.099,-0.738,812.4,0.008,3.18
NOTP_TRAIL1.5,ANY,SHORT,mkt_vol,hi,TEST,42825,465.49,0.398,-0.0255,0.72331,-31892.0,-346.65,0.956,-127556.2,1.501,-0.017,-0.708,804.6,0.008,3.52
NOTP_TRAIL1.5,ANY,SHORT,mkt_vol,hi,HOLDOUT,29063,484.38,0.306,-0.2921,1.0,-272445.6,-4540.76,0.562,-275901.6,1.213,-0.241,-0.776,778.0,0.008,3.63
TIME15m,ANY,SHORT,mkt_vol,hi,TRAIN,88333,480.07,0.4,-0.0409,1.0,-100900.3,-548.37,0.652,-101036.6,1.572,-0.026,-0.148,15.0,0.308,147.82
TIME15m,ANY,SHORT,mkt_vol,hi,VALID,36789,413.36,0.394,-0.044,1.0,-44148.8,-496.05,0.626,-44676.3,1.308,-0.034,-0.146,15.0,0.311,128.57
TIME15m,ANY,SHORT,mkt_vol,hi,TEST,42825,465.49,0.394,-0.0408,1.0,-42471.1,-461.64,0.67,-42611.0,1.501,-0.027,-0.14,15.0,0.312,145.38
TIME15m,ANY,SHORT,mkt_vol,hi,HOLDOUT,29063,484.38,0.382,-0.0476,1.0,-35247.2,-587.45,0.625,-35247.2,1.213,-0.039,-0.144,15.0,0.321,155.68
TIME30m,ANY,SHORT,mkt_vol,hi,TRAIN,88333,480.07,0.424,-0.0419,1.0,-109292.1,-593.98,0.715,-109730.9,1.572,-0.027,-0.208,29.8,0.174,83.57
TIME30m,ANY,SHORT,mkt_vol,hi,VALID,36789,413.36,0.416,-0.0486,1.0,-48335.0,-543.09,0.689,-49312.8,1.308,-0.037,-0.207,29.9,0.174,71.75
TIME30m,ANY,SHORT,mkt_vol,hi,TEST,42825,465.49,0.425,-0.0382,1.0,-39520.3,-429.57,0.76,-39669.7,1.501,-0.025,-0.196,29.9,0.173,80.41
TIME30m,ANY,SHORT,mkt_vol,hi,HOLDOUT,29063,484.38,0.4,-0.0622,1.0,-48125.3,-802.09,0.63,-48127.1,1.213,-0.051,-0.21,29.9,0.173,83.58
TIME1h,ANY,SHORT,mkt_vol,hi,TRAIN,88333,480.07,0.449,-0.0404,1.0,-114857.3,-624.22,0.773,-116483.8,1.572,-0.026,-0.287,59.2,0.092,44.3
TIME1h,ANY,SHORT,mkt_vol,hi,VALID,36789,413.36,0.448,-0.0509,1.0,-46085.6,-517.82,0.775,-50761.3,1.308,-0.039,-0.288,59.4,0.091,37.57
TIME1h,ANY,SHORT,mkt_vol,hi,TEST,42825,465.49,0.453,-0.0345,0.99968,-36902.9,-401.12,0.835,-37476.6,1.501,-0.023,-0.275,59.2,0.09,41.9
TIME1h,ANY,SHORT,mkt_vol,hi,HOLDOUT,29063,484.38,0.413,-0.0761,1.0,-61699.1,-1028.32,0.65,-61708.3,1.213,-0.063,-0.298,59.1,0.09,43.52
TIME2h,ANY,SHORT,mkt_vol,hi,TRAIN,88333,480.07,0.468,-0.034,0.99432,-104330.5,-567.01,0.846,-110266.3,1.572,-0.022,-0.387,115.4,0.049,23.38
TIME2h,ANY,SHORT,mkt_vol,hi,VALID,36789,413.36,0.456,-0.0644,0.99995,-58008.4,-651.78,0.79,-70739.6,1.308,-0.049,-0.394,116.0,0.048,19.74
TIME2h,ANY,SHORT,mkt_vol,hi,TEST,42825,465.49,0.46,-0.0411,0.99184,-45833.4,-498.19,0.854,-49071.4,1.501,-0.027,-0.382,115.4,0.047,22.07
TIME2h,ANY,SHORT,mkt_vol,hi,HOLDOUT,29063,484.38,0.43,-0.0927,1.0,-74679.6,-1244.66,0.682,-76107.2,1.213,-0.076,-0.405,115.1,0.047,22.9
TIME4h,ANY,SHORT,mkt_vol,hi,TRAIN,88333,480.07,0.479,-0.0283,0.9193,-97031.3,-527.34,0.893,-112233.7,1.572,-0.018,-0.502,216.8,0.027,12.79
TIME4h,ANY,SHORT,mkt_vol,hi,VALID,36789,413.36,0.464,-0.0712,0.99672,-61999.1,-696.62,0.834,-94072.6,1.308,-0.054,-0.519,218.7,0.026,10.84
TIME4h,ANY,SHORT,mkt_vol,hi,TEST,42825,465.49,0.472,-0.0504,0.97841,-54803.0,-595.68,0.87,-71957.6,1.501,-0.034,-0.512,216.0,0.026,12.23
TIME4h,ANY,SHORT,mkt_vol,hi,HOLDOUT,29063,484.38,0.436,-0.1201,1.0,-101978.2,-1699.64,0.681,-105311.6,1.213,-0.099,-0.534,216.4,0.026,12.4
SIG_OFF,ANY,SHORT,mkt_vol,hi,TRAIN,88333,480.07,0.39,-0.0326,0.99652,-67835.1,-368.67,0.817,-85143.8,1.572,-0.021,-0.191,63.4,0.093,44.83
SIG_OFF,ANY,SHORT,mkt_vol,hi,VALID,36789,413.36,0.385,-0.0495,1.0,-51141.5,-574.62,0.665,-52200.5,1.308,-0.038,-0.191,65.5,0.102,42.33
SIG_OFF,ANY,SHORT,mkt_vol,hi,TEST,42825,465.49,0.385,-0.0409,1.0,-40938.9,-444.99,0.759,-41246.2,1.501,-0.027,-0.186,66.3,0.087,40.72
SIG_OFF,ANY,SHORT,mkt_vol,hi,HOLDOUT,29063,484.38,0.372,-0.0645,1.0,-51714.4,-861.91,0.592,-51981.3,1.213,-0.053,-0.19,60.9,0.097,46.78
MOM_OFF,ANY,SHORT,mkt_vol,hi,TRAIN,88333,480.07,0.336,-0.035,0.99967,-91431.7,-496.91,0.783,-91562.9,1.572,-0.022,-0.202,49.1,0.141,67.89
MOM_OFF,ANY,SHORT,mkt_vol,hi,VALID,36789,413.36,0.328,-0.0594,1.0,-63695.6,-715.68,0.626,-64343.8,1.308,-0.045,-0.2,46.3,0.142,58.72
MOM_OFF,ANY,SHORT,mkt_vol,hi,TEST,42825,465.49,0.324,-0.0476,1.0,-54298.4,-590.2,0.713,-54552.4,1.501,-0.032,-0.194,48.3,0.136,63.32
MOM_OFF,ANY,SHORT,mkt_vol,hi,HOLDOUT,29063,484.38,0.306,-0.0774,1.0,-63860.3,-1064.34,0.536,-63945.4,1.213,-0.064,-0.196,42.0,0.15,72.63
FIXED,ANY,SHORT,mkt_funding,neg,TRAIN,13877,75.42,0.37,-0.2028,0.99876,-83691.4,-454.84,0.731,-94085.5,1.354,-0.15,-0.832,731.0,0.014,1.09
FIXED,ANY,SHORT,mkt_funding,neg,VALID,15103,169.7,0.409,-0.1069,0.92924,-105606.6,-1186.59,0.675,-110647.9,1.4,-0.076,-0.819,722.2,0.013,2.19
FIXED,ANY,SHORT,mkt_funding,neg,TEST,121,1.32,0.347,-0.3181,1.0,-1968.8,-21.4,0.364,-2497.8,0.607,-0.524,-0.816,1074.8,0.033,0.04
TRAIL_A0.5_D0.5,ANY,SHORT,mkt_funding,neg,TRAIN,13877,75.42,0.511,-0.15,0.99746,-62445.8,-339.38,0.702,-72872.9,1.354,-0.111,-0.627,422.2,0.021,1.59
TRAIL_A0.5_D0.5,ANY,SHORT,mkt_funding,neg,VALID,15103,169.7,0.523,-0.1159,0.99161,-77065.3,-865.9,0.646,-87695.3,1.4,-0.083,-0.61,426.8,0.021,3.51
TRAIL_A0.5_D0.5,ANY,SHORT,mkt_funding,neg,TEST,121,1.32,0.388,-0.3302,1.0,-1998.8,-21.73,0.299,-2003.8,0.607,-0.544,-0.773,918.8,0.033,0.04
TRAIL_A0.5_D1,ANY,SHORT,mkt_funding,neg,TRAIN,13877,75.42,0.326,-0.195,0.99931,-79329.2,-431.14,0.687,-87738.3,1.354,-0.144,-0.674,559.0,0.017,1.26
TRAIL_A0.5_D1,ANY,SHORT,mkt_funding,neg,VALID,15103,169.7,0.375,-0.1005,0.95061,-85166.4,-956.93,0.669,-86814.6,1.4,-0.072,-0.655,564.6,0.016,2.66
TRAIL_A0.5_D1,ANY,SHORT,mkt_funding,neg,TEST,121,1.32,0.331,-0.3228,1.0,-2009.9,-21.85,0.335,-2489.8,0.607,-0.532,-0.779,1040.1,0.033,0.04
TRAIL_A1_D0.5,ANY,SHORT,mkt_funding,neg,TRAIN,13877,75.42,0.438,-0.1867,0.99811,-76756.7,-417.16,0.73,-89091.1,1.354,-0.138,-0.779,616.0,0.016,1.2
TRAIL_A1_D0.5,ANY,SHORT,mkt_funding,neg,VALID,15103,169.7,0.489,-0.0961,0.9302,-81208.0,-912.45,0.715,-89614.0,1.4,-0.069,-0.749,608.4,0.014,2.42
TRAIL_A1_D0.5,ANY,SHORT,mkt_funding,neg,TEST,121,1.32,0.355,-0.3303,1.0,-2076.8,-22.57,0.328,-2243.0,0.607,-0.544,-0.816,1042.6,0.033,0.04
TRAIL_A1_D1,ANY,SHORT,mkt_funding,neg,TRAIN,13877,75.42,0.401,-0.2034,0.99909,-84051.0,-456.8,0.705,-94212.4,1.354,-0.15,-0.78,657.4,0.015,1.14
TRAIL_A1_D1,ANY,SHORT,mkt_funding,neg,VALID,15103,169.7,0.448,-0.096,0.91874,-88586.6,-995.36,0.691,-90844.9,1.4,-0.069,-0.751,653.9,0.014,2.3
TRAIL_A1_D1,ANY,SHORT,mkt_funding,neg,TEST,121,1.32,0.355,-0.3239,1.0,-2002.6,-21.77,0.352,-2493.3,0.607,-0.534,-0.816,1064.8,0.033,0.04
BE0.5_TRAIL,ANY,SHORT,mkt_funding,neg,TRAIN,13877,75.42,0.281,-0.176,0.99851,-73659.1,-400.32,0.658,-81665.2,1.354,-0.13,-0.631,488.6,0.019,1.4
BE0.5_TRAIL,ANY,SHORT,mkt_funding,neg,VALID,15103,169.7,0.316,-0.1458,0.99815,-97389.1,-1094.26,0.565,-98025.7,1.4,-0.104,-0.614,498.2,0.017,2.91
BE0.5_TRAIL,ANY,SHORT,mkt_funding,neg,TEST,121,1.32,0.248,-0.2853,1.0,-1764.2,-19.18,0.386,-2431.7,0.607,-0.47,-0.773,986.5,0.033,0.04
BE1_TRAIL,ANY,SHORT,mkt_funding,neg,TRAIN,13877,75.42,0.309,-0.2267,0.99941,-93989.1,-510.81,0.673,-105401.2,1.354,-0.167,-0.782,699.5,0.014,1.08
BE1_TRAIL,ANY,SHORT,mkt_funding,neg,VALID,15103,169.7,0.35,-0.1486,0.98638,-114943.8,-1291.5,0.602,-115511.7,1.4,-0.106,-0.753,705.0,0.013,2.16
BE1_TRAIL,ANY,SHORT,mkt_funding,neg,TEST,121,1.32,0.331,-0.2951,1.0,-1837.9,-19.98,0.406,-2619.9,0.607,-0.486,-0.816,1072.3,0.033,0.04
ATR_TRAIL2,ANY,SHORT,mkt_funding,neg,TRAIN,13877,75.42,0.274,-0.1213,0.99972,-52109.9,-283.21,0.586,-52390.1,1.354,-0.09,-0.309,121.8,0.049,3.7
ATR_TRAIL2,ANY,SHORT,mkt_funding,neg,VALID,15103,169.7,0.278,-0.1341,1.0,-55615.5,-624.89,0.541,-56555.0,1.4,-0.096,-0.3,125.3,0.045,7.66
ATR_TRAIL2,ANY,SHORT,mkt_funding,neg,TEST,121,1.32,0.058,-0.3044,1.0,-1662.7,-18.07,0.083,-1737.1,0.607,-0.501,-0.346,118.7,0.058,0.08
ATR_TRAIL3,ANY,SHORT,mkt_funding,neg,TRAIN,13877,75.42,0.28,-0.1645,0.99978,-69074.4,-375.4,0.59,-69904.1,1.354,-0.122,-0.426,239.0,0.029,2.18
ATR_TRAIL3,ANY,SHORT,mkt_funding,neg,VALID,15103,169.7,0.294,-0.1581,1.0,-75522.0,-848.56,0.528,-75543.9,1.4,-0.113,-0.407,250.4,0.026,4.48
ATR_TRAIL3,ANY,SHORT,mkt_funding,neg,TEST,121,1.32,0.066,-0.4058,1.0,-2305.5,-25.06,0.068,-2380.6,0.607,-0.669,-0.462,205.2,0.041,0.05
ATR_TRAIL4,ANY,SHORT,mkt_funding,neg,TRAIN,13877,75.42,0.278,-0.2153,0.99996,-86427.8,-469.72,0.584,-90233.3,1.354,-0.159,-0.534,373.4,0.02,1.53
ATR_TRAIL4,ANY,SHORT,mkt_funding,neg,VALID,15103,169.7,0.294,-0.1702,0.99996,-94652.9,-1063.52,0.524,-94669.6,1.4,-0.122,-0.509,395.9,0.019,3.18
ATR_TRAIL4,ANY,SHORT,mkt_funding,neg,TEST,121,1.32,0.14,-0.3791,1.0,-2213.5,-24.06,0.155,-2540.1,0.607,-0.625,-0.544,378.2,0.033,0.04
MFE_LOCK0.3,ANY,SHORT,mkt_funding,neg,TRAIN,13877,75.42,0.438,-0.1816,0.99681,-73393.8,-398.88,0.742,-84013.0,1.354,-0.134,-0.779,613.9,0.016,1.2
MFE_LOCK0.3,ANY,SHORT,mkt_funding,neg,VALID,15103,169.7,0.489,-0.1154,0.96711,-86674.7,-973.87,0.696,-94681.6,1.4,-0.082,-0.749,602.3,0.014,2.44
MFE_LOCK0.3,ANY,SHORT,mkt_funding,neg,TEST,121,1.32,0.355,-0.3185,1.0,-2005.7,-21.8,0.351,-2171.9,0.607,-0.525,-0.816,1035.0,0.033,0.04
MFE_LOCK0.5,ANY,SHORT,mkt_funding,neg,TRAIN,13877,75.42,0.438,-0.2259,0.99986,-94937.5,-515.96,0.666,-108671.1,1.354,-0.167,-0.779,661.3,0.015,1.1
MFE_LOCK0.5,ANY,SHORT,mkt_funding,neg,VALID,15103,169.7,0.488,-0.1422,0.98671,-101722.4,-1142.95,0.644,-105437.9,1.4,-0.102,-0.75,669.1,0.013,2.16
MFE_LOCK0.5,ANY,SHORT,mkt_funding,neg,TEST,121,1.32,0.355,-0.3108,1.0,-1821.2,-19.8,0.41,-2520.9,0.607,-0.512,-0.816,1070.6,0.033,0.04
NOTP_TRAIL0.5,ANY,SHORT,mkt_funding,neg,TRAIN,13877,75.42,0.277,-0.1251,0.99988,-53559.6,-291.08,0.6,-54533.6,1.354,-0.092,-0.322,159.4,0.043,3.26
NOTP_TRAIL0.5,ANY,SHORT,mkt_funding,neg,VALID,15103,169.7,0.277,-0.1342,1.0,-59593.2,-669.59,0.56,-62515.1,1.4,-0.096,-0.32,164.5,0.039,6.66
NOTP_TRAIL0.5,ANY,SHORT,mkt_funding,neg,TEST,121,1.32,0.099,-0.349,1.0,-1936.5,-21.05,0.107,-2085.0,0.607,-0.575,-0.412,218.3,0.058,0.08
NOTP_TRAIL1,ANY,SHORT,mkt_funding,neg,TRAIN,13877,75.42,0.292,-0.2206,0.99991,-91406.1,-496.77,0.617,-99877.5,1.354,-0.163,-0.601,522.8,0.017,1.26
NOTP_TRAIL1,ANY,SHORT,mkt_funding,neg,VALID,15103,169.7,0.343,-0.1364,0.99331,-96438.3,-1083.58,0.597,-96759.4,1.4,-0.097,-0.584,543.7,0.017,2.83
NOTP_TRAIL1,ANY,SHORT,mkt_funding,neg,TEST,121,1.32,0.298,-0.3383,1.0,-2125.0,-23.1,0.28,-2667.1,0.607,-0.558,-0.722,935.6,0.033,0.04
NOTP_TRAIL1.5,ANY,SHORT,mkt_funding,neg,TRAIN,13877,75.42,0.312,-0.2882,1.0,-120477.0,-654.77,0.592,-134747.9,1.354,-0.213,-0.768,762.9,0.013,1.01
NOTP_TRAIL1.5,ANY,SHORT,mkt_funding,neg,VALID,15103,169.7,0.343,-0.1582,0.97826,-127936.7,-1437.49,0.574,-128377.5,1.4,-0.113,-0.746,775.1,0.012,1.99
NOTP_TRAIL1.5,ANY,SHORT,mkt_funding,neg,TEST,121,1.32,0.347,-0.301,1.0,-1804.8,-19.62,0.415,-2618.6,0.607,-0.496,-0.813,1085.7,0.033,0.04
TIME15m,ANY,SHORT,mkt_funding,neg,TRAIN,13877,75.42,0.391,-0.0456,1.0,-19391.2,-105.39,0.597,-19506.6,1.354,-0.034,-0.153,15.0,0.315,23.76
TIME15m,ANY,SHORT,mkt_funding,neg,VALID,15103,169.7,0.386,-0.0441,1.0,-16357.4,-183.79,0.641,-16511.5,1.4,-0.032,-0.141,15.0,0.304,51.55
TIME15m,ANY,SHORT,mkt_funding,neg,TEST,121,1.32,0.273,-0.05,1.0,-211.6,-2.3,0.509,-220.1,0.607,-0.082,-0.101,15,0.479,0.63
TIME30m,ANY,SHORT,mkt_funding,neg,TRAIN,13877,75.42,0.419,-0.0463,0.99949,-19205.6,-104.38,0.695,-19612.6,1.354,-0.034,-0.213,29.8,0.182,13.69
TIME30m,ANY,SHORT,mkt_funding,neg,VALID,15103,169.7,0.403,-0.0517,0.99999,-22093.2,-248.24,0.645,-22124.5,1.4,-0.037,-0.205,29.9,0.172,29.26
TIME30m,ANY,SHORT,mkt_funding,neg,TEST,121,1.32,0.306,-0.0544,1.0,-196.4,-2.13,0.588,-246.6,0.607,-0.09,-0.142,30,0.264,0.35
TIME1h,ANY,SHORT,mkt_funding,neg,TRAIN,13877,75.42,0.408,-0.0678,0.99925,-29155.9,-158.46,0.672,-29902.1,1.354,-0.05,-0.299,59.1,0.098,7.36
TIME1h,ANY,SHORT,mkt_funding,neg,VALID,15103,169.7,0.405,-0.0623,0.9999,-26286.3,-295.35,0.692,-29097.2,1.4,-0.045,-0.286,59.2,0.092,15.61
TIME1h,ANY,SHORT,mkt_funding,neg,TEST,121,1.32,0.19,-0.1493,1.0,-720.1,-7.83,0.238,-720.1,0.607,-0.246,-0.241,59.9,0.132,0.17
TIME2h,ANY,SHORT,mkt_funding,neg,TRAIN,13877,75.42,0.423,-0.0845,0.9952,-34912.8,-189.74,0.705,-35382.9,1.354,-0.062,-0.41,115.1,0.053,3.98
TIME2h,ANY,SHORT,mkt_funding,neg,VALID,15103,169.7,0.433,-0.0747,0.99863,-33366.2,-374.9,0.695,-39026.5,1.4,-0.053,-0.391,115.6,0.049,8.26
TIME2h,ANY,SHORT,mkt_funding,neg,TEST,121,1.32,0.157,-0.2762,1.0,-1595.2,-17.34,0.096,-1595.2,0.607,-0.455,-0.409,118.7,0.066,0.09
TIME4h,ANY,SHORT,mkt_funding,neg,TRAIN,13877,75.42,0.413,-0.1273,0.99416,-50637.6,-275.2,0.691,-52568.9,1.354,-0.094,-0.541,215.1,0.029,2.22
TIME4h,ANY,SHORT,mkt_funding,neg,VALID,15103,169.7,0.428,-0.0958,0.9909,-45915.8,-515.91,0.702,-57483.3,1.4,-0.068,-0.517,218.2,0.027,4.57
TIME4h,ANY,SHORT,mkt_funding,neg,TEST,121,1.32,0.157,-0.3416,1.0,-1875.5,-20.39,0.109,-1877.3,0.607,-0.563,-0.55,233.1,0.033,0.04
SIG_OFF,ANY,SHORT,mkt_funding,neg,TRAIN,13877,75.42,0.378,-0.0584,1.0,-23462.9,-127.52,0.606,-24410.5,1.354,-0.043,-0.184,43.2,0.153,11.54
SIG_OFF,ANY,SHORT,mkt_funding,neg,VALID,15103,169.7,0.373,-0.0518,1.0,-20486.7,-230.19,0.636,-20559.0,1.4,-0.037,-0.173,49.5,0.134,22.75
SIG_OFF,ANY,SHORT,mkt_funding,neg,TEST,121,1.32,0.24,-0.1107,1.0,-480.8,-5.23,0.441,-680.8,0.607,-0.182,-0.211,108.0,0.107,0.14
MOM_OFF,ANY,SHORT,mkt_funding,neg,TRAIN,13877,75.42,0.299,-0.069,0.99987,-29547.0,-160.58,0.588,-29728.1,1.354,-0.051,-0.206,44.8,0.15,11.34
MOM_OFF,ANY,SHORT,mkt_funding,neg,VALID,15103,169.7,0.298,-0.0699,0.99999,-34436.9,-386.93,0.524,-34447.5,1.4,-0.05,-0.205,46.5,0.142,24.07
MOM_OFF,ANY,SHORT,mkt_funding,neg,TEST,121,1.32,0.223,-0.0819,1.0,-350.3,-3.81,0.347,-364.6,0.607,-0.135,-0.133,31.0,0.24,0.32
FIXED,ANY,LONG,mkt_funding,neg,TRAIN,14121,76.74,0.45,-0.0245,0.64013,-4916.3,-26.72,0.982,-56465.4,1.522,-0.016,-0.786,758.5,0.014,1.09
FIXED,ANY,LONG,mkt_funding,neg,VALID,15508,174.25,0.476,0.0363,0.32037,62125.4,698.04,1.241,-27791.8,1.652,0.022,-0.759,729.9,0.013,2.27
FIXED,ANY,LONG,mkt_funding,neg,TEST,150,1.63,0.467,0.0526,1.0,177.7,1.93,1.074,-1321.7,0.983,0.054,-0.583,1186.8,0.027,0.04
TRAIL_A0.5_D0.5,ANY,LONG,mkt_funding,neg,TRAIN,14121,76.74,0.576,-0.0426,0.84612,-20162.5,-109.58,0.887,-38227.4,1.522,-0.028,-0.582,429.7,0.022,1.7
TRAIL_A0.5_D0.5,ANY,LONG,mkt_funding,neg,VALID,15508,174.25,0.584,-0.0058,0.54443,33535.3,376.8,1.197,-22689.6,1.652,-0.003,-0.571,429.8,0.019,3.35
TRAIL_A0.5_D0.5,ANY,LONG,mkt_funding,neg,TEST,150,1.63,0.667,0.1149,1.0,897.4,9.75,1.924,-476.5,0.983,0.117,-0.387,667.2,0.027,0.04
TRAIL_A0.5_D1,ANY,LONG,mkt_funding,neg,TRAIN,14121,76.74,0.407,-0.0297,0.69946,-11561.4,-62.83,0.947,-53307.7,1.522,-0.02,-0.623,578.5,0.017,1.3
TRAIL_A0.5_D1,ANY,LONG,mkt_funding,neg,VALID,15508,174.25,0.438,0.0277,0.34052,55838.4,627.4,1.27,-23983.0,1.652,0.017,-0.613,579.4,0.015,2.62
TRAIL_A0.5_D1,ANY,LONG,mkt_funding,neg,TEST,150,1.63,0.447,0.0422,1.0,361.6,3.93,1.207,-923.8,0.983,0.043,-0.457,921.6,0.027,0.04
TRAIL_A1_D0.5,ANY,LONG,mkt_funding,neg,TRAIN,14121,76.74,0.529,-0.0261,0.67696,-8966.9,-48.73,0.964,-50082.6,1.522,-0.017,-0.723,632.9,0.017,1.29
TRAIL_A1_D0.5,ANY,LONG,mkt_funding,neg,VALID,15508,174.25,0.542,0.0196,0.38628,54024.3,607.02,1.233,-24707.0,1.652,0.012,-0.703,611.5,0.015,2.61
TRAIL_A1_D0.5,ANY,LONG,mkt_funding,neg,TEST,150,1.63,0.54,0.1049,1.0,689.2,7.49,1.331,-895.7,0.983,0.107,-0.544,1053.7,0.027,0.04
TRAIL_A1_D1,ANY,LONG,mkt_funding,neg,TRAIN,14121,76.74,0.49,-0.0236,0.64534,-7076.8,-38.46,0.972,-56841.4,1.522,-0.015,-0.725,680.5,0.016,1.2
TRAIL_A1_D1,ANY,LONG,mkt_funding,neg,VALID,15508,174.25,0.508,0.03,0.34093,59583.6,669.48,1.257,-25253.9,1.652,0.018,-0.705,661.1,0.014,2.42
TRAIL_A1_D1,ANY,LONG,mkt_funding,neg,TEST,150,1.63,0.52,0.0811,1.0,444.5,4.83,1.213,-999.3,0.983,0.083,-0.544,1102.9,0.027,0.04
BE0.5_TRAIL,ANY,LONG,mkt_funding,neg,TRAIN,14121,76.74,0.353,-0.0228,0.66695,-5563.8,-30.24,0.97,-41618.9,1.522,-0.015,-0.586,505.5,0.02,1.52
BE0.5_TRAIL,ANY,LONG,mkt_funding,neg,VALID,15508,174.25,0.384,0.0159,0.40231,48179.4,541.34,1.276,-23101.2,1.652,0.01,-0.575,518.6,0.016,2.87
BE0.5_TRAIL,ANY,LONG,mkt_funding,neg,TEST,150,1.63,0.327,0.026,1.0,217.4,2.36,1.205,-359.8,0.983,0.026,-0.396,748.3,0.027,0.04
BE1_TRAIL,ANY,LONG,mkt_funding,neg,TRAIN,14121,76.74,0.388,-0.0155,0.58378,3579.7,19.45,1.014,-59354.6,1.522,-0.01,-0.727,728.5,0.015,1.17
BE1_TRAIL,ANY,LONG,mkt_funding,neg,VALID,15508,174.25,0.426,0.0294,0.35703,61779.5,694.15,1.264,-25415.2,1.652,0.018,-0.706,720.3,0.013,2.3
BE1_TRAIL,ANY,LONG,mkt_funding,neg,TEST,150,1.63,0.427,0.0118,1.0,-38.3,-0.42,0.982,-980.6,0.983,0.012,-0.549,1119.9,0.027,0.04
ATR_TRAIL2,ANY,LONG,mkt_funding,neg,TRAIN,14121,76.74,0.307,-0.0898,0.99974,-32370.5,-175.93,0.725,-38350.6,1.522,-0.059,-0.295,131.6,0.053,4.09
ATR_TRAIL2,ANY,LONG,mkt_funding,neg,VALID,15508,174.25,0.337,-0.0523,0.95071,-12043.4,-135.32,0.897,-22020.1,1.652,-0.032,-0.29,139.2,0.047,8.27
ATR_TRAIL2,ANY,LONG,mkt_funding,neg,TEST,150,1.63,0.567,0.1176,1.0,584.5,6.35,1.795,-247.2,0.983,0.12,-0.157,220.3,0.027,0.04
ATR_TRAIL3,ANY,LONG,mkt_funding,neg,TRAIN,14121,76.74,0.327,-0.0936,0.99106,-38009.5,-206.57,0.753,-46793.2,1.522,-0.062,-0.403,252.2,0.031,2.35
ATR_TRAIL3,ANY,LONG,mkt_funding,neg,VALID,15508,174.25,0.365,-0.0203,0.65155,7183.3,80.71,1.048,-24239.6,1.652,-0.012,-0.394,270.7,0.027,4.7
ATR_TRAIL3,ANY,LONG,mkt_funding,neg,TEST,150,1.63,0.573,0.0781,1.0,340.5,3.7,1.395,-514.2,0.983,0.079,-0.203,351.8,0.027,0.04
ATR_TRAIL4,ANY,LONG,mkt_funding,neg,TRAIN,14121,76.74,0.334,-0.0872,0.94498,-32441.6,-176.31,0.822,-61050.0,1.522,-0.057,-0.498,404.3,0.021,1.61
ATR_TRAIL4,ANY,LONG,mkt_funding,neg,VALID,15508,174.25,0.391,0.0137,0.41519,38068.1,427.73,1.221,-23176.6,1.652,0.008,-0.485,437.6,0.018,3.21
ATR_TRAIL4,ANY,LONG,mkt_funding,neg,TEST,150,1.63,0.473,0.0126,1.0,-90.6,-0.98,0.917,-561.4,0.983,0.013,-0.26,460.7,0.027,0.04
MFE_LOCK0.3,ANY,LONG,mkt_funding,neg,TRAIN,14121,76.74,0.529,-0.0118,0.57932,-311.4,-1.69,0.999,-45447.7,1.522,-0.008,-0.723,630.4,0.017,1.33
MFE_LOCK0.3,ANY,LONG,mkt_funding,neg,VALID,15508,174.25,0.542,0.0081,0.45091,46554.3,523.08,1.201,-25080.0,1.652,0.005,-0.704,610.0,0.015,2.67
MFE_LOCK0.3,ANY,LONG,mkt_funding,neg,TEST,150,1.63,0.54,0.1098,1.0,755.3,8.21,1.363,-769.7,0.983,0.112,-0.544,1044.9,0.027,0.04
MFE_LOCK0.5,ANY,LONG,mkt_funding,neg,TRAIN,14121,76.74,0.529,-0.0072,0.53877,7065.5,38.4,1.028,-52622.6,1.522,-0.005,-0.724,699.5,0.016,1.23
MFE_LOCK0.5,ANY,LONG,mkt_funding,neg,VALID,15508,174.25,0.542,0.0023,0.48706,47432.4,532.95,1.205,-25929.3,1.652,0.001,-0.704,701.4,0.014,2.36
MFE_LOCK0.5,ANY,LONG,mkt_funding,neg,TEST,150,1.63,0.54,0.0311,1.0,239.6,2.6,1.115,-855.9,0.983,0.032,-0.544,1068.2,0.027,0.04
NOTP_TRAIL0.5,ANY,LONG,mkt_funding,neg,TRAIN,14121,76.74,0.301,-0.1014,1.0,-40170.8,-218.32,0.684,-40357.1,1.522,-0.067,-0.31,174.4,0.047,3.62
NOTP_TRAIL0.5,ANY,LONG,mkt_funding,neg,VALID,15508,174.25,0.34,-0.0422,0.90241,4668.4,52.45,1.038,-21244.1,1.652,-0.026,-0.302,187.3,0.042,7.25
NOTP_TRAIL0.5,ANY,LONG,mkt_funding,neg,TEST,150,1.63,0.48,0.0601,1.0,184.9,2.01,1.189,-416.7,0.983,0.061,-0.221,351.4,0.033,0.05
NOTP_TRAIL1,ANY,LONG,mkt_funding,neg,TRAIN,14121,76.74,0.369,-0.0371,0.72233,-6660.9,-36.2,0.968,-56172.5,1.522,-0.024,-0.559,556.5,0.018,1.38
NOTP_TRAIL1,ANY,LONG,mkt_funding,neg,VALID,15508,174.25,0.405,0.0145,0.41661,49569.5,556.96,1.253,-24763.7,1.652,0.009,-0.547,583.3,0.015,2.58
NOTP_TRAIL1,ANY,LONG,mkt_funding,neg,TEST,150,1.63,0.42,-0.0648,1.0,-464.0,-5.04,0.765,-1368.6,0.983,-0.066,-0.414,819.6,0.027,0.04
NOTP_TRAIL1.5,ANY,LONG,mkt_funding,neg,TRAIN,14121,76.74,0.387,-0.0249,0.61344,11717.1,63.68,1.045,-60691.2,1.522,-0.016,-0.714,812.1,0.014,1.05
NOTP_TRAIL1.5,ANY,LONG,mkt_funding,neg,VALID,15508,174.25,0.422,0.0127,0.43934,53898.2,605.6,1.223,-29968.0,1.652,0.008,-0.698,828.5,0.012,2.09
NOTP_TRAIL1.5,ANY,LONG,mkt_funding,neg,TEST,150,1.63,0.42,-0.0485,1.0,-411.3,-4.47,0.82,-1572.9,0.983,-0.049,-0.551,1166.1,0.027,0.04
TIME15m,ANY,LONG,mkt_funding,neg,TRAIN,14121,76.74,0.392,-0.0379,1.0,-13893.4,-75.51,0.694,-14837.2,1.522,-0.025,-0.147,15.0,0.313,24.03
TIME15m,ANY,LONG,mkt_funding,neg,VALID,15508,174.25,0.374,-0.051,1.0,-19541.2,-219.56,0.611,-19903.3,1.652,-0.031,-0.15,15.0,0.304,52.89
TIME15m,ANY,LONG,mkt_funding,neg,TEST,150,1.63,0.62,0.0746,1.0,310.4,3.37,1.965,-129.9,0.983,0.076,-0.081,15.0,0.327,0.53
TIME30m,ANY,LONG,mkt_funding,neg,TRAIN,14121,76.74,0.416,-0.0313,0.9983,-10506.3,-57.1,0.816,-13579.5,1.522,-0.021,-0.201,29.9,0.178,13.7
TIME30m,ANY,LONG,mkt_funding,neg,VALID,15508,174.25,0.413,-0.0431,0.99999,-14171.0,-159.22,0.777,-19046.0,1.652,-0.026,-0.206,29.8,0.17,29.61
TIME30m,ANY,LONG,mkt_funding,neg,TEST,150,1.63,0.687,0.1063,1.0,563.7,6.13,2.918,-59.1,0.983,0.108,-0.095,29.9,0.193,0.32
TIME1h,ANY,LONG,mkt_funding,neg,TRAIN,14121,76.74,0.444,-0.0256,0.95367,-8068.8,-43.85,0.891,-13851.9,1.522,-0.017,-0.274,59.3,0.096,7.37
TIME1h,ANY,LONG,mkt_funding,neg,VALID,15508,174.25,0.448,-0.0271,0.95719,-6722.5,-75.53,0.914,-12083.8,1.652,-0.016,-0.278,59.2,0.09,15.62
TIME1h,ANY,LONG,mkt_funding,neg,TEST,150,1.63,0.707,0.1011,1.0,451.9,4.91,2.086,-158.6,0.983,0.103,-0.116,59.7,0.107,0.17
TIME2h,ANY,LONG,mkt_funding,neg,TRAIN,14121,76.74,0.461,-0.0185,0.7581,-8068.5,-43.85,0.92,-19199.8,1.522,-0.012,-0.377,116.2,0.052,3.99
TIME2h,ANY,LONG,mkt_funding,neg,VALID,15508,174.25,0.467,-0.0121,0.66658,-3162.3,-35.53,0.97,-16426.9,1.652,-0.007,-0.374,115.9,0.047,8.19
TIME2h,ANY,LONG,mkt_funding,neg,TEST,150,1.63,0.633,0.0906,1.0,454.6,4.94,1.77,-154.9,0.983,0.092,-0.161,119.3,0.053,0.09
TIME4h,ANY,LONG,mkt_funding,neg,TRAIN,14121,76.74,0.474,-0.0052,0.55034,-5258.6,-28.58,0.962,-26553.5,1.522,-0.003,-0.491,219.8,0.029,2.23
TIME4h,ANY,LONG,mkt_funding,neg,VALID,15508,174.25,0.504,0.0246,0.29898,21184.4,238.03,1.159,-23699.9,1.652,0.015,-0.484,218.3,0.026,4.51
TIME4h,ANY,LONG,mkt_funding,neg,TEST,150,1.63,0.767,0.2218,1.0,1237.0,13.45,3.85,-177.5,0.983,0.226,-0.203,237.9,0.027,0.04
SIG_OFF,ANY,LONG,mkt_funding,neg,TRAIN,14121,76.74,0.38,-0.0413,0.99939,-14024.1,-76.22,0.765,-20046.5,1.522,-0.027,-0.196,67.3,0.145,11.11
SIG_OFF,ANY,LONG,mkt_funding,neg,VALID,15508,174.25,0.376,-0.0327,0.98832,-6153.4,-69.14,0.897,-11670.0,1.652,-0.02,-0.186,69.2,0.132,23.08
SIG_OFF,ANY,LONG,mkt_funding,neg,TEST,150,1.63,0.64,0.0673,1.0,309.7,3.37,1.983,-119.5,0.983,0.068,-0.082,17.4,0.307,0.5
MOM_OFF,ANY,LONG,mkt_funding,neg,TRAIN,14121,76.74,0.333,-0.039,0.9921,-14087.8,-76.56,0.783,-20170.9,1.522,-0.026,-0.197,47.2,0.145,11.12
MOM_OFF,ANY,LONG,mkt_funding,neg,VALID,15508,174.25,0.323,-0.049,0.99905,-19873.7,-223.3,0.72,-23625.8,1.652,-0.03,-0.199,44.7,0.145,25.34
MOM_OFF,ANY,LONG,mkt_funding,neg,TEST,150,1.63,0.64,0.0636,1.0,300.3,3.26,1.742,-228.6,0.983,0.065,-0.097,57.6,0.187,0.3
