geometry,type,side,dim,value,period,n,per_day,win_rate,mean_r,p_pos,net_usdt,net_usdt_day,mfe_r,mae_r,max_dd_usdt,live_conv,live_per_day
G_WIDE,TREND_TRANS,SHORT,ALL,ALL,TRAIN,24712,134.3,0.452,-0.0248,0.7843,-11092.3,-60.28,0.954,-0.787,-39055.1,0.053,7.08
G_WIDE,TREND_TRANS,SHORT,ALL,ALL,VALID,12542,140.92,0.455,-0.0177,0.6678,-9640.4,-108.32,0.94,-0.772,-25280.8,0.05,7.09
G_WIDE,TREND_TRANS,SHORT,ALL,ALL,TEST,13482,146.54,0.425,-0.11,0.99805,-31731.2,-344.9,0.925,-0.804,-35240.2,0.053,7.7
G_WIDE,TREND_TRANS,SHORT,ALL,ALL,HOLDOUT,8831,147.18,0.397,-0.1948,1.0,-35526.4,-592.11,0.874,-0.815,-38933.8,0.052,7.7
G_WIDE,TREND_TRANS,SHORT,sym_funding,base,TRAIN,17281,93.92,0.45,-0.02,0.71966,-5737.7,-31.18,0.959,-0.788,-26285.9,0.075,7.07
G_WIDE,TREND_TRANS,SHORT,sym_funding,base,VALID,7828,87.96,0.462,0.0011,0.49029,-1656.6,-18.61,0.943,-0.768,-16329.9,0.082,7.17
G_WIDE,TREND_TRANS,SHORT,sym_funding,base,TEST,10049,109.23,0.425,-0.1117,0.99816,-21882.2,-237.85,0.925,-0.807,-25708.3,0.067,7.29
G_WIDE,TREND_TRANS,SHORT,sym_funding,base,HOLDOUT,3724,62.07,0.416,-0.1616,0.99937,-8615.5,-143.59,0.891,-0.806,-10285.8,0.065,4.03
G_WIDE,TREND_TRANS,SHORT,sym_oi,flat,TRAIN,21349,116.03,0.451,-0.0222,0.74507,-4298.6,-23.36,0.966,-0.788,-33462.0,0.059,6.89
G_WIDE,TREND_TRANS,SHORT,sym_oi,flat,VALID,11020,123.82,0.45,-0.0214,0.68893,-7940.1,-89.21,0.945,-0.777,-23240.6,0.057,7.0
G_WIDE,TREND_TRANS,SHORT,sym_oi,flat,TEST,12094,131.46,0.426,-0.1113,0.99769,-26303.2,-285.9,0.933,-0.807,-29916.9,0.06,7.84
G_WIDE,TREND_TRANS,SHORT,sym_oi,flat,HOLDOUT,7754,129.23,0.397,-0.1955,1.0,-29329.2,-488.82,0.883,-0.816,-33680.0,0.061,7.83
G_WIDE,ANY,SHORT,ALL,ALL,TRAIN,187521,1019.14,0.44,-0.0513,0.99188,-249414.6,-1355.51,0.938,-0.792,-355881.8,0.008,7.9
G_WIDE,ANY,SHORT,ALL,ALL,VALID,95252,1070.25,0.444,-0.0507,0.96268,-146698.2,-1648.29,0.925,-0.792,-267577.5,0.008,8.08
G_WIDE,ANY,SHORT,ALL,ALL,TEST,98897,1074.97,0.44,-0.0733,0.99738,-124613.6,-1354.5,0.943,-0.795,-173933.6,0.007,7.78
G_WIDE,ANY,SHORT,ALL,ALL,HOLDOUT,65379,1089.65,0.394,-0.1931,1.0,-324251.4,-5404.19,0.892,-0.83,-342199.0,0.008,8.4
G_WIDE,ANY,SHORT,sym_funding,base,TRAIN,127382,692.29,0.44,-0.0443,0.97264,-121897.2,-662.48,0.945,-0.791,-195135.7,0.011,7.88
G_WIDE,ANY,SHORT,sym_funding,base,VALID,56380,633.48,0.451,-0.0337,0.87422,-60874.6,-683.98,0.928,-0.788,-139178.0,0.012,7.73
G_WIDE,ANY,SHORT,sym_funding,base,TEST,70755,769.08,0.439,-0.0759,0.99784,-81752.8,-888.62,0.941,-0.799,-134848.0,0.01,7.84
G_WIDE,ANY,SHORT,sym_funding,base,HOLDOUT,26150,435.83,0.402,-0.1891,1.0,-109791.3,-1829.86,0.889,-0.833,-117421.5,0.01,4.33
G_WIDE,ANY,SHORT,sym_oi,flat,TRAIN,155052,842.67,0.438,-0.0508,0.98612,-136314.3,-740.84,0.951,-0.794,-236206.8,0.009,7.93
G_WIDE,ANY,SHORT,sym_oi,flat,VALID,79668,895.15,0.442,-0.0522,0.9557,-99871.7,-1122.15,0.935,-0.795,-208304.9,0.009,8.11
G_WIDE,ANY,SHORT,sym_oi,flat,TEST,84827,922.03,0.438,-0.0757,0.99685,-90665.1,-985.49,0.957,-0.799,-153138.8,0.009,8.08
G_WIDE,ANY,SHORT,sym_oi,flat,HOLDOUT,53439,890.65,0.394,-0.1958,1.0,-227546.9,-3792.45,0.904,-0.832,-248081.2,0.009,8.37
G_WIDE,BRK_4H,LONG,ALL,ALL,TRAIN,81071,440.6,0.402,-0.1252,1.0,-231061.6,-1255.77,0.905,-0.816,-274527.3,0.02,8.93
G_WIDE,BRK_4H,LONG,ALL,ALL,VALID,39484,443.64,0.404,-0.1016,0.99892,-84050.1,-944.38,0.928,-0.808,-90136.5,0.021,9.31
G_WIDE,BRK_4H,LONG,ALL,ALL,TEST,41563,451.77,0.385,-0.1703,1.0,-145276.1,-1579.09,0.898,-0.834,-171150.7,0.02,8.91
G_WIDE,BRK_4H,LONG,ALL,ALL,HOLDOUT,29953,499.22,0.45,-0.0096,0.59942,46942.3,782.37,0.986,-0.82,-51092.4,0.019,9.42
G_WIDE,BRK_4H,LONG,sym_funding,neg,TRAIN,22888,124.39,0.403,-0.1172,0.99997,-52904.3,-287.52,0.895,-0.814,-64364.1,0.061,7.58
G_WIDE,BRK_4H,LONG,sym_funding,neg,VALID,14809,166.39,0.411,-0.0855,0.97831,-25839.3,-290.33,0.921,-0.805,-27648.9,0.049,8.24
G_WIDE,BRK_4H,LONG,sym_funding,neg,TEST,10246,111.37,0.386,-0.1676,0.99999,-35919.6,-390.43,0.897,-0.827,-44230.4,0.072,8.07
G_WIDE,BRK_4H,LONG,sym_funding,neg,HOLDOUT,2300,38.33,0.382,-0.206,0.99985,-8895.7,-148.26,0.915,-0.854,-10022.9,0.118,4.52
G_WIDE,BRK_4H,LONG,sym_oi,down,TRAIN,3786,20.58,0.373,-0.1561,0.99723,-18041.4,-98.05,0.858,-0.839,-23040.8,0.264,5.44
G_WIDE,BRK_4H,LONG,sym_oi,down,VALID,1716,19.28,0.425,-0.0179,0.59225,1805.6,20.29,0.948,-0.798,-7425.0,0.324,6.25
G_WIDE,BRK_4H,LONG,sym_oi,down,TEST,1482,16.11,0.363,-0.1749,0.9786,-10728.3,-116.61,0.862,-0.839,-14606.0,0.308,4.97
G_WIDE,BRK_4H,LONG,sym_oi,down,HOLDOUT,1063,17.72,0.394,-0.1036,0.91418,-6746.7,-112.45,0.865,-0.857,-7885.7,0.319,5.65
G_WIDE,ANY,LONG,ALL,ALL,TRAIN,183739,998.58,0.408,-0.114,1.0,-460724.8,-2503.94,0.896,-0.814,-572415.5,0.008,8.24
G_WIDE,ANY,LONG,ALL,ALL,VALID,92105,1034.89,0.415,-0.0862,0.99914,-163973.1,-1842.39,0.911,-0.795,-204363.3,0.008,8.09
G_WIDE,ANY,LONG,ALL,ALL,TEST,94655,1028.86,0.403,-0.1317,1.0,-258093.9,-2805.37,0.899,-0.819,-327470.6,0.009,8.9
G_WIDE,ANY,LONG,ALL,ALL,HOLDOUT,63723,1062.05,0.454,-0.0062,0.57682,96409.6,1606.83,0.965,-0.804,-101084.8,0.008,8.27
G_WIDE,ANY,LONG,sym_funding,neg,TRAIN,52357,284.55,0.411,-0.1022,0.99999,-99744.9,-542.09,0.888,-0.807,-142081.3,0.028,7.88
G_WIDE,ANY,LONG,sym_funding,neg,VALID,34602,388.79,0.425,-0.0638,0.97108,-44301.5,-497.77,0.912,-0.791,-61483.6,0.02,7.97
G_WIDE,ANY,LONG,sym_funding,neg,TEST,23006,250.07,0.408,-0.1208,0.99997,-55362.3,-601.76,0.896,-0.812,-72500.0,0.032,8.07
G_WIDE,ANY,LONG,sym_funding,neg,HOLDOUT,4941,82.35,0.405,-0.1498,0.99967,-14302.1,-238.37,0.905,-0.829,-18988.9,0.049,4.05
G_WIDE,ANY,LONG,sym_oi,down,TRAIN,13257,72.05,0.409,-0.0856,0.99653,-17733.7,-96.38,0.874,-0.812,-33215.9,0.099,7.1
G_WIDE,ANY,LONG,sym_oi,down,VALID,6104,68.58,0.431,-0.0117,0.58551,3080.8,34.62,0.93,-0.783,-23396.2,0.109,7.46
G_WIDE,ANY,LONG,sym_oi,down,TEST,5583,60.68,0.413,-0.0823,0.95523,-24813.4,-269.71,0.872,-0.785,-36545.9,0.112,6.83
G_WIDE,ANY,LONG,sym_oi,down,HOLDOUT,3489,58.15,0.438,-0.0125,0.60716,-9586.7,-159.78,0.904,-0.803,-23896.2,0.12,7.0
G_WIDE,BRK_4H,LONG,sym_funding,base,TRAIN,55326,300.68,0.402,-0.1313,1.0,-173640.8,-943.7,0.907,-0.817,-203929.7,0.029,8.58
G_WIDE,BRK_4H,LONG,sym_funding,base,VALID,23165,260.28,0.398,-0.1189,0.99991,-56613.4,-636.11,0.927,-0.811,-61250.4,0.035,8.99
G_WIDE,BRK_4H,LONG,sym_funding,base,TEST,29492,320.57,0.383,-0.1798,1.0,-111075.7,-1207.34,0.894,-0.837,-127539.8,0.028,8.86
G_WIDE,BRK_4H,LONG,sym_funding,base,HOLDOUT,12250,204.17,0.442,-0.03,0.69765,11841.8,197.36,0.991,-0.825,-35768.0,0.023,4.75
G_WIDE,BRK_4H,LONG,sym_oi,flat,TRAIN,68113,370.18,0.403,-0.1349,1.0,-211524.7,-1149.59,0.904,-0.819,-240840.0,0.024,8.91
G_WIDE,BRK_4H,LONG,sym_oi,flat,VALID,33170,372.7,0.406,-0.1068,0.99874,-66093.4,-742.62,0.928,-0.81,-75931.7,0.024,8.96
G_WIDE,BRK_4H,LONG,sym_oi,flat,TEST,35795,389.08,0.384,-0.181,1.0,-132975.7,-1445.39,0.9,-0.838,-150762.8,0.023,9.13
G_WIDE,BRK_4H,LONG,sym_oi,flat,HOLDOUT,24418,406.97,0.445,-0.0368,0.82473,12500.4,208.34,0.984,-0.819,-42332.4,0.022,8.9
G_WIDE,ANY,LONG,sym_funding,base,TRAIN,124620,677.28,0.406,-0.1218,1.0,-355748.3,-1933.41,0.898,-0.817,-435964.1,0.012,8.32
G_WIDE,ANY,LONG,sym_funding,base,VALID,53900,605.62,0.407,-0.1076,0.99996,-120999.5,-1359.54,0.907,-0.798,-147270.9,0.014,8.49
G_WIDE,ANY,LONG,sym_funding,base,TEST,67366,732.24,0.401,-0.1398,1.0,-200246.0,-2176.59,0.899,-0.821,-247116.4,0.011,8.11
G_WIDE,ANY,LONG,sym_funding,base,HOLDOUT,25381,423.02,0.436,-0.0475,0.84394,8782.3,146.37,0.962,-0.811,-68248.6,0.01,4.4
G_WIDE,ANY,LONG,sym_oi,flat,TRAIN,153825,836.01,0.407,-0.1257,1.0,-449457.2,-2442.7,0.898,-0.819,-530853.5,0.01,8.27
G_WIDE,ANY,LONG,sym_oi,flat,VALID,77473,870.48,0.415,-0.0939,0.99932,-145725.8,-1637.37,0.912,-0.799,-179856.4,0.01,8.65
G_WIDE,ANY,LONG,sym_oi,flat,TEST,81275,883.42,0.401,-0.1427,1.0,-238066.5,-2587.68,0.903,-0.826,-290839.3,0.01,8.5
G_WIDE,ANY,LONG,sym_oi,flat,HOLDOUT,52493,874.88,0.448,-0.0303,0.81931,31932.7,532.21,0.964,-0.81,-79744.0,0.01,8.75
G_WIDE,EARLY_BRK,LONG,ALL,ALL,TRAIN,48387,262.97,0.402,-0.1465,1.0,-142248.4,-773.09,0.917,-0.831,-165239.4,0.033,8.71
G_WIDE,EARLY_BRK,LONG,ALL,ALL,VALID,22990,258.31,0.404,-0.1279,0.99954,-40192.9,-451.61,0.931,-0.828,-48246.8,0.035,9.04
G_WIDE,EARLY_BRK,LONG,ALL,ALL,TEST,26055,283.21,0.384,-0.1994,1.0,-91477.8,-994.32,0.914,-0.844,-107141.3,0.032,9.01
G_WIDE,EARLY_BRK,LONG,ALL,ALL,HOLDOUT,17127,285.45,0.42,-0.1248,0.99883,-18720.9,-312.01,0.963,-0.835,-38265.3,0.033,9.35
G_WIDE,EARLY_BRK,LONG,sym_funding,base,TRAIN,33459,181.84,0.404,-0.146,1.0,-96661.3,-525.33,0.923,-0.83,-114570.4,0.046,8.29
G_WIDE,EARLY_BRK,LONG,sym_funding,base,VALID,13278,149.19,0.4,-0.1414,0.99992,-28389.7,-318.98,0.935,-0.827,-31317.5,0.059,8.76
G_WIDE,EARLY_BRK,LONG,sym_funding,base,TEST,18569,201.84,0.382,-0.2062,1.0,-65103.9,-707.65,0.912,-0.847,-77002.0,0.044,8.83
G_WIDE,EARLY_BRK,LONG,sym_funding,base,HOLDOUT,7417,123.62,0.4,-0.1783,0.99977,-16933.9,-282.23,0.949,-0.831,-17632.2,0.04,5.0
G_WIDE,EARLY_BRK,LONG,sym_oi,flat,TRAIN,45298,246.18,0.403,-0.1461,1.0,-130960.2,-711.74,0.919,-0.83,-153000.9,0.034,8.48
G_WIDE,EARLY_BRK,LONG,sym_oi,flat,VALID,21586,242.54,0.403,-0.1336,0.99966,-40974.0,-460.38,0.928,-0.828,-48836.9,0.037,8.94
G_WIDE,EARLY_BRK,LONG,sym_oi,flat,TEST,24829,269.88,0.384,-0.1988,1.0,-84772.2,-921.44,0.914,-0.844,-99535.0,0.034,9.18
G_WIDE,EARLY_BRK,LONG,sym_oi,flat,HOLDOUT,16258,270.97,0.419,-0.1289,0.99905,-17499.8,-291.66,0.965,-0.835,-35473.9,0.034,9.32
G_WIDE,TREND_TRANS,LONG,ALL,ALL,TRAIN,24757,134.55,0.396,-0.1432,1.0,-90089.4,-489.62,0.879,-0.815,-100177.4,0.054,7.25
G_WIDE,TREND_TRANS,LONG,ALL,ALL,VALID,12536,140.85,0.423,-0.0661,0.94623,-8622.9,-96.89,0.92,-0.79,-22583.4,0.055,7.74
G_WIDE,TREND_TRANS,LONG,ALL,ALL,TEST,13504,146.78,0.397,-0.1372,0.99997,-42567.4,-462.69,0.899,-0.822,-52726.7,0.051,7.51
G_WIDE,TREND_TRANS,LONG,ALL,ALL,HOLDOUT,8827,147.12,0.416,-0.109,0.99723,-7545.0,-125.75,0.934,-0.836,-22573.9,0.057,8.45
G_WIDE,TREND_TRANS,LONG,sym_funding,base,TRAIN,16357,88.9,0.399,-0.1433,1.0,-59748.6,-324.72,0.884,-0.812,-66870.4,0.079,7.07
G_WIDE,TREND_TRANS,LONG,sym_funding,base,VALID,7201,80.91,0.416,-0.0828,0.98194,-9881.8,-111.03,0.921,-0.79,-16965.8,0.092,7.44
G_WIDE,TREND_TRANS,LONG,sym_funding,base,TEST,9491,103.16,0.397,-0.1415,0.99998,-29509.7,-320.76,0.897,-0.821,-37710.8,0.072,7.47
G_WIDE,TREND_TRANS,LONG,sym_funding,base,HOLDOUT,3695,61.58,0.398,-0.1576,0.99808,-9714.5,-161.91,0.932,-0.847,-11042.4,0.071,4.35
G_WIDE,TREND_TRANS,LONG,sym_oi,flat,TRAIN,21560,117.17,0.398,-0.1466,1.0,-75157.8,-408.47,0.878,-0.816,-84784.4,0.061,7.1
G_WIDE,TREND_TRANS,LONG,sym_oi,flat,VALID,11054,124.2,0.418,-0.0862,0.97739,-17457.6,-196.15,0.911,-0.794,-26257.9,0.06,7.44
G_WIDE,TREND_TRANS,LONG,sym_oi,flat,TEST,12241,133.05,0.396,-0.1424,0.99997,-39317.0,-427.36,0.901,-0.824,-47203.5,0.057,7.55
G_WIDE,TREND_TRANS,LONG,sym_oi,flat,HOLDOUT,7842,130.7,0.414,-0.1236,0.99853,-8357.7,-139.3,0.934,-0.838,-19242.8,0.064,8.42
G_WIDE,PULLBACK_CONT,SHORT,ALL,ALL,TRAIN,62257,338.35,0.427,-0.0669,0.99317,-104112.4,-565.83,0.948,-0.802,-150367.4,0.024,8.02
G_WIDE,PULLBACK_CONT,SHORT,ALL,ALL,VALID,32022,359.8,0.43,-0.0648,0.95941,-65044.7,-730.84,0.943,-0.802,-109788.7,0.022,7.74
G_WIDE,PULLBACK_CONT,SHORT,ALL,ALL,TEST,33521,364.36,0.439,-0.0601,0.96471,-12752.1,-138.61,0.973,-0.796,-50785.1,0.022,7.88
G_WIDE,PULLBACK_CONT,SHORT,ALL,ALL,HOLDOUT,21141,352.35,0.405,-0.1477,0.99999,-66712.1,-1111.87,0.939,-0.828,-71902.3,0.023,7.93
G_WIDE,PULLBACK_CONT,SHORT,sym_funding,neg,TRAIN,19445,105.68,0.426,-0.0833,0.99493,-37701.4,-204.9,0.946,-0.808,-52648.3,0.065,6.82
G_WIDE,PULLBACK_CONT,SHORT,sym_funding,neg,VALID,13128,147.51,0.423,-0.0855,0.97298,-38441.7,-431.93,0.946,-0.806,-49174.0,0.05,7.35
G_WIDE,PULLBACK_CONT,SHORT,sym_funding,neg,TEST,8906,96.8,0.447,-0.0478,0.86682,-2568.0,-27.91,0.983,-0.774,-15517.7,0.075,7.26
G_WIDE,PULLBACK_CONT,SHORT,sym_funding,neg,HOLDOUT,1939,32.32,0.418,-0.1469,0.9978,-791.1,-13.18,0.956,-0.811,-5225.2,0.111,3.58
G_WIDE,PULLBACK_CONT,SHORT,sym_oi,down,TRAIN,6716,36.5,0.436,-0.0578,0.96267,-16819.5,-91.41,0.909,-0.815,-20317.1,0.152,5.57
G_WIDE,PULLBACK_CONT,SHORT,sym_oi,down,VALID,2974,33.42,0.41,-0.1019,0.96612,-22232.4,-249.8,0.894,-0.829,-28276.3,0.177,5.9
G_WIDE,PULLBACK_CONT,SHORT,sym_oi,down,TEST,2617,28.45,0.481,0.0184,0.3509,9071.5,98.6,0.926,-0.759,-8882.4,0.194,5.52
G_WIDE,PULLBACK_CONT,SHORT,sym_oi,down,HOLDOUT,2172,36.2,0.409,-0.1226,0.98892,-7291.2,-121.52,0.937,-0.816,-10295.3,0.154,5.57
G_WIDE,ANY,SHORT,sym_funding,neg,TRAIN,53330,289.84,0.436,-0.0737,0.99876,-115622.3,-628.38,0.926,-0.792,-146298.7,0.025,7.33
G_WIDE,ANY,SHORT,sym_funding,neg,VALID,35372,397.44,0.435,-0.0752,0.98877,-68072.1,-764.86,0.924,-0.797,-106579.7,0.02,7.8
G_WIDE,ANY,SHORT,sym_funding,neg,TEST,23772,258.39,0.44,-0.0744,0.98939,-34945.3,-379.84,0.951,-0.781,-43891.8,0.03,7.66
G_WIDE,ANY,SHORT,sym_funding,neg,HOLDOUT,5079,84.65,0.424,-0.1513,0.99995,-7264.2,-121.07,0.936,-0.801,-13785.7,0.047,4.02
G_WIDE,ANY,SHORT,sym_oi,down,TRAIN,16505,89.7,0.431,-0.0631,0.9823,-53076.3,-288.46,0.904,-0.806,-58947.8,0.076,6.79
G_WIDE,ANY,SHORT,sym_oi,down,VALID,7153,80.37,0.423,-0.0827,0.98206,-36640.3,-411.69,0.896,-0.818,-48584.6,0.088,7.04
G_WIDE,ANY,SHORT,sym_oi,down,TEST,6655,72.34,0.453,-0.0251,0.70767,8586.1,93.33,0.901,-0.778,-25279.0,0.097,6.99
G_WIDE,ANY,SHORT,sym_oi,down,HOLDOUT,4821,80.35,0.391,-0.169,0.99981,-27559.7,-459.33,0.88,-0.828,-33410.6,0.085,6.85
G_WIDE,SWEEP_RECLAIM,LONG,ALL,ALL,TRAIN,32194,174.97,0.438,-0.0529,0.93034,-16508.7,-89.72,0.915,-0.831,-44589.7,0.043,7.45
G_WIDE,SWEEP_RECLAIM,LONG,ALL,ALL,VALID,16145,181.4,0.432,-0.053,0.86007,-21762.1,-244.52,0.923,-0.805,-53804.6,0.046,8.4
G_WIDE,SWEEP_RECLAIM,LONG,ALL,ALL,TEST,14941,162.4,0.436,-0.064,0.94276,-23645.4,-257.02,0.929,-0.818,-36082.7,0.05,8.17
G_WIDE,SWEEP_RECLAIM,LONG,ALL,ALL,HOLDOUT,8655,144.25,0.452,-0.0285,0.72748,-7723.5,-128.73,0.945,-0.824,-23618.4,0.056,8.12
G_WIDE,SWEEP_RECLAIM,LONG,sym_funding,base,TRAIN,21064,114.48,0.434,-0.0675,0.95954,-24834.3,-134.97,0.906,-0.838,-40092.4,0.063,7.16
G_WIDE,SWEEP_RECLAIM,LONG,sym_funding,base,VALID,8612,96.76,0.428,-0.0614,0.89351,-12771.8,-143.5,0.917,-0.802,-28486.6,0.084,8.09
G_WIDE,SWEEP_RECLAIM,LONG,sym_funding,base,TEST,10163,110.47,0.436,-0.0669,0.95206,-14103.9,-153.3,0.936,-0.818,-24602.4,0.073,8.08
G_WIDE,SWEEP_RECLAIM,LONG,sym_funding,base,HOLDOUT,3190,53.17,0.452,-0.0222,0.64793,-3239.6,-53.99,0.966,-0.786,-9104.7,0.073,3.88
G_WIDE,SWEEP_RECLAIM,LONG,sym_oi,down,TRAIN,5448,29.61,0.447,0.0077,0.42297,17403.7,94.59,0.948,-0.8,-7533.5,0.193,5.71
G_WIDE,SWEEP_RECLAIM,LONG,sym_oi,down,VALID,2661,29.9,0.416,-0.0528,0.80682,-5430.0,-61.01,0.906,-0.805,-15289.3,0.202,6.03
G_WIDE,SWEEP_RECLAIM,LONG,sym_oi,down,TEST,2393,26.01,0.464,0.016,0.38356,-4383.4,-47.65,0.921,-0.749,-13105.7,0.216,5.63
G_WIDE,SWEEP_RECLAIM,LONG,sym_oi,down,HOLDOUT,1486,24.77,0.477,0.0674,0.14585,-1833.1,-30.55,0.954,-0.761,-8439.2,0.229,5.68
G_WIDE,OI_BUILD_BRK,LONG,ALL,ALL,TRAIN,13878,75.42,0.41,-0.0501,0.97705,-13248.3,-72.0,0.902,-0.772,-35155.2,0.11,8.3
G_WIDE,OI_BUILD_BRK,LONG,ALL,ALL,VALID,6981,78.44,0.416,-0.0346,0.86297,-16259.2,-182.69,0.933,-0.774,-20525.5,0.108,8.48
G_WIDE,OI_BUILD_BRK,LONG,ALL,ALL,TEST,6969,75.75,0.394,-0.0917,0.99962,-14254.8,-154.94,0.882,-0.805,-28422.1,0.11,8.32
G_WIDE,OI_BUILD_BRK,LONG,ALL,ALL,HOLDOUT,5967,99.45,0.467,0.0981,0.00758,33404.6,556.74,0.987,-0.81,-15510.9,0.095,9.42
G_WIDE,OI_BUILD_BRK,LONG,sym_funding,base,TRAIN,8927,48.52,0.406,-0.0659,0.9898,-23081.7,-125.44,0.899,-0.772,-33265.7,0.159,7.72
G_WIDE,OI_BUILD_BRK,LONG,sym_funding,base,VALID,4163,46.78,0.409,-0.0518,0.94081,-8769.1,-98.53,0.924,-0.779,-15019.7,0.168,7.88
G_WIDE,OI_BUILD_BRK,LONG,sym_funding,base,TEST,4736,51.48,0.391,-0.102,0.99972,-15972.8,-173.62,0.872,-0.799,-25377.2,0.154,7.9
G_WIDE,OI_BUILD_BRK,LONG,sym_funding,base,HOLDOUT,2057,34.28,0.472,0.1262,0.06449,10232.3,170.54,1.021,-0.871,-13877.7,0.137,4.68
G_WIDE,OI_BUILD_BRK,LONG,sym_oi,flat,TRAIN,7596,41.28,0.411,-0.068,0.97428,-16293.8,-88.55,0.888,-0.768,-29786.8,0.181,7.47
G_WIDE,OI_BUILD_BRK,LONG,sym_oi,flat,VALID,3767,42.33,0.422,-0.0322,0.77959,-7807.9,-87.73,0.936,-0.768,-10726.0,0.182,7.71
G_WIDE,OI_BUILD_BRK,LONG,sym_oi,flat,TEST,3823,41.55,0.388,-0.119,0.99932,-14331.1,-155.77,0.872,-0.818,-19544.3,0.186,7.73
G_WIDE,OI_BUILD_BRK,LONG,sym_oi,flat,HOLDOUT,2859,47.65,0.459,0.0755,0.04463,5264.7,87.74,0.983,-0.795,-6084.5,0.18,8.6
G_WIDE,OI_BUILD_BRK,LONG,sym_funding,neg,TRAIN,3709,20.16,0.415,-0.0247,0.77055,9911.2,53.87,0.898,-0.768,-10059.9,0.302,6.09
G_WIDE,OI_BUILD_BRK,LONG,sym_funding,neg,VALID,2049,23.02,0.414,-0.0348,0.75196,-8084.2,-90.83,0.93,-0.764,-8464.5,0.293,6.75
G_WIDE,OI_BUILD_BRK,LONG,sym_funding,neg,TEST,1521,16.53,0.393,-0.0965,0.98301,-2144.8,-23.31,0.875,-0.814,-9165.8,0.37,6.12
G_WIDE,OI_BUILD_BRK,LONG,sym_funding,neg,HOLDOUT,271,4.52,0.343,-0.1483,0.96343,-2961.7,-49.36,0.861,-0.845,-3768.3,0.572,2.58
G_WIDE,BRK_4H,SHORT,ALL,ALL,TRAIN,83236,452.37,0.429,-0.0677,0.99161,-138092.9,-750.5,0.955,-0.804,-173776.6,0.017,7.72
G_WIDE,BRK_4H,SHORT,ALL,ALL,VALID,41483,466.1,0.441,-0.0507,0.91543,-63643.5,-715.1,0.946,-0.801,-113056.8,0.016,7.56
G_WIDE,BRK_4H,SHORT,ALL,ALL,TEST,42847,465.73,0.427,-0.098,0.99836,-70343.1,-764.6,0.949,-0.814,-87625.8,0.017,8.01
G_WIDE,BRK_4H,SHORT,ALL,ALL,HOLDOUT,25855,430.92,0.39,-0.2063,1.0,-117257.5,-1954.29,0.901,-0.838,-125396.3,0.019,8.18
G_WIDE,BRK_4H,SHORT,sym_funding,base,TRAIN,56748,308.41,0.432,-0.0566,0.96607,-69991.5,-380.39,0.965,-0.801,-92281.4,0.026,7.88
G_WIDE,BRK_4H,SHORT,sym_funding,base,VALID,24363,273.74,0.447,-0.0355,0.81876,-29411.6,-330.47,0.949,-0.794,-60117.3,0.029,7.88
G_WIDE,BRK_4H,SHORT,sym_funding,base,TEST,30854,335.37,0.428,-0.0999,0.99848,-47485.1,-516.14,0.948,-0.817,-65449.6,0.024,8.0
G_WIDE,BRK_4H,SHORT,sym_funding,base,HOLDOUT,10567,176.12,0.392,-0.2175,1.0,-44980.0,-749.67,0.887,-0.845,-48743.6,0.024,4.22
G_WIDE,BRK_4H,SHORT,sym_oi,down,TRAIN,9387,51.02,0.418,-0.0757,0.97863,-31580.4,-171.63,0.922,-0.825,-34121.7,0.127,6.47
G_WIDE,BRK_4H,SHORT,sym_oi,down,VALID,3975,44.66,0.417,-0.0939,0.98281,-21114.2,-237.24,0.902,-0.833,-29019.4,0.153,6.82
G_WIDE,BRK_4H,SHORT,sym_oi,down,TEST,3917,42.58,0.441,-0.0393,0.758,2389.7,25.97,0.911,-0.798,-14863.1,0.157,6.7
G_WIDE,BRK_4H,SHORT,sym_oi,down,HOLDOUT,2587,43.12,0.371,-0.2094,0.99974,-17959.2,-299.32,0.857,-0.855,-21594.3,0.15,6.47
G_WIDE,BRK_24H,SHORT,ALL,ALL,TRAIN,28696,155.96,0.402,-0.1213,0.99867,-110617.1,-601.18,0.936,-0.81,-124972.7,0.047,7.33
G_WIDE,BRK_24H,SHORT,ALL,ALL,VALID,14889,167.29,0.406,-0.1301,0.99189,-57467.6,-645.7,0.916,-0.823,-77862.5,0.05,8.3
G_WIDE,BRK_24H,SHORT,ALL,ALL,TEST,13442,146.11,0.415,-0.1198,0.99556,-29179.0,-317.16,0.921,-0.813,-35018.5,0.054,7.83
G_WIDE,BRK_24H,SHORT,ALL,ALL,HOLDOUT,7411,123.52,0.388,-0.2052,0.99997,-28130.6,-468.84,0.907,-0.834,-30332.9,0.063,7.78
G_WIDE,BRK_24H,SHORT,sym_funding,base,TRAIN,18838,102.38,0.41,-0.1023,0.98828,-52859.3,-287.28,0.951,-0.802,-64233.6,0.069,7.05
G_WIDE,BRK_24H,SHORT,sym_funding,base,VALID,7815,87.81,0.408,-0.1256,0.98873,-30483.5,-342.51,0.911,-0.818,-39834.1,0.09,7.88
G_WIDE,BRK_24H,SHORT,sym_funding,base,TEST,9082,98.72,0.415,-0.1226,0.99625,-20233.9,-219.93,0.92,-0.816,-25869.1,0.076,7.51
G_WIDE,BRK_24H,SHORT,sym_funding,base,HOLDOUT,2701,45.02,0.35,-0.3145,1.0,-14365.7,-239.43,0.838,-0.864,-14798.7,0.09,4.05
G_WIDE,BRK_24H,SHORT,sym_oi,down,TRAIN,5386,29.27,0.41,-0.0944,0.99101,-25137.2,-136.61,0.911,-0.823,-27428.8,0.19,5.55
G_WIDE,BRK_24H,SHORT,sym_oi,down,VALID,2546,28.61,0.393,-0.1477,0.99563,-20363.3,-228.8,0.876,-0.84,-26675.0,0.203,5.8
G_WIDE,BRK_24H,SHORT,sym_oi,down,TEST,2319,25.21,0.413,-0.119,0.98138,-5272.8,-57.31,0.843,-0.806,-10155.1,0.213,5.38
G_WIDE,BRK_24H,SHORT,sym_oi,down,HOLDOUT,1353,22.55,0.404,-0.1546,0.9977,-4051.9,-67.53,0.834,-0.829,-8466.0,0.231,5.22
G_WIDE,MTF_BRK,SHORT,ALL,ALL,TRAIN,41515,225.62,0.409,-0.1043,0.9987,-123396.0,-670.63,0.95,-0.817,-139370.3,0.035,7.84
G_WIDE,MTF_BRK,SHORT,ALL,ALL,VALID,20990,235.84,0.424,-0.0844,0.96328,-46222.3,-519.35,0.951,-0.82,-82065.2,0.037,8.62
G_WIDE,MTF_BRK,SHORT,ALL,ALL,TEST,21389,232.49,0.423,-0.0928,0.98959,-25522.3,-277.42,0.963,-0.815,-44400.4,0.038,8.88
G_WIDE,MTF_BRK,SHORT,ALL,ALL,HOLDOUT,12188,203.13,0.386,-0.2058,1.0,-51241.5,-854.03,0.928,-0.847,-52952.9,0.04,8.22
G_WIDE,MTF_BRK,SHORT,sym_funding,base,TRAIN,27346,148.62,0.415,-0.087,0.9876,-63541.0,-345.33,0.963,-0.81,-72865.4,0.054,8.03
G_WIDE,MTF_BRK,SHORT,sym_funding,base,VALID,11373,127.79,0.43,-0.0672,0.91337,-21592.0,-242.61,0.954,-0.813,-42273.0,0.066,8.4
G_WIDE,MTF_BRK,SHORT,sym_funding,base,TEST,14687,159.64,0.424,-0.0931,0.99048,-17733.9,-192.76,0.961,-0.819,-32719.0,0.051,8.2
G_WIDE,MTF_BRK,SHORT,sym_funding,base,HOLDOUT,4814,80.23,0.357,-0.2873,1.0,-27461.4,-457.69,0.881,-0.878,-28623.0,0.053,4.28
G_WIDE,MTF_BRK,SHORT,sym_oi,down,TRAIN,7265,39.48,0.403,-0.1052,0.9971,-35009.4,-190.27,0.912,-0.839,-37156.4,0.151,5.96
G_WIDE,MTF_BRK,SHORT,sym_oi,down,VALID,3173,35.65,0.403,-0.12,0.99266,-20328.7,-228.41,0.898,-0.845,-26615.6,0.177,6.3
G_WIDE,MTF_BRK,SHORT,sym_oi,down,TEST,3132,34.04,0.434,-0.0617,0.88436,1746.6,18.98,0.898,-0.804,-13206.5,0.184,6.25
G_WIDE,MTF_BRK,SHORT,sym_oi,down,HOLDOUT,2094,34.9,0.371,-0.2158,0.99947,-14955.9,-249.27,0.857,-0.859,-17371.5,0.179,6.23
G_WIDE,EARLY_BRK,LONG,sym_funding,neg,TRAIN,14048,76.35,0.401,-0.145,0.99999,-41826.1,-227.32,0.905,-0.83,-47249.4,0.093,7.1
G_WIDE,EARLY_BRK,LONG,sym_funding,neg,VALID,9376,105.35,0.41,-0.1113,0.99171,-11516.2,-129.4,0.923,-0.827,-15977.7,0.076,7.97
G_WIDE,EARLY_BRK,LONG,sym_funding,neg,TEST,6876,74.74,0.384,-0.1967,1.0,-26003.3,-282.65,0.909,-0.837,-29367.8,0.105,7.88
G_WIDE,EARLY_BRK,LONG,sym_funding,neg,HOLDOUT,1720,28.67,0.38,-0.2467,0.99986,-5656.0,-94.27,0.92,-0.856,-6307.1,0.151,4.33
G_WIDE,EARLY_BRK,LONG,sym_oi,down,TRAIN,2104,11.43,0.369,-0.1954,0.99919,-10265.5,-55.79,0.854,-0.86,-11133.7,0.375,4.29
G_WIDE,EARLY_BRK,LONG,sym_oi,down,VALID,924,10.38,0.433,-0.0131,0.56637,1168.1,13.13,0.965,-0.813,-2390.8,0.466,4.84
G_WIDE,EARLY_BRK,LONG,sym_oi,down,TEST,828,9.0,0.379,-0.1507,0.93682,-5454.0,-59.28,0.908,-0.837,-6038.5,0.43,3.87
G_WIDE,EARLY_BRK,LONG,sym_oi,down,HOLDOUT,614,10.23,0.404,-0.0972,0.85079,-2036.7,-33.95,0.874,-0.878,-2780.2,0.422,4.32
G_WIDE,TREND_TRANS,LONG,sym_funding,neg,TRAIN,7480,40.65,0.39,-0.1491,0.99993,-30222.9,-164.25,0.863,-0.821,-33188.4,0.149,6.08
G_WIDE,TREND_TRANS,LONG,sym_funding,neg,VALID,4863,54.64,0.434,-0.0476,0.81466,-74.0,-0.83,0.916,-0.789,-7845.1,0.124,6.75
G_WIDE,TREND_TRANS,LONG,sym_funding,neg,TEST,3431,37.29,0.396,-0.1319,0.99776,-11353.4,-123.41,0.905,-0.82,-14524.3,0.179,6.67
G_WIDE,TREND_TRANS,LONG,sym_funding,neg,HOLDOUT,769,12.82,0.376,-0.2279,0.99975,-3250.3,-54.17,0.879,-0.851,-3334.6,0.28,3.58
G_WIDE,SWEEP_RECLAIM,SHORT,ALL,ALL,TRAIN,29401,159.79,0.46,-0.0228,0.76475,-23578.2,-128.14,0.913,-0.779,-55215.7,0.047,7.56
G_WIDE,SWEEP_RECLAIM,SHORT,ALL,ALL,VALID,14411,161.92,0.454,-0.0553,0.92432,-22794.4,-256.12,0.875,-0.792,-46258.2,0.046,7.47
G_WIDE,SWEEP_RECLAIM,SHORT,ALL,ALL,TEST,14659,159.34,0.461,-0.0421,0.9099,-23898.6,-259.77,0.916,-0.775,-30039.2,0.047,7.47
G_WIDE,SWEEP_RECLAIM,SHORT,ALL,ALL,HOLDOUT,12031,200.52,0.374,-0.2407,1.0,-94618.6,-1576.98,0.858,-0.85,-99379.8,0.039,7.82
G_WIDE,SWEEP_RECLAIM,SHORT,sym_funding,hot,TRAIN,1265,6.88,0.421,-0.096,0.99568,-10372.6,-56.37,0.865,-0.826,-10702.1,0.554,3.81
G_WIDE,SWEEP_RECLAIM,SHORT,sym_funding,hot,VALID,738,8.29,0.377,-0.189,0.99998,-10295.9,-115.68,0.796,-0.832,-11446.4,0.499,4.13
G_WIDE,SWEEP_RECLAIM,SHORT,sym_funding,hot,TEST,942,10.24,0.441,-0.0485,0.86617,-3941.3,-42.84,0.904,-0.812,-6344.5,0.438,4.49
G_WIDE,SWEEP_RECLAIM,SHORT,sym_funding,hot,HOLDOUT,407,6.78,0.45,-0.061,0.80658,-2796.4,-46.61,0.979,-0.836,-4890.2,0.442,3.0
G_WIDE,SWEEP_RECLAIM,SHORT,sym_oi,flat,TRAIN,22744,123.61,0.461,-0.014,0.65168,14280.5,77.61,0.93,-0.78,-29977.2,0.06,7.48
G_WIDE,SWEEP_RECLAIM,SHORT,sym_oi,flat,VALID,10974,123.3,0.45,-0.0628,0.93156,-16605.2,-186.58,0.881,-0.795,-33146.0,0.06,7.42
G_WIDE,SWEEP_RECLAIM,SHORT,sym_oi,flat,TEST,11327,123.12,0.463,-0.0325,0.81324,-3318.0,-36.06,0.937,-0.775,-16734.0,0.061,7.51
G_WIDE,SWEEP_RECLAIM,SHORT,sym_oi,flat,HOLDOUT,8381,139.68,0.372,-0.2505,1.0,-52648.5,-877.47,0.859,-0.855,-56068.4,0.059,8.2
G_WIDE,ANY,SHORT,sym_funding,hot,TRAIN,6809,37.01,0.461,-0.0075,0.64513,-11895.1,-64.65,0.906,-0.813,-18379.3,0.179,6.61
G_WIDE,ANY,SHORT,sym_funding,hot,VALID,3500,39.33,0.425,-0.0766,0.998,-17751.5,-199.46,0.884,-0.823,-22561.4,0.168,6.6
G_WIDE,ANY,SHORT,sym_funding,hot,TEST,4370,47.5,0.454,-0.0259,0.85862,-7915.5,-86.04,0.93,-0.807,-14692.9,0.149,7.05
G_WIDE,ANY,SHORT,sym_funding,hot,HOLDOUT,1973,32.88,0.425,-0.1128,0.99947,-8706.2,-145.1,0.926,-0.852,-14011.8,0.115,3.77
G_WIDE,PULLBACK_CONT,SHORT,sym_funding,base,TRAIN,40838,221.95,0.426,-0.0642,0.98604,-68178.5,-370.54,0.948,-0.798,-98479.8,0.034,7.57
G_WIDE,PULLBACK_CONT,SHORT,sym_funding,base,VALID,17960,201.8,0.436,-0.0507,0.91516,-25159.2,-282.69,0.941,-0.796,-58844.8,0.039,7.84
G_WIDE,PULLBACK_CONT,SHORT,sym_funding,base,TEST,23310,253.37,0.435,-0.0684,0.98092,-10788.1,-117.26,0.968,-0.803,-38598.5,0.032,8.0
G_WIDE,PULLBACK_CONT,SHORT,sym_funding,base,HOLDOUT,8387,139.78,0.41,-0.1527,0.99968,-24608.4,-410.14,0.921,-0.835,-27220.6,0.032,4.45
G_WIDE,PULLBACK_CONT,SHORT,sym_oi,flat,TRAIN,53114,288.66,0.425,-0.0693,0.99114,-81040.6,-440.44,0.955,-0.801,-124161.9,0.027,7.67
G_WIDE,PULLBACK_CONT,SHORT,sym_oi,flat,VALID,27787,312.21,0.431,-0.064,0.94763,-40994.4,-460.61,0.949,-0.8,-88247.2,0.026,8.09
G_WIDE,PULLBACK_CONT,SHORT,sym_oi,flat,TEST,29893,324.92,0.436,-0.0659,0.97153,-19829.6,-215.54,0.979,-0.799,-52258.3,0.024,7.75
G_WIDE,PULLBACK_CONT,SHORT,sym_oi,flat,HOLDOUT,18192,303.2,0.404,-0.1553,0.99999,-58237.3,-970.62,0.94,-0.831,-65824.5,0.027,8.32
G_WIDE,BRK_4H,SHORT,sym_oi,flat,TRAIN,69620,378.37,0.429,-0.0685,0.98786,-96800.2,-526.09,0.966,-0.803,-129008.3,0.021,7.91
G_WIDE,BRK_4H,SHORT,sym_oi,flat,VALID,35233,395.88,0.44,-0.0506,0.89968,-44564.2,-500.72,0.956,-0.805,-85573.2,0.02,7.76
G_WIDE,BRK_4H,SHORT,sym_oi,flat,TEST,37223,404.6,0.426,-0.1029,0.99851,-63039.5,-685.21,0.96,-0.817,-81336.9,0.019,7.71
G_WIDE,BRK_4H,SHORT,sym_oi,flat,HOLDOUT,21878,364.63,0.391,-0.2076,1.0,-87857.6,-1464.29,0.916,-0.838,-98098.1,0.022,7.88
G_WIDE,EARLY_BRK,SHORT,ALL,ALL,TRAIN,46527,252.86,0.435,-0.0636,0.97347,-35966.3,-195.47,0.986,-0.808,-60422.6,0.03,7.52
G_WIDE,EARLY_BRK,SHORT,ALL,ALL,VALID,24826,278.94,0.445,-0.0463,0.86345,-23038.1,-258.86,0.975,-0.806,-57067.2,0.028,7.82
G_WIDE,EARLY_BRK,SHORT,ALL,ALL,TEST,26959,293.03,0.426,-0.1136,0.99883,-41011.2,-445.77,0.978,-0.823,-48178.9,0.027,8.01
G_WIDE,EARLY_BRK,SHORT,ALL,ALL,HOLDOUT,16371,272.85,0.39,-0.2245,1.0,-59065.2,-984.42,0.931,-0.849,-67483.2,0.031,8.45
G_WIDE,EARLY_BRK,SHORT,sym_funding,base,TRAIN,33599,182.6,0.434,-0.0609,0.95501,-24108.3,-131.02,0.986,-0.806,-41150.0,0.042,7.6
G_WIDE,EARLY_BRK,SHORT,sym_funding,base,VALID,15097,169.63,0.452,-0.0282,0.7348,-8353.5,-93.86,0.979,-0.794,-30427.2,0.046,7.76
G_WIDE,EARLY_BRK,SHORT,sym_funding,base,TEST,20058,218.02,0.425,-0.1172,0.99907,-30335.5,-329.73,0.974,-0.826,-37714.2,0.036,7.88
G_WIDE,EARLY_BRK,SHORT,sym_funding,base,HOLDOUT,7514,125.23,0.4,-0.2146,1.0,-23089.8,-384.83,0.924,-0.847,-27227.5,0.034,4.27
G_WIDE,EARLY_BRK,SHORT,sym_oi,flat,TRAIN,43504,236.43,0.434,-0.0655,0.97353,-34535.5,-187.69,0.989,-0.809,-56132.7,0.033,7.71
G_WIDE,EARLY_BRK,SHORT,sym_oi,flat,VALID,23112,259.69,0.442,-0.0521,0.88638,-24767.5,-278.29,0.977,-0.81,-55211.7,0.031,8.01
G_WIDE,EARLY_BRK,SHORT,sym_oi,flat,TEST,25738,279.76,0.426,-0.1113,0.99838,-36050.6,-391.85,0.983,-0.822,-46067.9,0.029,8.15
G_WIDE,EARLY_BRK,SHORT,sym_oi,flat,HOLDOUT,15516,258.6,0.391,-0.2252,1.0,-54825.7,-913.76,0.936,-0.85,-62340.5,0.032,8.33
G_WIDE,BRK_4H,SHORT,sym_funding,neg,TRAIN,23740,129.02,0.421,-0.0989,0.99926,-63184.8,-343.4,0.937,-0.808,-75732.4,0.054,7.0
G_WIDE,BRK_4H,SHORT,sym_funding,neg,VALID,15834,177.91,0.433,-0.0757,0.96553,-30348.5,-340.99,0.942,-0.811,-48732.1,0.041,7.38
G_WIDE,BRK_4H,SHORT,sym_funding,neg,TEST,10378,112.8,0.423,-0.1059,0.99519,-20047.2,-217.9,0.951,-0.803,-23084.0,0.067,7.57
G_WIDE,BRK_4H,SHORT,sym_funding,neg,HOLDOUT,2142,35.7,0.409,-0.1895,0.99998,-5523.0,-92.05,0.938,-0.816,-6827.0,0.105,3.75
G_WIDE,BRK_24H,LONG,ALL,ALL,TRAIN,26289,142.88,0.398,-0.1198,0.99989,-71823.3,-390.34,0.897,-0.798,-95669.7,0.059,8.42
G_WIDE,BRK_24H,LONG,ALL,ALL,VALID,13144,147.69,0.401,-0.0918,0.98382,-36022.7,-404.75,0.927,-0.786,-40841.4,0.059,8.66
G_WIDE,BRK_24H,LONG,ALL,ALL,TEST,13062,141.98,0.395,-0.1352,1.0,-29413.8,-319.72,0.896,-0.808,-39760.2,0.058,8.22
G_WIDE,BRK_24H,LONG,ALL,ALL,HOLDOUT,10876,181.27,0.49,0.1123,0.01653,56168.1,936.14,1.032,-0.806,-23896.3,0.048,8.78
G_WIDE,BRK_24H,LONG,sym_funding,neg,TRAIN,5940,32.28,0.403,-0.092,0.99016,-4354.6,-23.67,0.883,-0.784,-15842.5,0.185,5.96
G_WIDE,BRK_24H,LONG,sym_funding,neg,VALID,4094,46.0,0.416,-0.0535,0.83132,-10202.7,-114.64,0.928,-0.766,-10718.8,0.141,6.48
G_WIDE,BRK_24H,LONG,sym_funding,neg,TEST,2634,28.63,0.4,-0.1223,0.99753,-3940.1,-42.83,0.908,-0.796,-8079.5,0.218,6.24
G_WIDE,BRK_24H,LONG,sym_funding,neg,HOLDOUT,564,9.4,0.415,-0.1017,0.86426,-729.5,-12.16,0.942,-0.804,-2408.2,0.344,3.23
G_WIDE,BRK_24H,LONG,sym_oi,flat,TRAIN,20243,110.02,0.392,-0.1482,0.99997,-77036.5,-418.68,0.891,-0.804,-91970.7,0.072,7.9
G_WIDE,BRK_24H,LONG,sym_oi,flat,VALID,10049,112.91,0.402,-0.1002,0.98245,-24340.4,-273.49,0.932,-0.787,-26107.9,0.073,8.26
G_WIDE,BRK_24H,LONG,sym_oi,flat,TEST,10085,109.62,0.391,-0.1598,1.0,-32345.0,-351.58,0.897,-0.815,-37872.0,0.074,8.11
G_WIDE,BRK_24H,LONG,sym_oi,flat,HOLDOUT,7642,127.37,0.489,0.0929,0.05041,25051.4,417.52,1.035,-0.794,-17471.1,0.069,8.83
G_WIDE,MTF_BRK,LONG,ALL,ALL,TRAIN,36480,198.26,0.397,-0.1303,1.0,-105522.5,-573.49,0.906,-0.811,-137686.1,0.044,8.69
G_WIDE,MTF_BRK,LONG,ALL,ALL,VALID,18591,208.89,0.399,-0.105,0.9966,-55260.2,-620.9,0.928,-0.794,-56106.9,0.044,9.22
G_WIDE,MTF_BRK,LONG,ALL,ALL,TEST,18757,203.88,0.392,-0.1483,1.0,-49079.4,-533.47,0.912,-0.816,-65079.7,0.042,8.5
G_WIDE,MTF_BRK,LONG,ALL,ALL,HOLDOUT,15167,252.78,0.48,0.0784,0.05314,63091.1,1051.52,1.023,-0.807,-32999.5,0.036,9.22
G_WIDE,MTF_BRK,LONG,sym_funding,neg,TRAIN,8419,45.76,0.399,-0.1105,0.99927,-12970.2,-70.49,0.891,-0.798,-26567.6,0.141,6.43
G_WIDE,MTF_BRK,LONG,sym_funding,neg,VALID,5940,66.74,0.409,-0.0834,0.94948,-17451.0,-196.08,0.921,-0.777,-17871.8,0.107,7.17
G_WIDE,MTF_BRK,LONG,sym_funding,neg,TEST,3841,41.75,0.4,-0.1228,0.99951,-7320.6,-79.57,0.929,-0.802,-12614.1,0.165,6.9
G_WIDE,MTF_BRK,LONG,sym_funding,neg,HOLDOUT,835,13.92,0.398,-0.1635,0.97947,-1943.9,-32.4,0.936,-0.837,-3317.0,0.256,3.57
G_WIDE,MTF_BRK,LONG,sym_oi,flat,TRAIN,29027,157.76,0.392,-0.1553,1.0,-105553.1,-573.66,0.902,-0.818,-123065.9,0.052,8.23
G_WIDE,MTF_BRK,LONG,sym_oi,flat,VALID,14751,165.74,0.402,-0.1079,0.99461,-37224.5,-418.25,0.931,-0.794,-37472.2,0.05,8.36
G_WIDE,MTF_BRK,LONG,sym_oi,flat,TEST,15197,165.18,0.388,-0.1708,1.0,-52468.3,-570.31,0.912,-0.823,-61621.9,0.051,8.37
G_WIDE,MTF_BRK,LONG,sym_oi,flat,HOLDOUT,11290,188.17,0.474,0.0464,0.18161,26335.4,438.92,1.021,-0.801,-23990.6,0.047,8.78
G_WIDE,SWEEP_RECLAIM,SHORT,sym_funding,neg,TRAIN,6761,36.74,0.461,-0.0284,0.77294,-18660.1,-101.41,0.903,-0.76,-22603.7,0.16,5.89
G_WIDE,SWEEP_RECLAIM,SHORT,sym_funding,neg,VALID,4417,49.63,0.448,-0.0873,0.97088,-6589.5,-74.04,0.856,-0.784,-15704.1,0.138,6.84
G_WIDE,SWEEP_RECLAIM,SHORT,sym_funding,neg,TEST,2954,32.11,0.455,-0.0635,0.9312,-7697.8,-83.67,0.912,-0.768,-12712.3,0.191,6.14
G_WIDE,SWEEP_RECLAIM,SHORT,sym_funding,neg,HOLDOUT,596,9.93,0.455,-0.1035,0.92474,-503.5,-8.39,0.927,-0.796,-2413.4,0.324,3.22
G_WIDE,PULLBACK_CONT,LONG,ALL,ALL,TRAIN,58924,320.24,0.394,-0.1384,1.0,-191655.7,-1041.61,0.897,-0.813,-243784.2,0.022,7.19
G_WIDE,PULLBACK_CONT,LONG,ALL,ALL,VALID,29583,332.39,0.411,-0.0935,0.99619,-52980.7,-595.29,0.894,-0.779,-67650.9,0.021,7.09
G_WIDE,PULLBACK_CONT,LONG,ALL,ALL,TEST,30375,330.16,0.395,-0.1422,1.0,-79748.6,-866.83,0.892,-0.814,-110416.2,0.023,7.51
G_WIDE,PULLBACK_CONT,LONG,ALL,ALL,HOLDOUT,21654,360.9,0.467,0.0371,0.18243,61534.0,1025.57,0.973,-0.78,-30911.0,0.021,7.52
G_WIDE,PULLBACK_CONT,LONG,sym_funding,hot,TRAIN,2629,14.29,0.41,-0.0655,0.98797,-5331.5,-28.98,0.897,-0.802,-13246.7,0.319,4.55
G_WIDE,PULLBACK_CONT,LONG,sym_funding,hot,VALID,1400,15.73,0.471,0.0588,0.07267,7292.8,81.94,0.994,-0.73,-3976.6,0.286,4.51
G_WIDE,PULLBACK_CONT,LONG,sym_funding,hot,TEST,1600,17.39,0.404,-0.0712,0.98129,-2900.7,-31.53,0.893,-0.817,-6956.5,0.278,4.84
G_WIDE,PULLBACK_CONT,LONG,sym_funding,hot,HOLDOUT,745,12.42,0.37,-0.1173,0.97762,-3825.1,-63.75,0.908,-0.845,-6296.2,0.256,3.18
G_WIDE,PULLBACK_CONT,LONG,sym_oi,flat,TRAIN,49966,271.55,0.392,-0.1527,1.0,-183945.4,-999.7,0.899,-0.82,-222979.7,0.027,7.47
G_WIDE,PULLBACK_CONT,LONG,sym_oi,flat,VALID,25160,282.7,0.411,-0.1027,0.99703,-50990.5,-572.93,0.894,-0.786,-59189.9,0.026,7.36
G_WIDE,PULLBACK_CONT,LONG,sym_oi,flat,TEST,26401,286.97,0.393,-0.154,1.0,-82192.7,-893.4,0.897,-0.821,-104709.4,0.026,7.53
G_WIDE,PULLBACK_CONT,LONG,sym_oi,flat,HOLDOUT,18087,301.45,0.461,0.0154,0.35866,34474.9,574.58,0.974,-0.788,-28098.3,0.026,7.97
G_WIDE,ANY,LONG,sym_funding,hot,TRAIN,6762,36.75,0.415,-0.0607,0.99897,-5231.6,-28.43,0.927,-0.807,-28481.4,0.185,6.82
G_WIDE,ANY,LONG,sym_funding,hot,VALID,3603,40.48,0.448,0.0174,0.26726,1327.8,14.92,0.96,-0.777,-10222.3,0.168,6.81
G_WIDE,ANY,LONG,sym_funding,hot,TEST,4283,46.55,0.407,-0.0628,0.9962,-2485.6,-27.02,0.916,-0.826,-20139.9,0.154,7.18
G_WIDE,ANY,LONG,sym_funding,hot,HOLDOUT,1913,31.88,0.394,-0.0749,0.96593,-7811.8,-130.2,0.937,-0.89,-16238.8,0.121,3.87
G_WIDE,PULLBACK_CONT,LONG,sym_funding,base,TRAIN,41175,223.78,0.393,-0.1447,1.0,-141624.3,-769.7,0.903,-0.818,-181833.9,0.033,7.28
G_WIDE,PULLBACK_CONT,LONG,sym_funding,base,VALID,18353,206.21,0.404,-0.1124,0.9992,-41335.1,-464.44,0.893,-0.786,-53767.4,0.035,7.29
G_WIDE,PULLBACK_CONT,LONG,sym_funding,base,TEST,22495,244.51,0.392,-0.1541,1.0,-68864.8,-748.53,0.891,-0.818,-92734.5,0.031,7.54
G_WIDE,PULLBACK_CONT,LONG,sym_funding,base,HOLDOUT,8533,142.22,0.422,-0.0671,0.86803,5844.3,97.4,0.937,-0.807,-27959.3,0.026,3.75
G_WIDE,VOL_PRICE,SHORT,ALL,ALL,TRAIN,29963,162.84,0.445,-0.0395,0.87578,-39323.5,-213.71,0.949,-0.784,-55913.2,0.046,7.51
G_WIDE,VOL_PRICE,SHORT,ALL,ALL,VALID,15201,170.8,0.435,-0.0782,0.96575,-43812.2,-492.27,0.895,-0.793,-62623.7,0.045,7.7
G_WIDE,VOL_PRICE,SHORT,ALL,ALL,TEST,17101,185.88,0.436,-0.0873,0.98902,-32809.2,-356.62,0.918,-0.79,-37270.2,0.041,7.54
G_WIDE,VOL_PRICE,SHORT,ALL,ALL,HOLDOUT,11142,185.7,0.414,-0.1637,0.99999,-55754.1,-929.24,0.882,-0.806,-61507.5,0.04,7.47
G_WIDE,VOL_PRICE,SHORT,sym_funding,base,TRAIN,20328,110.48,0.445,-0.0327,0.80898,-17715.3,-96.28,0.963,-0.782,-31256.9,0.067,7.43
G_WIDE,VOL_PRICE,SHORT,sym_funding,base,VALID,8772,98.56,0.44,-0.0664,0.94035,-21873.2,-245.77,0.898,-0.791,-33023.9,0.077,7.61
G_WIDE,VOL_PRICE,SHORT,sym_funding,base,TEST,12063,131.12,0.437,-0.0854,0.9856,-19671.1,-213.82,0.916,-0.793,-27284.6,0.056,7.4
G_WIDE,VOL_PRICE,SHORT,sym_funding,base,HOLDOUT,4439,73.98,0.404,-0.2011,0.99996,-23426.1,-390.44,0.852,-0.82,-24989.4,0.056,4.17
G_WIDE,VOL_PRICE,SHORT,sym_oi,flat,TRAIN,24287,131.99,0.444,-0.0346,0.81576,-16833.9,-91.49,0.97,-0.781,-32659.7,0.056,7.38
G_WIDE,VOL_PRICE,SHORT,sym_oi,flat,VALID,12272,137.89,0.434,-0.0747,0.94283,-25922.9,-291.27,0.912,-0.796,-38000.3,0.055,7.61
G_WIDE,VOL_PRICE,SHORT,sym_oi,flat,TEST,14120,153.48,0.436,-0.0845,0.97663,-20382.6,-221.55,0.939,-0.794,-32014.3,0.048,7.43
G_WIDE,VOL_PRICE,SHORT,sym_oi,flat,HOLDOUT,8814,146.9,0.412,-0.1648,0.99996,-34634.3,-577.24,0.904,-0.812,-40423.6,0.053,7.77
G_WIDE,PULLBACK_CONT,LONG,sym_funding,neg,TRAIN,15120,82.17,0.395,-0.1339,0.99998,-44699.9,-242.93,0.881,-0.804,-56464.2,0.079,6.47
G_WIDE,PULLBACK_CONT,LONG,sym_funding,neg,VALID,9830,110.45,0.416,-0.0799,0.9676,-18938.4,-212.79,0.883,-0.774,-20809.4,0.062,6.9
G_WIDE,PULLBACK_CONT,LONG,sym_funding,neg,TEST,6280,68.26,0.404,-0.1177,0.99957,-7983.1,-86.77,0.895,-0.799,-14500.7,0.095,6.47
G_WIDE,PULLBACK_CONT,LONG,sym_funding,neg,HOLDOUT,1310,21.83,0.395,-0.179,0.99943,-2824.8,-47.08,0.88,-0.83,-5437.7,0.161,3.52
G_WIDE,MTF_BRK,SHORT,sym_oi,flat,TRAIN,33867,184.06,0.41,-0.1057,0.99756,-88129.5,-478.96,0.959,-0.813,-102357.1,0.042,7.81
G_WIDE,MTF_BRK,SHORT,sym_oi,flat,VALID,17594,197.69,0.427,-0.0778,0.93738,-26335.3,-295.9,0.961,-0.816,-55679.3,0.042,8.31
G_WIDE,MTF_BRK,SHORT,sym_oi,flat,TEST,18124,197.0,0.42,-0.1001,0.99121,-30341.3,-329.8,0.973,-0.818,-44589.2,0.043,8.45
G_WIDE,MTF_BRK,SHORT,sym_oi,flat,HOLDOUT,10004,166.73,0.389,-0.2031,1.0,-35349.1,-589.15,0.944,-0.845,-40545.6,0.049,8.25
G_WIDE,EARLY_BRK,SHORT,sym_funding,neg,TRAIN,11889,64.61,0.435,-0.0757,0.98058,-11875.6,-64.54,0.985,-0.812,-22582.2,0.104,6.72
G_WIDE,EARLY_BRK,SHORT,sym_funding,neg,VALID,9379,105.38,0.435,-0.0728,0.94203,-13014.4,-146.23,0.972,-0.821,-24825.2,0.066,6.93
G_WIDE,EARLY_BRK,SHORT,sym_funding,neg,TEST,6236,67.78,0.426,-0.1115,0.99337,-10779.6,-117.17,0.986,-0.811,-11132.1,0.108,7.35
G_WIDE,EARLY_BRK,SHORT,sym_funding,neg,HOLDOUT,1451,24.18,0.41,-0.1956,0.99961,-2250.3,-37.5,0.992,-0.822,-3408.2,0.153,3.7
G_WIDE,MTF_BRK,SHORT,sym_funding,neg,TRAIN,13002,70.66,0.394,-0.1476,0.99995,-58809.9,-319.62,0.923,-0.827,-64942.3,0.093,6.58
G_WIDE,MTF_BRK,SHORT,sym_funding,neg,VALID,9063,101.83,0.415,-0.1117,0.98229,-25427.7,-285.7,0.943,-0.826,-40451.4,0.073,7.39
G_WIDE,MTF_BRK,SHORT,sym_funding,neg,TEST,6013,65.36,0.417,-0.1023,0.97948,-7153.5,-77.76,0.964,-0.806,-14284.3,0.11,7.17
G_WIDE,MTF_BRK,SHORT,sym_funding,neg,HOLDOUT,1197,19.95,0.371,-0.2584,1.0,-4640.3,-77.34,0.919,-0.844,-5087.3,0.176,3.52
G_WIDE,PULLBACK_CONT,LONG,sym_oi,up,TRAIN,6758,36.73,0.423,-0.0218,0.77571,3359.0,18.26,0.897,-0.752,-23241.0,0.153,5.62
G_WIDE,PULLBACK_CONT,LONG,sym_oi,up,VALID,3474,39.03,0.411,-0.0457,0.88213,-2046.2,-22.99,0.893,-0.733,-11159.5,0.139,5.44
G_WIDE,PULLBACK_CONT,LONG,sym_oi,up,TEST,3179,34.55,0.431,-0.0165,0.69829,7055.3,76.69,0.872,-0.741,-13024.6,0.158,5.46
G_WIDE,PULLBACK_CONT,LONG,sym_oi,up,HOLDOUT,3091,51.52,0.515,0.1938,2e-05,30351.4,505.86,0.988,-0.715,-8834.9,0.114,5.88
G_WIDE,ANY,LONG,sym_oi,up,TRAIN,16655,90.52,0.419,-0.0284,0.90525,6452.1,35.07,0.898,-0.763,-46759.6,0.077,6.93
G_WIDE,ANY,LONG,sym_oi,up,VALID,8528,95.82,0.401,-0.0704,0.99114,-21328.1,-239.64,0.888,-0.764,-31501.1,0.077,7.37
G_WIDE,ANY,LONG,sym_oi,up,TEST,7795,84.73,0.415,-0.0528,0.98725,4750.3,51.63,0.878,-0.77,-30600.7,0.081,6.87
G_WIDE,ANY,LONG,sym_oi,up,HOLDOUT,7738,128.97,0.496,0.1606,7e-05,74091.0,1234.85,1.0,-0.769,-22469.1,0.059,7.63
G_WIDE,MTF_BRK,LONG,sym_funding,base,TRAIN,26474,143.88,0.394,-0.1434,1.0,-92985.5,-505.36,0.909,-0.816,-112602.7,0.058,8.34
G_WIDE,MTF_BRK,LONG,sym_funding,base,VALID,11748,132.0,0.391,-0.1261,0.99949,-35823.1,-402.51,0.924,-0.803,-38352.1,0.063,8.34
G_WIDE,MTF_BRK,LONG,sym_funding,base,TEST,13869,150.75,0.387,-0.1651,1.0,-42826.5,-465.51,0.902,-0.82,-53979.8,0.056,8.4
G_WIDE,MTF_BRK,LONG,sym_funding,base,HOLDOUT,6106,101.77,0.47,0.0575,0.23708,22790.4,379.84,1.031,-0.825,-28969.3,0.047,4.77
G_WIDE,BRK_4H,LONG,sym_funding,hot,TRAIN,2857,15.53,0.408,-0.0707,0.99747,-4516.5,-24.55,0.933,-0.826,-11857.7,0.384,5.97
G_WIDE,BRK_4H,LONG,sym_funding,hot,VALID,1510,16.97,0.436,0.0063,0.43226,-1597.4,-17.95,1.006,-0.807,-5390.6,0.346,5.88
G_WIDE,BRK_4H,LONG,sym_funding,hot,TEST,1825,19.84,0.418,-0.0331,0.84581,1719.2,18.69,0.965,-0.831,-6632.2,0.323,6.4
G_WIDE,BRK_4H,LONG,sym_funding,hot,HOLDOUT,796,13.27,0.41,-0.0391,0.75674,-951.1,-15.85,0.98,-0.962,-7246.5,0.305,4.05
G_WIDE,EARLY_BRK,LONG,sym_funding,hot,TRAIN,880,4.78,0.367,-0.1889,0.99999,-3761.0,-20.44,0.926,-0.892,-4703.5,0.672,3.21
G_WIDE,EARLY_BRK,LONG,sym_funding,hot,VALID,336,3.78,0.414,-0.06,0.79226,-287.0,-3.22,1.021,-0.873,-1511.2,0.693,2.62
G_WIDE,EARLY_BRK,LONG,sym_funding,hot,TEST,610,6.63,0.428,-0.0232,0.67432,-370.5,-4.03,1.011,-0.854,-1580.9,0.607,4.02
G_WIDE,EARLY_BRK,LONG,sym_funding,hot,HOLDOUT,281,4.68,0.427,-0.0236,0.60882,-220.5,-3.68,1.037,-0.907,-830.8,0.591,2.77
G_WIDE,MTF_BRK,LONG,sym_funding,hot,TRAIN,1587,8.62,0.425,-0.017,0.69178,433.1,2.35,0.949,-0.808,-6932.2,0.498,4.29
G_WIDE,MTF_BRK,LONG,sym_funding,hot,VALID,903,10.15,0.443,0.0278,0.26647,-1986.1,-22.32,1.026,-0.782,-6134.9,0.452,4.58
G_WIDE,MTF_BRK,LONG,sym_funding,hot,TEST,1047,11.38,0.424,-0.0181,0.65756,1067.7,11.61,0.973,-0.814,-6690.3,0.395,4.5
G_WIDE,MTF_BRK,LONG,sym_funding,hot,HOLDOUT,465,7.75,0.417,-0.0275,0.64003,749.1,12.48,0.992,-1.004,-5142.2,0.419,3.25
G_WIDE,BRK_24H,LONG,sym_funding,base,TRAIN,19262,104.68,0.395,-0.1336,0.99992,-68353.2,-371.48,0.9,-0.802,-82520.0,0.075,7.86
G_WIDE,BRK_24H,LONG,sym_funding,base,VALID,8423,94.64,0.391,-0.1208,0.99748,-24662.4,-277.11,0.924,-0.798,-28662.3,0.086,8.11
G_WIDE,BRK_24H,LONG,sym_funding,base,TEST,9670,105.11,0.392,-0.1478,1.0,-26495.6,-288.0,0.887,-0.811,-34590.4,0.076,8.03
G_WIDE,BRK_24H,LONG,sym_funding,base,HOLDOUT,4358,72.63,0.478,0.0862,0.1598,19933.3,332.22,1.042,-0.842,-21524.5,0.065,4.75
G_WIDE,TREND_TRANS,LONG,sym_funding,hot,TRAIN,920,5.0,0.396,-0.0937,0.98883,-118.0,-0.64,0.925,-0.817,-2704.8,0.73,3.65
G_WIDE,TREND_TRANS,LONG,sym_funding,hot,VALID,472,5.3,0.432,-0.0009,0.50626,1333.0,14.98,0.952,-0.788,-1478.1,0.693,3.67
G_WIDE,TREND_TRANS,LONG,sym_funding,hot,TEST,582,6.33,0.4,-0.0972,0.98065,-1704.4,-18.53,0.913,-0.846,-3454.3,0.655,4.14
G_WIDE,TREND_TRANS,LONG,sym_funding,hot,HOLDOUT,249,4.15,0.422,0.0092,0.4553,-569.4,-9.49,1.003,-0.94,-1613.0,0.631,2.62
G_WIDE,SWEEP_RECLAIM,SHORT,sym_funding,base,TRAIN,21375,116.17,0.462,-0.0167,0.68633,5454.5,29.64,0.919,-0.783,-31600.8,0.063,7.34
G_WIDE,SWEEP_RECLAIM,SHORT,sym_funding,base,VALID,9256,104.0,0.464,-0.0293,0.76183,-5909.0,-66.39,0.89,-0.793,-25884.9,0.073,7.61
G_WIDE,SWEEP_RECLAIM,SHORT,sym_funding,base,TEST,10763,116.99,0.465,-0.0357,0.85692,-12259.5,-133.25,0.918,-0.773,-21276.8,0.062,7.28
G_WIDE,SWEEP_RECLAIM,SHORT,sym_funding,base,HOLDOUT,4608,76.8,0.385,-0.2177,0.99931,-30178.6,-502.98,0.889,-0.848,-46100.9,0.057,4.38
G_WIDE,FUNDING_SQUEEZE,LONG,ALL,ALL,TRAIN,4048,22.0,0.401,-0.0519,0.95151,6855.9,37.26,0.928,-0.804,-8147.5,0.271,5.95
G_WIDE,FUNDING_SQUEEZE,LONG,ALL,ALL,VALID,2559,28.75,0.383,-0.1073,0.99715,-12033.0,-135.2,0.888,-0.832,-13009.4,0.244,7.01
G_WIDE,FUNDING_SQUEEZE,LONG,ALL,ALL,TEST,947,10.29,0.401,-0.0494,0.81268,191.8,2.08,0.938,-0.823,-5106.8,0.431,4.43
G_WIDE,FUNDING_SQUEEZE,LONG,ALL,ALL,HOLDOUT,293,4.88,0.365,-0.1091,0.9325,-1365.7,-22.76,0.868,-0.896,-2218.1,0.468,2.28
G_WIDE,FUNDING_SQUEEZE,LONG,sym_funding,neg,TRAIN,4048,22.0,0.401,-0.0519,0.95151,6855.9,37.26,0.928,-0.804,-8147.5,0.271,5.95
G_WIDE,FUNDING_SQUEEZE,LONG,sym_funding,neg,VALID,2559,28.75,0.383,-0.1073,0.99715,-12033.0,-135.2,0.888,-0.832,-13009.4,0.244,7.01
G_WIDE,FUNDING_SQUEEZE,LONG,sym_funding,neg,TEST,947,10.29,0.401,-0.0494,0.81268,191.8,2.08,0.938,-0.823,-5106.8,0.431,4.43
G_WIDE,FUNDING_SQUEEZE,LONG,sym_funding,neg,HOLDOUT,293,4.88,0.365,-0.1091,0.9325,-1365.7,-22.76,0.868,-0.896,-2218.1,0.468,2.28
G_WIDE,FUNDING_SQUEEZE,LONG,sym_oi,flat,TRAIN,2493,13.55,0.392,-0.1027,0.99523,-6819.8,-37.06,0.929,-0.82,-10242.2,0.356,4.83
G_WIDE,FUNDING_SQUEEZE,LONG,sym_oi,flat,VALID,1828,20.54,0.384,-0.128,0.99723,-7214.5,-81.06,0.891,-0.844,-8037.7,0.298,6.12
G_WIDE,FUNDING_SQUEEZE,LONG,sym_oi,flat,TEST,609,6.62,0.412,-0.0402,0.72296,612.5,6.66,0.97,-0.81,-1988.4,0.473,3.13
G_WIDE,FUNDING_SQUEEZE,LONG,sym_oi,flat,HOLDOUT,197,3.28,0.381,-0.0898,0.83514,-1072.1,-17.87,0.888,-0.92,-1418.4,0.523,1.72
G_WIDE,OI_BUILD_BRK,LONG,sym_funding,hot,TRAIN,1242,6.75,0.421,-0.0125,0.63888,-77.9,-0.42,0.938,-0.781,-6923.9,0.563,3.8
G_WIDE,OI_BUILD_BRK,LONG,sym_funding,hot,VALID,769,8.64,0.456,0.0592,0.11467,594.2,6.68,0.991,-0.768,-5448.2,0.505,4.36
G_WIDE,OI_BUILD_BRK,LONG,sym_funding,hot,TEST,712,7.74,0.42,-0.0125,0.59931,3862.9,41.99,0.957,-0.828,-5823.8,0.486,3.76
G_WIDE,OI_BUILD_BRK,LONG,sym_funding,hot,HOLDOUT,301,5.02,0.395,-0.0527,0.73467,-402.1,-6.7,0.916,-0.891,-5615.4,0.558,2.8
G_WIDE,BRK_4H,SHORT,sym_funding,hot,TRAIN,2748,14.93,0.446,-0.0275,0.83264,-4916.6,-26.72,0.915,-0.834,-7974.1,0.36,5.37
G_WIDE,BRK_4H,SHORT,sym_funding,hot,VALID,1286,14.45,0.435,-0.0324,0.79725,-3883.3,-43.63,0.944,-0.828,-6134.6,0.367,5.3
G_WIDE,BRK_4H,SHORT,sym_funding,hot,TEST,1615,17.55,0.45,-0.011,0.62615,-2810.8,-30.55,0.951,-0.811,-5025.7,0.337,5.91
G_WIDE,BRK_4H,SHORT,sym_funding,hot,HOLDOUT,745,12.42,0.408,-0.1466,0.99851,-4625.9,-77.1,0.89,-0.91,-7404.5,0.271,3.37
G_WIDE,EARLY_BRK,SHORT,sym_funding,hot,TRAIN,1039,5.65,0.452,-0.0145,0.63205,17.7,0.1,0.994,-0.849,-1402.0,0.598,3.38
G_WIDE,EARLY_BRK,SHORT,sym_funding,hot,VALID,350,3.93,0.397,-0.1232,0.96722,-1670.2,-18.77,0.933,-0.881,-2525.1,0.731,2.88
G_WIDE,EARLY_BRK,SHORT,sym_funding,hot,TEST,665,7.23,0.439,-0.0277,0.6995,103.8,1.13,1.028,-0.832,-1779.0,0.552,3.99
G_WIDE,EARLY_BRK,SHORT,sym_funding,hot,HOLDOUT,302,5.03,0.387,-0.2034,0.99519,-1646.9,-27.45,0.913,-1.05,-2422.7,0.497,2.5
G_WIDE,EARLY_BRK,SHORT,sym_oi,down,TRAIN,1065,5.79,0.452,-0.0097,0.57226,-43.2,-0.23,0.978,-0.791,-2180.6,0.587,3.4
G_WIDE,EARLY_BRK,SHORT,sym_oi,down,VALID,597,6.71,0.452,-0.0228,0.63792,-351.6,-3.95,0.978,-0.821,-2184.1,0.578,3.88
G_WIDE,EARLY_BRK,SHORT,sym_oi,down,TEST,462,5.02,0.42,-0.09,0.86854,-1121.9,-12.19,0.969,-0.842,-1314.3,0.613,3.08
G_WIDE,EARLY_BRK,SHORT,sym_oi,down,HOLDOUT,236,3.93,0.381,-0.1578,0.96617,-1113.8,-18.56,0.969,-0.824,-1265.5,0.686,2.7
G_WIDE,TREND_TRANS,SHORT,sym_funding,neg,TRAIN,6531,35.49,0.455,-0.0396,0.86,-2857.9,-15.53,0.946,-0.779,-13121.0,0.17,6.04
G_WIDE,TREND_TRANS,SHORT,sym_funding,neg,VALID,4262,47.89,0.444,-0.0461,0.83918,-6207.4,-69.75,0.937,-0.776,-9042.6,0.138,6.6
G_WIDE,TREND_TRANS,SHORT,sym_funding,neg,TEST,2870,31.2,0.422,-0.1218,0.99044,-10551.4,-114.69,0.926,-0.797,-11609.0,0.209,6.52
G_WIDE,TREND_TRANS,SHORT,sym_funding,neg,HOLDOUT,675,11.25,0.431,-0.1298,0.98374,-416.2,-6.94,0.929,-0.783,-1735.6,0.295,3.32
G_WIDE,OI_COVER,SHORT,ALL,ALL,TRAIN,20570,111.79,0.456,-0.024,0.75737,-43484.1,-236.33,0.895,-0.745,-55662.1,0.055,6.17
G_WIDE,OI_COVER,SHORT,ALL,ALL,VALID,9427,105.92,0.447,-0.0766,0.95572,-31025.7,-348.6,0.82,-0.748,-50907.4,0.056,5.93
G_WIDE,OI_COVER,SHORT,ALL,ALL,TEST,10500,114.13,0.452,-0.0527,0.89328,-16449.7,-178.8,0.845,-0.751,-30215.5,0.055,6.28
G_WIDE,OI_COVER,SHORT,ALL,ALL,HOLDOUT,7107,118.45,0.406,-0.1844,1.0,-55979.1,-932.98,0.739,-0.779,-58887.1,0.049,5.82
G_WIDE,OI_COVER,SHORT,sym_funding,base,TRAIN,13164,71.54,0.457,-0.0095,0.59844,-20057.8,-109.01,0.911,-0.741,-31968.7,0.085,6.1
G_WIDE,OI_COVER,SHORT,sym_funding,base,VALID,5442,61.15,0.456,-0.0533,0.88109,-12328.4,-138.52,0.835,-0.741,-23734.0,0.101,6.17
G_WIDE,OI_COVER,SHORT,sym_funding,base,TEST,7120,77.39,0.458,-0.0347,0.78742,-5332.0,-57.96,0.859,-0.751,-22655.9,0.08,6.18
G_WIDE,OI_COVER,SHORT,sym_funding,base,HOLDOUT,2220,37.0,0.419,-0.1821,0.9967,-14094.7,-234.91,0.722,-0.784,-16707.0,0.082,3.03
G_WIDE,OI_COVER,SHORT,sym_oi,flat,TRAIN,13940,75.76,0.454,-0.0153,0.64404,-14926.9,-81.12,0.928,-0.745,-36912.9,0.082,6.23
G_WIDE,OI_COVER,SHORT,sym_oi,flat,VALID,6232,70.02,0.434,-0.0853,0.93903,-19832.1,-222.83,0.827,-0.759,-32250.6,0.086,6.0
G_WIDE,OI_COVER,SHORT,sym_oi,flat,TEST,7191,78.16,0.451,-0.0435,0.8167,-8279.9,-90.0,0.872,-0.758,-25537.7,0.076,5.96
G_WIDE,OI_COVER,SHORT,sym_oi,flat,HOLDOUT,4636,77.27,0.386,-0.2166,1.0,-41609.5,-693.49,0.736,-0.793,-44129.7,0.074,5.68
G_WIDE,ACCEL,SHORT,ALL,ALL,TRAIN,21388,116.24,0.446,-0.0475,0.87098,-31589.6,-171.68,0.932,-0.775,-44683.0,0.059,6.82
G_WIDE,ACCEL,SHORT,ALL,ALL,VALID,11649,130.89,0.426,-0.1015,0.97137,-39367.5,-442.33,0.872,-0.794,-60248.9,0.055,7.15
G_WIDE,ACCEL,SHORT,ALL,ALL,TEST,12394,134.72,0.447,-0.0623,0.90735,-14859.8,-161.52,0.921,-0.772,-20885.9,0.052,7.05
G_WIDE,ACCEL,SHORT,ALL,ALL,HOLDOUT,7961,132.68,0.4,-0.2023,0.99999,-46798.2,-779.97,0.833,-0.806,-55485.5,0.051,6.8
G_WIDE,ACCEL,SHORT,sym_funding,base,TRAIN,14492,78.76,0.45,-0.0298,0.7392,-5347.5,-29.06,0.952,-0.77,-25383.0,0.085,6.7
G_WIDE,ACCEL,SHORT,sym_funding,base,VALID,6574,73.87,0.428,-0.0946,0.95487,-21497.3,-241.54,0.873,-0.79,-32742.1,0.092,6.82
G_WIDE,ACCEL,SHORT,sym_funding,base,TEST,8634,93.85,0.453,-0.0526,0.85997,-4800.4,-52.18,0.926,-0.772,-15325.0,0.075,7.01
G_WIDE,ACCEL,SHORT,sym_funding,base,HOLDOUT,2913,48.55,0.411,-0.1879,0.99942,-13763.8,-229.4,0.822,-0.805,-16907.4,0.07,3.4
G_WIDE,ACCEL,SHORT,sym_oi,flat,TRAIN,17395,94.54,0.441,-0.0504,0.85863,-17624.0,-95.78,0.949,-0.775,-35107.7,0.071,6.68
G_WIDE,ACCEL,SHORT,sym_oi,flat,VALID,9414,105.78,0.42,-0.1083,0.96476,-27331.0,-307.09,0.887,-0.804,-40142.7,0.069,7.26
G_WIDE,ACCEL,SHORT,sym_oi,flat,TEST,10183,110.68,0.45,-0.051,0.83166,-4291.9,-46.65,0.947,-0.774,-16285.2,0.064,7.11
G_WIDE,ACCEL,SHORT,sym_oi,flat,HOLDOUT,6348,105.8,0.396,-0.2088,0.99997,-31725.3,-528.76,0.857,-0.814,-39517.0,0.068,7.15
G_WIDE,BRK_24H,SHORT,sym_oi,flat,TRAIN,23088,125.48,0.399,-0.1295,0.99841,-85229.2,-463.2,0.942,-0.807,-100448.3,0.056,6.99
G_WIDE,BRK_24H,SHORT,sym_oi,flat,VALID,12198,137.06,0.409,-0.1267,0.98498,-37232.1,-418.34,0.925,-0.821,-51386.0,0.058,7.96
G_WIDE,BRK_24H,SHORT,sym_oi,flat,TEST,11043,120.03,0.414,-0.1218,0.99317,-26067.1,-283.34,0.937,-0.815,-32838.2,0.067,7.99
G_WIDE,BRK_24H,SHORT,sym_oi,flat,HOLDOUT,6001,100.02,0.386,-0.2142,0.99995,-23026.9,-383.78,0.925,-0.835,-27149.6,0.075,7.5
G_WIDE,OI_COVER,SHORT,sym_funding,neg,TRAIN,5978,32.49,0.447,-0.0628,0.936,-24628.3,-133.85,0.881,-0.746,-29926.9,0.161,5.23
G_WIDE,OI_COVER,SHORT,sym_funding,neg,VALID,3127,35.13,0.431,-0.129,0.97916,-13435.5,-150.96,0.796,-0.752,-25058.5,0.155,5.45
G_WIDE,OI_COVER,SHORT,sym_funding,neg,TEST,2544,27.65,0.428,-0.1106,0.97312,-6586.6,-71.59,0.816,-0.756,-11678.3,0.19,5.25
G_WIDE,OI_COVER,SHORT,sym_funding,neg,HOLDOUT,444,7.4,0.466,-0.0974,0.96025,-534.6,-8.91,0.776,-0.716,-2590.7,0.345,2.55
G_WIDE,MTF_BRK,SHORT,sym_funding,hot,TRAIN,1167,6.34,0.436,-0.0264,0.731,-1045.1,-5.68,0.949,-0.872,-3127.2,0.506,3.21
G_WIDE,MTF_BRK,SHORT,sym_funding,hot,VALID,554,6.22,0.442,0.0114,0.42588,797.3,8.96,1.031,-0.84,-1717.6,0.529,3.29
G_WIDE,MTF_BRK,SHORT,sym_funding,hot,TEST,689,7.49,0.457,-0.0015,0.51088,-634.9,-6.9,0.999,-0.833,-2363.3,0.491,3.67
G_WIDE,MTF_BRK,SHORT,sym_funding,hot,HOLDOUT,291,4.85,0.412,-0.1233,0.94273,-1345.8,-22.43,0.948,-0.944,-3120.2,0.512,2.48
G_WIDE,SWEEP_RECLAIM,LONG,sym_oi,flat,TRAIN,26446,143.73,0.437,-0.064,0.95249,-31812.9,-172.9,0.909,-0.837,-48244.6,0.051,7.27
G_WIDE,SWEEP_RECLAIM,LONG,sym_oi,flat,VALID,13328,149.75,0.434,-0.0548,0.85394,-15882.3,-178.45,0.927,-0.806,-43479.6,0.056,8.4
G_WIDE,SWEEP_RECLAIM,LONG,sym_oi,flat,TEST,12447,135.29,0.432,-0.0769,0.96277,-17087.8,-185.74,0.933,-0.831,-28298.4,0.059,8.04
G_WIDE,SWEEP_RECLAIM,LONG,sym_oi,flat,HOLDOUT,7094,118.23,0.447,-0.0474,0.83186,-5604.9,-93.41,0.944,-0.839,-16697.7,0.068,8.07
G_WIDE,OI_COVER,SHORT,sym_oi,down,TRAIN,3906,21.23,0.434,-0.0503,0.8774,-15865.7,-86.23,0.898,-0.786,-21539.7,0.242,5.14
G_WIDE,OI_COVER,SHORT,sym_oi,down,VALID,1603,18.01,0.424,-0.0916,0.91451,-6701.2,-75.29,0.887,-0.789,-15533.0,0.308,5.54
G_WIDE,OI_COVER,SHORT,sym_oi,down,TEST,1913,20.79,0.436,-0.0849,0.87942,775.2,8.43,0.837,-0.773,-8057.0,0.227,4.73
G_WIDE,OI_COVER,SHORT,sym_oi,down,HOLDOUT,1108,18.47,0.43,-0.1207,0.98111,-625.5,-10.43,0.829,-0.782,-8244.3,0.273,5.05
G_WIDE,BRK_24H,SHORT,sym_funding,hot,TRAIN,775,4.21,0.437,-0.0362,0.75546,-1262.6,-6.86,0.922,-0.842,-4388.1,0.586,2.47
G_WIDE,BRK_24H,SHORT,sym_funding,hot,VALID,349,3.92,0.433,-0.0149,0.58329,-543.2,-6.1,0.98,-0.886,-1641.8,0.636,2.49
G_WIDE,BRK_24H,SHORT,sym_funding,hot,TEST,466,5.07,0.47,0.0214,0.36008,492.6,5.35,0.978,-0.811,-2487.6,0.588,2.98
G_WIDE,BRK_24H,SHORT,sym_funding,hot,HOLDOUT,164,2.73,0.433,-0.0448,0.66914,369.9,6.17,0.933,-0.961,-2696.6,0.72,1.97
G_WIDE,CHANGE_POINT,SHORT,ALL,ALL,TRAIN,14627,79.49,0.49,0.0266,0.27175,16241.1,88.27,0.94,-0.725,-25018.2,0.078,6.17
G_WIDE,CHANGE_POINT,SHORT,ALL,ALL,VALID,7983,89.7,0.442,-0.0929,0.95047,-28431.7,-319.46,0.826,-0.762,-39095.3,0.068,6.08
G_WIDE,CHANGE_POINT,SHORT,ALL,ALL,TEST,8391,91.21,0.456,-0.0607,0.89786,-14447.5,-157.04,0.89,-0.75,-17510.9,0.069,6.33
G_WIDE,CHANGE_POINT,SHORT,ALL,ALL,HOLDOUT,6066,101.1,0.39,-0.2369,1.0,-53347.6,-889.13,0.771,-0.793,-55617.8,0.061,6.22
G_WIDE,CHANGE_POINT,SHORT,sym_funding,base,TRAIN,9834,53.45,0.491,0.0383,0.21769,22292.6,121.16,0.952,-0.724,-17438.1,0.118,6.32
G_WIDE,CHANGE_POINT,SHORT,sym_funding,base,VALID,4595,51.63,0.455,-0.0666,0.87157,-11940.7,-134.17,0.835,-0.755,-19470.6,0.121,6.27
G_WIDE,CHANGE_POINT,SHORT,sym_funding,base,TEST,5874,63.85,0.462,-0.0475,0.82788,-5860.2,-63.7,0.893,-0.748,-12036.0,0.1,6.41
G_WIDE,CHANGE_POINT,SHORT,sym_funding,base,HOLDOUT,2319,38.65,0.403,-0.1986,0.99573,-15775.0,-262.92,0.778,-0.783,-19106.4,0.084,3.23
G_WIDE,CHANGE_POINT,SHORT,sym_oi,flat,TRAIN,11372,61.8,0.486,0.0338,0.25554,20250.0,110.05,0.969,-0.726,-20238.7,0.103,6.36
G_WIDE,CHANGE_POINT,SHORT,sym_oi,flat,VALID,6170,69.33,0.438,-0.0932,0.92945,-14800.5,-166.3,0.847,-0.765,-21914.1,0.089,6.2
G_WIDE,CHANGE_POINT,SHORT,sym_oi,flat,TEST,6676,72.57,0.458,-0.0475,0.81179,-5756.2,-62.57,0.921,-0.751,-14031.6,0.087,6.29
G_WIDE,CHANGE_POINT,SHORT,sym_oi,flat,HOLDOUT,4641,77.35,0.377,-0.2585,1.0,-37243.5,-620.73,0.788,-0.803,-39201.7,0.087,6.72
G_WIDE,SQUEEZE_EXP,SHORT,ALL,ALL,TRAIN,20242,110.01,0.429,-0.0882,0.98967,-37038.3,-201.3,0.926,-0.814,-43924.8,0.066,7.29
G_WIDE,SQUEEZE_EXP,SHORT,ALL,ALL,VALID,11174,125.55,0.458,-0.0243,0.69787,-10181.2,-114.4,0.966,-0.8,-24109.4,0.06,7.52
G_WIDE,SQUEEZE_EXP,SHORT,ALL,ALL,TEST,11807,128.34,0.409,-0.1559,0.99991,-33284.0,-361.78,0.917,-0.831,-37951.8,0.059,7.57
G_WIDE,SQUEEZE_EXP,SHORT,ALL,ALL,HOLDOUT,7846,130.77,0.382,-0.2467,1.0,-42816.0,-713.6,0.903,-0.842,-43348.3,0.062,8.15
G_WIDE,SQUEEZE_EXP,SHORT,sym_funding,base,TRAIN,13631,74.08,0.43,-0.0878,0.9861,-22097.9,-120.1,0.932,-0.816,-26855.5,0.097,7.2
G_WIDE,SQUEEZE_EXP,SHORT,sym_funding,base,VALID,6638,74.58,0.471,0.0094,0.42247,647.7,7.28,0.98,-0.785,-9960.2,0.097,7.27
G_WIDE,SQUEEZE_EXP,SHORT,sym_funding,base,TEST,8466,92.02,0.41,-0.1529,0.99985,-21506.5,-233.77,0.918,-0.833,-25143.2,0.082,7.54
G_WIDE,SQUEEZE_EXP,SHORT,sym_funding,base,HOLDOUT,3134,52.23,0.409,-0.1976,0.99992,-8721.3,-145.35,0.903,-0.816,-11732.9,0.081,4.25
G_WIDE,SQUEEZE_EXP,SHORT,sym_oi,down,TRAIN,1877,10.2,0.415,-0.1033,0.96903,-9908.0,-53.85,0.875,-0.813,-11051.0,0.443,4.52
G_WIDE,SQUEEZE_EXP,SHORT,sym_oi,down,VALID,904,10.16,0.427,-0.1091,0.96075,-3213.0,-36.1,0.89,-0.822,-4412.5,0.468,4.75
G_WIDE,SQUEEZE_EXP,SHORT,sym_oi,down,TEST,952,10.35,0.349,-0.2625,0.99973,-8842.7,-96.12,0.781,-0.862,-9442.5,0.418,4.33
G_WIDE,SQUEEZE_EXP,SHORT,sym_oi,down,HOLDOUT,570,9.5,0.361,-0.2273,0.99161,-4314.0,-71.9,0.805,-0.835,-6010.3,0.451,4.28
G_WIDE,ACCEL,SHORT,sym_oi,down,TRAIN,2040,11.09,0.438,-0.038,0.75056,-2219.5,-12.06,0.938,-0.833,-6940.4,0.383,4.24
G_WIDE,ACCEL,SHORT,sym_oi,down,VALID,1018,11.44,0.39,-0.1432,0.90579,-9715.5,-109.16,0.85,-0.826,-19117.0,0.415,4.74
G_WIDE,ACCEL,SHORT,sym_oi,down,TEST,1093,11.88,0.399,-0.1427,0.95957,-3325.4,-36.15,0.836,-0.818,-6033.0,0.352,4.18
G_WIDE,ACCEL,SHORT,sym_oi,down,HOLDOUT,526,8.77,0.439,-0.0926,0.93613,1637.5,27.29,0.831,-0.796,-2975.0,0.481,4.22
G_WIDE,CHANGE_POINT,SHORT,sym_oi,down,TRAIN,1197,6.51,0.485,0.0582,0.26137,4159.3,22.6,1.001,-0.776,-2949.8,0.476,3.1
G_WIDE,CHANGE_POINT,SHORT,sym_oi,down,VALID,593,6.66,0.344,-0.2696,0.9638,-11677.6,-131.21,0.741,-0.858,-14889.0,0.553,3.69
G_WIDE,CHANGE_POINT,SHORT,sym_oi,down,TEST,610,6.63,0.415,-0.1294,0.84883,-804.5,-8.74,0.836,-0.81,-3045.0,0.449,2.98
G_WIDE,CHANGE_POINT,SHORT,sym_oi,down,HOLDOUT,335,5.58,0.43,-0.1002,0.92253,-842.2,-14.04,0.805,-0.784,-2895.3,0.537,3.0
G_WIDE,VOL_PRICE,SHORT,sym_oi,down,TRAIN,2616,14.22,0.412,-0.0921,0.97408,-12429.9,-67.55,0.92,-0.846,-13206.7,0.341,4.84
G_WIDE,VOL_PRICE,SHORT,sym_oi,down,VALID,1174,13.19,0.394,-0.14,0.92396,-10626.0,-119.39,0.862,-0.834,-15768.0,0.394,5.2
G_WIDE,VOL_PRICE,SHORT,sym_oi,down,TEST,1261,13.71,0.411,-0.1235,0.98289,-2406.9,-26.16,0.842,-0.8,-6457.9,0.336,4.61
G_WIDE,VOL_PRICE,SHORT,sym_oi,down,HOLDOUT,692,11.53,0.422,-0.1089,0.96427,-1011.9,-16.86,0.893,-0.791,-3142.9,0.387,4.47
G_WIDE,SWEEP_RECLAIM,LONG,sym_funding,neg,TRAIN,10354,56.27,0.447,-0.0219,0.70578,8945.3,48.62,0.924,-0.816,-14737.8,0.107,5.99
G_WIDE,SWEEP_RECLAIM,LONG,sym_funding,neg,VALID,7147,80.3,0.437,-0.043,0.77289,-4861.5,-54.62,0.932,-0.806,-27612.7,0.086,6.92
G_WIDE,SWEEP_RECLAIM,LONG,sym_funding,neg,TEST,4260,46.3,0.444,-0.0462,0.816,-5753.0,-62.53,0.922,-0.811,-10488.6,0.145,6.72
G_WIDE,SWEEP_RECLAIM,LONG,sym_funding,neg,HOLDOUT,851,14.18,0.452,-0.032,0.70991,-1383.5,-23.06,0.941,-0.81,-2781.2,0.229,3.25
G_WIDE,SWEEP_RECLAIM,LONG,sym_funding,hot,TRAIN,776,4.22,0.423,-0.0704,0.91679,-619.7,-3.37,1.016,-0.827,-3282.6,0.597,2.52
G_WIDE,SWEEP_RECLAIM,LONG,sym_funding,hot,VALID,386,4.34,0.417,-0.0493,0.7563,-4128.8,-46.39,0.898,-0.851,-4777.8,0.611,2.65
G_WIDE,SWEEP_RECLAIM,LONG,sym_funding,hot,TEST,518,5.63,0.375,-0.1557,0.99776,-3788.5,-41.18,0.871,-0.883,-5831.4,0.577,3.25
G_WIDE,SWEEP_RECLAIM,LONG,sym_funding,hot,HOLDOUT,214,3.57,0.346,-0.2049,0.99253,-3499.5,-58.32,0.907,-0.928,-3695.9,0.57,2.03
G_WIDE,TREND_TRANS,LONG,sym_oi,down,TRAIN,1601,8.7,0.375,-0.1439,0.98798,-9043.4,-49.15,0.862,-0.832,-11358.2,0.443,3.85
G_WIDE,TREND_TRANS,LONG,sym_oi,down,VALID,767,8.62,0.486,0.1559,0.07841,6402.2,71.93,1.02,-0.74,-2176.7,0.501,4.31
G_WIDE,TREND_TRANS,LONG,sym_oi,down,TEST,628,6.83,0.376,-0.1517,0.97189,-3787.2,-41.17,0.85,-0.826,-5577.5,0.541,3.7
G_WIDE,TREND_TRANS,LONG,sym_oi,down,HOLDOUT,406,6.77,0.419,-0.0306,0.66514,-1256.1,-20.94,0.911,-0.833,-3044.8,0.534,3.62
G_WIDE,BRK_24H,SHORT,sym_funding,neg,TRAIN,9083,49.36,0.384,-0.168,0.99995,-56495.2,-307.04,0.906,-0.823,-61695.5,0.114,5.65
G_WIDE,BRK_24H,SHORT,sym_funding,neg,VALID,6725,75.56,0.403,-0.1413,0.98887,-26440.8,-297.09,0.918,-0.827,-38006.9,0.088,6.65
G_WIDE,BRK_24H,SHORT,sym_funding,neg,TEST,3894,42.33,0.408,-0.1302,0.98757,-9437.8,-102.58,0.918,-0.806,-13321.4,0.143,6.04
G_WIDE,BRK_24H,SHORT,sym_funding,neg,HOLDOUT,774,12.9,0.359,-0.2873,1.0,-3315.8,-55.26,0.905,-0.839,-3535.6,0.222,2.87
G_WIDE,SQUEEZE_EXP,SHORT,sym_oi,flat,TRAIN,16848,91.57,0.427,-0.0936,0.98776,-29136.3,-158.35,0.934,-0.819,-35335.6,0.081,7.41
G_WIDE,SQUEEZE_EXP,SHORT,sym_oi,flat,VALID,9516,106.92,0.461,-0.0128,0.59953,-2432.6,-27.33,0.982,-0.798,-16622.9,0.07,7.48
G_WIDE,SQUEEZE_EXP,SHORT,sym_oi,flat,TEST,10301,111.97,0.412,-0.1479,0.99958,-21456.3,-233.22,0.933,-0.83,-27913.2,0.068,7.58
G_WIDE,SQUEEZE_EXP,SHORT,sym_oi,flat,HOLDOUT,6723,112.05,0.381,-0.2542,1.0,-34242.0,-570.7,0.918,-0.847,-36805.0,0.072,8.07
G_WIDE,SQUEEZE_EXP,SHORT,sym_funding,hot,TRAIN,843,4.58,0.456,-0.0229,0.72574,-2517.8,-13.68,0.923,-0.886,-3335.3,0.716,3.28
G_WIDE,SQUEEZE_EXP,SHORT,sym_funding,hot,VALID,492,5.53,0.421,-0.1215,0.99188,-4070.0,-45.73,0.856,-0.923,-5091.7,0.661,3.65
G_WIDE,SQUEEZE_EXP,SHORT,sym_funding,hot,TEST,556,6.04,0.424,-0.0816,0.94451,-1684.6,-18.31,0.931,-0.82,-3950.4,0.691,4.17
G_WIDE,SQUEEZE_EXP,SHORT,sym_funding,hot,HOLDOUT,257,4.28,0.444,-0.0534,0.77194,-571.9,-9.53,0.93,-0.872,-2544.1,0.615,2.63
G_WIDE,VOL_PRICE,SHORT,sym_funding,hot,TRAIN,1342,7.29,0.458,-0.036,0.84704,-2581.3,-14.03,0.867,-0.798,-4847.7,0.601,4.38
G_WIDE,VOL_PRICE,SHORT,sym_funding,hot,VALID,691,7.76,0.433,-0.067,0.93586,-4349.2,-48.87,0.865,-0.83,-8111.7,0.588,4.56
G_WIDE,VOL_PRICE,SHORT,sym_funding,hot,TEST,927,10.08,0.463,-0.0203,0.69662,-3409.7,-37.06,0.921,-0.778,-4246.9,0.499,5.03
G_WIDE,VOL_PRICE,SHORT,sym_funding,hot,HOLDOUT,424,7.07,0.448,-0.0961,0.94725,-1861.1,-31.02,0.879,-0.878,-3857.8,0.472,3.33
G_WIDE,SQUEEZE_EXP,LONG,ALL,ALL,TRAIN,20698,112.49,0.423,-0.0788,0.98492,-33919.6,-184.35,0.943,-0.801,-50099.7,0.074,8.31
G_WIDE,SQUEEZE_EXP,LONG,ALL,ALL,VALID,11252,126.43,0.404,-0.1148,0.99647,-24462.2,-274.86,0.915,-0.819,-25459.7,0.064,8.13
G_WIDE,SQUEEZE_EXP,LONG,ALL,ALL,TEST,12001,130.45,0.431,-0.0799,0.97063,-4088.7,-44.44,0.954,-0.802,-12594.5,0.067,8.77
G_WIDE,SQUEEZE_EXP,LONG,ALL,ALL,HOLDOUT,7896,131.6,0.462,-0.0102,0.59358,8848.9,147.48,0.983,-0.811,-11549.0,0.065,8.6
G_WIDE,SQUEEZE_EXP,LONG,sym_funding,base,TRAIN,13998,76.08,0.419,-0.0917,0.99194,-26951.0,-146.47,0.942,-0.807,-37781.6,0.103,7.8
G_WIDE,SQUEEZE_EXP,LONG,sym_funding,base,VALID,6761,75.97,0.388,-0.1566,0.99993,-20503.2,-230.37,0.9,-0.83,-20876.8,0.109,8.28
G_WIDE,SQUEEZE_EXP,LONG,sym_funding,base,TEST,8615,93.64,0.425,-0.0999,0.99095,-8162.9,-88.73,0.952,-0.807,-15746.2,0.091,8.57
G_WIDE,SQUEEZE_EXP,LONG,sym_funding,base,HOLDOUT,3231,53.85,0.44,-0.057,0.84316,-2690.6,-44.84,0.964,-0.805,-9123.0,0.084,4.55
G_WIDE,SQUEEZE_EXP,LONG,sym_oi,flat,TRAIN,17395,94.54,0.422,-0.089,0.98767,-30503.4,-165.78,0.946,-0.806,-43332.4,0.084,7.92
G_WIDE,SQUEEZE_EXP,LONG,sym_oi,flat,VALID,9633,108.24,0.399,-0.131,0.99791,-25189.3,-283.03,0.912,-0.824,-25895.2,0.073,7.9
G_WIDE,SQUEEZE_EXP,LONG,sym_oi,flat,TEST,10481,113.92,0.423,-0.1025,0.98969,-12345.1,-134.19,0.949,-0.814,-18180.7,0.077,8.76
G_WIDE,SQUEEZE_EXP,LONG,sym_oi,flat,HOLDOUT,6740,112.33,0.462,-0.0242,0.70081,6335.4,105.59,0.982,-0.813,-9174.8,0.075,8.43
G_WIDE,CAPITULATION_REV,LONG,ALL,ALL,TRAIN,2305,12.53,0.389,-0.2378,0.99753,-15727.9,-85.48,0.693,-0.954,-21681.5,0.275,3.45
G_WIDE,CAPITULATION_REV,LONG,ALL,ALL,VALID,1006,11.3,0.524,0.1763,0.1921,12580.4,141.35,0.97,-0.678,-8244.4,0.335,3.79
G_WIDE,CAPITULATION_REV,LONG,ALL,ALL,TEST,1079,11.73,0.411,-0.1678,0.96108,-6791.8,-73.82,0.822,-0.796,-11020.9,0.317,3.72
G_WIDE,CAPITULATION_REV,LONG,ALL,ALL,HOLDOUT,692,11.53,0.539,0.1368,0.10896,1844.2,30.74,0.856,-0.651,-3145.4,0.319,3.68
G_WIDE,CAPITULATION_REV,LONG,sym_funding,hot,TRAIN,84,0.46,0.393,-0.1157,0.85137,-1722.6,-9.36,0.735,-0.762,-2229.3,1.0,0.46
G_WIDE,CAPITULATION_REV,LONG,sym_funding,hot,VALID,56,0.63,0.304,-0.2622,0.97577,-3946.2,-44.34,0.709,-0.907,-3980.1,1.0,0.63
G_WIDE,CAPITULATION_REV,LONG,sym_funding,hot,TEST,58,0.63,0.466,0.1011,0.23832,2687.6,29.21,0.905,-0.799,-1075.2,0.983,0.62
G_WIDE,CAPITULATION_REV,LONG,sym_funding,hot,HOLDOUT,21,0.35,0.286,-0.1689,0.77159,3.9,0.07,0.742,-0.726,-869.8,1.0,0.35
G_WIDE,CAPITULATION_REV,LONG,sym_oi,flat,TRAIN,1757,9.55,0.367,-0.2767,0.99765,-14524.8,-78.94,0.679,-0.978,-17216.7,0.299,2.85
G_WIDE,CAPITULATION_REV,LONG,sym_oi,flat,VALID,707,7.94,0.489,0.061,0.37583,1821.3,20.46,0.926,-0.719,-5156.7,0.355,2.82
G_WIDE,CAPITULATION_REV,LONG,sym_oi,flat,TEST,800,8.7,0.422,-0.1529,0.93582,-3065.1,-33.32,0.835,-0.803,-4310.9,0.356,3.1
G_WIDE,CAPITULATION_REV,LONG,sym_oi,flat,HOLDOUT,554,9.23,0.551,0.1407,0.13185,1086.0,18.1,0.881,-0.654,-2738.5,0.339,3.13
G_WIDE,CAPITULATION_REV,LONG,sym_funding,base,TRAIN,1544,8.39,0.377,-0.2555,0.99799,-11864.2,-64.48,0.684,-0.976,-15939.7,0.334,2.8
G_WIDE,CAPITULATION_REV,LONG,sym_funding,base,VALID,503,5.65,0.499,0.0884,0.31215,6719.5,75.5,0.916,-0.715,-3644.0,0.471,2.66
G_WIDE,CAPITULATION_REV,LONG,sym_funding,base,TEST,743,8.08,0.416,-0.1696,0.9633,-6194.5,-67.33,0.831,-0.778,-7120.8,0.365,2.95
G_WIDE,CAPITULATION_REV,LONG,sym_funding,base,HOLDOUT,298,4.97,0.55,0.1393,0.18659,313.0,5.22,0.842,-0.587,-2663.2,0.315,1.57
G_WIDE,CAPITULATION_REV,LONG,sym_oi,down,TRAIN,482,2.62,0.459,-0.1274,0.94356,-456.8,-2.48,0.741,-0.915,-5236.6,0.463,1.21
G_WIDE,CAPITULATION_REV,LONG,sym_oi,down,VALID,252,2.83,0.663,0.5951,0.0307,13099.9,147.19,1.163,-0.546,-2765.1,0.433,1.22
G_WIDE,CAPITULATION_REV,LONG,sym_oi,down,TEST,230,2.5,0.361,-0.2444,0.95526,-4303.7,-46.78,0.8,-0.8,-5664.8,0.483,1.21
G_WIDE,CAPITULATION_REV,LONG,sym_oi,down,HOLDOUT,105,1.75,0.505,0.1009,0.20276,271.3,4.52,0.745,-0.638,-1194.7,0.571,1.0
G_WIDE,ACCEL,LONG,ALL,ALL,TRAIN,25118,136.51,0.397,-0.1221,0.99972,-69734.8,-378.99,0.895,-0.8,-101192.4,0.064,8.74
G_WIDE,ACCEL,LONG,ALL,ALL,VALID,13525,151.97,0.442,-0.0118,0.6029,1697.4,19.07,0.946,-0.762,-32032.6,0.056,8.44
G_WIDE,ACCEL,LONG,ALL,ALL,TEST,13397,145.62,0.389,-0.154,0.99999,-35626.5,-387.24,0.875,-0.81,-49442.7,0.058,8.4
G_WIDE,ACCEL,LONG,ALL,ALL,HOLDOUT,9417,156.95,0.453,0.0023,0.47782,21807.6,363.46,0.963,-0.795,-12650.5,0.057,8.92
G_WIDE,ACCEL,LONG,sym_funding,base,TRAIN,16777,91.18,0.403,-0.113,0.99856,-42365.1,-230.25,0.906,-0.799,-57829.3,0.092,8.38
G_WIDE,ACCEL,LONG,sym_funding,base,VALID,7609,85.49,0.427,-0.0443,0.8535,-4832.6,-54.3,0.937,-0.77,-19131.4,0.099,8.44
G_WIDE,ACCEL,LONG,sym_funding,base,TEST,9487,103.12,0.389,-0.1555,0.99999,-30160.7,-327.83,0.876,-0.812,-37622.7,0.082,8.5
G_WIDE,ACCEL,LONG,sym_funding,base,HOLDOUT,3844,64.07,0.457,0.0188,0.38359,8431.5,140.52,0.98,-0.791,-10533.0,0.076,4.85
G_WIDE,ACCEL,LONG,sym_oi,flat,TRAIN,20336,110.52,0.392,-0.1465,0.99987,-88267.1,-479.71,0.894,-0.811,-95354.7,0.076,8.41
G_WIDE,ACCEL,LONG,sym_oi,flat,VALID,11035,123.99,0.441,-0.0264,0.69667,-10303.2,-115.77,0.941,-0.768,-35511.4,0.069,8.55
G_WIDE,ACCEL,LONG,sym_oi,flat,TEST,11176,121.48,0.381,-0.1804,0.99999,-45360.3,-493.05,0.868,-0.821,-50843.4,0.072,8.76
G_WIDE,ACCEL,LONG,sym_oi,flat,HOLDOUT,7322,122.03,0.449,-0.0236,0.69657,7071.4,117.86,0.96,-0.798,-11703.0,0.074,9.03
G_WIDE,SQUEEZE_EXP,LONG,sym_oi,down,TRAIN,1516,8.24,0.449,-0.0024,0.51674,1188.6,6.46,0.916,-0.749,-4909.9,0.467,3.85
G_WIDE,SQUEEZE_EXP,LONG,sym_oi,down,VALID,776,8.72,0.452,0.0331,0.32863,818.1,9.19,0.953,-0.774,-3006.3,0.534,4.65
G_WIDE,SQUEEZE_EXP,LONG,sym_oi,down,TEST,796,8.65,0.521,0.1881,0.04471,5841.1,63.49,1.013,-0.668,-1586.5,0.441,3.82
G_WIDE,SQUEEZE_EXP,LONG,sym_oi,down,HOLDOUT,471,7.85,0.459,0.0544,0.25755,-747.8,-12.46,0.93,-0.787,-4005.0,0.518,4.07
G_WIDE,VOL_PRICE,LONG,ALL,ALL,TRAIN,25112,136.48,0.407,-0.0989,0.99882,-51369.8,-279.18,0.922,-0.808,-66508.8,0.062,8.49
G_WIDE,VOL_PRICE,LONG,ALL,ALL,VALID,13794,154.99,0.444,-0.0028,0.52565,255.5,2.87,0.955,-0.762,-37591.3,0.056,8.62
G_WIDE,VOL_PRICE,LONG,ALL,ALL,TEST,14396,156.48,0.401,-0.1252,0.99999,-29414.2,-319.72,0.893,-0.814,-44698.8,0.055,8.57
G_WIDE,VOL_PRICE,LONG,ALL,ALL,HOLDOUT,9120,152.0,0.455,0.0097,0.39778,23012.6,383.54,0.982,-0.796,-11552.0,0.061,9.32
G_WIDE,VOL_PRICE,LONG,sym_funding,base,TRAIN,17023,92.52,0.409,-0.1014,0.99842,-39107.4,-212.54,0.927,-0.811,-46785.0,0.089,8.23
G_WIDE,VOL_PRICE,LONG,sym_funding,base,VALID,8202,92.16,0.432,-0.035,0.80599,-3389.3,-38.08,0.952,-0.77,-19856.7,0.089,8.17
G_WIDE,VOL_PRICE,LONG,sym_funding,base,TEST,10418,113.24,0.403,-0.1206,0.99998,-24350.4,-264.68,0.897,-0.813,-32966.2,0.073,8.3
G_WIDE,VOL_PRICE,LONG,sym_funding,base,HOLDOUT,3706,61.77,0.455,0.0023,0.48446,5714.6,95.24,0.994,-0.789,-9003.2,0.076,4.68
G_WIDE,VOL_PRICE,LONG,sym_oi,flat,TRAIN,20002,108.71,0.403,-0.1201,0.99934,-59745.2,-324.7,0.922,-0.816,-66503.8,0.078,8.46
G_WIDE,VOL_PRICE,LONG,sym_oi,flat,VALID,11098,124.7,0.443,-0.0175,0.64578,-10152.9,-114.08,0.953,-0.769,-34147.7,0.067,8.33
G_WIDE,VOL_PRICE,LONG,sym_oi,flat,TEST,11814,128.41,0.395,-0.1498,1.0,-36478.3,-396.5,0.887,-0.824,-43298.4,0.065,8.35
G_WIDE,VOL_PRICE,LONG,sym_oi,flat,HOLDOUT,6948,115.8,0.449,-0.0209,0.69004,3574.2,59.57,0.983,-0.803,-11623.5,0.078,8.98
G_WIDE,PULLBACK_CONT,LONG,sym_oi,down,TRAIN,2200,11.96,0.362,-0.1706,0.99639,-11069.3,-60.16,0.839,-0.844,-15459.5,0.314,3.76
G_WIDE,PULLBACK_CONT,LONG,sym_oi,down,VALID,949,10.66,0.414,-0.0264,0.58725,56.0,0.63,0.918,-0.775,-3695.9,0.362,3.87
G_WIDE,PULLBACK_CONT,LONG,sym_oi,down,TEST,794,8.63,0.329,-0.2537,0.99993,-4599.2,-49.99,0.803,-0.856,-7152.4,0.408,3.52
G_WIDE,PULLBACK_CONT,LONG,sym_oi,down,HOLDOUT,476,7.93,0.366,-0.1573,0.98568,-3292.4,-54.87,0.828,-0.883,-4673.9,0.454,3.6
G_WIDE,ACCEL,SHORT,sym_funding,hot,TRAIN,948,5.15,0.46,-0.057,0.94021,-2823.6,-15.35,0.827,-0.773,-4416.3,0.686,3.53
G_WIDE,ACCEL,SHORT,sym_funding,hot,VALID,554,6.22,0.439,-0.0669,0.92786,-2657.2,-29.86,0.839,-0.812,-4900.9,0.623,3.88
G_WIDE,ACCEL,SHORT,sym_funding,hot,TEST,656,7.13,0.466,-0.0214,0.68511,-3633.7,-39.5,0.89,-0.739,-4530.5,0.616,4.39
G_WIDE,ACCEL,SHORT,sym_funding,hot,HOLDOUT,308,5.13,0.468,-0.0761,0.90868,595.2,9.92,0.875,-0.824,-1498.6,0.542,2.78
G_WIDE,CHANGE_POINT,LONG,ALL,ALL,TRAIN,16345,88.83,0.412,-0.1056,0.99534,-51407.9,-279.39,0.855,-0.777,-62008.6,0.089,7.91
G_WIDE,CHANGE_POINT,LONG,ALL,ALL,VALID,7618,85.6,0.451,-0.0062,0.54675,9734.5,109.38,0.927,-0.746,-18123.3,0.095,8.15
G_WIDE,CHANGE_POINT,LONG,ALL,ALL,TEST,8122,88.28,0.408,-0.1171,0.9971,-19110.6,-207.72,0.845,-0.784,-27439.6,0.089,7.83
G_WIDE,CHANGE_POINT,LONG,ALL,ALL,HOLDOUT,5509,91.82,0.448,-0.0137,0.61325,4966.5,82.78,0.922,-0.781,-12296.4,0.092,8.42
G_WIDE,CHANGE_POINT,LONG,sym_funding,base,TRAIN,10919,59.34,0.409,-0.1129,0.99586,-38554.1,-209.53,0.856,-0.782,-42763.2,0.127,7.57
G_WIDE,CHANGE_POINT,LONG,sym_funding,base,VALID,4211,47.31,0.438,-0.0321,0.74706,2343.2,26.33,0.931,-0.758,-10281.0,0.162,7.66
G_WIDE,CHANGE_POINT,LONG,sym_funding,base,TEST,5684,61.78,0.406,-0.1177,0.9969,-14988.7,-162.92,0.851,-0.785,-20086.6,0.133,8.24
G_WIDE,CHANGE_POINT,LONG,sym_funding,base,HOLDOUT,2147,35.78,0.464,0.013,0.4286,2585.8,43.1,0.957,-0.76,-6261.8,0.124,4.45
G_WIDE,CHANGE_POINT,LONG,sym_oi,flat,TRAIN,13243,71.97,0.409,-0.1195,0.99482,-52032.0,-282.78,0.853,-0.784,-58926.2,0.105,7.58
G_WIDE,CHANGE_POINT,LONG,sym_oi,flat,VALID,6123,68.8,0.444,-0.0343,0.71854,-5270.8,-59.22,0.914,-0.757,-20250.2,0.109,7.49
G_WIDE,CHANGE_POINT,LONG,sym_oi,flat,TEST,6694,72.76,0.404,-0.1335,0.9973,-22301.1,-242.4,0.841,-0.793,-25681.6,0.108,7.87
G_WIDE,CHANGE_POINT,LONG,sym_oi,flat,HOLDOUT,4335,72.25,0.455,-0.0183,0.63008,435.7,7.26,0.929,-0.777,-11259.1,0.113,8.13
G_WIDE,OI_PRICE,LONG,ALL,ALL,TRAIN,20825,113.18,0.421,-0.0413,0.94272,-1475.7,-8.02,0.887,-0.764,-50015.8,0.07,7.92
G_WIDE,OI_PRICE,LONG,ALL,ALL,VALID,10179,114.37,0.433,-0.0124,0.65729,-4145.5,-46.58,0.913,-0.753,-25812.7,0.069,7.84
G_WIDE,OI_PRICE,LONG,ALL,ALL,TEST,10959,119.12,0.4,-0.085,0.99912,-27044.3,-293.96,0.86,-0.784,-47005.5,0.068,8.08
G_WIDE,OI_PRICE,LONG,ALL,ALL,HOLDOUT,8112,135.2,0.463,0.0792,0.01229,33441.7,557.36,0.96,-0.791,-19810.3,0.062,8.35
G_WIDE,OI_PRICE,LONG,sym_funding,base,TRAIN,13512,73.43,0.422,-0.0459,0.94918,-8648.2,-47.0,0.892,-0.766,-33056.3,0.105,7.69
G_WIDE,OI_PRICE,LONG,sym_funding,base,VALID,6146,69.06,0.422,-0.0361,0.8823,-6695.2,-75.23,0.909,-0.764,-15566.9,0.112,7.73
G_WIDE,OI_PRICE,LONG,sym_funding,base,TEST,7696,83.65,0.395,-0.1001,0.9998,-29559.2,-321.3,0.856,-0.788,-40621.1,0.094,7.88
G_WIDE,OI_PRICE,LONG,sym_funding,base,HOLDOUT,2727,45.45,0.471,0.1158,0.04542,13599.2,226.65,0.995,-0.822,-15667.5,0.098,4.47
G_WIDE,OI_PRICE,LONG,sym_oi,flat,TRAIN,13648,74.17,0.416,-0.0701,0.98101,-33460.5,-181.85,0.88,-0.78,-46478.1,0.109,8.09
G_WIDE,OI_PRICE,LONG,sym_oi,flat,VALID,6531,73.38,0.431,-0.0262,0.75795,-9720.1,-109.21,0.913,-0.763,-20338.9,0.111,8.13
G_WIDE,OI_PRICE,LONG,sym_oi,flat,TEST,7171,77.95,0.391,-0.1161,0.99983,-28321.2,-307.84,0.852,-0.802,-37330.3,0.103,8.0
G_WIDE,OI_PRICE,LONG,sym_oi,flat,HOLDOUT,4760,79.33,0.465,0.0756,0.02833,12382.8,206.38,0.967,-0.791,-8263.3,0.101,8.02
G_WIDE,BASELINE,LONG,ALL,ALL,TRAIN,66878,363.47,0.402,-0.1353,1.0,-199378.5,-1083.58,0.879,-0.817,-232844.7,0.016,5.88
G_WIDE,BASELINE,LONG,ALL,ALL,VALID,34683,389.7,0.411,-0.1079,0.99646,-72286.7,-812.21,0.894,-0.794,-83669.7,0.015,5.84
G_WIDE,BASELINE,LONG,ALL,ALL,TEST,36036,391.7,0.406,-0.1377,0.99994,-99187.4,-1078.12,0.883,-0.813,-131641.9,0.015,5.96
G_WIDE,BASELINE,LONG,ALL,ALL,HOLDOUT,23726,395.43,0.453,-0.018,0.66372,27848.5,464.14,0.956,-0.791,-30134.0,0.014,5.63
G_WIDE,BASELINE,LONG,sym_funding,base,TRAIN,45284,246.11,0.398,-0.1506,1.0,-158104.5,-859.26,0.875,-0.821,-181779.9,0.024,5.96
G_WIDE,BASELINE,LONG,sym_funding,base,VALID,20431,229.56,0.401,-0.1288,0.99945,-54104.4,-607.91,0.89,-0.797,-63315.7,0.026,5.9
G_WIDE,BASELINE,LONG,sym_funding,base,TEST,25710,279.46,0.4,-0.1488,0.99998,-82930.6,-901.42,0.883,-0.816,-103868.7,0.022,6.03
G_WIDE,BASELINE,LONG,sym_funding,base,HOLDOUT,9754,162.57,0.445,-0.0375,0.73833,9244.7,154.08,0.962,-0.783,-17923.5,0.019,3.03
G_WIDE,BASELINE,LONG,sym_oi,flat,TRAIN,56010,304.4,0.4,-0.1489,1.0,-191173.1,-1038.98,0.881,-0.825,-214096.5,0.02,5.99
G_WIDE,BASELINE,LONG,sym_oi,flat,VALID,29412,330.47,0.41,-0.1161,0.99678,-62684.4,-704.32,0.895,-0.799,-73607.4,0.018,5.93
G_WIDE,BASELINE,LONG,sym_oi,flat,TEST,31284,340.04,0.403,-0.1495,0.99996,-91797.0,-997.79,0.885,-0.821,-117202.8,0.018,6.02
G_WIDE,BASELINE,LONG,sym_oi,flat,HOLDOUT,19837,330.62,0.45,-0.0355,0.78548,11553.8,192.56,0.959,-0.798,-25062.9,0.018,5.8
G_WIDE,BASELINE,SHORT,ALL,ALL,TRAIN,66878,363.47,0.446,-0.0406,0.91794,-65825.0,-357.74,0.935,-0.78,-101269.7,0.015,5.63
G_WIDE,BASELINE,SHORT,ALL,ALL,VALID,34683,389.7,0.449,-0.0445,0.86444,-55394.9,-622.41,0.913,-0.783,-98475.5,0.015,5.69
G_WIDE,BASELINE,SHORT,ALL,ALL,TEST,36036,391.7,0.447,-0.0543,0.92831,-31174.3,-338.85,0.933,-0.782,-46967.8,0.014,5.45
G_WIDE,BASELINE,SHORT,ALL,ALL,HOLDOUT,23720,395.33,0.393,-0.1968,1.0,-116798.2,-1946.64,0.872,-0.826,-127651.7,0.015,5.92
G_WIDE,BASELINE,SHORT,sym_funding,base,TRAIN,45284,246.11,0.448,-0.0309,0.83733,-23807.8,-129.39,0.944,-0.777,-57805.4,0.023,5.77
G_WIDE,BASELINE,SHORT,sym_funding,base,VALID,20431,229.56,0.456,-0.0281,0.75214,-18844.1,-211.73,0.916,-0.78,-46464.0,0.024,5.61
G_WIDE,BASELINE,SHORT,sym_funding,base,TEST,25710,279.46,0.451,-0.0466,0.89238,-13605.8,-147.89,0.937,-0.782,-32598.8,0.02,5.68
G_WIDE,BASELINE,SHORT,sym_funding,base,HOLDOUT,9754,162.57,0.4,-0.204,0.99997,-46194.9,-769.92,0.86,-0.828,-47596.7,0.019,3.17
G_WIDE,BASELINE,SHORT,sym_oi,flat,TRAIN,56010,304.4,0.444,-0.0427,0.9132,-37616.5,-204.44,0.947,-0.783,-71634.8,0.019,5.72
G_WIDE,BASELINE,SHORT,sym_oi,flat,VALID,29412,330.47,0.448,-0.0421,0.83627,-33843.7,-380.27,0.922,-0.784,-74971.7,0.017,5.71
G_WIDE,BASELINE,SHORT,sym_oi,flat,TEST,31284,340.04,0.446,-0.0565,0.92755,-24495.1,-266.25,0.946,-0.786,-43717.7,0.016,5.58
G_WIDE,BASELINE,SHORT,sym_oi,flat,HOLDOUT,19835,330.58,0.392,-0.2014,1.0,-87735.2,-1462.25,0.884,-0.83,-97451.5,0.018,6.03
G_WIDE,BASELINE,LONG,sym_funding,hot,TRAIN,2418,13.14,0.401,-0.0849,0.99922,-2533.3,-13.77,0.908,-0.805,-7880.8,0.394,5.18
G_WIDE,BASELINE,LONG,sym_funding,hot,VALID,1284,14.43,0.449,0.0158,0.32671,1381.5,15.52,0.968,-0.775,-2823.8,0.361,5.2
G_WIDE,BASELINE,LONG,sym_funding,hot,TEST,1541,16.75,0.419,-0.0593,0.96477,-504.1,-5.48,0.927,-0.824,-7915.4,0.338,5.66
G_WIDE,BASELINE,LONG,sym_funding,hot,HOLDOUT,717,11.95,0.409,-0.0489,0.83892,-2545.8,-42.43,0.994,-0.864,-4737.8,0.261,3.12
G_WIDE,BASELINE,SHORT,sym_funding,hot,TRAIN,2418,13.14,0.465,-0.0133,0.6843,-4118.1,-22.38,0.896,-0.81,-7020.0,0.397,5.22
G_WIDE,BASELINE,SHORT,sym_funding,hot,VALID,1284,14.43,0.429,-0.0719,0.985,-7410.0,-83.26,0.884,-0.809,-8915.4,0.355,5.12
G_WIDE,BASELINE,SHORT,sym_funding,hot,TEST,1541,16.75,0.446,-0.0479,0.92324,-4624.5,-50.27,0.911,-0.822,-5811.0,0.332,5.57
G_WIDE,BASELINE,SHORT,sym_funding,hot,HOLDOUT,717,11.95,0.434,-0.1092,0.99059,-514.6,-8.58,0.872,-0.886,-3202.4,0.255,3.05
G_WIDE,BASELINE,LONG,sym_funding,neg,TRAIN,19176,104.22,0.411,-0.1053,0.99919,-38740.7,-210.55,0.885,-0.809,-52499.3,0.056,5.87
G_WIDE,BASELINE,LONG,sym_funding,neg,VALID,12968,145.71,0.422,-0.0873,0.9621,-19563.8,-219.82,0.893,-0.791,-25784.0,0.041,5.92
G_WIDE,BASELINE,LONG,sym_funding,neg,TEST,8785,95.49,0.42,-0.1189,0.99644,-15752.8,-171.23,0.876,-0.804,-24891.5,0.063,6.01
G_WIDE,BASELINE,LONG,sym_funding,neg,HOLDOUT,1937,32.28,0.433,-0.1156,0.96998,-4108.2,-68.47,0.915,-0.816,-7592.6,0.093,3.0
G_WIDE,BASELINE,SHORT,sym_funding,neg,TRAIN,19176,104.22,0.44,-0.0668,0.97769,-37899.1,-205.97,0.92,-0.786,-49107.5,0.055,5.68
G_WIDE,BASELINE,SHORT,sym_funding,neg,VALID,12968,145.71,0.441,-0.0676,0.92196,-29140.8,-327.42,0.912,-0.785,-44762.4,0.04,5.84
G_WIDE,BASELINE,SHORT,sym_funding,neg,TEST,8785,95.49,0.435,-0.078,0.9586,-12943.9,-140.69,0.925,-0.776,-20620.8,0.059,5.66
G_WIDE,BASELINE,SHORT,sym_funding,neg,HOLDOUT,1937,32.28,0.417,-0.1475,0.99646,-3484.1,-58.07,0.92,-0.797,-6070.0,0.094,3.03
G_WIDE,BASELINE,LONG,sym_oi,down,TRAIN,5429,29.51,0.409,-0.0806,0.96569,-12876.8,-69.98,0.863,-0.793,-20991.2,0.19,5.61
G_WIDE,BASELINE,LONG,sym_oi,down,VALID,2414,27.12,0.423,-0.0383,0.71174,-3750.5,-42.14,0.92,-0.791,-9790.1,0.21,5.69
G_WIDE,BASELINE,LONG,sym_oi,down,TEST,2270,24.67,0.428,-0.0647,0.8216,-7555.0,-82.12,0.874,-0.779,-15582.8,0.214,5.28
G_WIDE,BASELINE,LONG,sym_oi,down,HOLDOUT,1539,25.65,0.418,-0.0796,0.89874,-6642.0,-110.7,0.859,-0.808,-9055.7,0.214,5.48
G_WIDE,BASELINE,SHORT,sym_oi,down,TRAIN,5429,29.51,0.451,-0.0229,0.70969,-9030.8,-49.08,0.902,-0.768,-13867.6,0.182,5.37
G_WIDE,BASELINE,SHORT,sym_oi,down,VALID,2414,27.12,0.425,-0.0931,0.91906,-13316.1,-149.62,0.896,-0.822,-17497.7,0.211,5.72
G_WIDE,BASELINE,SHORT,sym_oi,down,TEST,2270,24.67,0.452,-0.0122,0.56489,3780.9,41.1,0.883,-0.763,-10531.7,0.213,5.26
G_WIDE,BASELINE,SHORT,sym_oi,down,HOLDOUT,1534,25.57,0.423,-0.099,0.96798,-3423.3,-57.06,0.901,-0.786,-8095.2,0.213,5.43
G_WIDE,BASELINE,LONG,sym_oi,up,TRAIN,5439,29.56,0.414,-0.0492,0.94971,4671.4,25.39,0.878,-0.757,-12600.3,0.18,5.31
G_WIDE,BASELINE,LONG,sym_oi,up,VALID,2857,32.1,0.405,-0.0826,0.97625,-5851.8,-65.75,0.868,-0.749,-10247.8,0.167,5.37
G_WIDE,BASELINE,LONG,sym_oi,up,TEST,2482,26.98,0.421,-0.0557,0.93437,164.5,1.79,0.872,-0.748,-9600.9,0.203,5.48
G_WIDE,BASELINE,LONG,sym_oi,up,HOLDOUT,2346,39.1,0.504,0.1709,0.0006,22967.5,382.79,0.993,-0.719,-5496.2,0.143,5.58
G_WIDE,BASELINE,SHORT,sym_oi,up,TRAIN,5439,29.56,0.466,-0.0365,0.88451,-19177.8,-104.23,0.847,-0.761,-21365.9,0.179,5.29
G_WIDE,BASELINE,SHORT,sym_oi,up,VALID,2857,32.1,0.479,-0.0279,0.74659,-8235.0,-92.53,0.834,-0.746,-13340.0,0.165,5.29
G_WIDE,BASELINE,SHORT,sym_oi,up,TEST,2482,26.98,0.46,-0.0659,0.95237,-10460.1,-113.7,0.821,-0.753,-11490.8,0.193,5.2
G_WIDE,BASELINE,SHORT,sym_oi,up,HOLDOUT,2347,39.12,0.389,-0.223,1.0,-25676.9,-427.95,0.76,-0.819,-28391.6,0.141,5.53
G_WIDE,OI_PRICE,LONG,sym_oi,down,TRAIN,1372,7.46,0.453,0.0161,0.35291,10594.8,57.58,0.838,-0.695,-3951.4,0.442,3.3
G_WIDE,OI_PRICE,LONG,sym_oi,down,VALID,642,7.21,0.495,0.0617,0.28079,7222.0,81.15,0.911,-0.679,-2731.8,0.519,3.74
G_WIDE,OI_PRICE,LONG,sym_oi,down,TEST,687,7.47,0.387,-0.1561,0.95536,-7091.5,-77.08,0.764,-0.754,-11368.7,0.416,3.11
G_WIDE,OI_PRICE,LONG,sym_oi,down,HOLDOUT,330,5.5,0.394,-0.0652,0.83175,-818.4,-13.64,0.821,-0.754,-4654.0,0.579,3.18
G_WIDE,OI_PRICE,LONG,sym_funding,neg,TRAIN,5773,31.38,0.419,-0.0387,0.86455,3852.2,20.94,0.868,-0.762,-20278.9,0.2,6.28
G_WIDE,OI_PRICE,LONG,sym_funding,neg,VALID,3098,34.81,0.447,0.0102,0.41176,-1949.4,-21.9,0.914,-0.735,-9327.5,0.204,7.11
G_WIDE,OI_PRICE,LONG,sym_funding,neg,TEST,2392,26.0,0.407,-0.0721,0.95292,-3146.9,-34.2,0.843,-0.774,-14196.8,0.25,6.5
G_WIDE,OI_PRICE,LONG,sym_funding,neg,HOLDOUT,453,7.55,0.4,-0.0521,0.7377,-2178.2,-36.3,0.887,-0.802,-4013.4,0.424,3.2
G_WIDE,OI_PRICE,LONG,sym_oi,up,TRAIN,5805,31.55,0.426,0.0128,0.27495,21390.0,116.25,0.915,-0.743,-15698.4,0.209,6.59
G_WIDE,OI_PRICE,LONG,sym_oi,up,VALID,3006,33.78,0.425,0.0017,0.47707,-1647.5,-18.51,0.915,-0.746,-7972.5,0.209,7.07
G_WIDE,OI_PRICE,LONG,sym_oi,up,TEST,3101,33.71,0.424,0.0027,0.45689,8368.4,90.96,0.898,-0.751,-8927.8,0.201,6.77
G_WIDE,OI_PRICE,LONG,sym_oi,up,HOLDOUT,3022,50.37,0.467,0.1005,0.0121,21877.3,364.62,0.964,-0.795,-11484.7,0.142,7.17
G_WIDE,TREND_TRANS,SHORT,sym_oi,up,TRAIN,1692,9.2,0.464,-0.0422,0.87479,-5055.9,-27.48,0.851,-0.784,-6354.8,0.48,4.42
G_WIDE,TREND_TRANS,SHORT,sym_oi,up,VALID,868,9.75,0.512,0.0442,0.19218,-377.0,-4.24,0.9,-0.712,-2844.0,0.475,4.63
G_WIDE,TREND_TRANS,SHORT,sym_oi,up,TEST,721,7.84,0.404,-0.1789,0.99998,-6166.0,-67.02,0.799,-0.794,-6363.3,0.585,4.59
G_WIDE,TREND_TRANS,SHORT,sym_oi,up,HOLDOUT,620,10.33,0.427,-0.1358,0.9943,-2882.3,-48.04,0.807,-0.783,-4012.8,0.469,4.85
G_WIDE,ANY,SHORT,sym_oi,up,TRAIN,15963,86.76,0.465,-0.044,0.98443,-60019.2,-326.19,0.845,-0.763,-68107.3,0.075,6.54
G_WIDE,ANY,SHORT,sym_oi,up,VALID,8429,94.71,0.486,-0.0087,0.61612,-10151.2,-114.06,0.855,-0.741,-33343.3,0.07,6.63
G_WIDE,ANY,SHORT,sym_oi,up,TEST,7414,80.59,0.45,-0.0893,0.99996,-42516.1,-462.13,0.825,-0.768,-46111.6,0.083,6.71
G_WIDE,ANY,SHORT,sym_oi,up,HOLDOUT,7117,118.62,0.399,-0.1893,1.0,-69158.8,-1152.65,0.811,-0.812,-73445.6,0.06,7.1
G_WIDE,PULLBACK_CONT,SHORT,sym_oi,up,TRAIN,2426,13.18,0.442,-0.0393,0.88446,-6247.7,-33.95,0.907,-0.786,-9757.3,0.339,4.47
G_WIDE,PULLBACK_CONT,SHORT,sym_oi,up,VALID,1261,14.17,0.473,0.004,0.46814,-1817.9,-20.43,0.944,-0.765,-5670.5,0.321,4.55
G_WIDE,PULLBACK_CONT,SHORT,sym_oi,up,TEST,1010,10.98,0.44,-0.0917,0.97371,-1975.4,-21.47,0.92,-0.798,-5676.0,0.394,4.33
G_WIDE,PULLBACK_CONT,SHORT,sym_oi,up,HOLDOUT,777,12.95,0.439,-0.0411,0.78508,-1183.7,-19.73,0.913,-0.779,-3520.4,0.344,4.45
G_WIDE,OI_PRICE,SHORT,ALL,ALL,TRAIN,461,2.51,0.423,-0.1185,0.98511,-3033.0,-16.48,0.8,-0.811,-4617.4,0.887,2.22
G_WIDE,OI_PRICE,SHORT,ALL,ALL,VALID,205,2.3,0.522,-0.0107,0.55616,1876.2,21.08,0.8,-0.647,-717.3,0.922,2.12
G_WIDE,OI_PRICE,SHORT,ALL,ALL,TEST,181,1.97,0.486,-0.1115,0.83618,1468.3,15.96,0.836,-0.72,-460.0,0.923,1.82
G_WIDE,OI_PRICE,SHORT,ALL,ALL,HOLDOUT,86,1.43,0.488,-0.0349,0.62193,383.3,6.39,0.814,-0.718,-904.6,0.977,1.4
G_WIDE,OI_PRICE,SHORT,sym_funding,base,TRAIN,277,1.51,0.404,-0.14,0.97312,-1142.1,-6.21,0.819,-0.758,-2937.2,0.924,1.39
G_WIDE,OI_PRICE,SHORT,sym_funding,base,VALID,98,1.1,0.51,-0.0454,0.65826,541.6,6.09,0.791,-0.663,-282.4,0.949,1.04
G_WIDE,OI_PRICE,SHORT,sym_funding,base,TEST,115,1.25,0.426,-0.1315,0.91039,-220.9,-2.4,0.829,-0.779,-675.1,0.939,1.17
G_WIDE,OI_PRICE,SHORT,sym_funding,base,HOLDOUT,43,0.72,0.581,0.1846,0.14331,926.4,15.44,0.941,-0.672,-283.2,0.977,0.7
G_WIDE,OI_PRICE,SHORT,sym_oi,down,TRAIN,37,0.2,0.405,-0.1307,0.76273,-242.5,-1.32,0.748,-1.729,-1032.9,0.946,0.19
G_WIDE,OI_PRICE,SHORT,sym_oi,down,VALID,17,0.19,0.471,-0.2645,0.87983,-286.9,-3.22,0.659,-0.689,-663.1,0.941,0.18
G_WIDE,OI_PRICE,SHORT,sym_oi,down,TEST,8,0.09,0.75,0.122,0.32276,809.8,8.8,0.748,-0.444,-52.4,0.875,0.08
G_WIDE,OI_PRICE,SHORT,sym_oi,down,HOLDOUT,3,0.05,0.667,0.6191,1.0,350.9,5.85,1.078,-0.612,-20.2,1.0,0.05
G_WIDE,VOL_PRICE,LONG,sym_oi,down,TRAIN,1191,6.47,0.411,-0.1113,0.95849,1843.9,10.02,0.849,-0.834,-6655.0,0.49,3.17
G_WIDE,VOL_PRICE,LONG,sym_oi,down,VALID,596,6.7,0.53,0.2476,0.13266,12455.3,139.95,1.024,-0.655,-6959.5,0.502,3.36
G_WIDE,VOL_PRICE,LONG,sym_oi,down,TEST,496,5.39,0.373,-0.189,0.99677,-4485.2,-48.75,0.828,-0.795,-6382.9,0.522,2.82
G_WIDE,VOL_PRICE,LONG,sym_oi,down,HOLDOUT,251,4.18,0.41,-0.0455,0.73232,-2129.3,-35.49,0.795,-0.777,-2660.8,0.657,2.75
G_WIDE,TREND_TRANS,SHORT,sym_funding,hot,TRAIN,900,4.89,0.457,-0.0084,0.58202,-2496.7,-13.57,0.908,-0.814,-3173.9,0.699,3.42
G_WIDE,TREND_TRANS,SHORT,sym_funding,hot,VALID,452,5.08,0.427,-0.0731,0.91084,-1776.5,-19.96,0.904,-0.806,-3045.9,0.686,3.48
G_WIDE,TREND_TRANS,SHORT,sym_funding,hot,TEST,563,6.12,0.458,-0.0206,0.66436,702.5,7.64,0.932,-0.784,-2317.8,0.647,3.96
G_WIDE,TREND_TRANS,SHORT,sym_funding,hot,HOLDOUT,281,4.68,0.445,-0.1138,0.95505,50.3,0.84,0.876,-0.813,-1810.5,0.53,2.48
G_WIDE,OI_BUILD_BRK,LONG,sym_oi,up,TRAIN,5699,30.97,0.41,-0.0224,0.83474,5338.2,29.01,0.924,-0.774,-14763.8,0.228,7.05
G_WIDE,OI_BUILD_BRK,LONG,sym_oi,up,VALID,2933,32.96,0.405,-0.0472,0.9208,-10441.7,-117.32,0.926,-0.784,-12018.0,0.229,7.54
G_WIDE,OI_BUILD_BRK,LONG,sym_oi,up,TEST,2861,31.1,0.407,-0.0496,0.96464,1534.3,16.68,0.9,-0.787,-10051.6,0.233,7.25
G_WIDE,OI_BUILD_BRK,LONG,sym_oi,up,HOLDOUT,2933,48.88,0.483,0.1382,0.00318,31654.4,527.57,1.003,-0.823,-11101.3,0.171,8.35
G_WIDE,PULLBACK_CONT,SHORT,sym_funding,hot,TRAIN,1974,10.73,0.472,0.0385,0.12576,1767.6,9.61,0.96,-0.82,-4884.9,0.369,3.96
G_WIDE,PULLBACK_CONT,SHORT,sym_funding,hot,VALID,934,10.49,0.43,-0.0455,0.82958,-1443.8,-16.22,0.965,-0.851,-5697.8,0.379,3.98
G_WIDE,PULLBACK_CONT,SHORT,sym_funding,hot,TEST,1305,14.18,0.466,0.0033,0.4675,604.1,6.57,1.002,-0.814,-4066.3,0.322,4.57
G_WIDE,PULLBACK_CONT,SHORT,sym_funding,hot,HOLDOUT,573,9.55,0.414,-0.1155,0.9728,589.2,9.82,0.957,-0.907,-2450.0,0.314,3.0
G_WIDE,BRK_4H,LONG,sym_oi,up,TRAIN,9170,49.84,0.413,-0.0399,0.95404,-1509.5,-8.2,0.926,-0.787,-24314.4,0.146,7.28
G_WIDE,BRK_4H,LONG,sym_oi,up,VALID,4598,51.66,0.388,-0.0952,0.99713,-19762.2,-222.05,0.92,-0.8,-20599.2,0.153,7.9
G_WIDE,BRK_4H,LONG,sym_oi,up,TEST,4286,46.59,0.401,-0.0795,0.99861,-1572.1,-17.09,0.896,-0.798,-14060.4,0.163,7.59
G_WIDE,BRK_4H,LONG,sym_oi,up,HOLDOUT,4471,74.52,0.493,0.1615,0.00068,41217.4,686.96,1.028,-0.816,-15919.3,0.109,8.12
G_WIDE,ACCEL,SHORT,sym_funding,neg,TRAIN,5948,32.33,0.434,-0.089,0.97011,-23418.5,-127.27,0.901,-0.787,-26256.3,0.175,5.65
G_WIDE,ACCEL,SHORT,sym_funding,neg,VALID,4521,50.8,0.42,-0.1158,0.96433,-15213.1,-170.93,0.875,-0.797,-24927.4,0.129,6.57
G_WIDE,ACCEL,SHORT,sym_funding,neg,TEST,3104,33.74,0.427,-0.0982,0.95586,-6425.6,-69.84,0.912,-0.78,-9881.3,0.185,6.25
G_WIDE,ACCEL,SHORT,sym_funding,neg,HOLDOUT,640,10.67,0.383,-0.2786,0.99995,-3835.7,-63.93,0.844,-0.827,-4141.9,0.289,3.08
G_WIDE,VOL_PRICE,SHORT,sym_oi,up,TRAIN,3060,16.63,0.482,-0.0337,0.90654,-10059.6,-54.67,0.815,-0.753,-13002.1,0.342,5.68
G_WIDE,VOL_PRICE,SHORT,sym_oi,up,VALID,1755,19.72,0.474,-0.0612,0.97382,-7263.4,-81.61,0.798,-0.745,-13615.7,0.283,5.57
G_WIDE,VOL_PRICE,SHORT,sym_oi,up,TEST,1720,18.7,0.449,-0.0833,0.99815,-10019.6,-108.91,0.799,-0.752,-12215.1,0.31,5.79
G_WIDE,VOL_PRICE,SHORT,sym_oi,up,HOLDOUT,1635,27.25,0.418,-0.1817,0.99999,-20134.7,-335.58,0.76,-0.784,-21386.8,0.237,6.47
G_WIDE,ACCEL,LONG,sym_funding,neg,TRAIN,7341,39.9,0.381,-0.1527,0.99987,-27363.4,-148.71,0.867,-0.804,-38548.7,0.168,6.72
G_WIDE,ACCEL,LONG,sym_funding,neg,VALID,5374,60.38,0.461,0.0234,0.3487,5921.7,66.54,0.955,-0.752,-12907.2,0.126,7.61
G_WIDE,ACCEL,LONG,sym_funding,neg,TEST,3281,35.66,0.382,-0.1784,0.99977,-11805.9,-128.32,0.855,-0.81,-16096.9,0.201,7.18
G_WIDE,ACCEL,LONG,sym_funding,neg,HOLDOUT,736,12.27,0.454,-0.0395,0.69015,174.6,2.91,0.944,-0.739,-2485.5,0.302,3.7
G_WIDE,ACCEL,LONG,sym_oi,down,TRAIN,1241,6.74,0.424,-0.0809,0.86793,15482.8,84.15,0.816,-0.737,-5816.9,0.45,3.04
G_WIDE,ACCEL,LONG,sym_oi,down,VALID,639,7.18,0.513,0.1571,0.10225,10005.0,112.42,0.983,-0.672,-2796.5,0.523,3.75
G_WIDE,ACCEL,LONG,sym_oi,down,TEST,447,4.86,0.378,-0.1558,0.98131,-905.6,-9.84,0.812,-0.765,-4248.1,0.548,2.66
G_WIDE,ACCEL,LONG,sym_oi,down,HOLDOUT,248,4.13,0.403,-0.0396,0.69303,-1067.6,-17.79,0.793,-0.75,-1933.2,0.649,2.68
G_WIDE,TREND_TRANS,LONG,sym_oi,up,TRAIN,1595,8.67,0.392,-0.0965,0.9974,-5872.5,-31.92,0.919,-0.794,-8450.3,0.54,4.68
G_WIDE,TREND_TRANS,LONG,sym_oi,up,VALID,714,8.02,0.436,0.0089,0.42299,2448.7,27.51,0.96,-0.778,-2412.5,0.601,4.82
G_WIDE,TREND_TRANS,LONG,sym_oi,up,TEST,634,6.89,0.429,-0.0243,0.69596,522.2,5.68,0.917,-0.781,-2746.7,0.655,4.51
G_WIDE,TREND_TRANS,LONG,sym_oi,up,HOLDOUT,577,9.62,0.444,0.0375,0.24097,2093.9,34.9,0.941,-0.804,-2189.3,0.539,5.18
G_WIDE,VOL_PRICE,LONG,sym_oi,up,TRAIN,3919,21.3,0.426,0.0132,0.30849,6531.5,35.5,0.941,-0.757,-11150.5,0.322,6.85
G_WIDE,VOL_PRICE,LONG,sym_oi,up,VALID,2100,23.6,0.426,0.0041,0.45864,-2047.0,-23.0,0.946,-0.756,-6995.3,0.295,6.97
G_WIDE,VOL_PRICE,LONG,sym_oi,up,TEST,2085,22.66,0.439,0.029,0.16897,11528.1,125.31,0.942,-0.764,-5887.7,0.291,6.59
G_WIDE,VOL_PRICE,LONG,sym_oi,up,HOLDOUT,1919,31.98,0.484,0.1288,0.00211,21630.1,360.5,1.002,-0.77,-4479.8,0.25,7.98
G_WIDE,MTF_BRK,LONG,sym_oi,up,TRAIN,7218,39.23,0.416,-0.0315,0.8854,-212.6,-1.16,0.924,-0.784,-21313.1,0.176,6.89
G_WIDE,MTF_BRK,LONG,sym_oi,up,VALID,3721,41.81,0.388,-0.0932,0.99178,-18103.0,-203.4,0.916,-0.795,-19931.5,0.176,7.37
G_WIDE,MTF_BRK,LONG,sym_oi,up,TEST,3483,37.86,0.407,-0.0509,0.96355,2689.9,29.24,0.907,-0.783,-10942.3,0.188,7.13
G_WIDE,MTF_BRK,LONG,sym_oi,up,HOLDOUT,3820,63.67,0.5,0.1811,0.00064,38173.6,636.23,1.034,-0.822,-14393.6,0.121,7.73
G_WIDE,OI_BUILD_BRK,SHORT,ALL,ALL,TRAIN,385,2.09,0.47,-0.0376,0.74874,-734.8,-3.99,0.803,-0.704,-1511.7,0.844,1.77
G_WIDE,OI_BUILD_BRK,SHORT,ALL,ALL,VALID,217,2.44,0.447,-0.1289,0.91999,446.2,5.01,0.754,-0.785,-1275.3,0.839,2.04
G_WIDE,OI_BUILD_BRK,SHORT,ALL,ALL,TEST,148,1.61,0.466,-0.2563,0.958,-77.5,-0.84,0.723,-0.75,-830.6,0.892,1.43
G_WIDE,OI_BUILD_BRK,SHORT,ALL,ALL,HOLDOUT,68,1.13,0.456,-0.2723,0.97632,-143.5,-2.39,0.593,-0.783,-680.1,0.912,1.03
G_WIDE,OI_BUILD_BRK,SHORT,sym_funding,base,TRAIN,202,1.1,0.46,-0.0271,0.6338,202.2,1.1,0.855,-0.712,-936.9,0.861,0.95
G_WIDE,OI_BUILD_BRK,SHORT,sym_funding,base,VALID,93,1.04,0.441,-0.1786,0.91654,-74.8,-0.84,0.712,-0.699,-577.9,0.914,0.96
G_WIDE,OI_BUILD_BRK,SHORT,sym_funding,base,TEST,71,0.77,0.338,-0.4468,0.99164,-873.9,-9.5,0.702,-0.907,-960.0,0.901,0.7
G_WIDE,OI_BUILD_BRK,SHORT,sym_funding,base,HOLDOUT,23,0.38,0.391,-0.5155,0.9303,-162.8,-2.71,0.657,-0.81,-525.5,0.957,0.37
G_WIDE,OI_BUILD_BRK,SHORT,sym_oi,flat,TRAIN,170,0.92,0.382,-0.2231,0.99492,-1761.7,-9.57,0.785,-0.804,-2002.1,0.894,0.83
G_WIDE,OI_BUILD_BRK,SHORT,sym_oi,flat,VALID,87,0.98,0.379,-0.1452,0.87547,-205.9,-2.31,0.785,-1.018,-697.4,0.908,0.89
G_WIDE,OI_BUILD_BRK,SHORT,sym_oi,flat,TEST,53,0.58,0.491,-0.3121,0.83097,31.8,0.35,0.807,-0.727,-351.0,0.962,0.55
G_WIDE,OI_BUILD_BRK,SHORT,sym_oi,flat,HOLDOUT,20,0.33,0.45,-0.1077,0.66177,202.4,3.37,0.82,-0.787,-150.7,0.9,0.3
G_WIDE,SWEEP_RECLAIM,SHORT,sym_oi,up,TRAIN,6495,35.3,0.46,-0.0514,0.97063,-35678.9,-193.91,0.853,-0.771,-36123.9,0.178,6.28
G_WIDE,SWEEP_RECLAIM,SHORT,sym_oi,up,VALID,3349,37.63,0.466,-0.032,0.79116,-5424.4,-60.95,0.854,-0.781,-16553.5,0.173,6.53
G_WIDE,SWEEP_RECLAIM,SHORT,sym_oi,up,TEST,3305,35.92,0.456,-0.0746,0.99665,-20206.6,-219.64,0.844,-0.773,-22641.0,0.185,6.63
G_WIDE,SWEEP_RECLAIM,SHORT,sym_oi,up,HOLDOUT,3628,60.47,0.378,-0.2211,0.99999,-42055.4,-700.92,0.852,-0.84,-44447.9,0.118,7.12
G_WIDE,BRK_24H,LONG,sym_oi,up,TRAIN,5933,32.24,0.416,-0.0272,0.832,4602.1,25.01,0.918,-0.776,-13931.3,0.206,6.64
G_WIDE,BRK_24H,LONG,sym_oi,up,VALID,3034,34.09,0.398,-0.0661,0.94246,-12441.6,-139.79,0.911,-0.784,-15686.0,0.218,7.42
G_WIDE,BRK_24H,LONG,sym_oi,up,TEST,2952,32.09,0.405,-0.0537,0.96674,2430.0,26.41,0.89,-0.784,-10213.2,0.218,7.0
G_WIDE,BRK_24H,LONG,sym_oi,up,HOLDOUT,3216,53.6,0.494,0.1631,0.00254,31701.1,528.35,1.026,-0.834,-13299.6,0.146,7.83
G_WIDE,VOL_PRICE,SHORT,sym_funding,neg,TRAIN,8293,45.07,0.443,-0.0568,0.92436,-19026.9,-103.41,0.93,-0.786,-26082.5,0.146,6.56
G_WIDE,VOL_PRICE,SHORT,sym_funding,neg,VALID,5738,64.47,0.429,-0.0975,0.96573,-17589.8,-197.64,0.894,-0.793,-26112.9,0.115,7.42
G_WIDE,VOL_PRICE,SHORT,sym_funding,neg,TEST,4111,44.68,0.425,-0.1079,0.98578,-9728.4,-105.74,0.923,-0.784,-13025.7,0.156,6.99
G_WIDE,VOL_PRICE,SHORT,sym_funding,neg,HOLDOUT,886,14.77,0.421,-0.1777,0.99954,-1596.6,-26.61,0.922,-0.809,-2599.3,0.239,3.53
G_WIDE,OI_COVER,SHORT,sym_oi,up,TRAIN,2724,14.8,0.499,-0.0312,0.89541,-12691.4,-68.98,0.724,-0.688,-14974.5,0.305,4.52
G_WIDE,OI_COVER,SHORT,sym_oi,up,VALID,1592,17.89,0.518,-0.0276,0.78933,-4492.4,-50.48,0.726,-0.667,-12938.2,0.263,4.71
G_WIDE,OI_COVER,SHORT,sym_oi,up,TEST,1396,15.17,0.479,-0.0561,0.9628,-8945.0,-97.23,0.717,-0.687,-13111.4,0.312,4.74
G_WIDE,OI_COVER,SHORT,sym_oi,up,HOLDOUT,1363,22.72,0.453,-0.1265,0.99907,-13744.1,-229.07,0.677,-0.727,-15823.0,0.209,4.75
G_WIDE,SQUEEZE_EXP,LONG,sym_funding,hot,TRAIN,834,4.53,0.402,-0.0922,0.98937,-2287.6,-12.43,0.965,-0.818,-3632.1,0.721,3.27
G_WIDE,SQUEEZE_EXP,LONG,sym_funding,hot,VALID,494,5.55,0.472,0.0952,0.05386,2353.3,26.44,0.999,-0.766,-1822.2,0.642,3.56
G_WIDE,SQUEEZE_EXP,LONG,sym_funding,hot,TEST,572,6.22,0.453,0.0459,0.19573,2017.3,21.93,0.986,-0.813,-2305.2,0.673,4.18
G_WIDE,SQUEEZE_EXP,LONG,sym_funding,hot,HOLDOUT,253,4.22,0.411,-0.0507,0.7441,-1740.8,-29.01,0.95,-0.878,-2475.6,0.668,2.82
G_WIDE,OI_PRICE,SHORT,sym_oi,flat,TRAIN,254,1.38,0.398,-0.1289,0.94219,-1301.4,-7.07,0.868,-0.756,-2032.9,0.929,1.28
G_WIDE,OI_PRICE,SHORT,sym_oi,flat,VALID,101,1.13,0.475,-0.0344,0.62304,704.5,7.92,0.866,-0.731,-673.5,0.941,1.07
G_WIDE,OI_PRICE,SHORT,sym_oi,flat,TEST,105,1.14,0.467,-0.1188,0.74612,471.2,5.12,0.917,-0.741,-440.1,0.943,1.08
G_WIDE,OI_PRICE,SHORT,sym_oi,flat,HOLDOUT,52,0.87,0.538,0.0767,0.31434,546.7,9.11,0.927,-0.67,-336.6,0.981,0.85
G_WIDE,BRK_4H,SHORT,sym_oi,up,TRAIN,4229,22.98,0.462,-0.0373,0.88886,-9712.2,-52.78,0.863,-0.77,-13798.8,0.231,5.3
G_WIDE,BRK_4H,SHORT,sym_oi,up,VALID,2275,25.56,0.502,0.0231,0.30324,2034.9,22.86,0.878,-0.696,-6841.1,0.21,5.37
G_WIDE,BRK_4H,SHORT,sym_oi,up,TEST,1707,18.55,0.432,-0.1257,0.99982,-9693.3,-105.36,0.792,-0.777,-11943.9,0.281,5.21
G_WIDE,BRK_4H,SHORT,sym_oi,up,HOLDOUT,1387,23.12,0.41,-0.1787,0.99985,-11442.2,-190.7,0.743,-0.799,-12957.9,0.238,5.5
G_WIDE,EARLY_BRK,SHORT,sym_oi,up,TRAIN,1958,10.64,0.45,-0.0526,0.89777,-1387.6,-7.54,0.911,-0.794,-5588.8,0.389,4.14
G_WIDE,EARLY_BRK,SHORT,sym_oi,up,VALID,1117,12.55,0.503,0.0595,0.21085,2080.9,23.38,0.946,-0.699,-3379.1,0.352,4.42
G_WIDE,EARLY_BRK,SHORT,sym_oi,up,TEST,759,8.25,0.411,-0.2079,0.99995,-3838.8,-41.73,0.812,-0.817,-4624.8,0.491,4.05
G_WIDE,EARLY_BRK,SHORT,sym_oi,up,HOLDOUT,616,10.27,0.386,-0.2308,0.9996,-3127.1,-52.12,0.778,-0.838,-4358.8,0.42,4.32
G_WIDE,SQUEEZE_EXP,LONG,sym_funding,neg,TRAIN,5866,31.88,0.434,-0.046,0.84074,-4680.9,-25.44,0.942,-0.784,-15407.2,0.204,6.49
G_WIDE,SQUEEZE_EXP,LONG,sym_funding,neg,VALID,3997,44.91,0.423,-0.07,0.88656,-6312.3,-70.92,0.93,-0.806,-8981.6,0.174,7.81
G_WIDE,SQUEEZE_EXP,LONG,sym_funding,neg,TEST,2814,30.59,0.444,-0.0443,0.77094,2056.9,22.36,0.952,-0.786,-4493.2,0.231,7.07
G_WIDE,SQUEEZE_EXP,LONG,sym_funding,neg,HOLDOUT,666,11.1,0.386,-0.2386,0.99986,-3607.1,-60.12,0.881,-0.863,-3650.2,0.333,3.7
G_WIDE,VOL_PRICE,LONG,sym_funding,neg,TRAIN,6996,38.02,0.401,-0.1059,0.99506,-13637.1,-74.11,0.904,-0.804,-22136.5,0.182,6.93
G_WIDE,VOL_PRICE,LONG,sym_funding,neg,VALID,5002,56.2,0.465,0.0467,0.21188,7499.1,84.26,0.962,-0.747,-16559.6,0.138,7.74
G_WIDE,VOL_PRICE,LONG,sym_funding,neg,TEST,3224,35.04,0.385,-0.1702,0.99997,-9879.6,-107.39,0.861,-0.82,-14231.9,0.223,7.8
G_WIDE,VOL_PRICE,LONG,sym_funding,neg,HOLDOUT,638,10.63,0.414,-0.1158,0.92795,-913.8,-15.23,0.927,-0.799,-2878.7,0.361,3.83
G_WIDE,CHANGE_POINT,LONG,sym_funding,neg,TRAIN,4880,26.52,0.417,-0.0956,0.97128,-10983.5,-59.69,0.85,-0.768,-19301.0,0.225,5.97
G_WIDE,CHANGE_POINT,LONG,sym_funding,neg,VALID,3085,34.66,0.464,0.0151,0.41647,5885.9,66.13,0.917,-0.735,-7603.0,0.194,6.74
G_WIDE,CHANGE_POINT,LONG,sym_funding,neg,TEST,2042,22.2,0.414,-0.1263,0.9842,-6824.8,-74.18,0.816,-0.781,-8978.3,0.274,6.08
G_WIDE,CHANGE_POINT,LONG,sym_funding,neg,HOLDOUT,471,7.85,0.524,0.103,0.13854,1345.1,22.42,0.957,-0.7,-1341.6,0.374,2.93
G_WIDE,SQUEEZE_EXP,SHORT,sym_funding,neg,TRAIN,5768,31.35,0.424,-0.0989,0.97965,-12422.6,-67.51,0.912,-0.797,-14666.8,0.193,6.04
G_WIDE,SQUEEZE_EXP,SHORT,sym_funding,neg,VALID,4044,45.44,0.441,-0.0679,0.87749,-6759.0,-75.94,0.956,-0.808,-10258.7,0.155,7.02
G_WIDE,SQUEEZE_EXP,SHORT,sym_funding,neg,TEST,2785,30.27,0.404,-0.1796,0.99931,-10093.0,-109.71,0.912,-0.826,-11677.7,0.223,6.76
G_WIDE,SQUEEZE_EXP,SHORT,sym_funding,neg,HOLDOUT,633,10.55,0.382,-0.2717,0.99993,-1017.0,-16.95,0.938,-0.84,-2209.4,0.318,3.35
G_WIDE,ACCEL,SHORT,sym_oi,up,TRAIN,1953,10.61,0.496,-0.0312,0.84158,-11746.2,-63.84,0.778,-0.711,-12306.0,0.421,4.47
G_WIDE,ACCEL,SHORT,sym_oi,up,VALID,1217,13.67,0.5,-0.0141,0.63944,-2321.1,-26.08,0.776,-0.686,-9999.6,0.351,4.8
G_WIDE,ACCEL,SHORT,sym_oi,up,TEST,1118,12.15,0.47,-0.0876,0.99423,-7242.5,-78.72,0.764,-0.71,-8673.6,0.408,4.96
G_WIDE,ACCEL,SHORT,sym_oi,up,HOLDOUT,1086,18.1,0.409,-0.2186,0.99999,-16737.1,-278.95,0.695,-0.769,-17877.5,0.285,5.15
G_WIDE,CHANGE_POINT,SHORT,sym_oi,up,TRAIN,2058,11.18,0.512,-0.031,0.85114,-8168.1,-44.39,0.746,-0.69,-11035.0,0.396,4.43
G_WIDE,CHANGE_POINT,SHORT,sym_oi,up,VALID,1220,13.71,0.508,-0.0059,0.55235,-1953.7,-21.95,0.763,-0.699,-8218.5,0.347,4.75
G_WIDE,CHANGE_POINT,SHORT,sym_oi,up,TEST,1105,12.01,0.462,-0.1024,0.99874,-7886.7,-85.73,0.73,-0.713,-8852.6,0.391,4.7
G_WIDE,CHANGE_POINT,SHORT,sym_oi,up,HOLDOUT,1089,18.15,0.436,-0.188,0.99991,-15288.7,-254.81,0.688,-0.754,-15948.0,0.279,5.07
G_WIDE,OI_COVER,LONG,ALL,ALL,TRAIN,108,0.59,0.306,-0.1942,0.98142,-452.1,-2.46,1.355,-0.737,-1148.5,0.87,0.51
G_WIDE,OI_COVER,LONG,ALL,ALL,VALID,41,0.46,0.415,-0.1139,0.75206,-958.1,-10.76,0.835,-0.796,-1011.9,0.976,0.45
G_WIDE,OI_COVER,LONG,ALL,ALL,TEST,38,0.41,0.237,-0.4123,0.99888,-1021.5,-11.1,0.609,-0.828,-1113.3,1.0,0.41
G_WIDE,OI_COVER,LONG,ALL,ALL,HOLDOUT,20,0.33,0.45,0.0912,0.36665,285.8,4.76,0.902,-0.672,-786.2,1.0,0.33
G_WIDE,OI_COVER,LONG,sym_funding,neg,TRAIN,35,0.19,0.229,-0.3584,0.99632,-620.2,-3.37,0.562,-0.753,-724.1,0.971,0.18
G_WIDE,OI_COVER,LONG,sym_funding,neg,VALID,21,0.24,0.381,-0.2713,0.87227,-774.9,-8.71,0.83,-0.864,-774.9,1.0,0.24
G_WIDE,OI_COVER,LONG,sym_funding,neg,TEST,16,0.17,0.25,-0.2543,0.8845,-193.4,-2.1,0.762,-0.799,-290.9,1.0,0.17
G_WIDE,OI_COVER,LONG,sym_funding,neg,HOLDOUT,4,0.07,0.5,0.1653,1.0,-84.9,-1.41,0.894,-0.692,-184.0,1.0,0.07
G_WIDE,OI_COVER,LONG,sym_oi,flat,TRAIN,62,0.34,0.258,-0.2697,0.98466,-1039.2,-5.65,1.927,-0.849,-1128.1,0.984,0.33
G_WIDE,OI_COVER,LONG,sym_oi,flat,VALID,24,0.27,0.458,-0.0059,0.51003,-448.3,-5.04,0.862,-0.741,-560.6,1.0,0.27
G_WIDE,OI_COVER,LONG,sym_oi,flat,TEST,26,0.28,0.154,-0.5563,0.99954,-658.7,-7.16,0.562,-0.904,-674.7,1.0,0.28
G_WIDE,OI_COVER,LONG,sym_oi,flat,HOLDOUT,11,0.18,0.455,0.0571,0.44698,102.0,1.7,1.028,-0.762,-106.7,1.0,0.18
G_WIDE,CHANGE_POINT,LONG,sym_oi,up,TRAIN,2006,10.9,0.411,-0.021,0.73498,758.1,4.12,0.953,-0.772,-8965.6,0.531,5.79
G_WIDE,CHANGE_POINT,LONG,sym_oi,up,VALID,1013,11.38,0.44,0.0539,0.10302,3857.4,43.34,0.982,-0.756,-4116.8,0.546,6.21
G_WIDE,CHANGE_POINT,LONG,sym_oi,up,TEST,1009,10.97,0.433,-0.0081,0.57763,6984.7,75.92,0.92,-0.746,-2895.7,0.503,5.52
G_WIDE,CHANGE_POINT,LONG,sym_oi,up,HOLDOUT,979,16.32,0.42,0.0103,0.41197,4645.2,77.42,0.928,-0.816,-2913.4,0.425,6.93
G_WIDE,BRK_24H,LONG,sym_funding,hot,TRAIN,1087,5.91,0.414,-0.0284,0.75445,884.5,4.81,0.933,-0.804,-6358.9,0.566,3.34
G_WIDE,BRK_24H,LONG,sym_funding,hot,VALID,627,7.04,0.45,0.0478,0.19227,-1157.6,-13.01,0.973,-0.768,-4558.2,0.566,3.99
G_WIDE,BRK_24H,LONG,sym_funding,hot,TEST,758,8.24,0.416,-0.0194,0.6482,1021.9,11.11,0.966,-0.805,-4344.6,0.468,3.86
G_WIDE,BRK_24H,LONG,sym_funding,hot,HOLDOUT,317,5.28,0.442,0.0388,0.32997,615.7,10.26,1.024,-1.032,-3473.2,0.476,2.52
G_WIDE,ACCEL,LONG,sym_funding,hot,TRAIN,1000,5.43,0.412,-0.0499,0.89907,-6.3,-0.03,0.92,-0.779,-6124.7,0.709,3.85
G_WIDE,ACCEL,LONG,sym_funding,hot,VALID,542,6.09,0.463,0.0946,0.03202,608.3,6.83,0.974,-0.737,-2582.6,0.677,4.12
G_WIDE,ACCEL,LONG,sym_funding,hot,TEST,629,6.84,0.429,-0.0037,0.53114,6340.1,68.91,0.953,-0.786,-1276.5,0.66,4.51
G_WIDE,ACCEL,LONG,sym_funding,hot,HOLDOUT,322,5.37,0.41,-0.0119,0.5679,-1146.8,-19.11,0.974,-0.854,-4090.3,0.587,3.15
G_WIDE,ACCEL,LONG,sym_oi,up,TRAIN,3541,19.24,0.419,0.0036,0.44909,3049.5,16.57,0.93,-0.755,-13151.5,0.336,6.47
G_WIDE,ACCEL,LONG,sym_oi,up,VALID,1851,20.8,0.426,0.0167,0.33752,1995.6,22.42,0.957,-0.757,-7406.3,0.334,6.96
G_WIDE,ACCEL,LONG,sym_oi,up,TEST,1774,19.28,0.443,0.0128,0.35925,10639.5,115.65,0.933,-0.753,-4582.6,0.34,6.57
G_WIDE,ACCEL,LONG,sym_oi,up,HOLDOUT,1846,30.77,0.477,0.1112,0.01022,15832.6,263.88,0.999,-0.789,-5220.1,0.236,7.27
G_WIDE,CHANGE_POINT,LONG,sym_funding,hot,TRAIN,546,2.97,0.416,-0.0501,0.85728,-1870.3,-10.16,0.888,-0.756,-5122.7,0.859,2.55
G_WIDE,CHANGE_POINT,LONG,sym_funding,hot,VALID,322,3.62,0.491,0.1285,0.01438,1505.4,16.91,0.966,-0.7,-1918.7,0.814,2.94
G_WIDE,CHANGE_POINT,LONG,sym_funding,hot,TEST,396,4.3,0.404,-0.0598,0.86505,2702.9,29.38,0.908,-0.799,-1333.6,0.78,3.36
G_WIDE,CHANGE_POINT,LONG,sym_funding,hot,HOLDOUT,170,2.83,0.412,-0.0107,0.54924,-129.1,-2.15,0.934,-0.895,-2329.7,0.729,2.07
G_WIDE,VOL_PRICE,LONG,sym_funding,hot,TRAIN,1093,5.94,0.423,-0.0153,0.65558,1374.7,7.47,0.947,-0.785,-6730.9,0.694,4.12
G_WIDE,VOL_PRICE,LONG,sym_funding,hot,VALID,590,6.63,0.441,0.0253,0.30154,-3854.4,-43.31,0.939,-0.785,-4468.7,0.661,4.38
G_WIDE,VOL_PRICE,LONG,sym_funding,hot,TEST,754,8.2,0.432,0.0038,0.46593,4815.8,52.35,0.974,-0.808,-3635.4,0.597,4.89
G_WIDE,VOL_PRICE,LONG,sym_funding,hot,HOLDOUT,342,5.7,0.401,-0.0571,0.77518,231.0,3.85,0.967,-0.887,-4722.6,0.573,3.27
G_WIDE,OI_PRICE,LONG,sym_funding,hot,TRAIN,1540,8.37,0.426,-0.0109,0.63614,3320.4,18.05,0.916,-0.756,-7314.4,0.51,4.27
G_WIDE,OI_PRICE,LONG,sym_funding,hot,VALID,935,10.51,0.463,0.0686,0.05522,4499.1,50.55,0.944,-0.739,-4218.3,0.431,4.53
G_WIDE,OI_PRICE,LONG,sym_funding,hot,TEST,871,9.47,0.428,0.0126,0.38666,5661.7,61.54,0.941,-0.782,-4444.2,0.485,4.59
G_WIDE,OI_PRICE,LONG,sym_funding,hot,HOLDOUT,392,6.53,0.342,-0.1623,0.98942,-5515.9,-91.93,0.859,-0.912,-8968.6,0.472,3.08
G_WIDE,CHANGE_POINT,SHORT,sym_funding,neg,TRAIN,4103,22.3,0.49,0.0127,0.40297,-2900.0,-15.76,0.934,-0.723,-7731.0,0.232,5.17
G_WIDE,CHANGE_POINT,SHORT,sym_funding,neg,VALID,2956,33.21,0.42,-0.1399,0.98012,-13877.2,-155.92,0.812,-0.766,-16654.3,0.171,5.67
G_WIDE,CHANGE_POINT,SHORT,sym_funding,neg,TEST,2032,22.09,0.43,-0.1113,0.96979,-7837.1,-85.19,0.885,-0.761,-8374.3,0.259,5.73
G_WIDE,CHANGE_POINT,SHORT,sym_funding,neg,HOLDOUT,454,7.57,0.394,-0.2478,0.99976,-2522.5,-42.04,0.776,-0.78,-2925.3,0.357,2.7
G_WIDE,CHANGE_POINT,LONG,sym_oi,down,TRAIN,1096,5.96,0.453,-0.0935,0.96994,-134.0,-0.73,0.704,-0.697,-4966.1,0.425,2.53
G_WIDE,CHANGE_POINT,LONG,sym_oi,down,VALID,482,5.42,0.564,0.224,0.05454,11147.9,125.26,0.967,-0.594,-2583.3,0.548,2.97
G_WIDE,CHANGE_POINT,LONG,sym_oi,down,TEST,419,4.55,0.411,-0.1166,0.90581,-3794.1,-41.24,0.73,-0.733,-6487.3,0.494,2.25
G_WIDE,CHANGE_POINT,LONG,sym_oi,down,HOLDOUT,195,3.25,0.426,-0.0335,0.65343,-114.3,-1.91,0.733,-0.694,-2033.9,0.651,2.12
G_WIDE,CAPITULATION_REV,SHORT,ALL,ALL,TRAIN,3360,18.26,0.458,-0.046,0.75637,-8152.8,-44.31,0.859,-0.794,-12838.4,0.331,6.04
G_WIDE,CAPITULATION_REV,SHORT,ALL,ALL,VALID,1448,16.27,0.436,-0.0851,0.91847,-3178.8,-35.72,0.841,-0.82,-5663.2,0.406,6.61
G_WIDE,CAPITULATION_REV,SHORT,ALL,ALL,TEST,1526,16.59,0.453,-0.0793,0.9522,-6747.6,-73.34,0.852,-0.779,-7112.3,0.362,6.0
G_WIDE,CAPITULATION_REV,SHORT,ALL,ALL,HOLDOUT,1329,22.15,0.405,-0.1773,0.99016,-9484.4,-158.07,0.853,-0.839,-10882.9,0.305,6.75
G_WIDE,CAPITULATION_REV,SHORT,sym_funding,base,TRAIN,2248,12.22,0.461,-0.0268,0.64669,-2069.5,-11.25,0.875,-0.799,-6201.8,0.426,5.21
G_WIDE,CAPITULATION_REV,SHORT,sym_funding,base,VALID,840,9.44,0.435,-0.0692,0.87953,-2238.6,-25.15,0.847,-0.832,-4069.8,0.549,5.18
G_WIDE,CAPITULATION_REV,SHORT,sym_funding,base,TEST,1078,11.72,0.459,-0.056,0.88837,-2633.1,-28.62,0.861,-0.771,-3160.1,0.468,5.48
G_WIDE,CAPITULATION_REV,SHORT,sym_funding,base,HOLDOUT,534,8.9,0.369,-0.249,0.96933,-2761.5,-46.02,0.839,-0.897,-5792.9,0.378,3.37
G_WIDE,CAPITULATION_REV,SHORT,sym_oi,flat,TRAIN,2156,11.72,0.46,-0.0319,0.62936,-673.3,-3.66,0.875,-0.782,-4560.4,0.395,4.63
G_WIDE,CAPITULATION_REV,SHORT,sym_oi,flat,VALID,828,9.3,0.426,-0.1027,0.86683,-1669.2,-18.76,0.848,-0.815,-3169.4,0.502,4.67
G_WIDE,CAPITULATION_REV,SHORT,sym_oi,flat,TEST,962,10.46,0.465,-0.0597,0.79928,-1644.9,-17.88,0.864,-0.758,-2138.5,0.46,4.82
G_WIDE,CAPITULATION_REV,SHORT,sym_oi,flat,HOLDOUT,733,12.22,0.389,-0.225,0.97163,-4430.6,-73.84,0.828,-0.868,-4966.4,0.437,5.33
G_WIDE,OI_COVER,SHORT,sym_funding,hot,TRAIN,1428,7.76,0.487,0.0043,0.44665,1202.0,6.53,0.81,-0.774,-4583.1,0.513,3.98
G_WIDE,OI_COVER,SHORT,sym_funding,hot,VALID,858,9.64,0.446,-0.0338,0.80081,-5261.8,-59.12,0.813,-0.78,-7642.4,0.451,4.35
G_WIDE,OI_COVER,SHORT,sym_funding,hot,TEST,836,9.09,0.476,-0.0297,0.76857,-4531.1,-49.25,0.822,-0.736,-6812.2,0.474,4.3
G_WIDE,OI_COVER,SHORT,sym_funding,hot,HOLDOUT,372,6.2,0.462,-0.0546,0.84423,-61.0,-1.02,0.802,-0.737,-2988.2,0.403,2.5
G_WIDE,CAPITULATION_REV,SHORT,sym_oi,up,TRAIN,1160,6.3,0.459,-0.067,0.9668,-5843.5,-31.76,0.835,-0.819,-9152.7,0.664,4.18
G_WIDE,CAPITULATION_REV,SHORT,sym_oi,up,VALID,602,6.76,0.452,-0.0538,0.85844,-692.5,-7.78,0.839,-0.827,-3111.2,0.699,4.73
G_WIDE,CAPITULATION_REV,SHORT,sym_oi,up,TEST,562,6.11,0.432,-0.1147,0.99233,-5212.1,-56.65,0.832,-0.817,-5444.3,0.689,4.21
G_WIDE,CAPITULATION_REV,SHORT,sym_oi,up,HOLDOUT,591,9.85,0.425,-0.1195,0.98487,-4955.7,-82.59,0.883,-0.805,-6388.2,0.553,5.45
G_WIDE,MTF_BRK,LONG,sym_oi,down,TRAIN,235,1.28,0.417,-0.0725,0.79754,243.3,1.32,0.881,-0.833,-1239.2,0.74,0.95
G_WIDE,MTF_BRK,LONG,sym_oi,down,VALID,119,1.34,0.403,-0.1086,0.82937,67.3,0.76,0.905,-0.757,-943.6,0.748,1.0
G_WIDE,MTF_BRK,LONG,sym_oi,down,TEST,77,0.84,0.403,-0.1086,0.76451,699.0,7.6,0.947,-0.817,-696.4,0.792,0.66
G_WIDE,MTF_BRK,LONG,sym_oi,down,HOLDOUT,55,0.92,0.255,-0.4549,0.99897,-1355.6,-22.59,0.824,-1.146,-1421.0,0.727,0.67
G_WIDE,FUNDING_SQUEEZE,LONG,sym_oi,down,TRAIN,468,2.54,0.363,-0.1095,0.92209,-346.1,-1.88,0.835,-0.826,-3613.2,0.528,1.34
G_WIDE,FUNDING_SQUEEZE,LONG,sym_oi,down,VALID,239,2.69,0.498,0.1925,0.02411,2192.4,24.63,1.023,-0.757,-781.8,0.594,1.6
G_WIDE,FUNDING_SQUEEZE,LONG,sym_oi,down,TEST,106,1.15,0.368,-0.0955,0.77028,-1396.1,-15.17,0.878,-0.875,-1756.0,0.613,0.71
G_WIDE,FUNDING_SQUEEZE,LONG,sym_oi,down,HOLDOUT,39,0.65,0.385,-0.0522,0.59738,129.1,2.15,0.921,-0.835,-312.7,0.667,0.43
G_WIDE,EARLY_BRK,LONG,sym_oi,up,TRAIN,983,5.34,0.429,-0.0613,0.89072,-1036.7,-5.63,0.966,-0.813,-1883.7,0.593,3.17
G_WIDE,EARLY_BRK,LONG,sym_oi,up,VALID,480,5.39,0.421,-0.0926,0.90903,-387.0,-4.35,0.991,-0.821,-851.0,0.621,3.35
G_WIDE,EARLY_BRK,LONG,sym_oi,up,TEST,398,4.33,0.357,-0.3406,0.99956,-1251.5,-13.6,0.881,-0.852,-1809.1,0.696,3.01
G_WIDE,EARLY_BRK,LONG,sym_oi,up,HOLDOUT,255,4.25,0.506,0.0677,0.23858,815.6,13.59,1.045,-0.776,-470.8,0.659,2.8
G_WIDE,SQUEEZE_EXP,SHORT,sym_oi,up,TRAIN,1517,8.24,0.477,-0.0101,0.60771,2006.0,10.9,0.897,-0.758,-3832.7,0.52,4.29
G_WIDE,SQUEEZE_EXP,SHORT,sym_oi,up,VALID,754,8.47,0.46,-0.0676,0.89031,-4535.7,-50.96,0.85,-0.793,-5321.4,0.553,4.69
G_WIDE,SQUEEZE_EXP,SHORT,sym_oi,up,TEST,554,6.02,0.455,-0.1201,0.98543,-2985.0,-32.45,0.862,-0.795,-4458.9,0.652,3.92
G_WIDE,SQUEEZE_EXP,SHORT,sym_oi,up,HOLDOUT,553,9.22,0.423,-0.1747,0.99887,-4260.0,-71.0,0.829,-0.797,-4771.4,0.519,4.78
G_WIDE,TREND_TRANS,SHORT,sym_oi,down,TRAIN,1671,9.08,0.451,-0.0404,0.7768,-1737.7,-9.44,0.897,-0.771,-3691.0,0.461,4.18
G_WIDE,TREND_TRANS,SHORT,sym_oi,down,VALID,653,7.34,0.458,-0.0348,0.70109,-1308.6,-14.7,0.905,-0.77,-2928.5,0.587,4.3
G_WIDE,TREND_TRANS,SHORT,sym_oi,down,TEST,667,7.25,0.445,-0.0115,0.54144,737.9,8.02,0.919,-0.758,-2282.2,0.535,3.88
G_WIDE,TREND_TRANS,SHORT,sym_oi,down,HOLDOUT,457,7.62,0.354,-0.2641,0.99834,-3314.9,-55.25,0.812,-0.841,-4575.9,0.492,3.75
G_WIDE,SQUEEZE_EXP,LONG,sym_oi,up,TRAIN,1787,9.71,0.411,-0.0437,0.88184,-4604.8,-25.03,0.929,-0.799,-9359.3,0.528,5.12
G_WIDE,SQUEEZE_EXP,LONG,sym_oi,up,VALID,843,9.47,0.419,-0.0655,0.89275,-90.9,-1.02,0.916,-0.799,-2047.1,0.575,5.45
G_WIDE,SQUEEZE_EXP,LONG,sym_oi,up,TEST,724,7.87,0.436,-0.0474,0.81415,2415.3,26.25,0.953,-0.779,-2741.6,0.599,4.72
G_WIDE,SQUEEZE_EXP,LONG,sym_oi,up,HOLDOUT,685,11.42,0.469,0.0826,0.09238,3261.2,54.35,1.023,-0.802,-2067.4,0.488,5.57
G_WIDE,FUNDING_SQUEEZE,LONG,sym_oi,up,TRAIN,1087,5.91,0.436,0.0893,0.02155,14021.7,76.21,0.967,-0.755,-4344.5,0.478,2.83
G_WIDE,FUNDING_SQUEEZE,LONG,sym_oi,up,VALID,492,5.53,0.323,-0.176,0.99939,-7010.9,-78.77,0.808,-0.822,-7381.0,0.543,3.0
G_WIDE,FUNDING_SQUEEZE,LONG,sym_oi,up,TEST,232,2.52,0.388,-0.0523,0.74222,975.3,10.6,0.881,-0.831,-2485.8,0.565,1.42
G_WIDE,FUNDING_SQUEEZE,LONG,sym_oi,up,HOLDOUT,57,0.95,0.298,-0.2151,0.90236,-422.8,-7.05,0.761,-0.857,-1033.8,0.544,0.52
G_WIDE,OI_PRICE,SHORT,sym_funding,neg,TRAIN,168,0.91,0.446,-0.1091,0.92125,-1947.8,-10.59,0.769,-0.925,-2277.6,0.958,0.88
G_WIDE,OI_PRICE,SHORT,sym_funding,neg,VALID,102,1.15,0.52,-0.024,0.58935,657.2,7.38,0.784,-0.638,-826.1,0.951,1.09
G_WIDE,OI_PRICE,SHORT,sym_funding,neg,TEST,63,0.68,0.571,-0.1148,0.66062,1397.5,15.19,0.835,-0.637,-272.0,0.952,0.65
G_WIDE,OI_PRICE,SHORT,sym_funding,neg,HOLDOUT,8,0.13,0.75,0.3922,0.11424,157.1,2.62,0.915,-0.553,-28.2,1.0,0.13
G_WIDE,CAPITULATION_REV,SHORT,sym_funding,hot,TRAIN,167,0.91,0.383,-0.2302,0.99666,-2556.8,-13.9,0.763,-0.885,-2875.4,0.988,0.9
G_WIDE,CAPITULATION_REV,SHORT,sym_funding,hot,VALID,113,1.27,0.416,-0.1583,0.95027,116.1,1.3,0.802,-0.848,-1392.7,0.956,1.21
G_WIDE,CAPITULATION_REV,SHORT,sym_funding,hot,TEST,97,1.05,0.392,-0.1458,0.8976,-2378.5,-25.85,0.886,-0.862,-2460.1,0.959,1.01
G_WIDE,CAPITULATION_REV,SHORT,sym_funding,hot,HOLDOUT,48,0.8,0.396,-0.1298,0.75312,-1005.4,-16.76,0.935,-0.821,-1416.1,0.958,0.77
G_WIDE,CHANGE_POINT,SHORT,sym_funding,hot,TRAIN,690,3.75,0.472,-0.0562,0.91677,-3151.5,-17.13,0.803,-0.753,-3704.5,0.778,2.92
G_WIDE,CHANGE_POINT,SHORT,sym_funding,hot,VALID,432,4.85,0.451,-0.051,0.84922,-2613.8,-29.37,0.829,-0.805,-4296.9,0.692,3.36
G_WIDE,CHANGE_POINT,SHORT,sym_funding,hot,TEST,485,5.27,0.487,-0.0091,0.57372,-750.2,-8.15,0.873,-0.726,-2668.5,0.685,3.61
G_WIDE,CHANGE_POINT,SHORT,sym_funding,hot,HOLDOUT,215,3.58,0.493,-0.0864,0.87647,-913.7,-15.23,0.78,-0.774,-2699.2,0.628,2.25
G_WIDE,OI_COVER,LONG,sym_funding,hot,TRAIN,8,0.04,0.375,0.2699,0.25116,611.0,3.32,0.915,-0.691,-399.6,1.0,0.04
G_WIDE,OI_COVER,LONG,sym_funding,hot,VALID,1,0.01,0.0,-1.0343,1.0,-46.8,-0.53,0.302,-1.665,-46.8,1.0,0.01
G_WIDE,OI_COVER,LONG,sym_funding,hot,TEST,4,0.04,0.0,-0.9396,1.0,-344.5,-3.75,0.403,-1.211,-344.5,1.0,0.04
G_WIDE,OI_COVER,LONG,sym_oi,up,TRAIN,12,0.07,0.583,0.4113,0.10296,968.3,5.26,0.967,-0.547,-303.1,1.0,0.07
G_WIDE,OI_COVER,LONG,sym_oi,up,VALID,6,0.07,0.167,-0.2654,0.74392,-132.2,-1.49,0.729,-0.802,-263.6,1.0,0.07
G_WIDE,OI_COVER,LONG,sym_oi,up,TEST,10,0.11,0.4,-0.2312,0.81072,-583.4,-6.34,0.609,-0.69,-585.4,1.0,0.11
G_WIDE,OI_COVER,LONG,sym_oi,up,HOLDOUT,5,0.08,0.4,0.2059,0.36107,359.3,5.99,0.869,-0.554,-568.7,1.0,0.08
G_WIDE,CAPITULATION_REV,LONG,sym_oi,up,TRAIN,66,0.36,0.485,-0.0089,0.53528,-746.3,-4.06,0.696,-0.59,-2093.0,1.0,0.36
G_WIDE,CAPITULATION_REV,LONG,sym_oi,up,VALID,47,0.53,0.298,-0.334,0.99458,-2340.8,-26.3,0.582,-0.776,-2374.7,1.0,0.53
G_WIDE,CAPITULATION_REV,LONG,sym_oi,up,TEST,49,0.53,0.469,-0.0531,0.66699,577.0,6.27,0.724,-0.669,-1785.2,1.0,0.53
G_WIDE,CAPITULATION_REV,LONG,sym_oi,up,HOLDOUT,32,0.53,0.438,0.1459,0.19583,469.2,7.82,0.754,-0.662,-604.3,0.938,0.5
G_WIDE,CAPITULATION_REV,SHORT,sym_funding,neg,TRAIN,945,5.14,0.463,-0.0593,0.75706,-3526.5,-19.17,0.837,-0.768,-5057.1,0.583,2.99
G_WIDE,CAPITULATION_REV,SHORT,sym_funding,neg,VALID,495,5.56,0.442,-0.0955,0.84963,-1056.3,-11.87,0.841,-0.794,-2300.9,0.64,3.56
G_WIDE,CAPITULATION_REV,SHORT,sym_funding,neg,TEST,351,3.82,0.45,-0.1327,0.93322,-1735.9,-18.87,0.816,-0.78,-2733.0,0.755,2.88
G_WIDE,CAPITULATION_REV,SHORT,sym_funding,neg,HOLDOUT,79,1.32,0.342,-0.4115,0.98098,-1451.2,-24.19,0.755,-0.878,-1590.9,0.81,1.07
G_WIDE,OI_COVER,LONG,sym_funding,base,TRAIN,65,0.35,0.338,-0.163,0.90968,-442.9,-2.41,1.835,-0.734,-887.8,0.862,0.3
G_WIDE,OI_COVER,LONG,sym_funding,base,VALID,19,0.21,0.474,0.1084,0.32904,-136.3,-1.53,0.87,-0.674,-190.1,0.947,0.2
G_WIDE,OI_COVER,LONG,sym_funding,base,TEST,18,0.2,0.278,-0.4355,0.98566,-483.5,-5.26,0.518,-0.769,-491.8,1.0,0.2
G_WIDE,OI_COVER,LONG,sym_funding,base,HOLDOUT,8,0.13,0.5,0.3157,0.2295,267.1,4.45,1.049,-0.621,-51.4,1.0,0.13
G_WIDE,FUNDING_SQUEEZE,SHORT,ALL,ALL,TRAIN,470,2.55,0.438,-0.0491,0.79768,-1743.0,-9.47,0.845,-0.843,-3239.4,0.585,1.49
G_WIDE,FUNDING_SQUEEZE,SHORT,ALL,ALL,VALID,353,3.97,0.484,0.0756,0.14059,-1082.4,-12.16,1.029,-0.841,-3850.5,0.544,2.16
G_WIDE,FUNDING_SQUEEZE,SHORT,ALL,ALL,TEST,228,2.48,0.408,-0.0894,0.84797,-2700.5,-29.35,0.918,-0.829,-3056.1,0.566,1.4
G_WIDE,FUNDING_SQUEEZE,SHORT,ALL,ALL,HOLDOUT,75,1.25,0.453,-0.038,0.59328,1111.7,18.53,0.944,-0.756,-614.3,0.64,0.8
G_WIDE,FUNDING_SQUEEZE,SHORT,sym_funding,hot,TRAIN,470,2.55,0.438,-0.0491,0.79768,-1743.0,-9.47,0.845,-0.843,-3239.4,0.585,1.49
G_WIDE,FUNDING_SQUEEZE,SHORT,sym_funding,hot,VALID,353,3.97,0.484,0.0756,0.14059,-1082.4,-12.16,1.029,-0.841,-3850.5,0.544,2.16
G_WIDE,FUNDING_SQUEEZE,SHORT,sym_funding,hot,TEST,228,2.48,0.408,-0.0894,0.84797,-2700.5,-29.35,0.918,-0.829,-3056.1,0.566,1.4
G_WIDE,FUNDING_SQUEEZE,SHORT,sym_funding,hot,HOLDOUT,75,1.25,0.453,-0.038,0.59328,1111.7,18.53,0.944,-0.756,-614.3,0.64,0.8
G_WIDE,FUNDING_SQUEEZE,SHORT,sym_oi,flat,TRAIN,300,1.63,0.443,-0.0146,0.57217,-68.1,-0.37,0.917,-0.806,-1303.1,0.63,1.03
G_WIDE,FUNDING_SQUEEZE,SHORT,sym_oi,flat,VALID,215,2.42,0.516,0.1694,0.02818,1209.3,13.59,1.177,-0.847,-881.2,0.623,1.51
G_WIDE,FUNDING_SQUEEZE,SHORT,sym_oi,flat,TEST,138,1.5,0.384,-0.0972,0.79098,-1330.9,-14.47,0.98,-0.849,-1881.5,0.645,0.97
G_WIDE,FUNDING_SQUEEZE,SHORT,sym_oi,flat,HOLDOUT,56,0.93,0.446,-0.0627,0.63259,907.0,15.12,0.966,-0.75,-317.7,0.643,0.6
G_WIDE,CAPITULATION_REV,LONG,sym_funding,neg,TRAIN,677,3.68,0.417,-0.2126,0.97123,-2141.1,-11.64,0.707,-0.928,-4535.1,0.462,1.7
G_WIDE,CAPITULATION_REV,LONG,sym_funding,neg,VALID,447,5.02,0.579,0.3303,0.09623,9807.0,110.19,1.063,-0.609,-3819.9,0.367,1.84
G_WIDE,CAPITULATION_REV,LONG,sym_funding,neg,TEST,278,3.02,0.388,-0.2193,0.95854,-3284.9,-35.71,0.78,-0.843,-3776.3,0.529,1.6
G_WIDE,CAPITULATION_REV,LONG,sym_funding,neg,HOLDOUT,82,1.37,0.598,0.2732,0.02127,767.7,12.8,0.914,-0.567,-215.9,0.671,0.92
G_WIDE,OI_BUILD_BRK,SHORT,sym_funding,neg,TRAIN,152,0.83,0.5,-0.0233,0.60928,-653.1,-3.55,0.782,-0.685,-1333.8,0.868,0.72
G_WIDE,OI_BUILD_BRK,SHORT,sym_funding,neg,VALID,112,1.26,0.438,-0.1229,0.82702,-420.3,-4.72,0.755,-0.698,-1117.7,0.866,1.09
G_WIDE,OI_BUILD_BRK,SHORT,sym_funding,neg,TEST,70,0.76,0.586,-0.0872,0.63599,892.4,9.7,0.752,-0.593,-438.4,0.929,0.71
G_WIDE,OI_BUILD_BRK,SHORT,sym_funding,neg,HOLDOUT,10,0.17,0.7,0.2603,0.12083,404.6,6.74,0.612,-0.42,-83.9,1.0,0.17
G_WIDE,OI_BUILD_BRK,SHORT,sym_oi,up,TRAIN,192,1.04,0.536,0.1012,0.0824,854.5,4.64,0.807,-0.62,-1148.3,0.865,0.9
G_WIDE,OI_BUILD_BRK,SHORT,sym_oi,up,VALID,121,1.36,0.521,-0.0733,0.71368,1870.2,21.01,0.744,-0.604,-496.6,0.884,1.2
G_WIDE,OI_BUILD_BRK,SHORT,sym_oi,up,TEST,92,1.0,0.457,-0.2118,0.92781,199.8,2.17,0.677,-0.761,-587.0,0.891,0.89
G_WIDE,OI_BUILD_BRK,SHORT,sym_oi,up,HOLDOUT,47,0.78,0.468,-0.3263,0.97297,-237.5,-3.96,0.508,-0.675,-522.1,0.915,0.72
G_WIDE,MTF_BRK,SHORT,sym_oi,up,TRAIN,383,2.08,0.48,0.0402,0.26802,-257.1,-1.4,0.948,-0.77,-1590.7,0.627,1.3
G_WIDE,MTF_BRK,SHORT,sym_oi,up,VALID,223,2.51,0.448,-0.0955,0.82416,441.6,4.96,0.933,-0.749,-780.0,0.605,1.52
G_WIDE,MTF_BRK,SHORT,sym_oi,up,TEST,133,1.45,0.586,0.177,0.07839,3072.5,33.4,1.084,-0.669,-156.2,0.692,1.0
G_WIDE,MTF_BRK,SHORT,sym_oi,up,HOLDOUT,88,1.47,0.352,-0.246,0.98044,-917.0,-15.28,0.821,-0.824,-1062.5,0.568,0.83
G_WIDE,SWEEP_RECLAIM,LONG,sym_oi,up,TRAIN,300,1.63,0.363,-0.1823,0.99532,-2099.5,-11.41,0.784,-0.808,-2937.5,0.67,1.09
G_WIDE,SWEEP_RECLAIM,LONG,sym_oi,up,VALID,156,1.75,0.487,0.1036,0.15565,-449.8,-5.05,0.907,-0.714,-1517.1,0.705,1.24
G_WIDE,SWEEP_RECLAIM,LONG,sym_oi,up,TEST,101,1.1,0.307,-0.3806,0.99924,-2174.2,-23.63,0.713,-0.845,-2567.6,0.703,0.77
G_WIDE,SWEEP_RECLAIM,LONG,sym_oi,up,HOLDOUT,74,1.23,0.365,-0.1628,0.87633,-303.3,-5.06,0.818,-0.682,-1410.8,0.581,0.72
G_WIDE,BRK_24H,SHORT,sym_oi,up,TRAIN,222,1.21,0.491,0.0785,0.18674,-250.8,-1.36,0.963,-0.764,-2389.9,0.667,0.8
G_WIDE,BRK_24H,SHORT,sym_oi,up,VALID,145,1.63,0.421,-0.1047,0.83121,127.8,1.44,0.878,-0.75,-1099.8,0.683,1.11
G_WIDE,BRK_24H,SHORT,sym_oi,up,TEST,80,0.87,0.575,0.1278,0.21062,2160.8,23.49,1.079,-0.738,-127.6,0.75,0.65
G_WIDE,BRK_24H,SHORT,sym_oi,up,HOLDOUT,56,0.93,0.268,-0.4324,0.99735,-1044.8,-17.41,0.705,-0.811,-1251.7,0.589,0.55
G_WIDE,OI_BUILD_BRK,LONG,sym_oi,down,TRAIN,583,3.17,0.386,-0.0866,0.94881,-2292.8,-12.46,0.873,-0.8,-4931.6,0.592,1.88
G_WIDE,OI_BUILD_BRK,LONG,sym_oi,down,VALID,281,3.16,0.448,0.0645,0.2492,1990.3,22.36,0.972,-0.745,-1805.6,0.648,2.04
G_WIDE,OI_BUILD_BRK,LONG,sym_oi,down,TEST,285,3.1,0.358,-0.1481,0.88353,-1458.0,-15.85,0.821,-0.818,-5399.4,0.621,1.92
G_WIDE,OI_BUILD_BRK,LONG,sym_oi,down,HOLDOUT,174,2.9,0.322,-0.2039,0.98053,-3485.7,-58.1,0.787,-0.854,-3827.9,0.73,2.12
G_WIDE,FUNDING_SQUEEZE,SHORT,sym_oi,up,TRAIN,101,0.55,0.455,-0.0993,0.8406,-313.1,-1.7,0.677,-0.719,-2523.5,0.703,0.39
G_WIDE,FUNDING_SQUEEZE,SHORT,sym_oi,up,VALID,75,0.84,0.4,-0.1393,0.84947,-2250.1,-25.28,0.719,-0.82,-3141.2,0.76,0.64
G_WIDE,FUNDING_SQUEEZE,SHORT,sym_oi,up,TEST,50,0.54,0.4,-0.0917,0.72934,-575.7,-6.26,0.836,-0.825,-875.8,0.76,0.41
G_WIDE,FUNDING_SQUEEZE,SHORT,sym_oi,up,HOLDOUT,14,0.23,0.429,-0.037,0.54218,-76.3,-1.27,0.867,-0.813,-537.3,0.857,0.2
G_WIDE,OI_BUILD_BRK,SHORT,sym_funding,hot,TRAIN,31,0.17,0.387,-0.1758,0.88608,-283.9,-1.54,0.56,-0.742,-611.5,0.968,0.16
G_WIDE,OI_BUILD_BRK,SHORT,sym_funding,hot,VALID,12,0.13,0.583,0.201,0.29028,941.3,10.58,1.071,-2.259,-373.9,0.833,0.11
G_WIDE,OI_BUILD_BRK,SHORT,sym_funding,hot,TEST,7,0.08,0.571,-0.0162,0.51532,-96.0,-1.04,0.655,-0.737,-232.4,0.714,0.05
G_WIDE,OI_BUILD_BRK,SHORT,sym_funding,hot,HOLDOUT,3,0.05,0.667,0.1793,1.0,121.5,2.02,0.843,-0.796,-67.0,1.0,0.05
G_WIDE,OI_PRICE,SHORT,sym_oi,up,TRAIN,170,0.92,0.465,-0.1002,0.91867,-1489.0,-8.09,0.71,-0.694,-1977.3,0.947,0.88
G_WIDE,OI_PRICE,SHORT,sym_oi,up,VALID,87,0.98,0.586,0.0665,0.26694,1458.6,16.39,0.751,-0.54,-250.7,0.954,0.93
G_WIDE,OI_PRICE,SHORT,sym_oi,up,TEST,68,0.74,0.485,-0.1277,0.85657,187.4,2.04,0.721,-0.719,-316.7,0.956,0.71
G_WIDE,OI_PRICE,SHORT,sym_oi,up,HOLDOUT,31,0.52,0.387,-0.2854,0.96011,-514.2,-8.57,0.6,-0.809,-678.4,0.968,0.5
G_WIDE,SQUEEZE_EXP,SHORT,mkt_trend,side,TRAIN,10998,59.77,0.443,-0.0623,0.88744,-5888.4,-32.0,0.949,-0.802,-26389.1,0.076,4.54
G_WIDE,SQUEEZE_EXP,SHORT,mkt_trend,side,VALID,5462,61.37,0.484,0.0344,0.29292,526.1,5.91,1.014,-0.761,-10800.2,0.078,4.76
G_WIDE,SQUEEZE_EXP,SHORT,mkt_trend,side,TEST,6911,75.12,0.422,-0.1345,0.99168,-13202.7,-143.51,0.953,-0.82,-19435.6,0.066,4.95
G_WIDE,SQUEEZE_EXP,SHORT,mkt_trend,side,HOLDOUT,5674,94.57,0.392,-0.2251,1.0,-24865.8,-414.43,0.916,-0.837,-25396.4,0.065,6.18
G_WIDE,SQUEEZE_EXP,SHORT,breadth,hi,TRAIN,8945,48.61,0.453,-0.0351,0.74707,234.1,1.27,0.943,-0.805,-16226.4,0.12,5.84
G_WIDE,SQUEEZE_EXP,SHORT,breadth,hi,VALID,4782,53.73,0.467,-0.0142,0.58427,-2087.4,-23.45,0.94,-0.812,-10312.4,0.114,6.13
G_WIDE,SQUEEZE_EXP,SHORT,breadth,hi,TEST,4507,48.99,0.443,-0.0915,0.96795,-6009.4,-65.32,0.953,-0.799,-9856.8,0.129,6.32
G_WIDE,SQUEEZE_EXP,SHORT,breadth,hi,HOLDOUT,3973,66.22,0.392,-0.219,0.99999,-20925.7,-348.76,0.91,-0.833,-23943.3,0.099,6.58
G_WIDE,SQUEEZE_EXP,SHORT,mkt_funding,base,TRAIN,18411,100.06,0.433,-0.0852,0.98267,-30968.5,-168.31,0.928,-0.81,-39953.1,0.068,6.78
G_WIDE,SQUEEZE_EXP,SHORT,mkt_funding,base,VALID,9507,106.82,0.468,-0.004,0.5316,939.0,10.55,0.971,-0.788,-15605.8,0.064,6.89
G_WIDE,SQUEEZE_EXP,SHORT,mkt_funding,base,TEST,11803,128.29,0.409,-0.1558,0.99991,-33183.0,-360.69,0.917,-0.831,-37850.8,0.059,7.57
G_WIDE,SQUEEZE_EXP,SHORT,mkt_funding,base,HOLDOUT,4034,67.23,0.407,-0.201,0.99999,-10458.4,-174.31,0.91,-0.825,-14964.5,0.061,4.12
G_WIDE,SQUEEZE_EXP,SHORT,mkt_oi,flat,TRAIN,17786,96.66,0.435,-0.0736,0.96523,-22692.4,-123.33,0.94,-0.809,-32542.2,0.07,6.72
G_WIDE,SQUEEZE_EXP,SHORT,mkt_oi,flat,VALID,8890,99.89,0.459,-0.0238,0.67638,-5853.2,-65.77,0.966,-0.805,-20369.8,0.065,6.52
G_WIDE,SQUEEZE_EXP,SHORT,mkt_oi,flat,TEST,10588,115.09,0.402,-0.1762,0.99997,-35306.3,-383.76,0.912,-0.838,-39334.9,0.065,7.43
G_WIDE,SQUEEZE_EXP,SHORT,mkt_oi,flat,HOLDOUT,6976,116.27,0.397,-0.217,1.0,-30466.8,-507.78,0.915,-0.833,-30999.1,0.065,7.57
G_WIDE,ANY,SHORT,mkt_trend,side,TRAIN,98610,535.92,0.445,-0.0395,0.91245,-55911.7,-303.87,0.937,-0.788,-156377.0,0.009,4.85
G_WIDE,ANY,SHORT,mkt_trend,side,VALID,48420,544.04,0.447,-0.0442,0.87073,-74289.3,-834.71,0.934,-0.788,-148324.7,0.009,4.88
G_WIDE,ANY,SHORT,mkt_trend,side,TEST,56282,611.76,0.435,-0.095,0.99738,-90429.5,-982.93,0.94,-0.801,-135710.3,0.009,5.24
G_WIDE,ANY,SHORT,mkt_trend,side,HOLDOUT,45318,755.3,0.418,-0.1475,1.0,-135393.6,-2256.56,0.911,-0.814,-139319.8,0.008,5.97
G_WIDE,ANY,SHORT,breadth,hi,TRAIN,74983,407.52,0.465,0.001,0.48443,28257.2,153.57,0.953,-0.778,-89172.6,0.016,6.42
G_WIDE,ANY,SHORT,breadth,hi,VALID,37071,416.53,0.444,-0.0667,0.97412,-62666.3,-704.12,0.898,-0.8,-98406.6,0.015,6.45
G_WIDE,ANY,SHORT,breadth,hi,TEST,39278,426.93,0.447,-0.0588,0.96593,-33625.2,-365.49,0.947,-0.791,-65527.5,0.015,6.54
G_WIDE,ANY,SHORT,breadth,hi,HOLDOUT,29768,496.13,0.391,-0.201,1.0,-176303.0,-2938.38,0.894,-0.837,-184675.9,0.014,7.15
G_WIDE,ANY,SHORT,mkt_funding,base,TRAIN,168329,914.83,0.452,-0.0252,0.86685,-85271.2,-463.43,0.952,-0.786,-218644.0,0.008,7.38
G_WIDE,ANY,SHORT,mkt_funding,base,VALID,80149,900.55,0.451,-0.0401,0.90259,-41093.4,-461.72,0.928,-0.787,-191744.9,0.008,7.31
G_WIDE,ANY,SHORT,mkt_funding,base,TEST,98776,1073.65,0.44,-0.073,0.99726,-122644.9,-1333.1,0.944,-0.795,-171964.9,0.007,7.78
G_WIDE,ANY,SHORT,mkt_funding,base,HOLDOUT,33304,555.07,0.407,-0.1779,1.0,-125626.2,-2093.77,0.899,-0.83,-138916.4,0.008,4.45
G_WIDE,ANY,SHORT,mkt_oi,flat,TRAIN,160029,869.72,0.447,-0.0348,0.93384,-125871.5,-684.08,0.947,-0.79,-230250.4,0.008,7.1
G_WIDE,ANY,SHORT,mkt_oi,flat,VALID,74008,831.55,0.431,-0.0828,0.99488,-157011.0,-1764.17,0.912,-0.806,-266635.2,0.008,6.73
G_WIDE,ANY,SHORT,mkt_oi,flat,TEST,87275,948.64,0.43,-0.0992,0.99991,-194526.9,-2114.42,0.934,-0.806,-219440.6,0.008,7.41
G_WIDE,ANY,SHORT,mkt_oi,flat,HOLDOUT,57829,963.82,0.41,-0.1589,1.0,-202156.5,-3369.27,0.91,-0.818,-220104.1,0.008,7.63
G_WIDE,ACCEL,SHORT,mkt_trend,side,TRAIN,11667,63.41,0.444,-0.0477,0.80552,-11349.6,-61.68,0.931,-0.771,-31656.3,0.067,4.26
G_WIDE,ACCEL,SHORT,mkt_trend,side,VALID,5873,65.99,0.424,-0.1106,0.94476,-23431.6,-263.28,0.872,-0.789,-23933.7,0.065,4.3
G_WIDE,ACCEL,SHORT,mkt_trend,side,TEST,6823,74.16,0.472,-0.0083,0.5553,-438.6,-4.77,0.954,-0.741,-10349.6,0.06,4.43
G_WIDE,ACCEL,SHORT,mkt_trend,side,HOLDOUT,5532,92.2,0.414,-0.1809,0.99988,-23998.1,-399.97,0.857,-0.791,-27669.6,0.056,5.18
G_WIDE,ACCEL,SHORT,breadth,hi,TRAIN,7742,42.08,0.48,0.0158,0.39456,4235.1,23.02,0.914,-0.752,-21871.3,0.13,5.47
G_WIDE,ACCEL,SHORT,breadth,hi,VALID,4741,53.27,0.412,-0.1436,0.96771,-14468.5,-162.57,0.828,-0.81,-25107.0,0.105,5.61
G_WIDE,ACCEL,SHORT,breadth,hi,TEST,4299,46.73,0.478,-0.0015,0.50853,572.8,6.23,0.929,-0.747,-9010.9,0.121,5.65
G_WIDE,ACCEL,SHORT,breadth,hi,HOLDOUT,3820,63.67,0.389,-0.2345,0.99991,-33042.8,-550.71,0.79,-0.815,-34092.6,0.096,6.13
G_WIDE,ACCEL,SHORT,mkt_funding,base,TRAIN,19486,105.9,0.455,-0.0274,0.73002,-15022.9,-81.65,0.95,-0.77,-38149.4,0.058,6.18
G_WIDE,ACCEL,SHORT,mkt_funding,base,VALID,9269,104.15,0.454,-0.0434,0.77338,-1285.8,-14.45,0.897,-0.77,-24589.2,0.061,6.37
G_WIDE,ACCEL,SHORT,mkt_funding,base,TEST,12389,134.66,0.447,-0.0621,0.90633,-14597.8,-158.67,0.921,-0.772,-20624.0,0.052,7.04
G_WIDE,ACCEL,SHORT,mkt_funding,base,HOLDOUT,3864,64.4,0.41,-0.1944,0.99988,-17066.1,-284.44,0.829,-0.811,-20196.2,0.056,3.58
G_WIDE,ACCEL,SHORT,mkt_oi,flat,TRAIN,18481,100.44,0.45,-0.0344,0.77727,-20372.3,-110.72,0.939,-0.77,-43051.4,0.062,6.24
G_WIDE,ACCEL,SHORT,mkt_oi,flat,VALID,9004,101.17,0.413,-0.1327,0.98803,-37372.4,-419.91,0.866,-0.811,-41267.1,0.062,6.31
G_WIDE,ACCEL,SHORT,mkt_oi,flat,TEST,10901,118.49,0.44,-0.085,0.95374,-20575.4,-223.65,0.913,-0.782,-25063.0,0.057,6.7
G_WIDE,ACCEL,SHORT,mkt_oi,flat,HOLDOUT,6986,116.43,0.423,-0.1521,0.99933,-26698.5,-444.98,0.86,-0.789,-35385.9,0.055,6.37
G_WIDE,VOL_PRICE,SHORT,mkt_trend,side,TRAIN,16411,89.19,0.455,-0.0147,0.62847,-1979.4,-10.76,0.957,-0.776,-34492.6,0.052,4.64
G_WIDE,VOL_PRICE,SHORT,mkt_trend,side,VALID,7873,88.46,0.437,-0.0722,0.89362,-21479.2,-241.34,0.911,-0.788,-27544.2,0.055,4.84
G_WIDE,VOL_PRICE,SHORT,mkt_trend,side,TEST,9756,106.04,0.445,-0.0699,0.92345,-11942.5,-129.81,0.936,-0.777,-19335.0,0.048,5.12
G_WIDE,VOL_PRICE,SHORT,mkt_trend,side,HOLDOUT,7811,130.18,0.434,-0.1214,0.9977,-20802.2,-346.7,0.914,-0.789,-26764.7,0.042,5.43
G_WIDE,VOL_PRICE,SHORT,breadth,hi,TRAIN,10702,58.16,0.48,0.0272,0.27163,8634.8,46.93,0.939,-0.763,-20219.8,0.104,6.07
G_WIDE,VOL_PRICE,SHORT,breadth,hi,VALID,5742,64.52,0.421,-0.137,0.99518,-18214.8,-204.66,0.837,-0.817,-27735.4,0.094,6.09
G_WIDE,VOL_PRICE,SHORT,breadth,hi,TEST,6003,65.25,0.458,-0.0432,0.80766,-1053.9,-11.46,0.924,-0.775,-12658.2,0.096,6.26
G_WIDE,VOL_PRICE,SHORT,breadth,hi,HOLDOUT,5116,85.27,0.402,-0.1956,0.99985,-35984.1,-599.73,0.85,-0.814,-36038.4,0.075,6.42
G_WIDE,VOL_PRICE,SHORT,mkt_funding,base,TRAIN,27368,148.74,0.452,-0.0254,0.75728,-19256.8,-104.66,0.962,-0.78,-38924.0,0.046,6.88
G_WIDE,VOL_PRICE,SHORT,mkt_funding,base,VALID,12484,140.27,0.451,-0.0506,0.86627,-13757.9,-154.58,0.906,-0.782,-34597.6,0.05,7.08
G_WIDE,VOL_PRICE,SHORT,mkt_funding,base,TEST,17080,185.65,0.436,-0.087,0.98877,-32458.1,-352.81,0.918,-0.79,-36919.1,0.041,7.68
G_WIDE,VOL_PRICE,SHORT,mkt_funding,base,HOLDOUT,5763,96.05,0.411,-0.1879,0.99998,-26503.9,-441.73,0.865,-0.822,-29504.2,0.042,4.02
G_WIDE,VOL_PRICE,SHORT,mkt_oi,flat,TRAIN,26006,141.34,0.448,-0.0304,0.7963,-27409.1,-148.96,0.952,-0.78,-40954.8,0.049,6.9
G_WIDE,VOL_PRICE,SHORT,mkt_oi,flat,VALID,11876,133.44,0.426,-0.103,0.98646,-40505.5,-455.12,0.891,-0.806,-46923.9,0.05,6.62
G_WIDE,VOL_PRICE,SHORT,mkt_oi,flat,TEST,15094,164.07,0.43,-0.1028,0.99427,-36546.8,-397.25,0.914,-0.797,-41089.3,0.044,7.27
G_WIDE,VOL_PRICE,SHORT,mkt_oi,flat,HOLDOUT,9958,165.97,0.43,-0.1296,0.99965,-34858.7,-580.98,0.899,-0.795,-40612.1,0.042,6.97
G_WIDE,SQUEEZE_EXP,LONG,mkt_trend,side,TRAIN,11131,60.49,0.41,-0.1096,0.9889,-28280.0,-153.7,0.933,-0.819,-40812.1,0.085,5.15
G_WIDE,SQUEEZE_EXP,LONG,mkt_trend,side,VALID,5349,60.1,0.401,-0.131,0.9886,-10342.5,-116.21,0.893,-0.829,-21476.4,0.085,5.12
G_WIDE,SQUEEZE_EXP,LONG,mkt_trend,side,TEST,7052,76.65,0.412,-0.1389,0.99749,-10831.9,-117.74,0.942,-0.823,-13431.7,0.078,5.97
G_WIDE,SQUEEZE_EXP,LONG,mkt_trend,side,HOLDOUT,5631,93.85,0.456,-0.0284,0.71347,3632.3,60.54,0.973,-0.804,-10586.9,0.066,6.15
G_WIDE,SQUEEZE_EXP,LONG,breadth,hi,TRAIN,8562,46.53,0.416,-0.0895,0.958,-13061.9,-70.99,0.954,-0.801,-17547.0,0.136,6.32
G_WIDE,SQUEEZE_EXP,LONG,breadth,hi,VALID,4668,52.45,0.399,-0.1092,0.95917,-10147.7,-114.02,0.929,-0.81,-11115.3,0.128,6.71
G_WIDE,SQUEEZE_EXP,LONG,breadth,hi,TEST,4531,49.25,0.402,-0.1571,0.99755,-10197.7,-110.85,0.936,-0.817,-12415.5,0.137,6.75
G_WIDE,SQUEEZE_EXP,LONG,breadth,hi,HOLDOUT,3881,64.68,0.459,-0.0211,0.63977,4507.2,75.12,0.978,-0.816,-9126.6,0.113,7.3
G_WIDE,SQUEEZE_EXP,LONG,mkt_funding,base,TRAIN,18668,101.46,0.422,-0.0803,0.98109,-31665.8,-172.1,0.939,-0.799,-42507.4,0.076,7.71
G_WIDE,SQUEEZE_EXP,LONG,mkt_funding,base,VALID,9648,108.4,0.402,-0.1198,0.99693,-24554.0,-275.89,0.908,-0.816,-25773.4,0.069,7.51
G_WIDE,SQUEEZE_EXP,LONG,mkt_funding,base,TEST,11994,130.37,0.43,-0.0802,0.97099,-4144.1,-45.04,0.954,-0.802,-12594.5,0.068,8.85
G_WIDE,SQUEEZE_EXP,LONG,mkt_funding,base,HOLDOUT,4163,69.38,0.429,-0.0861,0.95488,-8143.2,-135.72,0.951,-0.819,-11312.7,0.068,4.72
G_WIDE,SQUEEZE_EXP,LONG,mkt_oi,flat,TRAIN,17789,96.68,0.415,-0.0968,0.99405,-38727.4,-210.47,0.938,-0.81,-52446.5,0.08,7.71
G_WIDE,SQUEEZE_EXP,LONG,mkt_oi,flat,VALID,9021,101.36,0.407,-0.1052,0.98154,-18741.2,-210.57,0.919,-0.82,-24316.4,0.072,7.33
G_WIDE,SQUEEZE_EXP,LONG,mkt_oi,flat,TEST,10701,116.32,0.432,-0.077,0.95283,-162.5,-1.77,0.962,-0.802,-10725.9,0.072,8.35
G_WIDE,SQUEEZE_EXP,LONG,mkt_oi,flat,HOLDOUT,7045,117.42,0.448,-0.0522,0.87527,218.9,3.65,0.968,-0.813,-13028.2,0.068,7.97
G_WIDE,VOL_PRICE,LONG,mkt_trend,side,TRAIN,13548,73.63,0.403,-0.117,0.9976,-38431.7,-208.87,0.924,-0.808,-51041.9,0.07,5.14
G_WIDE,VOL_PRICE,LONG,mkt_trend,side,VALID,6523,73.29,0.455,0.0257,0.32788,9652.7,108.46,0.979,-0.748,-16180.2,0.071,5.19
G_WIDE,VOL_PRICE,LONG,mkt_trend,side,TEST,8484,92.22,0.416,-0.0952,0.99533,-5079.8,-55.21,0.92,-0.807,-18316.4,0.062,5.72
G_WIDE,VOL_PRICE,LONG,mkt_trend,side,HOLDOUT,6433,107.22,0.436,-0.0413,0.84194,11527.7,192.13,0.957,-0.793,-10662.1,0.063,6.73
G_WIDE,VOL_PRICE,LONG,breadth,hi,TRAIN,11741,63.81,0.394,-0.1246,0.99857,-40030.4,-217.56,0.926,-0.804,-45635.4,0.102,6.49
G_WIDE,VOL_PRICE,LONG,breadth,hi,VALID,6411,72.03,0.451,0.0253,0.32114,979.6,11.01,0.988,-0.754,-8001.9,0.098,7.09
G_WIDE,VOL_PRICE,LONG,breadth,hi,TEST,6753,73.4,0.399,-0.1301,0.99963,-16962.4,-184.37,0.897,-0.812,-23720.1,0.093,6.84
G_WIDE,VOL_PRICE,LONG,breadth,hi,HOLDOUT,5157,85.95,0.444,-0.0067,0.54657,10095.6,168.26,0.984,-0.812,-10804.0,0.085,7.3
G_WIDE,VOL_PRICE,LONG,mkt_funding,base,TRAIN,22794,123.88,0.401,-0.1112,0.99942,-56379.3,-306.41,0.914,-0.811,-61721.2,0.065,8.07
G_WIDE,VOL_PRICE,LONG,mkt_funding,base,VALID,11292,126.88,0.421,-0.0459,0.85233,-28478.0,-319.98,0.943,-0.78,-39251.3,0.06,7.63
G_WIDE,VOL_PRICE,LONG,mkt_funding,base,TEST,14368,156.17,0.4,-0.1259,0.99999,-29762.7,-323.51,0.893,-0.814,-45047.3,0.056,8.67
G_WIDE,VOL_PRICE,LONG,mkt_funding,base,HOLDOUT,4713,78.55,0.445,-0.0187,0.63327,4974.9,82.92,0.983,-0.798,-11552.0,0.065,5.12
G_WIDE,VOL_PRICE,LONG,mkt_oi,flat,TRAIN,21461,116.64,0.407,-0.1024,0.99831,-45371.3,-246.58,0.922,-0.807,-51517.2,0.068,7.89
G_WIDE,VOL_PRICE,LONG,mkt_oi,flat,VALID,10705,120.28,0.454,0.02,0.33516,5626.5,63.22,0.973,-0.766,-22206.7,0.065,7.76
G_WIDE,VOL_PRICE,LONG,mkt_oi,flat,TEST,12789,139.01,0.404,-0.1208,0.99995,-21292.0,-231.43,0.897,-0.812,-30851.0,0.06,8.38
G_WIDE,VOL_PRICE,LONG,mkt_oi,flat,HOLDOUT,7976,132.93,0.438,-0.0357,0.8437,11546.7,192.44,0.963,-0.797,-13168.8,0.064,8.52
G_WIDE,ANY,LONG,mkt_trend,side,TRAIN,97584,530.35,0.408,-0.1172,0.99999,-258642.5,-1405.67,0.905,-0.811,-317432.9,0.01,5.08
G_WIDE,ANY,LONG,mkt_trend,side,VALID,46128,518.29,0.417,-0.0836,0.98704,-46447.4,-521.88,0.927,-0.798,-157081.5,0.01,5.08
G_WIDE,ANY,LONG,mkt_trend,side,TEST,54202,589.15,0.416,-0.1059,0.99984,-83902.8,-911.99,0.927,-0.811,-138117.1,0.01,5.77
G_WIDE,ANY,LONG,mkt_trend,side,HOLDOUT,43717,728.62,0.432,-0.0663,0.96865,-4123.8,-68.73,0.939,-0.806,-94233.3,0.008,6.13
G_WIDE,ANY,LONG,breadth,hi,TRAIN,93257,506.83,0.391,-0.1513,1.0,-359741.2,-1955.12,0.883,-0.815,-381966.6,0.013,6.38
G_WIDE,ANY,LONG,breadth,hi,VALID,45503,511.27,0.416,-0.0814,0.98734,-60953.6,-684.87,0.916,-0.791,-80982.7,0.012,6.33
G_WIDE,ANY,LONG,breadth,hi,TEST,46653,507.1,0.394,-0.1469,1.0,-150702.2,-1638.07,0.895,-0.821,-195104.3,0.013,6.79
G_WIDE,ANY,LONG,breadth,hi,HOLDOUT,34898,581.63,0.46,0.0155,0.36439,91004.6,1516.74,0.984,-0.805,-67032.6,0.012,7.08
G_WIDE,ANY,LONG,mkt_funding,base,TRAIN,163919,890.86,0.395,-0.1427,1.0,-535689.9,-2911.36,0.883,-0.823,-567499.1,0.008,7.52
G_WIDE,ANY,LONG,mkt_funding,base,VALID,76597,860.64,0.403,-0.111,0.99994,-226098.2,-2540.43,0.901,-0.802,-256273.8,0.009,7.51
G_WIDE,ANY,LONG,mkt_funding,base,TEST,94505,1027.23,0.403,-0.132,1.0,-258271.3,-2807.3,0.899,-0.819,-327648.0,0.009,8.9
G_WIDE,ANY,LONG,mkt_funding,base,HOLDOUT,32403,540.05,0.428,-0.0667,0.94175,-14661.7,-244.36,0.951,-0.819,-80778.9,0.008,4.12
G_WIDE,ANY,LONG,mkt_oi,flat,TRAIN,155297,844.01,0.398,-0.139,1.0,-473640.7,-2574.13,0.888,-0.821,-516840.9,0.009,7.41
G_WIDE,ANY,LONG,mkt_oi,flat,VALID,72210,811.35,0.424,-0.0649,0.98166,-83964.2,-943.42,0.927,-0.792,-167250.9,0.008,6.74
G_WIDE,ANY,LONG,mkt_oi,flat,TEST,84240,915.65,0.404,-0.1288,1.0,-196864.8,-2139.83,0.906,-0.819,-242238.1,0.009,8.07
G_WIDE,ANY,LONG,mkt_oi,flat,HOLDOUT,55539,925.65,0.432,-0.0618,0.97332,-8074.1,-134.57,0.943,-0.814,-119750.6,0.008,7.73
G_WIDE,SWEEP_RECLAIM,SHORT,mkt_trend,side,TRAIN,15771,85.71,0.446,-0.0538,0.90114,-17261.1,-93.81,0.904,-0.796,-34915.8,0.052,4.47
G_WIDE,SWEEP_RECLAIM,SHORT,mkt_trend,side,VALID,7513,84.42,0.432,-0.0869,0.94406,-23819.5,-267.63,0.845,-0.813,-28657.9,0.058,4.93
G_WIDE,SWEEP_RECLAIM,SHORT,mkt_trend,side,TEST,8788,95.52,0.467,-0.0359,0.81034,-9525.1,-103.53,0.922,-0.778,-23529.4,0.053,5.07
G_WIDE,SWEEP_RECLAIM,SHORT,mkt_trend,side,HOLDOUT,7469,124.48,0.397,-0.2036,0.99998,-49057.5,-817.63,0.835,-0.833,-51931.8,0.049,6.08
G_WIDE,SWEEP_RECLAIM,SHORT,breadth,hi,TRAIN,20512,111.48,0.479,0.0273,0.24438,18112.5,98.44,0.929,-0.753,-28744.9,0.053,5.86
G_WIDE,SWEEP_RECLAIM,SHORT,breadth,hi,VALID,9951,111.81,0.468,-0.0226,0.67468,-4034.3,-45.33,0.886,-0.777,-24535.2,0.056,6.31
G_WIDE,SWEEP_RECLAIM,SHORT,breadth,hi,TEST,9487,103.12,0.464,-0.031,0.7745,-6203.6,-67.43,0.922,-0.773,-14751.2,0.066,6.76
G_WIDE,SWEEP_RECLAIM,SHORT,breadth,hi,HOLDOUT,8589,143.15,0.363,-0.2617,1.0,-69834.1,-1163.9,0.864,-0.858,-73852.6,0.049,7.02
G_WIDE,SWEEP_RECLAIM,SHORT,mkt_funding,base,TRAIN,26942,146.42,0.476,0.0123,0.35254,14565.4,79.16,0.927,-0.77,-38137.5,0.048,6.98
G_WIDE,SWEEP_RECLAIM,SHORT,mkt_funding,base,VALID,12988,145.93,0.459,-0.0432,0.8506,-14203.7,-159.59,0.882,-0.792,-40698.6,0.049,7.08
G_WIDE,SWEEP_RECLAIM,SHORT,mkt_funding,base,TEST,14652,159.26,0.461,-0.0422,0.91012,-23898.6,-259.77,0.916,-0.775,-30039.2,0.047,7.48
G_WIDE,SWEEP_RECLAIM,SHORT,mkt_funding,base,HOLDOUT,5665,94.42,0.397,-0.1923,0.99916,-33371.6,-556.19,0.901,-0.842,-51777.5,0.043,4.07
G_WIDE,SWEEP_RECLAIM,SHORT,mkt_oi,flat,TRAIN,23847,129.6,0.465,-0.0116,0.63315,-17740.5,-96.42,0.919,-0.779,-39218.8,0.054,6.99
G_WIDE,SWEEP_RECLAIM,SHORT,mkt_oi,flat,VALID,11255,126.46,0.438,-0.0885,0.97956,-26839.2,-301.56,0.863,-0.8,-46610.7,0.053,6.73
G_WIDE,SWEEP_RECLAIM,SHORT,mkt_oi,flat,TEST,12857,139.75,0.464,-0.0368,0.87195,-19554.3,-212.55,0.916,-0.778,-25534.7,0.051,7.08
G_WIDE,SWEEP_RECLAIM,SHORT,mkt_oi,flat,HOLDOUT,9547,159.12,0.404,-0.1761,0.99997,-49848.8,-830.81,0.888,-0.828,-54783.9,0.046,7.27
G_WIDE,CHANGE_POINT,SHORT,mkt_trend,side,TRAIN,8259,44.89,0.456,-0.0523,0.81664,-7756.9,-42.16,0.88,-0.751,-24903.4,0.089,3.98
G_WIDE,CHANGE_POINT,SHORT,mkt_trend,side,VALID,3805,42.75,0.429,-0.1078,0.93832,-15061.3,-169.23,0.832,-0.768,-15061.3,0.094,4.0
G_WIDE,CHANGE_POINT,SHORT,mkt_trend,side,TEST,4714,51.24,0.481,-0.0019,0.51202,-268.1,-2.91,0.926,-0.724,-9435.1,0.084,4.3
G_WIDE,CHANGE_POINT,SHORT,mkt_trend,side,HOLDOUT,4107,68.45,0.422,-0.175,0.99997,-22263.8,-371.06,0.812,-0.762,-22788.1,0.069,4.73
G_WIDE,CHANGE_POINT,SHORT,breadth,hi,TRAIN,7332,39.85,0.491,0.0164,0.39034,6782.2,36.86,0.868,-0.723,-17383.4,0.123,4.92
G_WIDE,CHANGE_POINT,SHORT,breadth,hi,VALID,4021,45.18,0.45,-0.0921,0.8952,-9651.7,-108.45,0.801,-0.761,-19221.9,0.116,5.22
G_WIDE,CHANGE_POINT,SHORT,breadth,hi,TEST,3669,39.88,0.47,-0.0421,0.77539,-7004.4,-76.14,0.873,-0.734,-9250.8,0.13,5.17
G_WIDE,CHANGE_POINT,SHORT,breadth,hi,HOLDOUT,3410,56.83,0.387,-0.2592,0.99997,-37174.3,-619.57,0.743,-0.797,-37710.5,0.1,5.68
G_WIDE,CHANGE_POINT,SHORT,mkt_funding,base,TRAIN,13338,72.49,0.488,0.0251,0.29554,18471.6,100.39,0.946,-0.726,-23939.1,0.079,5.76
G_WIDE,CHANGE_POINT,SHORT,mkt_funding,base,VALID,6597,74.12,0.471,-0.0363,0.7307,1462.1,16.43,0.851,-0.741,-15642.5,0.076,5.65
G_WIDE,CHANGE_POINT,SHORT,mkt_funding,base,TEST,8389,91.18,0.456,-0.0605,0.89697,-14117.0,-153.45,0.89,-0.75,-17180.5,0.069,6.33
G_WIDE,CHANGE_POINT,SHORT,mkt_funding,base,HOLDOUT,2991,49.85,0.409,-0.1979,0.99855,-19187.4,-319.79,0.777,-0.783,-21638.4,0.067,3.32
G_WIDE,CHANGE_POINT,SHORT,mkt_oi,flat,TRAIN,12520,68.04,0.48,0.0127,0.39446,5756.1,31.28,0.944,-0.731,-27196.2,0.084,5.71
G_WIDE,CHANGE_POINT,SHORT,mkt_oi,flat,VALID,6194,69.6,0.42,-0.1393,0.99176,-25137.9,-282.45,0.82,-0.78,-29326.9,0.08,5.54
G_WIDE,CHANGE_POINT,SHORT,mkt_oi,flat,TEST,7399,80.42,0.459,-0.0572,0.86828,-10386.8,-112.9,0.901,-0.752,-17244.1,0.076,6.1
G_WIDE,CHANGE_POINT,SHORT,mkt_oi,flat,HOLDOUT,5137,85.62,0.422,-0.1697,0.99998,-30592.3,-509.87,0.806,-0.769,-32862.4,0.069,5.93
G_WIDE,PULLBACK_CONT,LONG,mkt_trend,side,TRAIN,31914,173.45,0.4,-0.1254,0.99978,-81484.1,-442.85,0.915,-0.808,-118761.4,0.027,4.62
G_WIDE,PULLBACK_CONT,LONG,mkt_trend,side,VALID,14834,166.67,0.425,-0.0618,0.90657,-7898.9,-88.75,0.932,-0.771,-45006.6,0.028,4.72
G_WIDE,PULLBACK_CONT,LONG,mkt_trend,side,TEST,17824,193.74,0.421,-0.0869,0.9918,-19727.8,-214.43,0.929,-0.796,-51409.0,0.026,5.11
G_WIDE,PULLBACK_CONT,LONG,mkt_trend,side,HOLDOUT,14354,239.23,0.45,-0.0091,0.57651,21369.5,356.16,0.953,-0.778,-28686.0,0.023,5.57
G_WIDE,PULLBACK_CONT,LONG,breadth,hi,TRAIN,34095,185.3,0.381,-0.171,1.0,-148161.9,-805.23,0.879,-0.818,-161581.5,0.032,5.86
G_WIDE,PULLBACK_CONT,LONG,breadth,hi,VALID,16380,184.04,0.415,-0.0845,0.97541,-22735.7,-255.46,0.895,-0.779,-31832.9,0.031,5.67
G_WIDE,PULLBACK_CONT,LONG,breadth,hi,TEST,16800,182.61,0.396,-0.1407,0.99989,-50172.6,-545.35,0.892,-0.811,-71091.3,0.033,6.08
G_WIDE,PULLBACK_CONT,LONG,breadth,hi,HOLDOUT,12635,210.58,0.48,0.069,0.10216,51803.4,863.39,0.986,-0.773,-25721.1,0.031,6.45
G_WIDE,PULLBACK_CONT,LONG,mkt_funding,base,TRAIN,53422,290.34,0.379,-0.1737,1.0,-215001.4,-1168.49,0.876,-0.823,-236185.8,0.023,6.72
G_WIDE,PULLBACK_CONT,LONG,mkt_funding,base,VALID,25917,291.2,0.399,-0.1186,0.99932,-68397.3,-768.51,0.887,-0.789,-82396.7,0.024,6.87
G_WIDE,PULLBACK_CONT,LONG,mkt_funding,base,TEST,30371,330.12,0.395,-0.1423,1.0,-79967.1,-869.21,0.892,-0.814,-110634.8,0.023,7.52
G_WIDE,PULLBACK_CONT,LONG,mkt_funding,base,HOLDOUT,10658,177.63,0.415,-0.0858,0.94578,-939.8,-15.66,0.928,-0.813,-30911.0,0.023,4.08
G_WIDE,PULLBACK_CONT,LONG,mkt_oi,flat,TRAIN,48386,262.97,0.375,-0.1873,1.0,-204868.6,-1113.42,0.877,-0.827,-226955.9,0.025,6.6
G_WIDE,PULLBACK_CONT,LONG,mkt_oi,flat,VALID,23303,261.83,0.428,-0.0553,0.91648,-16694.2,-187.57,0.918,-0.77,-49883.0,0.023,6.04
G_WIDE,PULLBACK_CONT,LONG,mkt_oi,flat,TEST,27050,294.02,0.394,-0.1473,1.0,-66889.3,-727.06,0.895,-0.816,-85385.7,0.025,7.28
G_WIDE,PULLBACK_CONT,LONG,mkt_oi,flat,HOLDOUT,18524,308.73,0.442,-0.0263,0.73527,17057.2,284.29,0.948,-0.792,-37917.5,0.023,6.98
G_WIDE,OI_PRICE,LONG,mkt_trend,side,TRAIN,10028,54.5,0.417,-0.0497,0.93597,-14413.3,-78.33,0.9,-0.773,-36933.5,0.091,4.98
G_WIDE,OI_PRICE,LONG,mkt_trend,side,VALID,4507,50.64,0.435,0.0037,0.46459,1769.2,19.88,0.945,-0.744,-19210.8,0.101,5.1
G_WIDE,OI_PRICE,LONG,mkt_trend,side,TEST,5483,59.6,0.408,-0.0511,0.94539,-769.9,-8.37,0.901,-0.776,-18554.9,0.09,5.37
G_WIDE,OI_PRICE,LONG,mkt_trend,side,HOLDOUT,4662,77.7,0.441,0.0305,0.1946,15782.4,263.04,0.935,-0.76,-11768.6,0.082,6.35
G_WIDE,OI_PRICE,LONG,breadth,hi,TRAIN,10531,57.23,0.405,-0.073,0.98241,-22162.9,-120.45,0.878,-0.765,-34464.8,0.111,6.35
G_WIDE,OI_PRICE,LONG,breadth,hi,VALID,5290,59.44,0.424,-0.0326,0.78057,-9309.1,-104.6,0.9,-0.762,-12056.7,0.105,6.26
G_WIDE,OI_PRICE,LONG,breadth,hi,TEST,5192,56.43,0.396,-0.0829,0.98804,-11497.1,-124.97,0.879,-0.788,-21378.2,0.122,6.9
G_WIDE,OI_PRICE,LONG,breadth,hi,HOLDOUT,4727,78.78,0.472,0.0996,0.02564,27713.3,461.89,0.979,-0.814,-16474.6,0.089,6.98
G_WIDE,OI_PRICE,LONG,mkt_funding,base,TRAIN,18511,100.6,0.416,-0.0482,0.96316,-13813.6,-75.07,0.887,-0.766,-41882.4,0.075,7.57
G_WIDE,OI_PRICE,LONG,mkt_funding,base,VALID,8396,94.34,0.405,-0.0562,0.96427,-28770.9,-323.27,0.904,-0.774,-40319.5,0.076,7.17
G_WIDE,OI_PRICE,LONG,mkt_funding,base,TEST,10942,118.93,0.4,-0.085,0.9991,-26957.1,-293.01,0.86,-0.784,-46918.3,0.068,8.12
G_WIDE,OI_PRICE,LONG,mkt_funding,base,HOLDOUT,3588,59.8,0.447,0.0632,0.14481,5641.3,94.02,0.967,-0.829,-19810.3,0.074,4.42
G_WIDE,OI_PRICE,LONG,mkt_oi,flat,TRAIN,17242,93.71,0.42,-0.0434,0.93804,-12728.4,-69.18,0.892,-0.768,-35703.6,0.078,7.29
G_WIDE,OI_PRICE,LONG,mkt_oi,flat,VALID,7510,84.38,0.431,-0.0103,0.61645,-4689.5,-52.69,0.922,-0.759,-20210.8,0.086,7.27
G_WIDE,OI_PRICE,LONG,mkt_oi,flat,TEST,9485,103.1,0.409,-0.0609,0.98787,-10844.9,-117.88,0.877,-0.777,-25237.2,0.075,7.73
G_WIDE,OI_PRICE,LONG,mkt_oi,flat,HOLDOUT,6524,108.73,0.435,0.0143,0.334,9918.8,165.31,0.93,-0.797,-18902.0,0.072,7.82
G_WIDE,TREND_TRANS,SHORT,mkt_trend,side,TRAIN,13348,72.54,0.457,-0.0132,0.62179,-3252.0,-17.67,0.944,-0.788,-21798.1,0.06,4.37
G_WIDE,TREND_TRANS,SHORT,mkt_trend,side,VALID,6470,72.7,0.441,-0.0535,0.82975,-9022.7,-101.38,0.933,-0.774,-20890.5,0.064,4.63
G_WIDE,TREND_TRANS,SHORT,mkt_trend,side,TEST,7751,84.25,0.423,-0.1361,0.99791,-17393.6,-189.06,0.918,-0.805,-24619.7,0.059,5.01
G_WIDE,TREND_TRANS,SHORT,mkt_trend,side,HOLDOUT,6228,103.8,0.412,-0.1599,0.99995,-16034.7,-267.24,0.896,-0.807,-18442.2,0.058,5.98
G_WIDE,TREND_TRANS,SHORT,breadth,hi,TRAIN,5298,28.79,0.468,0.0043,0.44736,2674.8,14.54,0.964,-0.788,-7362.4,0.186,5.35
G_WIDE,TREND_TRANS,SHORT,breadth,hi,VALID,2786,31.3,0.441,-0.0596,0.89471,-5007.2,-56.26,0.909,-0.8,-10034.1,0.176,5.49
G_WIDE,TREND_TRANS,SHORT,breadth,hi,TEST,3280,35.65,0.425,-0.1309,0.99841,-7239.9,-78.69,0.915,-0.823,-8185.5,0.171,6.09
G_WIDE,TREND_TRANS,SHORT,breadth,hi,HOLDOUT,2350,39.17,0.386,-0.2172,1.0,-13682.2,-228.04,0.898,-0.837,-14801.2,0.161,6.3
G_WIDE,TREND_TRANS,SHORT,mkt_funding,base,TRAIN,22868,124.28,0.462,0.0001,0.49926,7730.5,42.01,0.97,-0.78,-32322.4,0.053,6.62
G_WIDE,TREND_TRANS,SHORT,mkt_funding,base,VALID,11020,123.82,0.463,-0.004,0.53588,655.0,7.36,0.949,-0.767,-22594.0,0.051,6.37
G_WIDE,TREND_TRANS,SHORT,mkt_funding,base,TEST,13452,146.22,0.425,-0.1097,0.99797,-31507.4,-342.47,0.926,-0.804,-35016.4,0.053,7.68
G_WIDE,TREND_TRANS,SHORT,mkt_funding,base,HOLDOUT,4698,78.3,0.42,-0.1544,0.99971,-9076.6,-151.28,0.895,-0.803,-11581.6,0.05,3.92
G_WIDE,TREND_TRANS,SHORT,mkt_oi,flat,TRAIN,21275,115.62,0.46,-0.0062,0.57263,4421.4,24.03,0.96,-0.783,-32625.5,0.056,6.45
G_WIDE,TREND_TRANS,SHORT,mkt_oi,flat,VALID,9750,109.55,0.432,-0.0761,0.95261,-18963.1,-213.07,0.919,-0.794,-32321.0,0.058,6.3
G_WIDE,TREND_TRANS,SHORT,mkt_oi,flat,TEST,11975,130.16,0.418,-0.1323,0.99979,-39301.2,-427.19,0.918,-0.815,-42675.8,0.056,7.3
G_WIDE,TREND_TRANS,SHORT,mkt_oi,flat,HOLDOUT,8018,133.63,0.408,-0.1721,0.99999,-23589.5,-393.16,0.888,-0.808,-26996.9,0.054,7.25
G_WIDE,BRK_4H,LONG,mkt_trend,side,TRAIN,42819,232.71,0.413,-0.1068,0.99942,-100948.5,-548.63,0.928,-0.81,-128401.4,0.023,5.34
G_WIDE,BRK_4H,LONG,mkt_trend,side,VALID,19946,224.11,0.414,-0.0851,0.96682,-24327.6,-273.34,0.946,-0.803,-79023.6,0.026,5.81
G_WIDE,BRK_4H,LONG,mkt_trend,side,TEST,24335,264.51,0.4,-0.1408,0.99999,-52869.7,-574.67,0.934,-0.827,-67371.2,0.023,6.11
G_WIDE,BRK_4H,LONG,mkt_trend,side,HOLDOUT,19949,332.48,0.428,-0.0732,0.95596,2068.8,34.48,0.96,-0.811,-40991.3,0.021,7.0
G_WIDE,BRK_4H,LONG,breadth,hi,TRAIN,49974,271.6,0.393,-0.1488,1.0,-190269.4,-1034.07,0.888,-0.817,-199062.8,0.025,6.66
G_WIDE,BRK_4H,LONG,breadth,hi,VALID,23324,262.07,0.407,-0.0985,0.9888,-47206.2,-530.41,0.931,-0.806,-58181.2,0.026,6.78
G_WIDE,BRK_4H,LONG,breadth,hi,TEST,23861,259.36,0.384,-0.1703,1.0,-91366.4,-993.11,0.896,-0.832,-110130.2,0.027,6.95
G_WIDE,BRK_4H,LONG,breadth,hi,HOLDOUT,18646,310.77,0.463,0.0237,0.32063,51807.6,863.46,1.007,-0.819,-37777.7,0.024,7.5
G_WIDE,BRK_4H,LONG,mkt_funding,base,TRAIN,71589,389.07,0.389,-0.1566,1.0,-268484.4,-1459.15,0.891,-0.825,-278674.7,0.021,8.31
G_WIDE,BRK_4H,LONG,mkt_funding,base,VALID,32975,370.51,0.394,-0.1268,0.99988,-102902.2,-1156.2,0.918,-0.817,-104109.8,0.023,8.6
G_WIDE,BRK_4H,LONG,mkt_funding,base,TEST,41483,450.9,0.385,-0.1705,1.0,-144721.9,-1573.06,0.898,-0.834,-170596.5,0.02,8.98
G_WIDE,BRK_4H,LONG,mkt_funding,base,HOLDOUT,15449,257.48,0.43,-0.0601,0.87332,1084.6,18.08,0.977,-0.837,-42456.5,0.019,4.98
G_WIDE,BRK_4H,LONG,mkt_oi,flat,TRAIN,67541,367.07,0.394,-0.1458,1.0,-213722.7,-1161.54,0.9,-0.823,-230624.9,0.022,8.05
G_WIDE,BRK_4H,LONG,mkt_oi,flat,VALID,31270,351.35,0.411,-0.0867,0.99141,-62833.4,-705.99,0.94,-0.807,-81718.8,0.023,8.13
G_WIDE,BRK_4H,LONG,mkt_oi,flat,TEST,37123,403.51,0.386,-0.1706,1.0,-120108.2,-1305.52,0.902,-0.834,-137231.0,0.021,8.55
G_WIDE,BRK_4H,LONG,mkt_oi,flat,HOLDOUT,25412,423.53,0.426,-0.0738,0.9726,-4670.3,-77.84,0.962,-0.829,-52733.6,0.02,8.62
G_WIDE,BRK_24H,LONG,mkt_trend,side,TRAIN,13967,75.91,0.418,-0.0834,0.96911,-23516.3,-127.81,0.924,-0.787,-46417.0,0.066,5.03
G_WIDE,BRK_24H,LONG,mkt_trend,side,VALID,6847,76.93,0.431,-0.025,0.65477,-1052.6,-11.83,0.976,-0.755,-29436.5,0.069,5.3
G_WIDE,BRK_24H,LONG,mkt_trend,side,TEST,7916,86.04,0.4,-0.131,0.99955,-14958.7,-162.59,0.911,-0.806,-23226.7,0.065,5.6
G_WIDE,BRK_24H,LONG,mkt_trend,side,HOLDOUT,6733,112.22,0.469,0.0518,0.20581,26121.5,435.36,1.004,-0.769,-9810.8,0.06,6.68
G_WIDE,BRK_24H,LONG,breadth,hi,TRAIN,18352,99.74,0.382,-0.16,0.99996,-69569.7,-378.1,0.861,-0.801,-79258.0,0.062,6.14
G_WIDE,BRK_24H,LONG,breadth,hi,VALID,9045,101.63,0.392,-0.1203,0.98557,-32488.0,-365.03,0.902,-0.791,-33191.8,0.061,6.18
G_WIDE,BRK_24H,LONG,breadth,hi,TEST,8483,92.21,0.392,-0.1461,0.99988,-27476.9,-298.66,0.889,-0.808,-34559.5,0.072,6.65
G_WIDE,BRK_24H,LONG,breadth,hi,HOLDOUT,7853,130.88,0.504,0.1479,0.01307,47723.1,795.39,1.048,-0.814,-22086.5,0.055,7.25
G_WIDE,BRK_24H,LONG,mkt_funding,base,TRAIN,23961,130.22,0.383,-0.1518,1.0,-92920.9,-505.01,0.885,-0.806,-101863.1,0.061,7.91
G_WIDE,BRK_24H,LONG,mkt_funding,base,VALID,11796,132.54,0.4,-0.0911,0.97566,-30323.8,-340.72,0.933,-0.788,-35796.2,0.059,7.87
G_WIDE,BRK_24H,LONG,mkt_funding,base,TEST,13057,141.92,0.395,-0.135,1.0,-29192.1,-317.31,0.896,-0.807,-39538.6,0.058,8.26
G_WIDE,BRK_24H,LONG,mkt_funding,base,HOLDOUT,5294,88.23,0.467,0.0585,0.22969,19219.5,320.32,1.028,-0.851,-23896.3,0.055,4.82
G_WIDE,BRK_24H,LONG,mkt_oi,flat,TRAIN,21224,115.35,0.392,-0.1353,0.99993,-59221.9,-321.86,0.898,-0.801,-74987.6,0.066,7.61
G_WIDE,BRK_24H,LONG,mkt_oi,flat,VALID,10317,115.92,0.422,-0.0451,0.82426,-12666.2,-142.32,0.947,-0.776,-25384.7,0.067,7.79
G_WIDE,BRK_24H,LONG,mkt_oi,flat,TEST,11487,124.86,0.396,-0.1325,0.99998,-24367.9,-264.87,0.901,-0.805,-30321.4,0.063,7.88
G_WIDE,BRK_24H,LONG,mkt_oi,flat,HOLDOUT,8587,143.12,0.455,0.0209,0.35071,19757.5,329.29,0.992,-0.82,-16581.8,0.059,8.47
G_WIDE,MTF_BRK,LONG,mkt_trend,side,TRAIN,19632,106.7,0.413,-0.1,0.99382,-36797.2,-199.98,0.931,-0.801,-67035.2,0.05,5.35
G_WIDE,MTF_BRK,LONG,mkt_trend,side,VALID,9517,106.93,0.428,-0.0382,0.74875,-6490.6,-72.93,0.973,-0.766,-39294.9,0.049,5.27
G_WIDE,MTF_BRK,LONG,mkt_trend,side,TEST,11377,123.66,0.402,-0.1312,0.99981,-21250.4,-230.98,0.933,-0.81,-34633.7,0.049,6.03
G_WIDE,MTF_BRK,LONG,mkt_trend,side,HOLDOUT,9475,157.92,0.461,0.0224,0.34646,28815.8,480.26,1.001,-0.777,-13356.2,0.045,7.12
G_WIDE,MTF_BRK,LONG,breadth,hi,TRAIN,24684,134.15,0.381,-0.1684,1.0,-100842.3,-548.06,0.873,-0.815,-113820.4,0.047,6.27
G_WIDE,MTF_BRK,LONG,breadth,hi,VALID,12312,138.34,0.392,-0.1242,0.99306,-45049.2,-506.17,0.91,-0.796,-45867.1,0.048,6.66
G_WIDE,MTF_BRK,LONG,breadth,hi,TEST,11779,128.03,0.385,-0.1597,0.99999,-41418.2,-450.2,0.901,-0.817,-52446.0,0.053,6.78
G_WIDE,MTF_BRK,LONG,breadth,hi,HOLDOUT,10515,175.25,0.494,0.1185,0.02751,54824.1,913.74,1.041,-0.812,-27662.5,0.044,7.65
G_WIDE,MTF_BRK,LONG,mkt_funding,base,TRAIN,33177,180.31,0.383,-0.16,1.0,-128497.6,-698.36,0.896,-0.819,-144100.7,0.044,7.99
G_WIDE,MTF_BRK,LONG,mkt_funding,base,VALID,16497,185.36,0.396,-0.1078,0.99506,-48775.8,-548.04,0.929,-0.797,-48974.5,0.045,8.27
G_WIDE,MTF_BRK,LONG,mkt_funding,base,TEST,18751,203.82,0.392,-0.1482,1.0,-48818.3,-530.63,0.912,-0.816,-64818.6,0.041,8.46
G_WIDE,MTF_BRK,LONG,mkt_funding,base,HOLDOUT,7479,124.65,0.457,0.0221,0.38061,20804.8,346.75,1.015,-0.839,-32999.5,0.039,4.82
G_WIDE,MTF_BRK,LONG,mkt_oi,flat,TRAIN,29614,160.95,0.387,-0.1547,1.0,-95418.9,-518.58,0.902,-0.818,-116467.7,0.049,7.88
G_WIDE,MTF_BRK,LONG,mkt_oi,flat,VALID,14668,164.81,0.419,-0.0627,0.92049,-25765.8,-289.5,0.947,-0.784,-37237.7,0.046,7.64
G_WIDE,MTF_BRK,LONG,mkt_oi,flat,TEST,16592,180.35,0.389,-0.1559,1.0,-44943.3,-488.51,0.913,-0.816,-54775.5,0.044,8.02
G_WIDE,MTF_BRK,LONG,mkt_oi,flat,HOLDOUT,12271,204.52,0.447,-0.0102,0.58162,20547.9,342.46,0.987,-0.826,-23643.9,0.042,8.58
G_WIDE,OI_BUILD_BRK,LONG,mkt_trend,side,TRAIN,6830,37.12,0.413,-0.0499,0.92163,-9696.7,-52.7,0.913,-0.771,-24049.8,0.136,5.03
G_WIDE,OI_BUILD_BRK,LONG,mkt_trend,side,VALID,3262,36.65,0.433,0.0034,0.46962,-1277.7,-14.36,0.969,-0.757,-16489.9,0.144,5.27
G_WIDE,OI_BUILD_BRK,LONG,mkt_trend,side,TEST,3751,40.77,0.393,-0.0864,0.99641,-6446.6,-70.07,0.897,-0.8,-17980.3,0.133,5.43
G_WIDE,OI_BUILD_BRK,LONG,mkt_trend,side,HOLDOUT,3348,55.8,0.444,0.0449,0.13992,15994.3,266.57,0.964,-0.777,-10764.1,0.129,7.18
G_WIDE,OI_BUILD_BRK,LONG,breadth,hi,TRAIN,9115,49.54,0.404,-0.065,0.97565,-16664.3,-90.57,0.878,-0.762,-30654.1,0.126,6.23
G_WIDE,OI_BUILD_BRK,LONG,breadth,hi,VALID,4430,49.78,0.414,-0.046,0.84575,-11333.6,-127.34,0.919,-0.766,-16597.7,0.132,6.57
G_WIDE,OI_BUILD_BRK,LONG,breadth,hi,TEST,4400,47.83,0.39,-0.112,0.99848,-13770.9,-149.68,0.861,-0.808,-22502.4,0.141,6.73
G_WIDE,OI_BUILD_BRK,LONG,breadth,hi,HOLDOUT,4104,68.4,0.478,0.1235,0.01073,29588.1,493.13,0.999,-0.824,-14533.2,0.109,7.47
G_WIDE,OI_BUILD_BRK,LONG,mkt_funding,base,TRAIN,12339,67.06,0.4,-0.0668,0.99536,-29419.8,-159.89,0.9,-0.775,-43471.7,0.118,7.88
G_WIDE,OI_BUILD_BRK,LONG,mkt_funding,base,VALID,5849,65.72,0.411,-0.0439,0.91921,-15892.2,-178.56,0.928,-0.781,-20707.2,0.124,8.13
G_WIDE,OI_BUILD_BRK,LONG,mkt_funding,base,TEST,6958,75.63,0.394,-0.0913,0.99959,-13980.0,-151.96,0.882,-0.805,-28147.3,0.109,8.23
G_WIDE,OI_BUILD_BRK,LONG,mkt_funding,base,HOLDOUT,2644,44.07,0.45,0.0781,0.13341,6955.6,115.93,0.993,-0.87,-15510.9,0.117,5.15
G_WIDE,OI_BUILD_BRK,LONG,mkt_oi,flat,TRAIN,11280,61.3,0.414,-0.0421,0.93808,-7430.8,-40.38,0.915,-0.772,-23859.0,0.124,7.6
G_WIDE,OI_BUILD_BRK,LONG,mkt_oi,flat,VALID,5094,57.24,0.416,-0.0392,0.8626,-14839.4,-166.73,0.925,-0.781,-20194.3,0.126,7.21
G_WIDE,OI_BUILD_BRK,LONG,mkt_oi,flat,TEST,6081,66.1,0.399,-0.0814,0.99842,-9169.3,-99.67,0.891,-0.799,-18161.7,0.119,7.88
G_WIDE,OI_BUILD_BRK,LONG,mkt_oi,flat,HOLDOUT,4665,77.75,0.433,0.0199,0.30473,11017.1,183.62,0.95,-0.825,-16316.6,0.113,8.75
G_WIDE,PULLBACK_CONT,SHORT,mkt_trend,side,TRAIN,31685,172.2,0.433,-0.0553,0.93386,-26071.5,-141.69,0.942,-0.802,-55359.7,0.029,5.01
G_WIDE,PULLBACK_CONT,SHORT,mkt_trend,side,VALID,16481,185.18,0.439,-0.0514,0.84981,-28197.0,-316.82,0.958,-0.791,-53811.2,0.028,5.18
G_WIDE,PULLBACK_CONT,SHORT,mkt_trend,side,TEST,18872,205.13,0.426,-0.1008,0.99163,-29146.0,-316.8,0.964,-0.814,-37400.5,0.027,5.58
G_WIDE,PULLBACK_CONT,SHORT,mkt_trend,side,HOLDOUT,15361,256.02,0.425,-0.1088,0.99809,-25536.2,-425.6,0.957,-0.817,-36466.4,0.023,5.87
G_WIDE,PULLBACK_CONT,SHORT,breadth,hi,TRAIN,22013,119.64,0.444,-0.0327,0.83813,-13182.5,-71.64,0.969,-0.797,-34452.1,0.053,6.38
G_WIDE,PULLBACK_CONT,SHORT,breadth,hi,VALID,10793,121.27,0.425,-0.0857,0.96093,-28662.8,-322.05,0.929,-0.816,-38270.1,0.053,6.45
G_WIDE,PULLBACK_CONT,SHORT,breadth,hi,TEST,11990,130.33,0.445,-0.042,0.84509,-3551.4,-38.6,0.998,-0.799,-20156.5,0.051,6.59
G_WIDE,PULLBACK_CONT,SHORT,breadth,hi,HOLDOUT,8162,136.03,0.414,-0.1258,0.99922,-21619.4,-360.32,0.955,-0.829,-25312.1,0.05,6.77
G_WIDE,PULLBACK_CONT,SHORT,mkt_funding,base,TRAIN,54429,295.81,0.44,-0.0384,0.90674,-53389.1,-290.16,0.961,-0.795,-95441.7,0.025,7.49
G_WIDE,PULLBACK_CONT,SHORT,mkt_funding,base,VALID,25515,286.69,0.436,-0.0588,0.92807,-12633.4,-141.95,0.948,-0.797,-72259.3,0.026,7.38
G_WIDE,PULLBACK_CONT,SHORT,mkt_funding,base,TEST,33463,363.73,0.44,-0.0595,0.96299,-11648.0,-126.61,0.974,-0.795,-49681.1,0.022,7.83
G_WIDE,PULLBACK_CONT,SHORT,mkt_funding,base,HOLDOUT,10924,182.07,0.412,-0.1483,0.99985,-24646.3,-410.77,0.93,-0.834,-29526.5,0.023,4.2
G_WIDE,PULLBACK_CONT,SHORT,mkt_oi,flat,TRAIN,54117,294.11,0.439,-0.0395,0.90862,-48477.0,-263.46,0.961,-0.796,-88516.1,0.025,7.24
G_WIDE,PULLBACK_CONT,SHORT,mkt_oi,flat,VALID,25205,283.2,0.42,-0.0896,0.98357,-46315.2,-520.4,0.932,-0.816,-98197.4,0.024,6.84
G_WIDE,PULLBACK_CONT,SHORT,mkt_oi,flat,TEST,29713,322.97,0.424,-0.0979,0.99856,-55587.3,-604.21,0.959,-0.812,-66290.9,0.023,7.49
G_WIDE,PULLBACK_CONT,SHORT,mkt_oi,flat,HOLDOUT,19414,323.57,0.415,-0.1256,0.99977,-45162.7,-752.71,0.948,-0.819,-50352.9,0.024,7.7
G_WIDE,BRK_4H,SHORT,mkt_trend,side,TRAIN,43753,237.79,0.442,-0.0389,0.8402,-23156.3,-125.85,0.964,-0.788,-67637.9,0.019,4.6
G_WIDE,BRK_4H,SHORT,mkt_trend,side,VALID,21109,237.18,0.445,-0.0411,0.79112,-27474.7,-308.7,0.961,-0.794,-62631.9,0.021,5.04
G_WIDE,BRK_4H,SHORT,mkt_trend,side,TEST,23852,259.26,0.426,-0.1178,0.99703,-45716.3,-496.92,0.947,-0.811,-60350.4,0.021,5.46
G_WIDE,BRK_4H,SHORT,mkt_trend,side,HOLDOUT,18495,308.25,0.412,-0.1631,0.99999,-45923.5,-765.39,0.929,-0.824,-57167.1,0.02,6.05
G_WIDE,BRK_4H,SHORT,breadth,hi,TRAIN,24795,134.76,0.452,-0.014,0.65289,3401.3,18.49,0.984,-0.802,-33647.1,0.049,6.58
G_WIDE,BRK_4H,SHORT,breadth,hi,VALID,12387,139.18,0.424,-0.1044,0.98797,-30587.1,-343.68,0.91,-0.828,-40944.0,0.046,6.35
G_WIDE,BRK_4H,SHORT,breadth,hi,TEST,13675,148.64,0.423,-0.112,0.99593,-25805.2,-280.49,0.939,-0.822,-27927.9,0.048,7.12
G_WIDE,BRK_4H,SHORT,breadth,hi,HOLDOUT,9497,158.28,0.402,-0.1814,1.0,-41738.9,-695.65,0.919,-0.834,-44276.6,0.044,6.93
G_WIDE,BRK_4H,SHORT,mkt_funding,base,TRAIN,75457,410.09,0.441,-0.0424,0.9208,-66047.2,-358.95,0.972,-0.798,-108365.6,0.018,7.18
G_WIDE,BRK_4H,SHORT,mkt_funding,base,VALID,35010,393.37,0.447,-0.0407,0.84173,-22385.7,-251.52,0.949,-0.796,-80265.5,0.018,7.1
G_WIDE,BRK_4H,SHORT,mkt_funding,base,TEST,42821,465.45,0.427,-0.098,0.99835,-70119.0,-762.16,0.949,-0.814,-87401.7,0.017,8.0
G_WIDE,BRK_4H,SHORT,mkt_funding,base,HOLDOUT,13465,224.42,0.396,-0.2088,1.0,-55097.6,-918.29,0.895,-0.844,-61469.2,0.018,4.15
G_WIDE,BRK_4H,SHORT,mkt_oi,flat,TRAIN,71786,390.14,0.438,-0.0504,0.95074,-72996.4,-396.72,0.964,-0.799,-108990.9,0.018,6.91
G_WIDE,BRK_4H,SHORT,mkt_oi,flat,VALID,31873,358.12,0.425,-0.0895,0.98347,-78086.2,-877.37,0.929,-0.819,-107865.7,0.019,6.64
G_WIDE,BRK_4H,SHORT,mkt_oi,flat,TEST,37799,410.86,0.414,-0.1345,0.99997,-110079.7,-1196.52,0.935,-0.826,-116136.5,0.018,7.57
G_WIDE,BRK_4H,SHORT,mkt_oi,flat,HOLDOUT,23635,393.92,0.4,-0.186,1.0,-86889.8,-1448.16,0.912,-0.831,-95028.6,0.019,7.62
G_WIDE,EARLY_BRK,SHORT,mkt_trend,side,TRAIN,25794,140.18,0.443,-0.0469,0.85353,-2525.1,-13.72,0.99,-0.793,-40468.6,0.034,4.82
G_WIDE,EARLY_BRK,SHORT,mkt_trend,side,VALID,13250,148.88,0.444,-0.0446,0.77594,-11165.2,-125.45,0.984,-0.799,-37588.1,0.033,4.88
G_WIDE,EARLY_BRK,SHORT,mkt_trend,side,TEST,16547,179.86,0.422,-0.1382,0.99804,-28220.7,-306.75,0.974,-0.822,-40372.7,0.03,5.32
G_WIDE,EARLY_BRK,SHORT,mkt_trend,side,HOLDOUT,12393,206.55,0.406,-0.195,1.0,-30413.8,-506.9,0.951,-0.838,-36428.1,0.03,6.27
G_WIDE,EARLY_BRK,SHORT,breadth,hi,TRAIN,16756,91.07,0.463,0.005,0.4523,12306.6,66.88,1.016,-0.794,-20115.1,0.071,6.44
G_WIDE,EARLY_BRK,SHORT,breadth,hi,VALID,8675,97.47,0.428,-0.0966,0.96058,-15707.7,-176.49,0.931,-0.831,-26129.4,0.065,6.29
G_WIDE,EARLY_BRK,SHORT,breadth,hi,TEST,9600,104.35,0.417,-0.1377,0.99805,-19648.3,-213.57,0.957,-0.832,-21140.0,0.065,6.82
G_WIDE,EARLY_BRK,SHORT,breadth,hi,HOLDOUT,6553,109.22,0.402,-0.1959,0.99999,-23069.7,-384.5,0.937,-0.837,-27048.4,0.063,6.87
G_WIDE,EARLY_BRK,SHORT,mkt_funding,base,TRAIN,43673,237.35,0.444,-0.0402,0.88089,-9247.8,-50.26,1.0,-0.801,-44623.5,0.029,6.95
G_WIDE,EARLY_BRK,SHORT,mkt_funding,base,VALID,21700,243.82,0.446,-0.0457,0.83999,-14891.6,-167.32,0.972,-0.802,-48850.4,0.029,7.19
G_WIDE,EARLY_BRK,SHORT,mkt_funding,base,TEST,26956,293.0,0.426,-0.1138,0.99885,-41046.9,-446.16,0.978,-0.823,-48214.5,0.027,8.01
G_WIDE,EARLY_BRK,SHORT,mkt_funding,base,HOLDOUT,9278,154.63,0.401,-0.2108,1.0,-26955.7,-449.26,0.934,-0.849,-32833.1,0.029,4.47
G_WIDE,EARLY_BRK,SHORT,mkt_oi,flat,TRAIN,40898,222.27,0.441,-0.0495,0.92049,-16202.7,-88.06,0.996,-0.805,-43201.0,0.031,6.97
G_WIDE,EARLY_BRK,SHORT,mkt_oi,flat,VALID,19630,220.56,0.428,-0.0855,0.96298,-34095.0,-383.09,0.958,-0.822,-62833.6,0.031,6.92
G_WIDE,EARLY_BRK,SHORT,mkt_oi,flat,TEST,24414,265.37,0.421,-0.1264,0.99946,-46872.6,-509.49,0.975,-0.829,-52667.9,0.029,7.71
G_WIDE,EARLY_BRK,SHORT,mkt_oi,flat,HOLDOUT,15092,251.53,0.397,-0.2126,1.0,-48902.7,-815.04,0.939,-0.845,-57320.7,0.031,7.85
G_WIDE,TREND_TRANS,LONG,mkt_trend,side,TRAIN,13046,70.9,0.403,-0.1307,0.99921,-43430.3,-236.03,0.898,-0.813,-48890.5,0.064,4.51
G_WIDE,TREND_TRANS,LONG,mkt_trend,side,VALID,6341,71.25,0.425,-0.0636,0.8779,-4587.8,-51.55,0.941,-0.802,-20003.3,0.071,5.06
G_WIDE,TREND_TRANS,LONG,mkt_trend,side,TEST,7787,84.64,0.417,-0.0964,0.99063,-9350.7,-101.64,0.941,-0.809,-18839.2,0.062,5.25
G_WIDE,TREND_TRANS,LONG,mkt_trend,side,HOLDOUT,6281,104.68,0.404,-0.1492,0.99976,-8536.9,-142.28,0.917,-0.831,-19457.7,0.061,6.43
G_WIDE,TREND_TRANS,LONG,breadth,hi,TRAIN,18559,100.86,0.389,-0.1559,0.99999,-81250.8,-441.58,0.869,-0.813,-85658.7,0.059,5.97
G_WIDE,TREND_TRANS,LONG,breadth,hi,VALID,8868,99.64,0.424,-0.0617,0.8882,-3755.6,-42.2,0.921,-0.79,-17114.7,0.062,6.17
G_WIDE,TREND_TRANS,LONG,breadth,hi,TEST,9509,103.36,0.389,-0.1527,0.99981,-36166.6,-393.12,0.883,-0.823,-45738.1,0.061,6.29
G_WIDE,TREND_TRANS,LONG,breadth,hi,HOLDOUT,6256,104.27,0.409,-0.1204,0.99308,-6351.4,-105.86,0.929,-0.836,-18341.9,0.065,6.77
G_WIDE,TREND_TRANS,LONG,mkt_funding,base,TRAIN,21852,118.76,0.385,-0.1686,1.0,-94631.1,-514.3,0.863,-0.82,-99415.4,0.057,6.77
G_WIDE,TREND_TRANS,LONG,mkt_funding,base,VALID,10410,116.97,0.404,-0.1068,0.99421,-25776.2,-289.62,0.908,-0.805,-35888.7,0.061,7.08
G_WIDE,TREND_TRANS,LONG,mkt_funding,base,TEST,13501,146.75,0.396,-0.1373,0.99997,-42663.4,-463.73,0.899,-0.822,-52822.6,0.051,7.51
G_WIDE,TREND_TRANS,LONG,mkt_funding,base,HOLDOUT,4725,78.75,0.395,-0.1605,0.99934,-13581.6,-226.36,0.927,-0.852,-14773.4,0.054,4.27
G_WIDE,TREND_TRANS,LONG,mkt_oi,flat,TRAIN,21079,114.56,0.391,-0.1567,1.0,-80481.1,-437.4,0.875,-0.819,-86506.6,0.058,6.69
G_WIDE,TREND_TRANS,LONG,mkt_oi,flat,VALID,10098,113.46,0.423,-0.0658,0.92738,-12355.3,-138.82,0.925,-0.79,-28567.7,0.058,6.55
G_WIDE,TREND_TRANS,LONG,mkt_oi,flat,TEST,12020,130.65,0.393,-0.1479,0.99999,-36574.9,-397.55,0.899,-0.824,-43973.3,0.055,7.25
G_WIDE,TREND_TRANS,LONG,mkt_oi,flat,HOLDOUT,7825,130.42,0.399,-0.1543,0.99993,-15179.8,-253.0,0.917,-0.841,-28201.4,0.059,7.72
G_WIDE,CHANGE_POINT,LONG,mkt_trend,side,TRAIN,8499,46.19,0.412,-0.1146,0.98389,-28700.3,-155.98,0.858,-0.782,-41514.0,0.109,5.02
G_WIDE,CHANGE_POINT,LONG,mkt_trend,side,VALID,3653,41.04,0.453,0.013,0.4327,6451.4,72.49,0.948,-0.746,-14234.5,0.112,4.61
G_WIDE,CHANGE_POINT,LONG,mkt_trend,side,TEST,4567,49.64,0.411,-0.1163,0.97251,-5947.0,-64.64,0.874,-0.783,-11666.0,0.105,5.23
G_WIDE,CHANGE_POINT,LONG,mkt_trend,side,HOLDOUT,3991,66.52,0.426,-0.0759,0.92102,-1093.4,-18.22,0.886,-0.784,-12576.9,0.094,6.25
G_WIDE,CHANGE_POINT,LONG,breadth,hi,TRAIN,5590,30.38,0.4,-0.117,0.96789,-22168.6,-120.48,0.889,-0.782,-22859.4,0.194,5.89
G_WIDE,CHANGE_POINT,LONG,breadth,hi,VALID,2821,31.7,0.456,0.0066,0.46511,3557.3,39.97,0.951,-0.754,-4200.7,0.184,5.83
G_WIDE,CHANGE_POINT,LONG,breadth,hi,TEST,2678,29.11,0.391,-0.1402,0.98084,-6354.4,-69.07,0.881,-0.794,-10131.3,0.223,6.48
G_WIDE,CHANGE_POINT,LONG,breadth,hi,HOLDOUT,2323,38.72,0.426,-0.0212,0.60255,-637.4,-10.62,0.95,-0.822,-9926.3,0.185,7.17
G_WIDE,CHANGE_POINT,LONG,mkt_funding,base,TRAIN,14398,78.25,0.404,-0.1183,0.99728,-48250.8,-262.23,0.859,-0.787,-51436.0,0.095,7.43
G_WIDE,CHANGE_POINT,LONG,mkt_funding,base,VALID,5971,67.09,0.415,-0.0645,0.87743,-14665.1,-164.78,0.912,-0.778,-29399.0,0.107,7.19
G_WIDE,CHANGE_POINT,LONG,mkt_funding,base,TEST,8116,88.22,0.408,-0.1174,0.99715,-19272.0,-209.48,0.845,-0.784,-27600.9,0.088,7.77
G_WIDE,CHANGE_POINT,LONG,mkt_funding,base,HOLDOUT,2795,46.58,0.471,0.0276,0.34613,3913.9,65.23,0.956,-0.758,-8588.6,0.089,4.15
G_WIDE,CHANGE_POINT,LONG,mkt_oi,flat,TRAIN,13965,75.9,0.406,-0.1231,0.99801,-54897.1,-298.35,0.855,-0.785,-58956.0,0.095,7.22
G_WIDE,CHANGE_POINT,LONG,mkt_oi,flat,VALID,6046,67.93,0.434,-0.0345,0.71533,-4417.5,-49.63,0.921,-0.772,-19721.8,0.104,7.09
G_WIDE,CHANGE_POINT,LONG,mkt_oi,flat,TEST,7275,79.08,0.412,-0.1139,0.99311,-16531.0,-179.69,0.851,-0.786,-21143.1,0.096,7.58
G_WIDE,CHANGE_POINT,LONG,mkt_oi,flat,HOLDOUT,4881,81.35,0.434,-0.0564,0.89045,-804.3,-13.41,0.901,-0.781,-12165.5,0.098,7.95
G_WIDE,OI_COVER,SHORT,mkt_trend,side,TRAIN,10051,54.62,0.458,-0.019,0.66484,-7245.5,-39.38,0.873,-0.744,-30873.0,0.069,3.79
G_WIDE,OI_COVER,SHORT,mkt_trend,side,VALID,4228,47.51,0.436,-0.1021,0.97616,-17899.6,-201.12,0.815,-0.76,-18174.9,0.082,3.89
G_WIDE,OI_COVER,SHORT,mkt_trend,side,TEST,5059,54.99,0.476,-0.0097,0.57762,-4741.1,-51.53,0.855,-0.722,-13733.5,0.075,4.14
G_WIDE,OI_COVER,SHORT,mkt_trend,side,HOLDOUT,4330,72.17,0.43,-0.1426,0.99923,-18027.7,-300.46,0.762,-0.762,-18743.5,0.061,4.38
G_WIDE,OI_COVER,SHORT,breadth,hi,TRAIN,7026,38.18,0.49,0.0351,0.2158,5930.3,32.23,0.864,-0.73,-17841.1,0.129,4.92
G_WIDE,OI_COVER,SHORT,breadth,hi,VALID,3321,37.31,0.474,-0.0588,0.86909,-5228.4,-58.75,0.772,-0.729,-12854.4,0.134,5.01
G_WIDE,OI_COVER,SHORT,breadth,hi,TEST,3483,37.86,0.454,-0.0641,0.89615,-13717.2,-149.1,0.806,-0.74,-18897.8,0.144,5.43
G_WIDE,OI_COVER,SHORT,breadth,hi,HOLDOUT,3030,50.5,0.407,-0.2,0.99998,-29381.6,-489.69,0.734,-0.782,-30667.8,0.102,5.15
G_WIDE,OI_COVER,SHORT,mkt_funding,base,TRAIN,18761,101.96,0.46,-0.015,0.65965,-26576.0,-144.43,0.905,-0.743,-49655.3,0.055,5.65
G_WIDE,OI_COVER,SHORT,mkt_funding,base,VALID,7685,86.35,0.483,-0.0032,0.52775,5931.2,66.64,0.848,-0.721,-21489.3,0.065,5.62
G_WIDE,OI_COVER,SHORT,mkt_funding,base,TEST,10481,113.92,0.452,-0.0518,0.88875,-15773.6,-171.45,0.846,-0.751,-29539.5,0.055,6.28
G_WIDE,OI_COVER,SHORT,mkt_funding,base,HOLDOUT,3039,50.65,0.431,-0.1543,0.99826,-14783.1,-246.38,0.739,-0.768,-17569.1,0.059,2.98
G_WIDE,OI_COVER,SHORT,mkt_oi,flat,TRAIN,17376,94.43,0.459,-0.014,0.64494,-26396.0,-143.46,0.905,-0.74,-45575.4,0.059,5.58
G_WIDE,OI_COVER,SHORT,mkt_oi,flat,VALID,6652,74.74,0.432,-0.1173,0.99592,-28420.1,-319.33,0.79,-0.765,-34989.7,0.073,5.48
G_WIDE,OI_COVER,SHORT,mkt_oi,flat,TEST,9079,98.68,0.439,-0.0859,0.97696,-29356.0,-319.09,0.829,-0.762,-33964.7,0.058,5.73
G_WIDE,OI_COVER,SHORT,mkt_oi,flat,HOLDOUT,6164,102.73,0.431,-0.1358,0.99956,-31838.3,-530.64,0.758,-0.763,-34746.3,0.056,5.77
G_WIDE,EARLY_BRK,LONG,mkt_trend,side,TRAIN,26661,144.9,0.412,-0.1322,0.99978,-68602.3,-372.84,0.937,-0.826,-74521.4,0.037,5.34
G_WIDE,EARLY_BRK,LONG,mkt_trend,side,VALID,12216,137.26,0.409,-0.1265,0.99147,-14517.1,-163.11,0.937,-0.825,-43107.5,0.04,5.52
G_WIDE,EARLY_BRK,LONG,mkt_trend,side,TEST,16037,174.32,0.398,-0.176,1.0,-36843.7,-400.48,0.945,-0.841,-47038.3,0.037,6.43
G_WIDE,EARLY_BRK,LONG,mkt_trend,side,HOLDOUT,12971,216.18,0.412,-0.1511,0.99939,-23647.1,-394.12,0.95,-0.833,-34501.3,0.032,6.95
G_WIDE,EARLY_BRK,LONG,breadth,hi,TRAIN,27298,148.36,0.397,-0.1628,1.0,-96545.1,-524.7,0.915,-0.833,-98495.5,0.043,6.35
G_WIDE,EARLY_BRK,LONG,breadth,hi,VALID,12349,138.75,0.407,-0.1269,0.99565,-20493.3,-230.26,0.942,-0.832,-23853.1,0.049,6.84
G_WIDE,EARLY_BRK,LONG,breadth,hi,TEST,13713,149.05,0.387,-0.1893,0.99999,-46046.9,-500.51,0.926,-0.843,-56849.3,0.047,7.02
G_WIDE,EARLY_BRK,LONG,breadth,hi,HOLDOUT,9629,160.48,0.423,-0.1229,0.98574,-7646.7,-127.45,0.979,-0.833,-18863.0,0.045,7.25
G_WIDE,EARLY_BRK,LONG,mkt_funding,base,TRAIN,42663,231.86,0.386,-0.1864,1.0,-160517.4,-872.38,0.9,-0.843,-162418.9,0.035,8.15
G_WIDE,EARLY_BRK,LONG,mkt_funding,base,VALID,19295,216.8,0.395,-0.1514,0.9999,-51215.8,-575.46,0.922,-0.833,-54723.4,0.038,8.3
G_WIDE,EARLY_BRK,LONG,mkt_funding,base,TEST,26001,282.62,0.384,-0.1998,1.0,-91338.0,-992.8,0.914,-0.845,-107001.5,0.032,8.96
G_WIDE,EARLY_BRK,LONG,mkt_funding,base,HOLDOUT,9494,158.23,0.396,-0.1903,0.99993,-23608.5,-393.47,0.944,-0.839,-23931.9,0.031,4.93
G_WIDE,EARLY_BRK,LONG,mkt_oi,flat,TRAIN,41733,226.81,0.39,-0.1757,1.0,-145471.2,-790.6,0.908,-0.841,-151373.3,0.035,7.96
G_WIDE,EARLY_BRK,LONG,mkt_oi,flat,VALID,18987,213.34,0.411,-0.1117,0.99559,-30124.4,-338.48,0.942,-0.823,-42949.9,0.036,7.67
G_WIDE,EARLY_BRK,LONG,mkt_oi,flat,TEST,23526,255.72,0.381,-0.207,1.0,-80874.1,-879.07,0.914,-0.847,-93846.4,0.034,8.82
G_WIDE,EARLY_BRK,LONG,mkt_oi,flat,HOLDOUT,15563,259.38,0.407,-0.1602,0.99993,-27517.5,-458.63,0.95,-0.838,-42317.1,0.033,8.68
G_WIDE,BRK_4H,SHORT,breadth,lo,TRAIN,56358,306.29,0.426,-0.0757,0.98603,-110464.0,-600.35,0.951,-0.801,-130534.2,0.021,6.54
G_WIDE,BRK_4H,SHORT,breadth,lo,VALID,29096,326.92,0.449,-0.0279,0.73706,-33056.4,-371.42,0.962,-0.79,-74712.4,0.021,6.99
G_WIDE,BRK_4H,SHORT,breadth,lo,TEST,29172,317.09,0.429,-0.0914,0.98754,-44537.9,-484.11,0.953,-0.809,-72348.8,0.021,6.79
G_WIDE,BRK_4H,SHORT,breadth,lo,HOLDOUT,16358,272.63,0.384,-0.2207,1.0,-75518.6,-1258.64,0.89,-0.84,-82513.5,0.025,6.73
G_WIDE,ANY,SHORT,breadth,lo,TRAIN,107223,582.73,0.432,-0.0665,0.99296,-197221.2,-1071.85,0.937,-0.797,-255361.3,0.011,6.46
G_WIDE,ANY,SHORT,breadth,lo,VALID,58181,653.72,0.444,-0.0405,0.8716,-84032.0,-944.18,0.943,-0.788,-173107.1,0.011,6.89
G_WIDE,ANY,SHORT,breadth,lo,TEST,59619,648.03,0.435,-0.0828,0.99451,-90988.4,-989.0,0.941,-0.798,-135464.9,0.011,7.03
G_WIDE,ANY,SHORT,breadth,lo,HOLDOUT,35611,593.52,0.397,-0.1865,1.0,-147948.4,-2465.81,0.89,-0.824,-160785.1,0.012,6.9
G_WIDE,EARLY_BRK,SHORT,breadth,lo,TRAIN,28446,154.6,0.425,-0.0877,0.98353,-35613.4,-193.55,0.977,-0.813,-48385.8,0.041,6.41
G_WIDE,EARLY_BRK,SHORT,breadth,lo,VALID,16151,181.47,0.453,-0.0194,0.64892,-7330.4,-82.36,0.999,-0.792,-33235.0,0.037,6.71
G_WIDE,EARLY_BRK,SHORT,breadth,lo,TEST,17359,188.68,0.43,-0.1004,0.98531,-21362.9,-232.21,0.99,-0.817,-34131.0,0.035,6.65
G_WIDE,EARLY_BRK,SHORT,breadth,lo,HOLDOUT,9818,163.63,0.382,-0.2436,1.0,-35995.5,-599.92,0.927,-0.858,-41208.5,0.043,6.98
G_WIDE,OI_PRICE,LONG,breadth,lo,TRAIN,9742,52.95,0.43,-0.0234,0.75842,7398.5,40.21,0.888,-0.769,-23710.9,0.13,6.88
G_WIDE,OI_PRICE,LONG,breadth,lo,VALID,4889,54.93,0.443,0.0095,0.40252,5163.6,58.02,0.927,-0.743,-18598.3,0.129,7.11
G_WIDE,OI_PRICE,LONG,breadth,lo,TEST,5767,62.68,0.404,-0.0869,0.99299,-15547.2,-168.99,0.843,-0.781,-28756.9,0.115,7.22
G_WIDE,OI_PRICE,LONG,breadth,lo,HOLDOUT,3385,56.42,0.451,0.0506,0.09146,5728.4,95.47,0.934,-0.759,-9977.8,0.127,7.15
G_WIDE,TREND_TRANS,SHORT,breadth,lo,TRAIN,18811,102.23,0.453,-0.0199,0.70078,-5616.7,-30.53,0.957,-0.783,-34715.9,0.059,6.07
G_WIDE,TREND_TRANS,SHORT,breadth,lo,VALID,9756,109.62,0.459,-0.0057,0.54722,-4633.2,-52.06,0.949,-0.764,-19006.6,0.061,6.71
G_WIDE,TREND_TRANS,SHORT,breadth,lo,TEST,10202,110.89,0.426,-0.1033,0.98784,-24491.3,-266.21,0.928,-0.797,-29786.3,0.061,6.79
G_WIDE,TREND_TRANS,SHORT,breadth,lo,HOLDOUT,6481,108.02,0.4,-0.1867,0.99995,-21844.2,-364.07,0.865,-0.808,-24754.1,0.061,6.58
G_WIDE,PULLBACK_CONT,LONG,breadth,lo,TRAIN,22752,123.65,0.385,-0.1598,1.0,-74207.9,-403.3,0.89,-0.826,-82268.0,0.055,6.76
G_WIDE,PULLBACK_CONT,LONG,breadth,lo,VALID,13203,148.35,0.407,-0.1048,0.99539,-30245.1,-339.83,0.893,-0.78,-35890.3,0.047,6.98
G_WIDE,PULLBACK_CONT,LONG,breadth,lo,TEST,13575,147.55,0.395,-0.1441,1.0,-29576.0,-321.48,0.891,-0.817,-39423.6,0.046,6.79
G_WIDE,PULLBACK_CONT,LONG,breadth,lo,HOLDOUT,9019,150.32,0.448,-0.0076,0.57353,9730.5,162.18,0.955,-0.79,-15652.9,0.042,6.28
G_WIDE,ANY,LONG,breadth,lo,TRAIN,84783,460.78,0.409,-0.1135,1.0,-180865.1,-982.96,0.893,-0.824,-195909.1,0.016,7.22
G_WIDE,ANY,LONG,breadth,lo,VALID,46602,523.62,0.414,-0.0909,0.99726,-103019.5,-1157.52,0.906,-0.798,-127743.0,0.014,7.37
G_WIDE,ANY,LONG,breadth,lo,TEST,48002,521.76,0.411,-0.1169,0.99999,-107391.6,-1167.3,0.903,-0.817,-133662.0,0.015,7.63
G_WIDE,ANY,LONG,breadth,lo,HOLDOUT,28825,480.42,0.446,-0.0324,0.83527,5405.0,90.08,0.943,-0.804,-48132.5,0.015,7.07
G_WIDE,TREND_TRANS,LONG,breadth,lo,TRAIN,5504,29.91,0.396,-0.1455,1.0,-14142.3,-76.86,0.898,-0.835,-14612.3,0.2,5.98
G_WIDE,TREND_TRANS,LONG,breadth,lo,VALID,3668,41.21,0.421,-0.0766,0.96481,-4867.3,-54.69,0.917,-0.788,-6782.1,0.162,6.66
G_WIDE,TREND_TRANS,LONG,breadth,lo,TEST,3995,43.42,0.414,-0.1001,0.99872,-6400.8,-69.57,0.938,-0.817,-8147.3,0.154,6.7
G_WIDE,TREND_TRANS,LONG,breadth,lo,HOLDOUT,2571,42.85,0.433,-0.0815,0.96139,-1193.7,-19.89,0.944,-0.834,-5556.6,0.162,6.95
G_WIDE,SWEEP_RECLAIM,SHORT,breadth,lo,TRAIN,7478,40.64,0.453,-0.0571,0.95981,-18547.2,-100.8,0.905,-0.821,-21384.1,0.156,6.33
G_WIDE,SWEEP_RECLAIM,SHORT,breadth,lo,VALID,4460,50.11,0.423,-0.1282,0.99969,-18760.1,-210.79,0.851,-0.825,-27515.1,0.139,6.99
G_WIDE,SWEEP_RECLAIM,SHORT,breadth,lo,TEST,5172,56.22,0.457,-0.0626,0.96976,-17695.0,-192.34,0.905,-0.778,-20265.5,0.119,6.72
G_WIDE,SWEEP_RECLAIM,SHORT,breadth,lo,HOLDOUT,3442,57.37,0.402,-0.188,1.0,-24784.5,-413.08,0.843,-0.832,-26719.2,0.118,6.78
G_WIDE,ACCEL,SHORT,breadth,lo,TRAIN,13024,70.78,0.436,-0.0598,0.86157,-23680.6,-128.7,0.959,-0.783,-36605.0,0.079,5.62
G_WIDE,ACCEL,SHORT,breadth,lo,VALID,6908,77.62,0.435,-0.0727,0.86168,-24899.0,-279.76,0.903,-0.783,-39920.7,0.081,6.31
G_WIDE,ACCEL,SHORT,breadth,lo,TEST,8095,87.99,0.431,-0.0947,0.93722,-15432.6,-167.75,0.916,-0.785,-22790.0,0.07,6.15
G_WIDE,ACCEL,SHORT,breadth,lo,HOLDOUT,4141,69.02,0.411,-0.1725,0.99619,-13755.4,-229.26,0.874,-0.799,-21681.0,0.087,6.02
G_WIDE,BRK_4H,LONG,breadth,lo,TRAIN,28160,153.04,0.394,-0.1396,1.0,-73980.1,-402.07,0.912,-0.833,-75967.7,0.052,7.92
G_WIDE,BRK_4H,LONG,breadth,lo,VALID,16160,181.57,0.401,-0.106,0.99618,-36843.9,-413.98,0.924,-0.812,-41665.9,0.046,8.28
G_WIDE,BRK_4H,LONG,breadth,lo,TEST,17702,192.41,0.387,-0.1704,1.0,-53909.8,-585.98,0.9,-0.836,-61369.6,0.042,8.16
G_WIDE,BRK_4H,LONG,breadth,lo,HOLDOUT,11307,188.45,0.428,-0.0645,0.95018,-4865.3,-81.09,0.952,-0.821,-19928.3,0.043,8.03
G_WIDE,BRK_24H,LONG,breadth,lo,TRAIN,6568,35.7,0.393,-0.1158,0.99927,-17465.1,-94.92,0.95,-0.813,-22480.2,0.197,7.03
G_WIDE,BRK_24H,LONG,breadth,lo,VALID,4099,46.06,0.422,-0.0289,0.74022,-3534.7,-39.72,0.984,-0.776,-8364.1,0.168,7.74
G_WIDE,BRK_24H,LONG,breadth,lo,TEST,4579,49.77,0.399,-0.1149,0.99974,-1936.9,-21.05,0.907,-0.808,-8808.5,0.15,7.49
G_WIDE,BRK_24H,LONG,breadth,lo,HOLDOUT,3023,50.38,0.455,0.0199,0.34854,8445.0,140.75,0.99,-0.785,-6173.8,0.147,7.4
G_WIDE,MTF_BRK,LONG,breadth,lo,TRAIN,10018,54.45,0.394,-0.1314,0.99997,-24191.0,-131.47,0.949,-0.826,-26257.8,0.136,7.4
G_WIDE,MTF_BRK,LONG,breadth,lo,VALID,6279,70.55,0.413,-0.0673,0.95062,-10211.0,-114.73,0.963,-0.788,-13079.8,0.119,8.43
G_WIDE,MTF_BRK,LONG,breadth,lo,TEST,6978,75.85,0.402,-0.1289,0.99995,-7661.2,-83.27,0.93,-0.814,-14015.0,0.102,7.76
G_WIDE,MTF_BRK,LONG,breadth,lo,HOLDOUT,4652,77.53,0.446,-0.0123,0.60093,8266.9,137.78,0.985,-0.798,-7388.6,0.1,7.77
G_WIDE,OI_BUILD_BRK,LONG,breadth,lo,TRAIN,4379,23.8,0.411,-0.0379,0.91909,-3592.8,-19.53,0.948,-0.796,-9553.8,0.296,7.03
G_WIDE,OI_BUILD_BRK,LONG,breadth,lo,VALID,2551,28.66,0.42,-0.0148,0.69371,-4925.6,-55.34,0.957,-0.787,-7416.8,0.267,7.65
G_WIDE,OI_BUILD_BRK,LONG,breadth,lo,TEST,2569,27.92,0.402,-0.0569,0.9819,-484.0,-5.26,0.917,-0.8,-8797.0,0.266,7.42
G_WIDE,OI_BUILD_BRK,LONG,breadth,lo,HOLDOUT,1863,31.05,0.442,0.042,0.14588,3816.6,63.61,0.961,-0.781,-6418.7,0.241,7.48
G_WIDE,VOL_PRICE,LONG,breadth,lo,TRAIN,12665,68.83,0.409,-0.0993,0.98356,-18493.1,-100.51,0.905,-0.819,-35124.4,0.108,7.41
G_WIDE,VOL_PRICE,LONG,breadth,lo,VALID,7383,82.96,0.438,-0.0272,0.67075,-724.2,-8.14,0.927,-0.769,-36342.2,0.096,8.0
G_WIDE,VOL_PRICE,LONG,breadth,lo,TEST,7643,83.08,0.403,-0.1208,0.99947,-12451.8,-135.35,0.89,-0.816,-22385.9,0.094,7.85
G_WIDE,VOL_PRICE,LONG,breadth,lo,HOLDOUT,3963,66.05,0.47,0.0311,0.22182,12917.0,215.28,0.979,-0.775,-5327.7,0.111,7.33
G_WIDE,ACCEL,LONG,mkt_trend,side,TRAIN,12947,70.36,0.395,-0.1273,0.99639,-47970.5,-260.71,0.916,-0.808,-63419.6,0.076,5.34
G_WIDE,ACCEL,LONG,mkt_trend,side,VALID,6363,71.49,0.457,0.0365,0.28632,16204.4,182.07,0.98,-0.74,-13904.1,0.075,5.39
G_WIDE,ACCEL,LONG,mkt_trend,side,TEST,7705,83.75,0.398,-0.1346,0.99706,-11255.5,-122.34,0.905,-0.806,-19310.0,0.066,5.55
G_WIDE,ACCEL,LONG,mkt_trend,side,HOLDOUT,6635,110.58,0.43,-0.0616,0.90882,6485.6,108.09,0.928,-0.789,-11006.2,0.062,6.83
G_WIDE,ACCEL,LONG,breadth,lo,TRAIN,13387,72.76,0.394,-0.1359,0.99792,-29908.2,-162.54,0.869,-0.812,-53793.6,0.105,7.64
G_WIDE,ACCEL,LONG,breadth,lo,VALID,7339,82.46,0.45,-0.0004,0.50235,5774.4,64.88,0.949,-0.755,-25466.2,0.093,7.64
G_WIDE,ACCEL,LONG,breadth,lo,TEST,7662,83.28,0.395,-0.147,0.99911,-17388.2,-189.0,0.861,-0.81,-27548.6,0.091,7.58
G_WIDE,ACCEL,LONG,breadth,lo,HOLDOUT,4482,74.7,0.449,-0.0168,0.63578,9823.6,163.73,0.935,-0.774,-5353.4,0.1,7.47
G_WIDE,ACCEL,LONG,mkt_funding,base,TRAIN,22398,121.73,0.393,-0.1287,0.9997,-61363.2,-333.5,0.896,-0.803,-73845.5,0.067,8.21
G_WIDE,ACCEL,LONG,mkt_funding,base,VALID,10725,120.51,0.408,-0.0698,0.92511,-32181.3,-361.59,0.929,-0.783,-48847.7,0.067,8.04
G_WIDE,ACCEL,LONG,mkt_funding,base,TEST,13389,145.53,0.389,-0.1543,0.99999,-35832.1,-389.48,0.875,-0.81,-49648.3,0.058,8.42
G_WIDE,ACCEL,LONG,mkt_funding,base,HOLDOUT,4927,82.12,0.453,0.0056,0.46206,7332.8,122.21,0.973,-0.788,-12650.5,0.057,4.65
G_WIDE,ACCEL,LONG,mkt_oi,flat,TRAIN,21264,115.57,0.395,-0.1287,0.99969,-78333.4,-425.72,0.898,-0.802,-82315.4,0.068,7.85
G_WIDE,ACCEL,LONG,mkt_oi,flat,VALID,10758,120.88,0.439,-0.0124,0.59383,-769.7,-8.65,0.95,-0.769,-31286.4,0.06,7.25
G_WIDE,ACCEL,LONG,mkt_oi,flat,TEST,12028,130.74,0.39,-0.1555,0.99996,-31717.7,-344.76,0.877,-0.81,-37698.1,0.064,8.35
G_WIDE,ACCEL,LONG,mkt_oi,flat,HOLDOUT,8057,134.28,0.435,-0.0473,0.88228,9007.7,150.13,0.942,-0.795,-13283.3,0.063,8.52
G_WIDE,CHANGE_POINT,LONG,breadth,lo,TRAIN,10318,56.08,0.409,-0.1203,0.99073,-36628.7,-199.07,0.826,-0.78,-46115.6,0.113,6.34
G_WIDE,CHANGE_POINT,LONG,breadth,lo,VALID,4797,53.9,0.448,-0.0137,0.58152,6177.2,69.41,0.913,-0.742,-17279.0,0.131,7.07
G_WIDE,CHANGE_POINT,LONG,breadth,lo,TEST,5444,59.17,0.416,-0.1057,0.97827,-12756.2,-138.65,0.827,-0.78,-18712.9,0.119,7.04
G_WIDE,CHANGE_POINT,LONG,breadth,lo,HOLDOUT,3186,53.1,0.464,-0.0083,0.55469,5604.0,93.4,0.902,-0.752,-6223.4,0.13,6.9
G_WIDE,PULLBACK_CONT,SHORT,breadth,lo,TRAIN,38771,210.71,0.426,-0.0687,0.98281,-66261.3,-360.12,0.941,-0.801,-90673.4,0.031,6.57
G_WIDE,PULLBACK_CONT,SHORT,breadth,lo,VALID,21229,238.53,0.433,-0.0542,0.89416,-36381.9,-408.79,0.95,-0.794,-72829.2,0.029,7.0
G_WIDE,PULLBACK_CONT,SHORT,breadth,lo,TEST,21531,234.03,0.436,-0.0702,0.96509,-9200.7,-100.01,0.96,-0.794,-40565.1,0.03,7.13
G_WIDE,PULLBACK_CONT,SHORT,breadth,lo,HOLDOUT,12979,216.32,0.4,-0.1615,0.99993,-45092.7,-751.55,0.929,-0.827,-48339.9,0.032,6.82
G_WIDE,SQUEEZE_EXP,LONG,breadth,lo,TRAIN,11688,63.52,0.419,-0.0902,0.97246,-26704.0,-145.13,0.925,-0.806,-37146.7,0.111,7.05
G_WIDE,SQUEEZE_EXP,LONG,breadth,lo,VALID,6584,73.98,0.408,-0.1188,0.98777,-14314.5,-160.84,0.906,-0.826,-18692.0,0.096,7.12
G_WIDE,SQUEEZE_EXP,LONG,breadth,lo,TEST,7470,81.2,0.448,-0.0331,0.72424,6109.1,66.4,0.964,-0.793,-7849.3,0.098,7.92
G_WIDE,SQUEEZE_EXP,LONG,breadth,lo,HOLDOUT,4015,66.92,0.466,0.0003,0.49793,4341.7,72.36,0.987,-0.805,-5631.2,0.106,7.1
G_WIDE,MTF_BRK,SHORT,mkt_trend,side,TRAIN,21907,119.06,0.445,-0.0209,0.66366,-7120.1,-38.7,0.98,-0.785,-35856.6,0.04,4.76
G_WIDE,MTF_BRK,SHORT,mkt_trend,side,VALID,10913,122.62,0.443,-0.0457,0.77456,-16236.5,-182.43,0.986,-0.807,-29677.0,0.044,5.42
G_WIDE,MTF_BRK,SHORT,mkt_trend,side,TEST,11486,124.85,0.427,-0.0983,0.97605,-16433.4,-178.62,0.971,-0.81,-23600.9,0.046,5.78
G_WIDE,MTF_BRK,SHORT,mkt_trend,side,HOLDOUT,9007,150.12,0.408,-0.1591,0.99953,-18214.6,-303.58,0.952,-0.833,-31005.2,0.042,6.28
G_WIDE,MTF_BRK,SHORT,breadth,lo,TRAIN,31356,170.41,0.407,-0.1117,0.99719,-102776.1,-558.57,0.943,-0.813,-113727.1,0.039,6.62
G_WIDE,MTF_BRK,SHORT,breadth,lo,VALID,16153,181.49,0.431,-0.0663,0.88637,-30419.2,-341.79,0.959,-0.812,-65329.5,0.04,7.3
G_WIDE,MTF_BRK,SHORT,breadth,lo,TEST,15754,171.24,0.416,-0.1107,0.99081,-27880.3,-303.05,0.949,-0.817,-44427.9,0.043,7.32
G_WIDE,MTF_BRK,SHORT,breadth,lo,HOLDOUT,8629,143.82,0.379,-0.2188,0.99996,-39159.3,-652.66,0.909,-0.844,-41978.4,0.046,6.57
G_WIDE,MTF_BRK,SHORT,mkt_funding,base,TRAIN,36587,198.84,0.421,-0.0791,0.98245,-79961.1,-434.57,0.968,-0.814,-93322.1,0.038,7.52
G_WIDE,MTF_BRK,SHORT,mkt_funding,base,VALID,16507,185.47,0.424,-0.0901,0.95407,-21194.2,-238.14,0.945,-0.819,-55803.5,0.041,7.53
G_WIDE,MTF_BRK,SHORT,mkt_funding,base,TEST,21366,232.24,0.423,-0.0928,0.98953,-25240.5,-274.35,0.963,-0.816,-44118.6,0.038,8.88
G_WIDE,MTF_BRK,SHORT,mkt_funding,base,HOLDOUT,6304,105.07,0.362,-0.2737,1.0,-33410.9,-556.85,0.891,-0.874,-34671.0,0.041,4.35
G_WIDE,MTF_BRK,SHORT,mkt_oi,flat,TRAIN,36688,199.39,0.421,-0.0787,0.9842,-79233.9,-430.62,0.96,-0.81,-92975.1,0.036,7.15
G_WIDE,MTF_BRK,SHORT,mkt_oi,flat,VALID,16381,184.06,0.413,-0.1127,0.98361,-47115.9,-529.39,0.937,-0.835,-62718.4,0.041,7.58
G_WIDE,MTF_BRK,SHORT,mkt_oi,flat,TEST,18736,203.65,0.402,-0.1452,0.99983,-53291.7,-579.26,0.943,-0.832,-54766.2,0.041,8.36
G_WIDE,MTF_BRK,SHORT,mkt_oi,flat,HOLDOUT,11517,191.95,0.395,-0.1848,0.99998,-41535.3,-692.25,0.942,-0.84,-43246.7,0.041,7.9
G_WIDE,SQUEEZE_EXP,SHORT,breadth,lo,TRAIN,10974,59.64,0.416,-0.1166,0.99009,-31257.4,-169.88,0.92,-0.817,-39449.1,0.102,6.09
G_WIDE,SQUEEZE_EXP,SHORT,breadth,lo,VALID,6392,71.82,0.451,-0.0319,0.70793,-8093.8,-90.94,0.985,-0.79,-17000.0,0.09,6.48
G_WIDE,SQUEEZE_EXP,SHORT,breadth,lo,TEST,7300,79.35,0.388,-0.1956,0.99975,-27274.7,-296.46,0.895,-0.851,-32743.5,0.087,6.93
G_WIDE,SQUEEZE_EXP,SHORT,breadth,lo,HOLDOUT,3873,64.55,0.372,-0.2751,1.0,-21890.3,-364.84,0.897,-0.852,-21893.1,0.106,6.85
G_WIDE,BRK_24H,SHORT,mkt_trend,side,TRAIN,15285,83.07,0.428,-0.0639,0.8781,-28107.6,-152.76,0.948,-0.785,-47283.9,0.052,4.34
G_WIDE,BRK_24H,SHORT,mkt_trend,side,VALID,7745,87.02,0.438,-0.0585,0.79783,-17635.5,-198.15,0.972,-0.804,-29612.6,0.059,5.17
G_WIDE,BRK_24H,SHORT,mkt_trend,side,TEST,7254,78.85,0.425,-0.1006,0.96017,-13646.7,-148.33,0.944,-0.798,-15957.0,0.069,5.47
G_WIDE,BRK_24H,SHORT,mkt_trend,side,HOLDOUT,5802,96.7,0.411,-0.1563,0.99665,-9796.5,-163.28,0.938,-0.816,-20934.4,0.061,5.9
G_WIDE,BRK_24H,SHORT,breadth,lo,TRAIN,23532,127.89,0.405,-0.1151,0.99453,-88464.3,-480.78,0.941,-0.803,-99128.8,0.046,5.93
G_WIDE,BRK_24H,SHORT,breadth,lo,VALID,12108,136.04,0.413,-0.1114,0.96604,-42568.6,-478.3,0.925,-0.814,-63430.9,0.051,6.94
G_WIDE,BRK_24H,SHORT,breadth,lo,TEST,10700,116.3,0.406,-0.1405,0.99562,-33781.6,-367.19,0.907,-0.816,-40016.4,0.059,6.87
G_WIDE,BRK_24H,SHORT,breadth,lo,HOLDOUT,5621,93.68,0.385,-0.2124,0.99973,-23167.6,-386.13,0.897,-0.832,-25663.0,0.067,6.28
G_WIDE,BRK_24H,SHORT,mkt_funding,base,TRAIN,25515,138.67,0.414,-0.097,0.98691,-79531.8,-432.24,0.956,-0.806,-94228.7,0.05,6.88
G_WIDE,BRK_24H,SHORT,mkt_funding,base,VALID,11326,127.26,0.406,-0.1379,0.98832,-31783.3,-357.12,0.912,-0.821,-51591.1,0.059,7.55
G_WIDE,BRK_24H,SHORT,mkt_funding,base,TEST,13419,145.86,0.415,-0.1197,0.99546,-28849.4,-313.58,0.922,-0.813,-34688.9,0.053,7.77
G_WIDE,BRK_24H,SHORT,mkt_funding,base,HOLDOUT,3640,60.67,0.356,-0.2961,1.0,-17279.5,-287.99,0.857,-0.863,-18200.9,0.072,4.35
G_WIDE,BRK_24H,SHORT,mkt_oi,flat,TRAIN,25845,140.46,0.411,-0.1042,0.99333,-86697.4,-471.18,0.941,-0.805,-99354.6,0.048,6.72
G_WIDE,BRK_24H,SHORT,mkt_oi,flat,VALID,11623,130.6,0.4,-0.1479,0.9944,-50941.9,-572.38,0.914,-0.835,-53692.8,0.054,7.1
G_WIDE,BRK_24H,SHORT,mkt_oi,flat,TEST,12022,130.67,0.4,-0.1541,0.99936,-40290.3,-437.94,0.909,-0.827,-41144.6,0.058,7.53
G_WIDE,BRK_24H,SHORT,mkt_oi,flat,HOLDOUT,7061,117.68,0.397,-0.1882,0.99986,-22703.7,-378.4,0.915,-0.828,-24906.0,0.061,7.23
G_WIDE,OI_COVER,SHORT,breadth,lo,TRAIN,13206,71.77,0.442,-0.0437,0.83726,-39068.2,-212.33,0.919,-0.75,-55415.9,0.074,5.34
G_WIDE,OI_COVER,SHORT,breadth,lo,VALID,6106,68.61,0.432,-0.0864,0.92026,-25797.3,-289.86,0.847,-0.759,-41976.3,0.085,5.83
G_WIDE,OI_COVER,SHORT,breadth,lo,TEST,7017,76.27,0.451,-0.0471,0.79584,-2732.5,-29.7,0.865,-0.757,-24044.3,0.071,5.45
G_WIDE,OI_COVER,SHORT,breadth,lo,HOLDOUT,4077,67.95,0.405,-0.1727,0.99958,-26597.5,-443.29,0.743,-0.776,-29803.9,0.082,5.55
G_WIDE,EARLY_BRK,LONG,breadth,lo,TRAIN,19274,104.75,0.384,-0.1888,1.0,-66792.8,-363.0,0.895,-0.85,-68300.2,0.072,7.56
G_WIDE,EARLY_BRK,LONG,breadth,lo,VALID,10641,119.56,0.401,-0.1291,0.99499,-19699.6,-221.34,0.918,-0.823,-24632.4,0.068,8.16
G_WIDE,EARLY_BRK,LONG,breadth,lo,TEST,12342,134.15,0.381,-0.2108,1.0,-45430.9,-493.81,0.9,-0.845,-50345.5,0.062,8.33
G_WIDE,EARLY_BRK,LONG,breadth,lo,HOLDOUT,7498,124.97,0.416,-0.1274,0.9976,-11074.2,-184.57,0.942,-0.838,-19707.0,0.064,8.03
G_WIDE,SWEEP_RECLAIM,LONG,mkt_trend,side,TRAIN,17194,93.45,0.408,-0.1344,0.99775,-57735.5,-313.78,0.872,-0.846,-65742.0,0.049,4.61
G_WIDE,SWEEP_RECLAIM,LONG,mkt_trend,side,VALID,8103,91.04,0.401,-0.1288,0.97773,-14289.1,-160.55,0.899,-0.835,-30583.4,0.056,5.11
G_WIDE,SWEEP_RECLAIM,LONG,mkt_trend,side,TEST,8304,90.26,0.431,-0.0823,0.94448,-12980.3,-141.09,0.916,-0.821,-23405.7,0.058,5.23
G_WIDE,SWEEP_RECLAIM,LONG,mkt_trend,side,HOLDOUT,6527,108.78,0.425,-0.1035,0.98147,-20211.9,-336.86,0.911,-0.853,-27949.4,0.056,6.05
G_WIDE,SWEEP_RECLAIM,LONG,breadth,lo,TRAIN,26361,143.27,0.438,-0.0551,0.9145,-17577.3,-95.53,0.909,-0.832,-31947.4,0.045,6.42
G_WIDE,SWEEP_RECLAIM,LONG,breadth,lo,VALID,13177,148.06,0.429,-0.058,0.85011,-23033.5,-258.8,0.922,-0.806,-53460.6,0.049,7.21
G_WIDE,SWEEP_RECLAIM,LONG,breadth,lo,TEST,11829,128.58,0.441,-0.057,0.88741,-14602.1,-158.72,0.931,-0.815,-29808.4,0.056,7.14
G_WIDE,SWEEP_RECLAIM,LONG,breadth,lo,HOLDOUT,6358,105.97,0.468,0.0001,0.49939,2175.4,36.26,0.945,-0.819,-15669.4,0.059,6.27
G_WIDE,SWEEP_RECLAIM,LONG,mkt_funding,base,TRAIN,28657,155.74,0.426,-0.0759,0.97669,-32762.7,-178.06,0.909,-0.841,-40003.9,0.046,7.1
G_WIDE,SWEEP_RECLAIM,LONG,mkt_funding,base,VALID,12435,139.72,0.429,-0.0565,0.85402,-31632.0,-355.42,0.912,-0.798,-54245.3,0.054,7.55
G_WIDE,SWEEP_RECLAIM,LONG,mkt_funding,base,TEST,14899,161.95,0.436,-0.0648,0.94448,-24226.6,-263.33,0.93,-0.819,-36663.8,0.05,8.17
G_WIDE,SWEEP_RECLAIM,LONG,mkt_funding,base,HOLDOUT,4258,70.97,0.447,-0.0342,0.74866,-8190.0,-136.5,0.957,-0.798,-12223.6,0.061,4.32
G_WIDE,SWEEP_RECLAIM,LONG,mkt_oi,flat,TRAIN,28920,157.17,0.428,-0.0763,0.9783,-39148.5,-212.76,0.905,-0.835,-45387.9,0.043,6.73
G_WIDE,SWEEP_RECLAIM,LONG,mkt_oi,flat,VALID,12503,140.48,0.442,-0.0277,0.69776,4550.9,51.13,0.948,-0.8,-28688.4,0.051,7.12
G_WIDE,SWEEP_RECLAIM,LONG,mkt_oi,flat,TEST,13291,144.47,0.442,-0.046,0.86004,-10849.6,-117.93,0.946,-0.817,-21449.4,0.054,7.83
G_WIDE,SWEEP_RECLAIM,LONG,mkt_oi,flat,HOLDOUT,8224,137.07,0.442,-0.0482,0.83906,-12998.6,-216.64,0.937,-0.829,-24015.9,0.053,7.28
G_WIDE,VOL_PRICE,SHORT,breadth,lo,TRAIN,18540,100.76,0.431,-0.0615,0.91202,-36599.4,-198.91,0.966,-0.793,-46808.6,0.063,6.34
G_WIDE,VOL_PRICE,SHORT,breadth,lo,VALID,9459,106.28,0.444,-0.0424,0.77655,-25597.4,-287.61,0.93,-0.778,-39971.8,0.063,6.73
G_WIDE,VOL_PRICE,SHORT,breadth,lo,TEST,11098,120.63,0.423,-0.1111,0.98535,-31755.3,-345.17,0.915,-0.798,-37088.7,0.056,6.82
G_WIDE,VOL_PRICE,SHORT,breadth,lo,HOLDOUT,6026,100.43,0.424,-0.1365,0.99824,-19770.0,-329.5,0.909,-0.8,-25880.4,0.064,6.43
G_WIDE,ACCEL,LONG,breadth,hi,TRAIN,10953,59.53,0.385,-0.1425,0.99843,-50222.0,-272.95,0.911,-0.798,-52970.1,0.108,6.4
G_WIDE,ACCEL,LONG,breadth,hi,VALID,6186,69.51,0.432,-0.0254,0.65754,-4077.0,-45.81,0.942,-0.77,-13521.9,0.093,6.48
G_WIDE,ACCEL,LONG,breadth,hi,TEST,5735,62.34,0.382,-0.1633,0.99947,-18238.3,-198.24,0.893,-0.81,-22826.6,0.112,7.01
G_WIDE,ACCEL,LONG,breadth,hi,HOLDOUT,4935,82.25,0.457,0.0197,0.38011,11984.1,199.73,0.988,-0.814,-12931.5,0.093,7.62
G_WIDE,FUNDING_SQUEEZE,LONG,mkt_trend,side,TRAIN,1924,10.46,0.374,-0.1172,0.99801,-4402.4,-23.93,0.912,-0.823,-8224.5,0.323,3.38
G_WIDE,FUNDING_SQUEEZE,LONG,mkt_trend,side,VALID,1310,14.72,0.4,-0.0732,0.92061,-3620.6,-40.68,0.916,-0.836,-6619.8,0.289,4.26
G_WIDE,FUNDING_SQUEEZE,LONG,mkt_trend,side,TEST,465,5.05,0.355,-0.1551,0.98504,-1677.9,-18.24,0.947,-0.838,-2143.2,0.501,2.53
G_WIDE,FUNDING_SQUEEZE,LONG,mkt_trend,side,HOLDOUT,235,3.92,0.37,-0.0931,0.87196,-948.1,-15.8,0.876,-0.834,-1727.7,0.472,1.85
G_WIDE,FUNDING_SQUEEZE,LONG,breadth,hi,TRAIN,2313,12.57,0.389,-0.0872,0.98631,-1971.5,-10.71,0.888,-0.803,-5889.1,0.351,4.41
G_WIDE,FUNDING_SQUEEZE,LONG,breadth,hi,VALID,1417,15.92,0.378,-0.1131,0.98438,-7007.1,-78.73,0.886,-0.82,-7866.4,0.337,5.36
G_WIDE,FUNDING_SQUEEZE,LONG,breadth,hi,TEST,483,5.25,0.404,-0.0554,0.7516,-586.5,-6.37,0.914,-0.817,-1871.4,0.536,2.82
G_WIDE,FUNDING_SQUEEZE,LONG,breadth,hi,HOLDOUT,154,2.57,0.37,-0.1016,0.84762,-331.4,-5.52,0.917,-0.946,-956.5,0.623,1.6
G_WIDE,FUNDING_SQUEEZE,LONG,mkt_funding,base,TRAIN,3244,17.63,0.384,-0.0794,0.9962,336.4,1.83,0.927,-0.816,-9844.4,0.31,5.47
G_WIDE,FUNDING_SQUEEZE,LONG,mkt_funding,base,VALID,1850,20.79,0.375,-0.1252,0.99905,-10897.1,-122.44,0.863,-0.838,-11329.6,0.302,6.28
G_WIDE,FUNDING_SQUEEZE,LONG,mkt_funding,base,TEST,944,10.26,0.401,-0.0503,0.8162,207.9,2.26,0.938,-0.824,-5090.7,0.431,4.42
G_WIDE,FUNDING_SQUEEZE,LONG,mkt_funding,base,HOLDOUT,293,4.88,0.365,-0.1091,0.9325,-1365.7,-22.76,0.868,-0.896,-2218.1,0.468,2.28
G_WIDE,FUNDING_SQUEEZE,LONG,mkt_oi,flat,TRAIN,3310,17.99,0.395,-0.0632,0.97188,4262.4,23.17,0.94,-0.809,-7017.4,0.3,5.39
G_WIDE,FUNDING_SQUEEZE,LONG,mkt_oi,flat,VALID,2063,23.18,0.378,-0.119,0.99884,-10186.4,-114.45,0.885,-0.836,-10719.7,0.259,6.0
G_WIDE,FUNDING_SQUEEZE,LONG,mkt_oi,flat,TEST,823,8.95,0.411,-0.0345,0.7299,1496.9,16.27,0.95,-0.816,-4202.5,0.45,4.02
G_WIDE,FUNDING_SQUEEZE,LONG,mkt_oi,flat,HOLDOUT,266,4.43,0.357,-0.1372,0.96382,-1436.8,-23.95,0.837,-0.863,-2289.2,0.481,2.13
G_WIDE,BASELINE,LONG,mkt_trend,side,TRAIN,35085,190.68,0.406,-0.1308,0.9995,-99322.1,-539.79,0.89,-0.806,-124076.6,0.018,3.4
G_WIDE,BASELINE,LONG,mkt_trend,side,VALID,18130,203.71,0.408,-0.1144,0.98127,-31378.6,-352.57,0.901,-0.804,-72692.5,0.016,3.33
G_WIDE,BASELINE,LONG,mkt_trend,side,TEST,20592,223.83,0.427,-0.0836,0.96505,-22320.1,-242.61,0.936,-0.789,-47627.1,0.016,3.67
G_WIDE,BASELINE,LONG,mkt_trend,side,HOLDOUT,16278,271.3,0.438,-0.0694,0.92743,794.2,13.24,0.935,-0.798,-33513.1,0.015,4.08
G_WIDE,BASELINE,LONG,breadth,hi,TRAIN,30051,163.32,0.388,-0.1557,0.99993,-121502.1,-660.34,0.884,-0.814,-126344.5,0.023,3.79
G_WIDE,BASELINE,LONG,breadth,hi,VALID,14059,157.97,0.406,-0.1056,0.95922,-27346.5,-307.26,0.901,-0.794,-35759.9,0.022,3.51
G_WIDE,BASELINE,LONG,breadth,hi,TEST,15972,173.61,0.383,-0.1754,0.99946,-61484.4,-668.31,0.864,-0.821,-78475.9,0.022,3.78
G_WIDE,BASELINE,LONG,breadth,hi,HOLDOUT,11758,195.97,0.472,0.0384,0.27819,40196.1,669.94,0.993,-0.776,-15394.4,0.019,3.77
G_WIDE,BASELINE,LONG,mkt_funding,base,TRAIN,59099,321.19,0.385,-0.1707,1.0,-235650.8,-1280.71,0.866,-0.828,-250600.7,0.017,5.39
G_WIDE,BASELINE,LONG,mkt_funding,base,VALID,29043,326.33,0.396,-0.1399,0.99953,-102233.2,-1148.69,0.89,-0.799,-114808.0,0.016,5.21
G_WIDE,BASELINE,LONG,mkt_funding,base,TEST,35904,390.26,0.405,-0.1397,0.99995,-101553.1,-1103.84,0.883,-0.815,-134007.5,0.015,5.99
G_WIDE,BASELINE,LONG,mkt_funding,base,HOLDOUT,12408,206.8,0.441,-0.0504,0.82387,2590.7,43.18,0.957,-0.793,-23155.1,0.014,2.95
G_WIDE,BASELINE,LONG,mkt_oi,flat,TRAIN,56857,309.01,0.395,-0.1517,1.0,-191089.4,-1038.53,0.877,-0.82,-211160.3,0.017,5.27
G_WIDE,BASELINE,LONG,mkt_oi,flat,VALID,26666,299.62,0.426,-0.0741,0.94464,-27418.2,-308.07,0.918,-0.787,-59975.7,0.016,4.85
G_WIDE,BASELINE,LONG,mkt_oi,flat,TEST,31284,340.04,0.406,-0.1406,0.99991,-77694.4,-844.5,0.887,-0.817,-94397.7,0.016,5.43
G_WIDE,BASELINE,LONG,mkt_oi,flat,HOLDOUT,21067,351.12,0.435,-0.0662,0.93526,-8112.8,-135.21,0.934,-0.797,-39628.4,0.015,5.22
G_WIDE,BASELINE,SHORT,mkt_trend,side,TRAIN,35085,190.68,0.447,-0.0403,0.83968,-23868.4,-129.72,0.926,-0.778,-62752.1,0.017,3.2
G_WIDE,BASELINE,SHORT,mkt_trend,side,VALID,18130,203.71,0.446,-0.0493,0.81399,-31720.8,-356.41,0.92,-0.779,-58721.7,0.016,3.34
G_WIDE,BASELINE,SHORT,mkt_trend,side,TEST,20592,223.83,0.419,-0.1392,0.99844,-57203.3,-621.77,0.886,-0.814,-66516.6,0.016,3.49
G_WIDE,BASELINE,SHORT,mkt_trend,side,HOLDOUT,16272,271.2,0.412,-0.1606,0.99989,-54462.8,-907.71,0.891,-0.814,-57173.7,0.016,4.22
G_WIDE,BASELINE,SHORT,breadth,hi,TRAIN,30051,163.32,0.46,-0.0165,0.64997,2408.9,13.09,0.935,-0.778,-37134.8,0.023,3.79
G_WIDE,BASELINE,SHORT,breadth,hi,VALID,14059,157.97,0.456,-0.0467,0.77617,-20687.2,-232.44,0.902,-0.782,-33421.5,0.023,3.6
G_WIDE,BASELINE,SHORT,breadth,hi,TEST,15972,173.61,0.472,-0.0038,0.52797,5904.0,64.17,0.949,-0.764,-24128.6,0.021,3.73
G_WIDE,BASELINE,SHORT,breadth,hi,HOLDOUT,11751,195.85,0.371,-0.2526,1.0,-79721.1,-1328.69,0.855,-0.849,-85789.8,0.02,4.0
G_WIDE,BASELINE,SHORT,mkt_funding,base,TRAIN,59099,321.19,0.463,-0.005,0.56426,5997.6,32.6,0.955,-0.772,-59930.4,0.016,5.23
G_WIDE,BASELINE,SHORT,mkt_funding,base,VALID,29043,326.33,0.462,-0.0182,0.66269,2282.6,25.65,0.922,-0.778,-58123.1,0.016,5.09
G_WIDE,BASELINE,SHORT,mkt_funding,base,TEST,35904,390.26,0.448,-0.0528,0.92206,-28399.3,-308.69,0.935,-0.782,-45362.1,0.014,5.42
G_WIDE,BASELINE,SHORT,mkt_funding,base,HOLDOUT,12408,206.8,0.405,-0.1897,0.99997,-50193.5,-836.56,0.87,-0.826,-53562.1,0.015,3.12
G_WIDE,BASELINE,SHORT,mkt_oi,flat,TRAIN,56857,309.01,0.455,-0.0186,0.72098,-20204.6,-109.81,0.944,-0.777,-67267.9,0.016,5.07
G_WIDE,BASELINE,SHORT,mkt_oi,flat,VALID,26666,299.62,0.436,-0.0736,0.94264,-57775.5,-649.16,0.902,-0.797,-100431.3,0.015,4.61
G_WIDE,BASELINE,SHORT,mkt_oi,flat,TEST,31284,340.04,0.442,-0.0686,0.96268,-47656.8,-518.01,0.931,-0.788,-62561.5,0.015,5.09
G_WIDE,BASELINE,SHORT,mkt_oi,flat,HOLDOUT,21061,351.02,0.41,-0.1615,0.99996,-73566.0,-1226.1,0.888,-0.813,-84419.4,0.015,5.42
G_WIDE,SWEEP_RECLAIM,SHORT,sym_oi,down,TRAIN,162,0.88,0.395,-0.1105,0.88559,-2179.9,-11.85,0.854,-0.961,-2298.1,0.747,0.66
G_WIDE,SWEEP_RECLAIM,SHORT,sym_oi,down,VALID,87,0.98,0.483,0.0124,0.4607,-744.4,-8.36,0.891,-0.813,-873.6,0.759,0.74
G_WIDE,SWEEP_RECLAIM,SHORT,sym_oi,down,TEST,27,0.29,0.37,-0.0909,0.68092,-374.0,-4.07,0.847,-0.802,-374.0,0.741,0.22
G_WIDE,SWEEP_RECLAIM,SHORT,sym_oi,down,HOLDOUT,22,0.37,0.545,0.2796,0.1636,85.3,1.42,1.486,-0.769,-183.1,0.818,0.3
G_WIDE,MTF_BRK,SHORT,breadth,hi,TRAIN,9231,50.17,0.441,-0.025,0.70907,-3030.4,-16.47,1.002,-0.82,-13002.3,0.13,6.52
G_WIDE,MTF_BRK,SHORT,breadth,hi,VALID,4837,54.35,0.402,-0.1448,0.99139,-15803.2,-177.56,0.925,-0.845,-17346.5,0.127,6.88
G_WIDE,MTF_BRK,SHORT,breadth,hi,TEST,5635,61.25,0.442,-0.0426,0.76737,2358.0,25.63,1.001,-0.811,-6900.7,0.119,7.3
G_WIDE,MTF_BRK,SHORT,breadth,hi,HOLDOUT,3559,59.32,0.402,-0.1743,0.99996,-12082.2,-201.37,0.976,-0.854,-13125.7,0.122,7.22
G_WIDE,BRK_24H,SHORT,breadth,hi,TRAIN,4552,24.74,0.424,-0.0712,0.90999,-9086.9,-49.39,0.959,-0.829,-13368.3,0.229,5.66
G_WIDE,BRK_24H,SHORT,breadth,hi,VALID,2781,31.25,0.374,-0.2116,0.998,-14899.0,-167.4,0.876,-0.862,-15686.9,0.206,6.44
G_WIDE,BRK_24H,SHORT,breadth,hi,TEST,2742,29.8,0.447,-0.0393,0.73094,4602.5,50.03,0.979,-0.8,-3971.6,0.219,6.53
G_WIDE,BRK_24H,SHORT,breadth,hi,HOLDOUT,1790,29.83,0.399,-0.1826,0.99915,-4963.1,-82.72,0.936,-0.839,-6583.3,0.209,6.23
G_WIDE,CAPITULATION_REV,SHORT,mkt_trend,side,TRAIN,1927,10.47,0.483,0.0148,0.43683,2105.2,11.44,0.904,-0.78,-6760.0,0.336,3.52
G_WIDE,CAPITULATION_REV,SHORT,mkt_trend,side,VALID,650,7.3,0.435,-0.069,0.7346,-750.9,-8.44,0.827,-0.818,-2824.9,0.52,3.8
G_WIDE,CAPITULATION_REV,SHORT,mkt_trend,side,TEST,897,9.75,0.466,-0.0483,0.81504,-3091.8,-33.61,0.883,-0.779,-3456.5,0.414,4.03
G_WIDE,CAPITULATION_REV,SHORT,mkt_trend,side,HOLDOUT,868,14.47,0.445,-0.0904,0.95762,-5509.4,-91.82,0.875,-0.805,-6508.7,0.35,5.07
G_WIDE,CAPITULATION_REV,SHORT,breadth,hi,TRAIN,2067,11.23,0.48,0.0249,0.39205,999.2,5.43,0.872,-0.762,-7260.5,0.388,4.35
G_WIDE,CAPITULATION_REV,SHORT,breadth,hi,VALID,838,9.42,0.455,-0.0398,0.65908,-766.3,-8.61,0.874,-0.818,-3544.3,0.45,4.24
G_WIDE,CAPITULATION_REV,SHORT,breadth,hi,TEST,889,9.66,0.453,-0.0709,0.8259,-1215.0,-13.21,0.861,-0.785,-2474.8,0.463,4.48
G_WIDE,CAPITULATION_REV,SHORT,breadth,hi,HOLDOUT,921,15.35,0.397,-0.1879,0.96253,-6515.3,-108.59,0.858,-0.852,-7749.2,0.35,5.37
G_WIDE,CAPITULATION_REV,SHORT,mkt_funding,base,TRAIN,3013,16.38,0.468,-0.021,0.61756,-4660.2,-25.33,0.867,-0.788,-8202.7,0.344,5.62
G_WIDE,CAPITULATION_REV,SHORT,mkt_funding,base,VALID,1257,14.12,0.455,-0.047,0.76328,-918.4,-10.32,0.842,-0.813,-3891.6,0.406,5.73
G_WIDE,CAPITULATION_REV,SHORT,mkt_funding,base,TEST,1525,16.58,0.453,-0.0792,0.95178,-6714.7,-72.99,0.852,-0.779,-7079.4,0.365,6.04
G_WIDE,CAPITULATION_REV,SHORT,mkt_funding,base,HOLDOUT,665,11.08,0.371,-0.2521,0.97239,-4999.0,-83.32,0.838,-0.886,-7856.4,0.329,3.65
G_WIDE,CAPITULATION_REV,SHORT,mkt_oi,flat,TRAIN,2830,15.38,0.455,-0.0501,0.74818,-8746.8,-47.54,0.855,-0.8,-11014.5,0.354,5.45
G_WIDE,CAPITULATION_REV,SHORT,mkt_oi,flat,VALID,1134,12.74,0.437,-0.0805,0.84953,-2315.4,-26.02,0.849,-0.807,-4381.5,0.417,5.31
G_WIDE,CAPITULATION_REV,SHORT,mkt_oi,flat,TEST,1348,14.65,0.457,-0.0758,0.92488,-3840.2,-41.74,0.849,-0.779,-4743.5,0.395,5.78
G_WIDE,CAPITULATION_REV,SHORT,mkt_oi,flat,HOLDOUT,1013,16.88,0.453,-0.065,0.9088,-4153.0,-69.22,0.898,-0.792,-5551.4,0.365,6.17
G_WIDE,OI_PRICE,SHORT,mkt_trend,side,TRAIN,233,1.27,0.506,0.021,0.38826,440.8,2.4,0.855,-0.836,-1896.6,0.918,1.16
G_WIDE,OI_PRICE,SHORT,mkt_trend,side,VALID,106,1.19,0.481,-0.0939,0.81853,40.7,0.46,0.732,-0.672,-425.5,0.934,1.11
G_WIDE,OI_PRICE,SHORT,mkt_trend,side,TEST,87,0.95,0.46,-0.2047,0.83221,802.5,8.72,0.808,-0.703,-324.6,0.966,0.91
G_WIDE,OI_PRICE,SHORT,mkt_trend,side,HOLDOUT,64,1.07,0.547,0.0885,0.24729,660.0,11.0,0.848,-0.669,-640.9,0.984,1.05
G_WIDE,OI_PRICE,SHORT,breadth,hi,TRAIN,139,0.76,0.489,-0.0224,0.61037,422.0,2.29,0.757,-0.678,-701.2,0.986,0.74
G_WIDE,OI_PRICE,SHORT,breadth,hi,VALID,70,0.79,0.557,-0.0202,0.5712,892.8,10.03,0.756,-0.618,-610.3,0.943,0.74
G_WIDE,OI_PRICE,SHORT,breadth,hi,TEST,72,0.78,0.5,-0.251,0.84712,975.5,10.6,0.78,-0.669,-182.2,1.0,0.78
G_WIDE,OI_PRICE,SHORT,breadth,hi,HOLDOUT,32,0.53,0.5,-0.0901,0.68001,319.2,5.32,0.742,-0.743,-218.9,1.0,0.53
G_WIDE,OI_PRICE,SHORT,mkt_funding,base,TRAIN,415,2.26,0.427,-0.124,0.98358,-2855.4,-15.52,0.797,-0.828,-4448.2,0.918,2.07
G_WIDE,OI_PRICE,SHORT,mkt_funding,base,VALID,162,1.82,0.562,0.0597,0.23626,2597.7,29.19,0.827,-0.618,-647.0,0.951,1.73
G_WIDE,OI_PRICE,SHORT,mkt_funding,base,TEST,181,1.97,0.486,-0.1115,0.83618,1468.3,15.96,0.836,-0.72,-460.0,0.923,1.82
G_WIDE,OI_PRICE,SHORT,mkt_funding,base,HOLDOUT,54,0.9,0.593,0.1757,0.11954,1041.8,17.36,0.92,-0.662,-283.2,0.981,0.88
G_WIDE,OI_PRICE,SHORT,mkt_oi,flat,TRAIN,397,2.16,0.431,-0.0999,0.95227,-1776.3,-9.65,0.826,-0.819,-3479.9,0.887,1.91
G_WIDE,OI_PRICE,SHORT,mkt_oi,flat,VALID,150,1.69,0.52,-0.0496,0.71344,1887.6,21.21,0.782,-0.642,-351.7,0.933,1.57
G_WIDE,OI_PRICE,SHORT,mkt_oi,flat,TEST,160,1.74,0.456,-0.172,0.91343,1320.3,14.35,0.828,-0.741,-451.2,0.925,1.61
G_WIDE,OI_PRICE,SHORT,mkt_oi,flat,HOLDOUT,74,1.23,0.527,0.0246,0.41713,537.2,8.95,0.86,-0.702,-877.7,0.986,1.22
G_WIDE,SWEEP_RECLAIM,LONG,breadth,hi,TRAIN,5127,27.86,0.397,-0.1294,0.99416,-12388.2,-67.33,0.912,-0.856,-16521.3,0.198,5.52
G_WIDE,SWEEP_RECLAIM,LONG,breadth,hi,VALID,2968,33.35,0.444,-0.0304,0.677,1271.4,14.29,0.929,-0.799,-5726.9,0.188,6.27
G_WIDE,SWEEP_RECLAIM,LONG,breadth,hi,TEST,3112,33.83,0.421,-0.0909,0.95107,-9043.4,-98.3,0.923,-0.828,-13656.2,0.189,6.38
G_WIDE,SWEEP_RECLAIM,LONG,breadth,hi,HOLDOUT,2297,38.28,0.407,-0.1076,0.97248,-9898.9,-164.98,0.945,-0.838,-12167.2,0.165,6.32
G_WIDE,CHANGE_POINT,SHORT,breadth,lo,TRAIN,6880,37.39,0.487,0.0367,0.27851,11742.9,63.82,1.019,-0.729,-11739.6,0.141,5.27
G_WIDE,CHANGE_POINT,SHORT,breadth,lo,VALID,3962,44.52,0.434,-0.0938,0.86885,-18780.0,-211.01,0.851,-0.763,-23788.4,0.123,5.49
G_WIDE,CHANGE_POINT,SHORT,breadth,lo,TEST,4722,51.33,0.445,-0.0752,0.84634,-7443.0,-80.9,0.902,-0.763,-13090.7,0.113,5.8
G_WIDE,CHANGE_POINT,SHORT,breadth,lo,HOLDOUT,2656,44.27,0.395,-0.2081,0.9999,-16173.3,-269.56,0.806,-0.788,-18177.0,0.119,5.27
G_WIDE,FUNDING_SQUEEZE,LONG,breadth,lo,TRAIN,1636,8.89,0.405,-0.0265,0.75075,4279.2,23.26,0.976,-0.811,-3117.8,0.489,4.35
G_WIDE,FUNDING_SQUEEZE,LONG,breadth,lo,VALID,1142,12.83,0.39,-0.1001,0.98291,-5025.9,-56.47,0.89,-0.846,-5383.2,0.44,5.65
G_WIDE,FUNDING_SQUEEZE,LONG,breadth,lo,TEST,464,5.04,0.399,-0.0431,0.75898,778.3,8.46,0.962,-0.829,-3806.0,0.627,3.16
G_WIDE,FUNDING_SQUEEZE,LONG,breadth,lo,HOLDOUT,139,2.32,0.36,-0.1175,0.88688,-1034.3,-17.24,0.814,-0.841,-1509.4,0.662,1.53
G_WIDE,CAPITULATION_REV,SHORT,breadth,lo,TRAIN,1134,6.16,0.436,-0.1345,0.94184,-7834.2,-42.58,0.833,-0.84,-8874.2,0.608,3.75
G_WIDE,CAPITULATION_REV,SHORT,breadth,lo,VALID,610,6.85,0.41,-0.1474,0.99637,-2412.5,-27.11,0.795,-0.823,-2892.7,0.648,4.44
G_WIDE,CAPITULATION_REV,SHORT,breadth,lo,TEST,637,6.92,0.452,-0.0911,0.98645,-5532.6,-60.14,0.839,-0.77,-5839.7,0.597,4.13
G_WIDE,CAPITULATION_REV,SHORT,breadth,lo,HOLDOUT,408,6.8,0.422,-0.1534,0.99287,-2969.1,-49.49,0.841,-0.81,-3469.7,0.676,4.6
G_WIDE,BASELINE,LONG,breadth,lo,TRAIN,34883,189.58,0.402,-0.1413,0.99979,-96678.7,-525.43,0.866,-0.824,-108207.7,0.022,4.18
G_WIDE,BASELINE,LONG,breadth,lo,VALID,20624,231.73,0.414,-0.1095,0.97972,-44940.2,-504.95,0.89,-0.794,-58968.7,0.019,4.52
G_WIDE,BASELINE,LONG,breadth,lo,TEST,20064,218.09,0.424,-0.1076,0.9867,-37703.1,-409.82,0.899,-0.807,-54246.5,0.02,4.35
G_WIDE,BASELINE,LONG,breadth,lo,HOLDOUT,11968,199.47,0.435,-0.0735,0.90801,-12347.6,-205.79,0.92,-0.806,-28495.1,0.02,3.9
G_WIDE,BASELINE,SHORT,breadth,lo,TRAIN,34883,189.58,0.447,-0.0327,0.78995,-37898.8,-205.97,0.945,-0.774,-66975.8,0.021,4.01
G_WIDE,BASELINE,SHORT,breadth,lo,VALID,20624,231.73,0.444,-0.0429,0.78799,-34707.7,-389.97,0.921,-0.784,-65154.3,0.018,4.25
G_WIDE,BASELINE,SHORT,breadth,lo,TEST,20064,218.09,0.428,-0.0946,0.96823,-37078.3,-403.02,0.92,-0.797,-46243.3,0.019,4.24
G_WIDE,BASELINE,SHORT,breadth,lo,HOLDOUT,11969,199.48,0.416,-0.142,0.99485,-37077.1,-617.95,0.89,-0.804,-44820.7,0.018,3.68
G_WIDE,OI_PRICE,SHORT,breadth,lo,TRAIN,313,1.7,0.403,-0.1456,0.98079,-3203.8,-17.41,0.824,-0.869,-3921.5,0.904,1.54
G_WIDE,OI_PRICE,SHORT,breadth,lo,VALID,135,1.52,0.504,-0.0057,0.52355,983.4,11.05,0.823,-0.662,-513.6,0.963,1.46
G_WIDE,OI_PRICE,SHORT,breadth,lo,TEST,109,1.18,0.477,-0.0194,0.57665,492.8,5.36,0.872,-0.753,-510.4,0.954,1.13
G_WIDE,OI_PRICE,SHORT,breadth,lo,HOLDOUT,54,0.9,0.481,-0.0023,0.50626,64.1,1.07,0.857,-0.704,-894.3,0.963,0.87
G_WIDE,CAPITULATION_REV,LONG,mkt_trend,side,TRAIN,1350,7.34,0.444,-0.1419,0.86582,-3814.0,-20.73,0.747,-0.844,-9509.5,0.279,2.05
G_WIDE,CAPITULATION_REV,LONG,mkt_trend,side,VALID,386,4.34,0.557,0.2455,0.10753,3889.8,43.71,1.102,-0.677,-1277.6,0.448,1.94
G_WIDE,CAPITULATION_REV,LONG,mkt_trend,side,TEST,513,5.58,0.392,-0.196,0.93254,-1546.3,-16.81,0.821,-0.816,-5485.1,0.374,2.09
G_WIDE,CAPITULATION_REV,LONG,mkt_trend,side,HOLDOUT,515,8.58,0.575,0.2099,0.02343,3321.3,55.36,0.918,-0.62,-1838.3,0.346,2.97
G_WIDE,CAPITULATION_REV,LONG,breadth,lo,TRAIN,1894,10.29,0.366,-0.2791,0.99847,-15347.3,-83.41,0.659,-0.996,-17208.8,0.264,2.72
G_WIDE,CAPITULATION_REV,LONG,breadth,lo,VALID,759,8.53,0.514,0.1692,0.25151,11170.5,125.51,0.983,-0.687,-7725.5,0.324,2.76
G_WIDE,CAPITULATION_REV,LONG,breadth,lo,TEST,842,9.15,0.407,-0.1742,0.9348,-6193.6,-67.32,0.825,-0.791,-8564.3,0.319,2.92
G_WIDE,CAPITULATION_REV,LONG,breadth,lo,HOLDOUT,536,8.93,0.59,0.2041,0.05261,3736.4,62.27,0.907,-0.643,-1951.5,0.293,2.62
G_WIDE,CAPITULATION_REV,LONG,mkt_funding,base,TRAIN,1981,10.77,0.371,-0.2608,0.99854,-14543.5,-79.04,0.683,-0.994,-17948.0,0.29,3.12
G_WIDE,CAPITULATION_REV,LONG,mkt_funding,base,VALID,710,7.98,0.404,-0.1241,0.72723,-6343.8,-71.28,0.821,-0.808,-7772.5,0.393,3.13
G_WIDE,CAPITULATION_REV,LONG,mkt_funding,base,TEST,1063,11.55,0.406,-0.1777,0.96806,-7128.6,-77.48,0.82,-0.802,-11357.7,0.322,3.72
G_WIDE,CAPITULATION_REV,LONG,mkt_funding,base,HOLDOUT,401,6.68,0.546,0.1505,0.13905,1084.7,18.08,0.851,-0.59,-3145.4,0.292,1.95
G_WIDE,CAPITULATION_REV,LONG,mkt_oi,flat,TRAIN,2076,11.28,0.394,-0.2333,0.99435,-14570.8,-79.19,0.7,-0.918,-19962.0,0.277,3.12
G_WIDE,CAPITULATION_REV,LONG,mkt_oi,flat,VALID,696,7.82,0.555,0.2312,0.0978,6038.5,67.85,1.027,-0.698,-2425.1,0.371,2.9
G_WIDE,CAPITULATION_REV,LONG,mkt_oi,flat,TEST,917,9.97,0.405,-0.2034,0.96963,-6970.2,-75.76,0.796,-0.828,-10130.0,0.339,3.38
G_WIDE,CAPITULATION_REV,LONG,mkt_oi,flat,HOLDOUT,661,11.02,0.534,0.1292,0.13311,2219.6,36.99,0.857,-0.655,-3151.7,0.307,3.38
G_WIDE,OI_COVER,LONG,mkt_trend,side,TRAIN,55,0.3,0.273,-0.224,0.95091,-353.8,-1.92,2.11,-0.84,-784.2,0.982,0.29
G_WIDE,OI_COVER,LONG,mkt_trend,side,VALID,15,0.17,0.333,-0.1533,0.68563,-167.8,-1.89,0.868,-0.781,-342.1,0.933,0.16
G_WIDE,OI_COVER,LONG,mkt_trend,side,TEST,22,0.24,0.318,-0.2723,0.93815,-466.1,-5.07,0.703,-0.777,-557.9,1.0,0.24
G_WIDE,OI_COVER,LONG,mkt_trend,side,HOLDOUT,11,0.18,0.273,-0.2248,0.74611,146.1,2.43,0.729,-0.741,-568.7,1.0,0.18
G_WIDE,OI_COVER,LONG,breadth,hi,TRAIN,59,0.32,0.271,-0.2802,0.98436,-793.0,-4.31,1.983,-0.858,-1035.0,0.983,0.32
G_WIDE,OI_COVER,LONG,breadth,hi,VALID,20,0.22,0.45,-0.0078,0.5116,-284.9,-3.2,0.988,-0.709,-478.2,0.95,0.21
G_WIDE,OI_COVER,LONG,breadth,hi,TEST,21,0.23,0.143,-0.5696,0.9993,-557.2,-6.06,0.592,-0.915,-633.0,1.0,0.23
G_WIDE,OI_COVER,LONG,breadth,hi,HOLDOUT,9,0.15,0.667,0.3555,0.21534,1210.1,20.17,1.164,-0.727,-22.5,1.0,0.15
G_WIDE,OI_COVER,LONG,mkt_funding,base,TRAIN,100,0.54,0.27,-0.2747,0.99705,-1226.3,-6.66,1.364,-0.756,-1560.1,0.86,0.47
G_WIDE,OI_COVER,LONG,mkt_funding,base,VALID,26,0.29,0.346,-0.1959,0.83748,-334.2,-3.75,0.732,-0.827,-526.7,1.0,0.29
G_WIDE,OI_COVER,LONG,mkt_funding,base,TEST,38,0.41,0.237,-0.4123,0.99888,-1021.5,-11.1,0.609,-0.828,-1113.3,1.0,0.41
G_WIDE,OI_COVER,LONG,mkt_funding,base,HOLDOUT,12,0.2,0.5,0.2656,0.23336,182.2,3.04,0.997,-0.644,-213.2,1.0,0.2
G_WIDE,OI_COVER,LONG,mkt_oi,flat,TRAIN,70,0.38,0.243,-0.3371,0.99851,-905.7,-4.92,1.724,-0.855,-989.0,0.986,0.38
G_WIDE,OI_COVER,LONG,mkt_oi,flat,VALID,22,0.25,0.364,-0.16,0.74696,-335.1,-3.77,0.801,-0.781,-516.8,0.955,0.24
G_WIDE,OI_COVER,LONG,mkt_oi,flat,TEST,32,0.35,0.25,-0.361,0.99197,-755.5,-8.21,0.68,-0.797,-847.4,1.0,0.35
G_WIDE,OI_COVER,LONG,mkt_oi,flat,HOLDOUT,16,0.27,0.375,-0.0278,0.53848,85.4,1.42,0.837,-0.663,-786.2,1.0,0.27
G_WIDE,CAPITULATION_REV,LONG,breadth,hi,TRAIN,393,2.14,0.491,-0.0678,0.68046,-1159.6,-6.3,0.833,-0.765,-4612.4,0.489,1.04
G_WIDE,CAPITULATION_REV,LONG,breadth,hi,VALID,247,2.78,0.555,0.1984,0.23394,1409.8,15.84,0.93,-0.653,-1435.8,0.547,1.52
G_WIDE,CAPITULATION_REV,LONG,breadth,hi,TEST,237,2.58,0.426,-0.1454,0.819,-598.3,-6.5,0.812,-0.814,-2860.3,0.561,1.45
G_WIDE,CAPITULATION_REV,LONG,breadth,hi,HOLDOUT,156,2.6,0.365,-0.0945,0.74981,-1892.3,-31.54,0.68,-0.678,-2676.5,0.635,1.65
G_WIDE,FUNDING_SQUEEZE,SHORT,mkt_trend,side,TRAIN,207,1.12,0.411,-0.091,0.85466,-382.3,-2.08,0.851,-0.936,-1444.7,0.662,0.74
G_WIDE,FUNDING_SQUEEZE,SHORT,mkt_trend,side,VALID,172,1.93,0.477,0.087,0.20251,-311.9,-3.5,0.99,-0.796,-1854.7,0.616,1.19
G_WIDE,FUNDING_SQUEEZE,SHORT,mkt_trend,side,TEST,130,1.41,0.469,0.0366,0.37214,-57.8,-0.63,1.015,-0.807,-1669.4,0.592,0.84
G_WIDE,FUNDING_SQUEEZE,SHORT,mkt_trend,side,HOLDOUT,61,1.02,0.459,-0.0605,0.64169,854.2,14.24,0.931,-0.759,-582.3,0.623,0.63
G_WIDE,FUNDING_SQUEEZE,SHORT,breadth,hi,TRAIN,196,1.07,0.464,-0.0099,0.5471,1073.9,5.84,0.838,-0.778,-2024.1,0.755,0.8
G_WIDE,FUNDING_SQUEEZE,SHORT,breadth,hi,VALID,143,1.61,0.462,0.0106,0.45629,-1104.0,-12.4,1.037,-0.961,-2320.5,0.762,1.22
G_WIDE,FUNDING_SQUEEZE,SHORT,breadth,hi,TEST,108,1.17,0.444,-0.0119,0.53394,-1243.2,-13.51,0.89,-0.798,-1886.0,0.676,0.79
G_WIDE,FUNDING_SQUEEZE,SHORT,breadth,hi,HOLDOUT,41,0.68,0.463,0.001,0.49819,558.9,9.31,0.977,-0.694,-474.6,0.829,0.57
G_WIDE,FUNDING_SQUEEZE,SHORT,mkt_funding,base,TRAIN,438,2.38,0.443,-0.0508,0.79748,-1052.0,-5.72,0.855,-0.848,-2560.0,0.589,1.4
G_WIDE,FUNDING_SQUEEZE,SHORT,mkt_funding,base,VALID,316,3.55,0.468,0.0392,0.29371,-998.3,-11.22,0.999,-0.854,-4057.8,0.547,1.94
G_WIDE,FUNDING_SQUEEZE,SHORT,mkt_funding,base,TEST,228,2.48,0.408,-0.0894,0.84797,-2700.5,-29.35,0.918,-0.829,-3056.1,0.566,1.4
G_WIDE,FUNDING_SQUEEZE,SHORT,mkt_funding,base,HOLDOUT,75,1.25,0.453,-0.038,0.59328,1111.7,18.53,0.944,-0.756,-614.3,0.64,0.8
G_WIDE,FUNDING_SQUEEZE,SHORT,mkt_oi,flat,TRAIN,393,2.14,0.438,-0.0706,0.8703,-605.9,-3.29,0.848,-0.859,-2749.5,0.603,1.29
G_WIDE,FUNDING_SQUEEZE,SHORT,mkt_oi,flat,VALID,263,2.96,0.483,0.058,0.22979,265.7,2.99,1.011,-0.862,-2225.2,0.624,1.84
G_WIDE,FUNDING_SQUEEZE,SHORT,mkt_oi,flat,TEST,182,1.98,0.385,-0.1496,0.94239,-2525.7,-27.45,0.881,-0.846,-2525.7,0.615,1.22
G_WIDE,FUNDING_SQUEEZE,SHORT,mkt_oi,flat,HOLDOUT,73,1.22,0.466,-0.0101,0.52498,1171.0,19.52,0.94,-0.749,-614.3,0.644,0.78
G_WIDE,OI_BUILD_BRK,SHORT,mkt_trend,side,TRAIN,190,1.03,0.447,-0.0523,0.75202,-1902.5,-10.34,0.798,-0.724,-2133.3,0.868,0.9
G_WIDE,OI_BUILD_BRK,SHORT,mkt_trend,side,VALID,101,1.13,0.485,0.0828,0.25807,516.8,5.81,0.807,-0.643,-538.3,0.842,0.96
G_WIDE,OI_BUILD_BRK,SHORT,mkt_trend,side,TEST,94,1.02,0.457,-0.4086,0.97092,-39.8,-0.43,0.674,-0.778,-711.6,0.894,0.91
G_WIDE,OI_BUILD_BRK,SHORT,mkt_trend,side,HOLDOUT,44,0.73,0.386,-0.3841,0.98134,-297.0,-4.95,0.576,-0.852,-683.6,0.886,0.65
G_WIDE,OI_BUILD_BRK,SHORT,breadth,hi,TRAIN,135,0.73,0.526,0.0995,0.13432,2134.1,11.6,0.88,-0.665,-1033.6,0.919,0.67
G_WIDE,OI_BUILD_BRK,SHORT,breadth,hi,VALID,83,0.93,0.41,-0.1813,0.9364,-580.1,-6.52,0.704,-0.904,-1036.3,0.952,0.89
G_WIDE,OI_BUILD_BRK,SHORT,breadth,hi,TEST,56,0.61,0.464,-0.5147,0.93883,-257.3,-2.8,0.694,-0.745,-532.5,0.946,0.58
G_WIDE,OI_BUILD_BRK,SHORT,breadth,hi,HOLDOUT,31,0.52,0.452,-0.436,0.95548,-442.4,-7.37,0.627,-0.87,-686.0,0.968,0.5
G_WIDE,OI_BUILD_BRK,SHORT,mkt_funding,base,TRAIN,343,1.86,0.475,-0.0328,0.70889,-975.6,-5.3,0.803,-0.709,-1768.1,0.872,1.62
G_WIDE,OI_BUILD_BRK,SHORT,mkt_funding,base,VALID,166,1.87,0.476,-0.068,0.75838,1930.7,21.69,0.777,-0.785,-522.5,0.867,1.62
G_WIDE,OI_BUILD_BRK,SHORT,mkt_funding,base,TEST,148,1.61,0.466,-0.2563,0.958,-77.5,-0.84,0.723,-0.75,-830.6,0.892,1.43
G_WIDE,OI_BUILD_BRK,SHORT,mkt_funding,base,HOLDOUT,36,0.6,0.5,-0.2421,0.85459,363.3,6.06,0.66,-0.701,-411.5,0.972,0.58
G_WIDE,OI_BUILD_BRK,SHORT,mkt_oi,flat,TRAIN,316,1.72,0.459,-0.0422,0.75214,-975.1,-5.3,0.793,-0.707,-1590.5,0.858,1.47
G_WIDE,OI_BUILD_BRK,SHORT,mkt_oi,flat,VALID,170,1.91,0.459,-0.1033,0.8272,1241.9,13.95,0.761,-0.808,-942.5,0.847,1.62
G_WIDE,OI_BUILD_BRK,SHORT,mkt_oi,flat,TEST,137,1.49,0.445,-0.3117,0.97672,-345.0,-3.75,0.71,-0.773,-925.1,0.905,1.35
G_WIDE,OI_BUILD_BRK,SHORT,mkt_oi,flat,HOLDOUT,55,0.92,0.491,-0.2709,0.95413,-47.7,-0.8,0.616,-0.732,-638.7,0.964,0.88
G_WIDE,FUNDING_SQUEEZE,SHORT,breadth,lo,TRAIN,270,1.47,0.422,-0.0755,0.82845,-2742.5,-14.9,0.854,-0.89,-3587.0,0.667,0.98
G_WIDE,FUNDING_SQUEEZE,SHORT,breadth,lo,VALID,210,2.36,0.5,0.1199,0.09538,21.6,0.24,1.023,-0.76,-2400.3,0.648,1.53
G_WIDE,FUNDING_SQUEEZE,SHORT,breadth,lo,TEST,120,1.3,0.375,-0.1592,0.94641,-1457.3,-15.84,0.943,-0.858,-2000.4,0.717,0.93
G_WIDE,FUNDING_SQUEEZE,SHORT,breadth,lo,HOLDOUT,34,0.57,0.441,-0.085,0.67498,552.9,9.21,0.905,-0.831,-413.5,0.735,0.42
G_WIDE,OI_COVER,LONG,breadth,lo,TRAIN,46,0.25,0.304,-0.1816,0.9217,-49.4,-0.27,0.539,-0.601,-659.7,0.739,0.18
G_WIDE,OI_COVER,LONG,breadth,lo,VALID,21,0.24,0.381,-0.215,0.8504,-673.1,-7.56,0.69,-0.878,-726.9,1.0,0.24
G_WIDE,OI_COVER,LONG,breadth,lo,TEST,17,0.18,0.353,-0.2179,0.84618,-464.2,-5.05,0.63,-0.721,-492.0,1.0,0.18
G_WIDE,OI_COVER,LONG,breadth,lo,HOLDOUT,11,0.18,0.273,-0.125,0.65086,-924.3,-15.4,0.688,-0.628,-924.3,1.0,0.18
G_WIDE,BRK_4H,SHORT,mkt_oi,up,TRAIN,5498,29.88,0.479,0.0586,0.27309,8419.0,45.76,1.034,-0.775,-20618.6,0.034,1.02
G_WIDE,BRK_4H,SHORT,mkt_oi,up,VALID,5081,57.09,0.536,0.165,0.05022,17105.1,192.19,1.05,-0.704,-13953.5,0.024,1.37
G_WIDE,BRK_4H,SHORT,mkt_oi,up,TEST,2542,27.63,0.432,-0.0746,0.6935,-388.2,-4.22,0.93,-0.787,-13085.1,0.038,1.05
G_WIDE,BRK_4H,SHORT,mkt_oi,up,HOLDOUT,1437,23.95,0.342,-0.2611,0.94936,-14380.1,-239.67,0.888,-0.871,-14838.3,0.047,1.13
G_WIDE,ANY,SHORT,mkt_oi,up,TRAIN,13112,71.26,0.506,0.0941,0.07632,44574.1,242.25,1.014,-0.741,-36653.4,0.015,1.08
G_WIDE,ANY,SHORT,mkt_oi,up,VALID,11546,129.73,0.552,0.1928,0.00351,54623.0,613.74,1.038,-0.698,-21873.4,0.009,1.13
G_WIDE,ANY,SHORT,mkt_oi,up,TEST,6667,72.47,0.432,-0.0933,0.79648,-6226.6,-67.68,0.911,-0.773,-35075.8,0.015,1.07
G_WIDE,ANY,SHORT,mkt_oi,up,HOLDOUT,5307,88.45,0.296,-0.3782,0.99977,-79196.3,-1319.94,0.816,-0.909,-79920.1,0.013,1.13
G_WIDE,EARLY_BRK,SHORT,mkt_oi,up,TRAIN,3502,19.03,0.47,0.0369,0.36323,3295.2,17.91,1.028,-0.767,-11186.8,0.05,0.96
G_WIDE,EARLY_BRK,SHORT,mkt_oi,up,VALID,3493,39.25,0.552,0.2111,0.02588,15257.6,171.43,1.089,-0.696,-7443.0,0.036,1.4
G_WIDE,EARLY_BRK,SHORT,mkt_oi,up,TEST,1881,20.45,0.406,-0.1412,0.82432,-2739.8,-29.78,0.912,-0.809,-9283.4,0.048,0.99
G_WIDE,EARLY_BRK,SHORT,mkt_oi,up,HOLDOUT,949,15.82,0.351,-0.2438,0.90225,-6271.7,-104.53,0.9,-0.878,-6422.2,0.064,1.02
G_WIDE,TREND_TRANS,SHORT,mkt_oi,up,TRAIN,1772,9.63,0.472,0.035,0.37683,3114.2,16.93,1.045,-0.768,-7526.1,0.104,1.0
G_WIDE,TREND_TRANS,SHORT,mkt_oi,up,VALID,1634,18.36,0.575,0.2602,0.00271,9460.8,106.3,1.069,-0.68,-3552.8,0.07,1.28
G_WIDE,TREND_TRANS,SHORT,mkt_oi,up,TEST,859,9.34,0.367,-0.2007,0.87933,-2346.2,-25.5,0.857,-0.803,-5406.7,0.101,0.95
G_WIDE,TREND_TRANS,SHORT,mkt_oi,up,HOLDOUT,525,8.75,0.286,-0.3775,0.98382,-8256.0,-137.6,0.813,-0.903,-8639.7,0.11,0.97
G_WIDE,SQUEEZE_EXP,LONG,mkt_oi,up,TRAIN,1256,6.83,0.342,-0.2461,0.98498,-9071.8,-49.3,0.833,-0.853,-10877.8,0.138,0.94
G_WIDE,SQUEEZE_EXP,LONG,mkt_oi,up,VALID,1229,13.81,0.347,-0.2654,0.99684,-6492.8,-72.95,0.847,-0.83,-8836.4,0.099,1.37
G_WIDE,SQUEEZE_EXP,LONG,mkt_oi,up,TEST,811,8.82,0.446,-0.0278,0.61203,-80.7,-0.88,0.951,-0.791,-2867.7,0.127,1.12
G_WIDE,SQUEEZE_EXP,LONG,mkt_oi,up,HOLDOUT,610,10.17,0.549,0.2599,0.03881,3990.7,66.51,1.074,-0.846,-3877.1,0.09,0.92
G_WIDE,PULLBACK_CONT,LONG,mkt_oi,up,TRAIN,5524,30.02,0.39,-0.1251,0.95277,-24835.6,-134.98,0.889,-0.813,-28800.3,0.033,0.99
G_WIDE,PULLBACK_CONT,LONG,mkt_oi,up,VALID,4063,45.65,0.297,-0.3534,1.0,-41120.4,-462.03,0.761,-0.849,-41672.5,0.03,1.37
G_WIDE,PULLBACK_CONT,LONG,mkt_oi,up,TEST,2476,26.91,0.458,0.0204,0.42179,-269.2,-2.93,0.927,-0.754,-12962.3,0.036,0.96
G_WIDE,PULLBACK_CONT,LONG,mkt_oi,up,HOLDOUT,2426,40.43,0.624,0.4441,0.00151,39622.5,660.37,1.134,-0.72,-13935.2,0.019,0.77
G_WIDE,ANY,LONG,mkt_oi,up,TRAIN,12755,69.32,0.343,-0.2441,0.99997,-100826.1,-547.97,0.829,-0.859,-106043.2,0.016,1.08
G_WIDE,ANY,LONG,mkt_oi,up,VALID,9854,110.72,0.305,-0.3378,1.0,-89176.6,-1001.98,0.778,-0.861,-92339.1,0.014,1.54
G_WIDE,ANY,LONG,mkt_oi,up,TEST,6293,68.4,0.458,0.0193,0.41477,1648.5,17.92,0.946,-0.768,-30040.3,0.014,0.92
G_WIDE,ANY,LONG,mkt_oi,up,HOLDOUT,5798,96.63,0.591,0.3661,0.00228,78979.8,1316.33,1.122,-0.777,-35024.5,0.01,1.0
G_WIDE,ACCEL,LONG,mkt_oi,up,TRAIN,1445,7.85,0.302,-0.3237,0.99998,-14307.5,-77.76,0.779,-0.861,-14313.1,0.142,1.11
G_WIDE,ACCEL,LONG,mkt_oi,up,VALID,1064,11.96,0.301,-0.3109,1.0,-11833.9,-132.97,0.829,-0.851,-12775.6,0.133,1.58
G_WIDE,ACCEL,LONG,mkt_oi,up,TEST,906,9.85,0.442,-0.0437,0.67751,1726.9,18.77,0.915,-0.802,-4587.5,0.098,0.97
G_WIDE,ACCEL,LONG,mkt_oi,up,HOLDOUT,1104,18.4,0.571,0.3181,0.01556,11325.8,188.76,1.108,-0.81,-7701.3,0.056,1.03
G_WIDE,CHANGE_POINT,LONG,mkt_oi,up,TRAIN,753,4.09,0.313,-0.2695,0.99889,-6585.0,-35.79,0.827,-0.851,-6590.5,0.243,0.99
G_WIDE,CHANGE_POINT,LONG,mkt_oi,up,VALID,493,5.54,0.385,-0.165,0.97539,-1827.5,-20.53,0.823,-0.814,-2495.8,0.252,1.39
G_WIDE,CHANGE_POINT,LONG,mkt_oi,up,TEST,467,5.08,0.445,-0.0344,0.67095,2536.6,27.57,0.893,-0.762,-1380.8,0.21,1.07
G_WIDE,CHANGE_POINT,LONG,mkt_oi,up,HOLDOUT,509,8.48,0.582,0.3763,0.00555,5343.9,89.07,1.139,-0.8,-3188.0,0.13,1.1
G_WIDE,PULLBACK_CONT,SHORT,mkt_oi,up,TRAIN,2611,14.19,0.466,0.0217,0.3935,3288.4,17.87,1.042,-0.808,-8572.9,0.071,1.01
G_WIDE,PULLBACK_CONT,SHORT,mkt_oi,up,VALID,2915,32.75,0.54,0.2022,0.01663,11746.5,131.98,1.099,-0.703,-9665.2,0.041,1.35
G_WIDE,PULLBACK_CONT,SHORT,mkt_oi,up,TEST,1804,19.61,0.417,-0.1272,0.76579,-253.2,-2.75,0.928,-0.783,-9947.3,0.05,0.99
G_WIDE,PULLBACK_CONT,SHORT,mkt_oi,up,HOLDOUT,843,14.05,0.408,-0.0922,0.75689,-5493.1,-91.55,1.078,-0.866,-5825.3,0.072,1.02
G_WIDE,OI_COVER,SHORT,mkt_oi,up,TRAIN,1597,8.68,0.515,0.0651,0.23507,2382.6,12.95,0.925,-0.757,-8999.5,0.101,0.88
G_WIDE,OI_COVER,SHORT,mkt_oi,up,VALID,1346,15.12,0.54,0.1256,0.1316,6267.8,70.43,0.912,-0.65,-4364.5,0.071,1.08
G_WIDE,OI_COVER,SHORT,mkt_oi,up,TEST,591,6.42,0.452,-0.057,0.64479,-1319.0,-14.34,0.816,-0.739,-7103.3,0.129,0.83
G_WIDE,OI_COVER,SHORT,mkt_oi,up,HOLDOUT,669,11.15,0.248,-0.4897,1.0,-16125.1,-268.75,0.652,-0.886,-16136.2,0.069,0.77
G_WIDE,BRK_24H,SHORT,mkt_oi,up,TRAIN,739,4.02,0.536,0.2039,0.12345,4154.7,22.58,1.198,-0.78,-3773.4,0.215,0.86
G_WIDE,BRK_24H,SHORT,mkt_oi,up,VALID,988,11.1,0.49,0.0853,0.34424,743.1,8.35,1.05,-0.723,-4529.7,0.12,1.34
G_WIDE,BRK_24H,SHORT,mkt_oi,up,TEST,449,4.88,0.486,0.0583,0.37793,1600.4,17.4,1.02,-0.749,-2317.3,0.196,0.96
G_WIDE,BRK_24H,SHORT,mkt_oi,up,HOLDOUT,173,2.88,0.341,-0.2612,0.87517,-597.3,-9.95,0.995,-0.89,-1297.6,0.225,0.65
G_WIDE,ACCEL,SHORT,mkt_oi,up,TRAIN,1460,7.93,0.501,0.0196,0.44663,702.7,3.82,0.907,-0.795,-7459.4,0.109,0.86
G_WIDE,ACCEL,SHORT,mkt_oi,up,VALID,1249,14.03,0.53,0.1301,0.17779,5106.9,57.38,0.963,-0.697,-3029.3,0.087,1.22
G_WIDE,ACCEL,SHORT,mkt_oi,up,TEST,768,8.35,0.488,0.0422,0.41058,301.2,3.27,0.947,-0.725,-5816.9,0.112,0.93
G_WIDE,ACCEL,SHORT,mkt_oi,up,HOLDOUT,800,13.33,0.24,-0.5522,1.0,-16710.3,-278.5,0.676,-0.927,-16782.0,0.08,1.07
G_WIDE,VOL_PRICE,SHORT,mkt_oi,up,TRAIN,2106,11.45,0.494,0.0441,0.35235,4183.1,22.73,0.988,-0.775,-7396.8,0.08,0.91
G_WIDE,VOL_PRICE,SHORT,mkt_oi,up,VALID,1679,18.87,0.536,0.1553,0.07268,6765.5,76.02,0.99,-0.686,-3010.1,0.066,1.24
G_WIDE,VOL_PRICE,SHORT,mkt_oi,up,TEST,1198,13.02,0.446,-0.0519,0.64835,-718.2,-7.81,0.905,-0.766,-7233.9,0.075,0.98
G_WIDE,VOL_PRICE,SHORT,mkt_oi,up,HOLDOUT,995,16.58,0.276,-0.436,0.99976,-15984.2,-266.4,0.769,-0.902,-16344.0,0.065,1.08
G_WIDE,BRK_4H,LONG,mkt_oi,up,TRAIN,6031,32.78,0.325,-0.2857,0.99999,-55274.5,-300.4,0.806,-0.862,-55326.8,0.036,1.18
G_WIDE,BRK_4H,LONG,mkt_oi,up,VALID,4295,48.26,0.281,-0.3804,1.0,-43602.5,-489.92,0.8,-0.888,-44138.7,0.035,1.7
G_WIDE,BRK_4H,LONG,mkt_oi,up,TEST,2891,31.42,0.447,0.0024,0.48928,323.7,3.52,0.969,-0.785,-11950.6,0.036,1.12
G_WIDE,BRK_4H,LONG,mkt_oi,up,HOLDOUT,3171,52.85,0.58,0.3551,0.00529,40541.9,675.7,1.137,-0.806,-19609.4,0.02,1.08
G_WIDE,EARLY_BRK,LONG,mkt_oi,up,TRAIN,2119,11.52,0.317,-0.333,0.99992,-16635.4,-90.41,0.832,-0.896,-16997.3,0.089,1.02
G_WIDE,EARLY_BRK,LONG,mkt_oi,up,VALID,1850,20.79,0.288,-0.3998,1.0,-14116.4,-158.61,0.833,-0.911,-14148.7,0.076,1.57
G_WIDE,EARLY_BRK,LONG,mkt_oi,up,TEST,1619,17.6,0.495,0.0961,0.18353,2334.6,25.38,1.054,-0.755,-3447.2,0.069,1.21
G_WIDE,EARLY_BRK,LONG,mkt_oi,up,HOLDOUT,713,11.88,0.436,-0.0327,0.57087,116.1,1.94,0.986,-1.011,-6376.3,0.083,0.98
G_WIDE,TREND_TRANS,LONG,mkt_oi,up,TRAIN,1349,7.33,0.259,-0.4235,1.0,-17376.8,-94.44,0.748,-0.896,-17692.1,0.125,0.92
G_WIDE,TREND_TRANS,LONG,mkt_oi,up,VALID,1058,11.89,0.324,-0.272,0.99927,-5811.6,-65.3,0.798,-0.863,-6147.3,0.118,1.4
G_WIDE,TREND_TRANS,LONG,mkt_oi,up,TEST,953,10.36,0.549,0.2463,0.01791,4910.0,53.37,1.082,-0.709,-2162.2,0.091,0.95
G_WIDE,TREND_TRANS,LONG,mkt_oi,up,HOLDOUT,563,9.38,0.481,0.1029,0.26807,2378.9,39.65,0.995,-0.9,-4404.9,0.115,1.08
G_WIDE,SWEEP_RECLAIM,SHORT,mkt_oi,up,TRAIN,3585,19.48,0.539,0.1539,0.02961,22681.3,123.27,0.976,-0.699,-8036.0,0.055,1.07
G_WIDE,SWEEP_RECLAIM,SHORT,mkt_oi,up,VALID,2429,27.29,0.57,0.1914,0.01459,13149.5,147.75,0.994,-0.72,-6358.5,0.046,1.26
G_WIDE,SWEEP_RECLAIM,SHORT,mkt_oi,up,TEST,1522,16.54,0.442,-0.0916,0.79057,-2931.7,-31.87,0.904,-0.756,-6260.2,0.064,1.07
G_WIDE,SWEEP_RECLAIM,SHORT,mkt_oi,up,HOLDOUT,2161,36.02,0.253,-0.4903,0.99997,-39651.8,-660.86,0.755,-0.944,-40055.3,0.03,1.07
G_WIDE,MTF_BRK,LONG,mkt_oi,up,TRAIN,4276,23.24,0.336,-0.2546,0.99941,-37151.8,-201.91,0.813,-0.846,-37151.8,0.048,1.12
G_WIDE,MTF_BRK,LONG,mkt_oi,up,VALID,2908,32.67,0.268,-0.4017,1.0,-34236.1,-384.67,0.799,-0.878,-34352.3,0.045,1.48
G_WIDE,MTF_BRK,LONG,mkt_oi,up,TEST,1824,19.83,0.41,-0.0871,0.82879,-3796.5,-41.27,0.912,-0.807,-9519.0,0.054,1.08
G_WIDE,MTF_BRK,LONG,mkt_oi,up,HOLDOUT,2465,41.08,0.618,0.4609,0.00047,38378.2,639.64,1.183,-0.745,-14252.4,0.027,1.1
G_WIDE,VOL_PRICE,LONG,mkt_oi,up,TRAIN,1800,9.78,0.309,-0.3125,0.99998,-18446.3,-100.25,0.8,-0.861,-18446.3,0.116,1.14
G_WIDE,VOL_PRICE,LONG,mkt_oi,up,VALID,1403,15.76,0.3,-0.3337,1.0,-14525.9,-163.21,0.812,-0.859,-14963.0,0.098,1.54
G_WIDE,VOL_PRICE,LONG,mkt_oi,up,TEST,1073,11.66,0.413,-0.0883,0.86352,-1737.7,-18.89,0.891,-0.823,-5142.9,0.095,1.11
G_WIDE,VOL_PRICE,LONG,mkt_oi,up,HOLDOUT,988,16.47,0.582,0.3543,0.00446,10928.9,182.15,1.135,-0.787,-6344.7,0.073,1.2
G_WIDE,BRK_24H,LONG,mkt_oi,up,TRAIN,3156,17.15,0.322,-0.2868,0.99989,-31612.6,-171.81,0.776,-0.844,-31612.6,0.069,1.18
G_WIDE,BRK_24H,LONG,mkt_oi,up,VALID,2141,24.06,0.258,-0.4305,1.0,-28556.0,-320.85,0.779,-0.881,-28795.9,0.061,1.46
G_WIDE,BRK_24H,LONG,mkt_oi,up,TEST,1346,14.63,0.386,-0.1538,0.95749,-5117.8,-55.63,0.864,-0.826,-8439.4,0.077,1.12
G_WIDE,BRK_24H,LONG,mkt_oi,up,HOLDOUT,1978,32.97,0.623,0.4718,0.00042,32545.0,542.42,1.193,-0.768,-11324.4,0.032,1.05
G_WIDE,OI_BUILD_BRK,LONG,mkt_oi,up,TRAIN,1472,8.0,0.315,-0.2493,1.0,-15906.0,-86.45,0.768,-0.811,-16320.0,0.136,1.09
G_WIDE,OI_BUILD_BRK,LONG,mkt_oi,up,VALID,1063,11.94,0.325,-0.2395,0.99991,-10686.9,-120.08,0.846,-0.84,-11224.0,0.125,1.49
G_WIDE,OI_BUILD_BRK,LONG,mkt_oi,up,TEST,578,6.28,0.408,-0.0676,0.77302,1016.4,11.05,0.885,-0.819,-4009.9,0.159,1.0
G_WIDE,OI_BUILD_BRK,LONG,mkt_oi,up,HOLDOUT,1000,16.67,0.59,0.3924,0.00117,18825.4,313.76,1.137,-0.778,-6596.2,0.064,1.07
G_WIDE,CAPITULATION_REV,SHORT,mkt_oi,up,TRAIN,280,1.52,0.568,0.1596,0.092,2507.2,13.63,0.899,-0.7,-1850.4,0.471,0.72
G_WIDE,CAPITULATION_REV,SHORT,mkt_oi,up,VALID,155,1.74,0.484,0.058,0.25229,542.7,6.1,0.911,-0.794,-1074.6,0.542,0.94
G_WIDE,CAPITULATION_REV,SHORT,mkt_oi,up,TEST,144,1.57,0.458,-0.0253,0.60707,-1861.2,-20.23,0.897,-0.766,-2101.1,0.458,0.72
G_WIDE,CAPITULATION_REV,SHORT,mkt_oi,up,HOLDOUT,279,4.65,0.229,-0.5752,0.9989,-5085.3,-84.75,0.692,-1.014,-5551.1,0.197,0.92
G_WIDE,OI_PRICE,LONG,mkt_oi,up,TRAIN,1656,9.0,0.328,-0.2225,0.99998,-13394.0,-72.79,0.806,-0.823,-14676.6,0.117,1.05
G_WIDE,OI_PRICE,LONG,mkt_oi,up,VALID,1254,14.09,0.342,-0.1932,0.99994,-12992.4,-145.98,0.837,-0.815,-13565.7,0.109,1.54
G_WIDE,OI_PRICE,LONG,mkt_oi,up,TEST,763,8.29,0.418,-0.0539,0.78032,340.6,3.7,0.884,-0.78,-4471.6,0.114,0.95
G_WIDE,OI_PRICE,LONG,mkt_oi,up,HOLDOUT,1206,20.1,0.587,0.3784,0.00036,21176.2,352.94,1.119,-0.788,-7047.5,0.048,0.97
G_WIDE,BRK_4H,LONG,mkt_trend,bull,TRAIN,13967,75.91,0.35,-0.234,0.99999,-77661.9,-422.08,0.877,-0.871,-81129.8,0.025,1.9
G_WIDE,BRK_4H,LONG,mkt_trend,bull,VALID,10725,120.51,0.387,-0.1414,0.99552,-38866.0,-436.7,0.909,-0.835,-43901.3,0.026,3.08
G_WIDE,BRK_4H,LONG,mkt_trend,bull,TEST,6674,72.54,0.395,-0.1486,0.99294,-23729.6,-257.93,0.919,-0.823,-39034.7,0.025,1.78
G_WIDE,BRK_4H,LONG,mkt_trend,bull,HOLDOUT,9454,157.57,0.495,0.1209,0.05481,42068.3,701.14,1.043,-0.836,-37550.0,0.017,2.67
G_WIDE,ANY,LONG,mkt_trend,bull,TRAIN,29497,160.31,0.355,-0.2237,1.0,-158756.3,-862.81,0.864,-0.873,-160515.8,0.011,1.8
G_WIDE,ANY,LONG,mkt_trend,bull,VALID,24047,270.19,0.413,-0.0859,0.96532,-45909.7,-515.84,0.906,-0.802,-61671.7,0.01,2.61
G_WIDE,ANY,LONG,mkt_trend,bull,TEST,14794,160.8,0.413,-0.1014,0.96257,-44757.8,-486.5,0.915,-0.8,-85191.0,0.01,1.68
G_WIDE,ANY,LONG,mkt_trend,bull,HOLDOUT,18590,309.83,0.498,0.1209,0.03481,89447.9,1490.8,1.021,-0.803,-71141.8,0.008,2.63
G_WIDE,BRK_24H,LONG,mkt_trend,bull,TRAIN,5275,28.67,0.339,-0.2528,0.99993,-32492.8,-176.59,0.852,-0.858,-37736.2,0.065,1.86
G_WIDE,BRK_24H,LONG,mkt_trend,bull,VALID,4239,47.63,0.38,-0.1316,0.97045,-18275.5,-205.34,0.899,-0.815,-18577.9,0.063,3.0
G_WIDE,BRK_24H,LONG,mkt_trend,bull,TEST,2556,27.78,0.405,-0.1063,0.95401,-7046.5,-76.59,0.92,-0.795,-13878.2,0.061,1.7
G_WIDE,BRK_24H,LONG,mkt_trend,bull,HOLDOUT,4048,67.47,0.524,0.213,0.0104,29778.0,496.3,1.077,-0.869,-22843.0,0.037,2.48
G_WIDE,MTF_BRK,LONG,mkt_trend,bull,TRAIN,7174,38.99,0.34,-0.2575,0.99999,-44085.7,-239.6,0.863,-0.868,-49865.1,0.047,1.84
G_WIDE,MTF_BRK,LONG,mkt_trend,bull,VALID,5915,66.46,0.374,-0.156,0.99501,-28020.5,-314.84,0.9,-0.825,-28023.9,0.043,2.85
G_WIDE,MTF_BRK,LONG,mkt_trend,bull,TEST,3667,39.86,0.403,-0.1225,0.97211,-10557.5,-114.76,0.924,-0.802,-19468.0,0.045,1.79
G_WIDE,MTF_BRK,LONG,mkt_trend,bull,HOLDOUT,5575,92.92,0.511,0.1733,0.02487,33238.8,553.98,1.062,-0.86,-30982.5,0.026,2.43
G_WIDE,EARLY_BRK,LONG,mkt_trend,bull,TRAIN,8065,43.83,0.353,-0.246,0.9998,-40795.7,-221.72,0.897,-0.883,-41181.7,0.041,1.8
G_WIDE,EARLY_BRK,LONG,mkt_trend,bull,VALID,6052,68.0,0.395,-0.1495,0.98368,-15283.0,-171.72,0.926,-0.849,-21215.0,0.043,2.93
G_WIDE,EARLY_BRK,LONG,mkt_trend,bull,TEST,4043,43.95,0.401,-0.158,0.98345,-12145.4,-132.02,0.946,-0.828,-19985.9,0.04,1.76
G_WIDE,EARLY_BRK,LONG,mkt_trend,bull,HOLDOUT,3774,62.9,0.445,-0.0451,0.69589,4302.2,71.7,1.006,-0.842,-12917.0,0.041,2.58
G_WIDE,VOL_PRICE,LONG,mkt_trend,bull,TRAIN,4048,22.0,0.345,-0.239,0.99993,-26722.4,-145.23,0.855,-0.867,-27172.6,0.08,1.76
G_WIDE,VOL_PRICE,LONG,mkt_trend,bull,VALID,3724,41.84,0.44,-0.0076,0.54106,-1628.0,-18.29,0.974,-0.784,-7503.8,0.071,2.98
G_WIDE,VOL_PRICE,LONG,mkt_trend,bull,TEST,2366,25.72,0.397,-0.1217,0.98033,-6039.1,-65.64,0.887,-0.812,-12527.3,0.076,1.96
G_WIDE,VOL_PRICE,LONG,mkt_trend,bull,HOLDOUT,2471,41.18,0.493,0.1177,0.06016,9937.2,165.62,1.028,-0.813,-10082.9,0.066,2.7
G_WIDE,PULLBACK_CONT,SHORT,mkt_trend,bull,TRAIN,10107,54.93,0.436,-0.0522,0.79972,-9143.7,-49.69,0.991,-0.805,-41611.7,0.03,1.64
G_WIDE,PULLBACK_CONT,SHORT,mkt_trend,bull,VALID,7470,83.93,0.426,-0.1011,0.93504,-14886.2,-167.26,0.933,-0.806,-20372.0,0.036,3.01
G_WIDE,PULLBACK_CONT,SHORT,mkt_trend,bull,TEST,4722,51.33,0.404,-0.1439,0.98612,-8980.0,-97.61,0.905,-0.836,-22775.5,0.032,1.63
G_WIDE,PULLBACK_CONT,SHORT,mkt_trend,bull,HOLDOUT,5015,83.58,0.371,-0.2107,0.99649,-30613.2,-510.22,0.894,-0.84,-38412.3,0.029,2.45
G_WIDE,ANY,SHORT,mkt_trend,bull,TRAIN,31178,169.45,0.471,0.0144,0.38241,21197.0,115.2,0.996,-0.78,-83735.1,0.01,1.64
G_WIDE,ANY,SHORT,mkt_trend,bull,VALID,25092,281.93,0.447,-0.0649,0.89472,-35089.8,-394.27,0.913,-0.784,-76195.2,0.01,2.78
G_WIDE,ANY,SHORT,mkt_trend,bull,TEST,15273,166.01,0.423,-0.1229,0.98884,-27325.3,-297.01,0.887,-0.813,-75511.2,0.011,1.75
G_WIDE,ANY,SHORT,mkt_trend,bull,HOLDOUT,18282,304.7,0.354,-0.2669,1.0,-159909.5,-2665.16,0.85,-0.851,-182020.3,0.009,2.62
G_WIDE,TREND_TRANS,SHORT,mkt_trend,bull,TRAIN,3982,21.64,0.482,0.0389,0.29831,7024.7,38.18,1.041,-0.765,-13786.2,0.071,1.53
G_WIDE,TREND_TRANS,SHORT,mkt_trend,bull,VALID,3254,36.56,0.477,0.0188,0.39323,743.2,8.35,0.936,-0.74,-9949.9,0.06,2.18
G_WIDE,TREND_TRANS,SHORT,mkt_trend,bull,TEST,2126,23.11,0.432,-0.1072,0.93229,-4067.8,-44.21,0.886,-0.792,-12303.6,0.068,1.57
G_WIDE,TREND_TRANS,SHORT,mkt_trend,bull,HOLDOUT,2356,39.27,0.385,-0.2194,0.9925,-14280.8,-238.01,0.837,-0.806,-16584.2,0.06,2.35
G_WIDE,TREND_TRANS,LONG,mkt_trend,bull,TRAIN,4123,22.41,0.357,-0.2062,0.99844,-20572.9,-111.81,0.892,-0.857,-21975.4,0.072,1.6
G_WIDE,TREND_TRANS,LONG,mkt_trend,bull,VALID,3199,35.94,0.437,-0.0475,0.75103,-358.5,-4.03,0.941,-0.795,-7460.0,0.073,2.64
G_WIDE,TREND_TRANS,LONG,mkt_trend,bull,TEST,2024,22.0,0.432,-0.0414,0.67597,-4383.4,-47.65,0.955,-0.781,-10964.2,0.075,1.65
G_WIDE,TREND_TRANS,LONG,mkt_trend,bull,HOLDOUT,2350,39.17,0.451,0.0007,0.49663,725.8,12.1,0.981,-0.842,-10531.0,0.062,2.43
G_WIDE,BRK_4H,SHORT,mkt_trend,bull,TRAIN,12899,70.1,0.468,0.0019,0.4885,8488.1,46.13,1.014,-0.793,-43510.6,0.023,1.63
G_WIDE,BRK_4H,SHORT,mkt_trend,bull,VALID,10469,117.63,0.448,-0.0597,0.80257,-13547.9,-152.22,0.929,-0.781,-30547.2,0.022,2.56
G_WIDE,BRK_4H,SHORT,mkt_trend,bull,TEST,6096,66.26,0.412,-0.1511,0.98333,-12744.2,-138.52,0.881,-0.833,-32324.4,0.025,1.66
G_WIDE,BRK_4H,SHORT,mkt_trend,bull,HOLDOUT,6549,109.15,0.355,-0.2707,0.9997,-57988.0,-966.47,0.833,-0.853,-65680.0,0.023,2.55
G_WIDE,OI_BUILD_BRK,LONG,mkt_trend,bull,TRAIN,2391,12.99,0.383,-0.0938,0.9537,-6504.9,-35.35,0.898,-0.809,-10756.4,0.131,1.7
G_WIDE,OI_BUILD_BRK,LONG,mkt_trend,bull,VALID,2195,24.66,0.394,-0.0782,0.95313,-10498.0,-117.95,0.904,-0.806,-10548.9,0.118,2.9
G_WIDE,OI_BUILD_BRK,LONG,mkt_trend,bull,TEST,1246,13.54,0.407,-0.0778,0.90391,-3930.7,-42.73,0.904,-0.799,-10099.1,0.134,1.82
G_WIDE,OI_BUILD_BRK,LONG,mkt_trend,bull,HOLDOUT,2525,42.08,0.498,0.1699,0.01275,16489.3,274.82,1.018,-0.856,-15381.1,0.062,2.62
G_WIDE,SQUEEZE_EXP,SHORT,mkt_trend,bull,TRAIN,3402,18.49,0.466,0.0042,0.48274,1656.8,9.0,1.04,-0.784,-11758.5,0.082,1.52
G_WIDE,SQUEEZE_EXP,SHORT,mkt_trend,bull,VALID,2805,31.52,0.435,-0.1036,0.89127,-4854.9,-54.55,0.902,-0.823,-8045.1,0.083,2.63
G_WIDE,SQUEEZE_EXP,SHORT,mkt_trend,bull,TEST,1799,19.55,0.411,-0.1529,0.97121,-2560.4,-27.83,0.901,-0.832,-4619.1,0.084,1.65
G_WIDE,SQUEEZE_EXP,SHORT,mkt_trend,bull,HOLDOUT,2020,33.67,0.371,-0.2721,0.99986,-15051.6,-250.86,0.88,-0.845,-18538.8,0.066,2.23
G_WIDE,SQUEEZE_EXP,SHORT,mkt_oi,up,TRAIN,1208,6.57,0.485,0.0027,0.4916,111.3,0.61,0.949,-0.791,-6615.6,0.132,0.86
G_WIDE,SQUEEZE_EXP,SHORT,mkt_oi,up,VALID,1312,14.74,0.524,0.1479,0.14207,1697.0,19.07,1.017,-0.737,-4638.6,0.079,1.17
G_WIDE,SQUEEZE_EXP,SHORT,mkt_oi,up,TEST,741,8.05,0.435,-0.0801,0.71085,-749.7,-8.15,0.919,-0.806,-2744.1,0.126,1.01
G_WIDE,SQUEEZE_EXP,SHORT,mkt_oi,up,HOLDOUT,646,10.77,0.276,-0.4534,0.9999,-7901.8,-131.7,0.875,-0.908,-8230.2,0.11,1.18
G_WIDE,CHANGE_POINT,SHORT,mkt_trend,bull,TRAIN,2517,13.68,0.594,0.27,0.00443,16863.3,91.65,1.116,-0.642,-7053.5,0.094,1.29
G_WIDE,CHANGE_POINT,SHORT,mkt_trend,bull,VALID,2378,26.72,0.497,-0.0045,0.51805,3151.4,35.41,0.853,-0.717,-7596.8,0.085,2.28
G_WIDE,CHANGE_POINT,SHORT,mkt_trend,bull,TEST,1422,15.46,0.428,-0.1443,0.8871,-4261.7,-46.32,0.802,-0.767,-8563.2,0.088,1.36
G_WIDE,CHANGE_POINT,SHORT,mkt_trend,bull,HOLDOUT,1883,31.38,0.324,-0.369,0.99986,-29127.3,-485.45,0.679,-0.855,-31889.6,0.069,2.15
G_WIDE,CHANGE_POINT,SHORT,mkt_oi,up,TRAIN,1164,6.33,0.599,0.1805,0.05703,7097.3,38.57,0.899,-0.676,-3780.9,0.126,0.8
G_WIDE,CHANGE_POINT,SHORT,mkt_oi,up,VALID,990,11.12,0.588,0.2047,0.05824,6872.9,77.22,0.924,-0.64,-2077.2,0.094,1.04
G_WIDE,CHANGE_POINT,SHORT,mkt_oi,up,TEST,619,6.73,0.41,-0.147,0.80769,-2116.6,-23.01,0.785,-0.735,-5562.0,0.12,0.8
G_WIDE,CHANGE_POINT,SHORT,mkt_oi,up,HOLDOUT,782,13.03,0.216,-0.6095,1.0,-18958.5,-315.98,0.597,-0.933,-19101.2,0.07,0.92
G_WIDE,SWEEP_RECLAIM,SHORT,mkt_trend,bull,TRAIN,5742,31.21,0.495,0.068,0.15505,8451.2,45.93,0.98,-0.76,-11640.3,0.056,1.75
G_WIDE,SWEEP_RECLAIM,SHORT,mkt_trend,bull,VALID,4686,52.65,0.466,-0.0504,0.76472,-5892.1,-66.2,0.903,-0.789,-24034.0,0.055,2.9
G_WIDE,SWEEP_RECLAIM,SHORT,mkt_trend,bull,TEST,2851,30.99,0.422,-0.1383,0.98071,-6956.3,-75.61,0.869,-0.804,-14992.0,0.058,1.79
G_WIDE,SWEEP_RECLAIM,SHORT,mkt_trend,bull,HOLDOUT,4455,74.25,0.336,-0.3003,0.99994,-43908.2,-731.8,0.897,-0.877,-50363.3,0.03,2.23
G_WIDE,PULLBACK_CONT,LONG,mkt_trend,bull,TRAIN,9984,54.26,0.35,-0.2356,1.0,-56057.7,-304.66,0.862,-0.87,-57219.4,0.031,1.66
G_WIDE,PULLBACK_CONT,LONG,mkt_trend,bull,VALID,8624,96.9,0.423,-0.0609,0.83888,-10497.6,-117.95,0.897,-0.778,-19216.4,0.026,2.47
G_WIDE,PULLBACK_CONT,LONG,mkt_trend,bull,TEST,5561,60.45,0.406,-0.1194,0.95258,-16953.5,-184.28,0.886,-0.797,-35117.8,0.025,1.49
G_WIDE,PULLBACK_CONT,LONG,mkt_trend,bull,HOLDOUT,6983,116.38,0.502,0.1345,0.04857,38331.6,638.86,1.016,-0.782,-27865.6,0.02,2.28
G_WIDE,OI_COVER,SHORT,mkt_trend,bull,TRAIN,3319,18.04,0.559,0.181,0.00841,16786.0,91.23,1.062,-0.67,-8975.2,0.074,1.34
G_WIDE,OI_COVER,SHORT,mkt_trend,bull,VALID,2652,29.8,0.494,0.0029,0.48304,1999.9,22.47,0.828,-0.689,-10040.0,0.071,2.12
G_WIDE,OI_COVER,SHORT,mkt_trend,bull,TEST,1564,17.0,0.453,-0.0892,0.84293,-1037.9,-11.28,0.783,-0.734,-11999.2,0.077,1.32
G_WIDE,OI_COVER,SHORT,mkt_trend,bull,HOLDOUT,2629,43.82,0.374,-0.2318,0.99916,-33669.6,-561.16,0.706,-0.798,-37845.9,0.041,1.82
G_WIDE,ACCEL,LONG,mkt_trend,bull,TRAIN,3594,19.53,0.344,-0.2306,0.99931,-23533.3,-127.9,0.843,-0.862,-24191.9,0.086,1.68
G_WIDE,ACCEL,LONG,mkt_trend,bull,VALID,3227,36.26,0.431,-0.0275,0.64127,-3575.4,-40.17,0.97,-0.79,-7414.8,0.085,3.07
G_WIDE,ACCEL,LONG,mkt_trend,bull,TEST,1978,21.5,0.38,-0.1643,0.99168,-6159.1,-66.95,0.865,-0.822,-12835.9,0.085,1.83
G_WIDE,ACCEL,LONG,mkt_trend,bull,HOLDOUT,2539,42.32,0.497,0.134,0.05005,12030.9,200.52,1.029,-0.823,-11125.9,0.061,2.6
G_WIDE,OI_PRICE,LONG,mkt_trend,bull,TRAIN,3162,17.18,0.384,-0.1072,0.99608,-8486.5,-46.12,0.892,-0.811,-12089.0,0.096,1.66
G_WIDE,OI_PRICE,LONG,mkt_trend,bull,VALID,2908,32.67,0.425,-0.0104,0.58513,-2533.3,-28.46,0.925,-0.774,-8977.4,0.087,2.85
G_WIDE,OI_PRICE,LONG,mkt_trend,bull,TEST,1735,18.86,0.403,-0.0729,0.94168,-6930.0,-75.33,0.878,-0.79,-15056.1,0.092,1.73
G_WIDE,OI_PRICE,LONG,mkt_trend,bull,HOLDOUT,3269,54.48,0.491,0.1433,0.01987,17343.6,289.06,0.99,-0.839,-19233.2,0.048,2.62
G_WIDE,VOL_PRICE,SHORT,mkt_trend,bull,TRAIN,5034,27.36,0.517,0.1143,0.07338,14894.2,80.95,1.036,-0.726,-10914.2,0.059,1.6
G_WIDE,VOL_PRICE,SHORT,mkt_trend,bull,VALID,4112,46.2,0.449,-0.0714,0.83307,-5255.1,-59.05,0.885,-0.77,-14227.6,0.052,2.4
G_WIDE,VOL_PRICE,SHORT,mkt_trend,bull,TEST,2670,29.02,0.427,-0.1269,0.91614,-4029.8,-43.8,0.859,-0.806,-13714.9,0.054,1.57
G_WIDE,VOL_PRICE,SHORT,mkt_trend,bull,HOLDOUT,3135,52.25,0.375,-0.238,0.99943,-30636.0,-510.6,0.813,-0.834,-35309.3,0.044,2.3
G_WIDE,ACCEL,SHORT,mkt_trend,bull,TRAIN,3488,18.96,0.555,0.1732,0.04398,14906.0,81.01,1.027,-0.699,-8072.3,0.076,1.45
G_WIDE,ACCEL,SHORT,mkt_trend,bull,VALID,3149,35.38,0.446,-0.0813,0.78656,-2612.5,-29.35,0.862,-0.759,-9321.2,0.065,2.29
G_WIDE,ACCEL,SHORT,mkt_trend,bull,TEST,1976,21.48,0.456,-0.0633,0.68334,2167.5,23.56,0.881,-0.762,-8574.9,0.068,1.46
G_WIDE,ACCEL,SHORT,mkt_trend,bull,HOLDOUT,2306,38.43,0.375,-0.2383,0.99618,-21107.6,-351.79,0.775,-0.835,-27162.3,0.056,2.17
G_WIDE,EARLY_BRK,SHORT,mkt_trend,bull,TRAIN,8222,44.68,0.458,-0.0119,0.56165,4142.1,22.51,1.036,-0.801,-24822.3,0.035,1.55
G_WIDE,EARLY_BRK,SHORT,mkt_trend,bull,VALID,6829,76.73,0.443,-0.0651,0.79008,-8181.1,-91.92,0.957,-0.792,-19557.2,0.033,2.52
G_WIDE,EARLY_BRK,SHORT,mkt_trend,bull,TEST,3899,42.38,0.4,-0.1742,0.98809,-11297.1,-122.79,0.902,-0.844,-17910.6,0.039,1.67
G_WIDE,EARLY_BRK,SHORT,mkt_trend,bull,HOLDOUT,3524,58.73,0.364,-0.2663,0.99835,-22558.0,-375.97,0.869,-0.861,-27352.5,0.043,2.55
G_WIDE,SWEEP_RECLAIM,LONG,mkt_trend,bull,TRAIN,4209,22.88,0.376,-0.18,0.98972,-20245.9,-110.03,0.871,-0.914,-21139.6,0.065,1.49
G_WIDE,SWEEP_RECLAIM,LONG,mkt_trend,bull,VALID,3555,39.94,0.438,-0.0352,0.65143,-4709.8,-52.92,0.906,-0.788,-14735.2,0.064,2.54
G_WIDE,SWEEP_RECLAIM,LONG,mkt_trend,bull,TEST,1816,19.74,0.448,-0.0191,0.57483,-6998.3,-76.07,0.967,-0.775,-14951.1,0.076,1.5
G_WIDE,SWEEP_RECLAIM,LONG,mkt_trend,bull,HOLDOUT,1716,28.6,0.502,0.1189,0.16113,5885.7,98.1,0.995,-0.752,-6382.5,0.079,2.25
G_WIDE,BRK_24H,SHORT,mkt_trend,bull,TRAIN,3703,20.12,0.478,0.0357,0.34154,3550.5,19.3,1.077,-0.764,-13311.5,0.076,1.53
G_WIDE,BRK_24H,SHORT,mkt_trend,bull,VALID,3153,35.43,0.418,-0.1406,0.91714,-8041.8,-90.36,0.882,-0.798,-12789.0,0.069,2.44
G_WIDE,BRK_24H,SHORT,mkt_trend,bull,TEST,1670,18.15,0.384,-0.2407,0.98941,-1857.1,-20.19,0.816,-0.864,-8609.3,0.08,1.45
G_WIDE,BRK_24H,SHORT,mkt_trend,bull,HOLDOUT,1299,21.65,0.348,-0.2853,0.99889,-12408.7,-206.81,0.823,-0.859,-14194.8,0.099,2.15
G_WIDE,MTF_BRK,SHORT,mkt_trend,bull,TRAIN,5513,29.96,0.443,-0.0442,0.72644,-2549.7,-13.86,1.022,-0.81,-20283.5,0.054,1.61
G_WIDE,MTF_BRK,SHORT,mkt_trend,bull,VALID,4342,48.79,0.412,-0.1397,0.93036,-10671.4,-119.9,0.912,-0.818,-16587.5,0.053,2.57
G_WIDE,MTF_BRK,SHORT,mkt_trend,bull,TEST,2594,28.2,0.38,-0.2129,0.98813,-4877.3,-53.01,0.859,-0.868,-14833.8,0.062,1.75
G_WIDE,MTF_BRK,SHORT,mkt_trend,bull,HOLDOUT,2696,44.93,0.351,-0.2748,0.9983,-24672.8,-411.21,0.875,-0.862,-28043.2,0.052,2.32
G_WIDE,SQUEEZE_EXP,LONG,mkt_trend,bull,TRAIN,3297,17.92,0.375,-0.1854,0.98645,-13259.9,-72.06,0.896,-0.864,-14221.2,0.092,1.64
G_WIDE,SQUEEZE_EXP,LONG,mkt_trend,bull,VALID,2739,30.78,0.424,-0.0611,0.81086,-3194.9,-35.9,0.967,-0.799,-7494.7,0.086,2.64
G_WIDE,SQUEEZE_EXP,LONG,mkt_trend,bull,TEST,1730,18.8,0.417,-0.1015,0.90565,-5144.4,-55.92,0.947,-0.816,-8182.4,0.098,1.85
G_WIDE,SQUEEZE_EXP,LONG,mkt_trend,bull,HOLDOUT,2052,34.2,0.458,-0.0203,0.59591,1964.5,32.74,0.978,-0.844,-8243.7,0.075,2.55
G_WIDE,CHANGE_POINT,LONG,mkt_trend,bull,TRAIN,2116,11.5,0.353,-0.2186,0.99785,-14923.0,-81.1,0.826,-0.834,-15079.7,0.133,1.53
G_WIDE,CHANGE_POINT,LONG,mkt_trend,bull,VALID,1603,18.01,0.438,-0.0165,0.57488,736.5,8.27,0.957,-0.778,-4321.4,0.142,2.56
G_WIDE,CHANGE_POINT,LONG,mkt_trend,bull,TEST,1033,11.23,0.385,-0.1226,0.9415,-4549.6,-49.45,0.863,-0.803,-7565.4,0.149,1.67
G_WIDE,CHANGE_POINT,LONG,mkt_trend,bull,HOLDOUT,1330,22.17,0.484,0.1026,0.12218,4205.1,70.08,0.983,-0.798,-6768.6,0.117,2.58
G_WIDE,BASELINE,LONG,mkt_trend,bull,TRAIN,11403,61.97,0.376,-0.1808,0.99705,-52103.6,-283.17,0.879,-0.857,-56000.1,0.018,1.14
G_WIDE,BASELINE,LONG,mkt_trend,bull,VALID,8815,99.04,0.408,-0.1096,0.93288,-26394.4,-296.57,0.89,-0.794,-31241.9,0.018,1.8
G_WIDE,BASELINE,LONG,mkt_trend,bull,TEST,5544,60.26,0.398,-0.1433,0.94305,-20403.0,-221.77,0.854,-0.814,-39313.2,0.018,1.1
G_WIDE,BASELINE,LONG,mkt_trend,bull,HOLDOUT,6778,112.97,0.481,0.0788,0.20127,21486.1,358.1,0.99,-0.777,-22090.9,0.014,1.58
G_WIDE,BASELINE,SHORT,mkt_trend,bull,TRAIN,11403,61.97,0.459,-0.0068,0.53842,9592.9,52.14,0.975,-0.784,-30760.7,0.017,1.07
G_WIDE,BASELINE,SHORT,mkt_trend,bull,VALID,8815,99.04,0.452,-0.0559,0.76906,-6393.0,-71.83,0.909,-0.774,-22765.3,0.017,1.64
G_WIDE,BASELINE,SHORT,mkt_trend,bull,TEST,5544,60.26,0.464,-0.0279,0.61836,4328.4,47.05,0.929,-0.766,-23716.0,0.017,1.04
G_WIDE,BASELINE,SHORT,mkt_trend,bull,HOLDOUT,6778,112.97,0.367,-0.2443,0.99767,-50923.4,-848.72,0.836,-0.84,-64519.6,0.015,1.7
G_WIDE,OI_PRICE,SHORT,mkt_trend,bull,TRAIN,73,0.4,0.342,-0.301,0.99346,-1066.4,-5.8,0.745,-0.759,-1297.0,0.904,0.36
G_WIDE,OI_PRICE,SHORT,mkt_trend,bull,VALID,48,0.54,0.562,0.0803,0.28139,848.8,9.54,0.837,-0.625,-596.3,0.896,0.48
G_WIDE,OI_PRICE,SHORT,mkt_trend,bull,TEST,34,0.37,0.559,-0.0527,0.61929,534.8,5.81,0.677,-0.719,-381.2,0.912,0.34
G_WIDE,OI_PRICE,SHORT,mkt_trend,bull,HOLDOUT,20,0.33,0.35,-0.3291,0.92364,-146.6,-2.44,0.727,-0.844,-183.3,0.95,0.32
G_WIDE,CAPITULATION_REV,SHORT,mkt_trend,bull,TRAIN,544,2.96,0.498,0.0626,0.25503,-571.0,-3.1,0.927,-0.776,-2504.0,0.397,1.17
G_WIDE,CAPITULATION_REV,SHORT,mkt_trend,bull,VALID,493,5.54,0.44,-0.1022,0.8337,-1739.2,-19.54,0.841,-0.851,-2676.0,0.387,2.15
G_WIDE,CAPITULATION_REV,SHORT,mkt_trend,bull,TEST,308,3.35,0.406,-0.1587,0.91773,-1146.7,-12.46,0.828,-0.839,-2374.4,0.338,1.13
G_WIDE,CAPITULATION_REV,SHORT,mkt_trend,bull,HOLDOUT,448,7.47,0.335,-0.3313,0.9806,-3336.8,-55.61,0.81,-0.901,-6159.4,0.259,1.93
G_WIDE,MTF_BRK,SHORT,mkt_oi,up,TRAIN,1345,7.31,0.493,0.1121,0.22074,4772.4,25.94,1.149,-0.819,-4869.3,0.13,0.95
G_WIDE,MTF_BRK,SHORT,mkt_oi,up,VALID,1493,16.78,0.507,0.1271,0.22432,3334.3,37.46,1.075,-0.721,-5699.7,0.088,1.48
G_WIDE,MTF_BRK,SHORT,mkt_oi,up,TEST,897,9.75,0.477,0.0431,0.41543,2850.7,30.99,1.011,-0.757,-3835.9,0.098,0.96
G_WIDE,MTF_BRK,SHORT,mkt_oi,up,HOLDOUT,259,4.32,0.378,-0.1963,0.90155,-1073.3,-17.89,0.974,-0.896,-1763.9,0.208,0.9
G_WIDE,SWEEP_RECLAIM,LONG,mkt_oi,up,TRAIN,879,4.78,0.282,-0.4087,0.99996,-10874.0,-59.1,0.769,-1.073,-11099.3,0.172,0.82
G_WIDE,SWEEP_RECLAIM,LONG,mkt_oi,up,VALID,1029,11.56,0.385,-0.197,0.89199,-3090.1,-34.72,0.785,-0.838,-5875.4,0.124,1.44
G_WIDE,SWEEP_RECLAIM,LONG,mkt_oi,up,TEST,558,6.07,0.385,-0.1826,0.85081,-3175.0,-34.51,0.82,-0.827,-5480.2,0.145,0.88
G_WIDE,SWEEP_RECLAIM,LONG,mkt_oi,up,HOLDOUT,200,3.33,0.455,-0.0312,0.60658,-627.6,-10.46,0.947,-0.918,-1658.2,0.235,0.78
G_WIDE,BASELINE,LONG,mkt_oi,up,TRAIN,4647,25.26,0.317,-0.3047,0.99939,-38404.8,-208.72,0.806,-0.901,-39997.9,0.022,0.55
G_WIDE,BASELINE,LONG,mkt_oi,up,VALID,4077,45.81,0.285,-0.3914,1.0,-43253.2,-485.99,0.743,-0.874,-45293.8,0.019,0.87
G_WIDE,BASELINE,LONG,mkt_oi,up,TEST,2772,30.13,0.477,0.057,0.35567,2886.0,31.37,0.984,-0.733,-14706.0,0.02,0.61
G_WIDE,BASELINE,LONG,mkt_oi,up,HOLDOUT,1859,30.98,0.613,0.4175,0.01423,28899.7,481.66,1.186,-0.77,-8182.2,0.017,0.52
G_WIDE,BASELINE,SHORT,mkt_oi,up,TRAIN,4647,25.26,0.516,0.1222,0.12523,18391.6,99.95,1.045,-0.737,-13752.5,0.024,0.6
G_WIDE,BASELINE,SHORT,mkt_oi,up,VALID,4077,45.81,0.554,0.1807,0.03273,21407.3,240.53,1.017,-0.684,-6479.3,0.018,0.83
G_WIDE,BASELINE,SHORT,mkt_oi,up,TEST,2772,30.13,0.398,-0.1706,0.85577,-9011.1,-97.95,0.842,-0.822,-17239.3,0.019,0.58
G_WIDE,BASELINE,SHORT,mkt_oi,up,HOLDOUT,1859,30.98,0.254,-0.4786,0.99861,-31656.0,-527.6,0.75,-0.952,-32596.1,0.019,0.58
G_WIDE,FUNDING_SQUEEZE,LONG,mkt_trend,bull,TRAIN,559,3.04,0.377,-0.0644,0.82324,1487.5,8.08,0.897,-0.827,-1569.8,0.352,1.07
G_WIDE,FUNDING_SQUEEZE,LONG,mkt_trend,bull,VALID,519,5.83,0.353,-0.2042,0.99823,-3968.7,-44.59,0.821,-0.855,-4708.8,0.366,2.13
G_WIDE,FUNDING_SQUEEZE,LONG,mkt_trend,bull,TEST,120,1.3,0.517,0.2365,0.03717,514.8,5.6,1.034,-0.762,-1850.5,0.558,0.73
G_WIDE,FUNDING_SQUEEZE,LONG,mkt_trend,bull,HOLDOUT,57,0.95,0.333,-0.2051,0.89784,-490.4,-8.17,0.825,-1.16,-825.9,0.509,0.48
G_WIDE,FUNDING_SQUEEZE,LONG,mkt_oi,up,TRAIN,283,1.54,0.357,-0.15,0.9751,-1035.0,-5.62,0.826,-0.826,-2227.0,0.406,0.62
G_WIDE,FUNDING_SQUEEZE,LONG,mkt_oi,up,VALID,207,2.33,0.271,-0.3833,0.99995,-2844.1,-31.96,0.767,-0.906,-2844.1,0.459,1.07
G_WIDE,FUNDING_SQUEEZE,LONG,mkt_oi,up,TEST,50,0.54,0.48,0.2917,0.06396,600.0,6.52,1.089,-0.706,-182.3,0.6,0.33
G_WIDE,FUNDING_SQUEEZE,LONG,mkt_oi,up,HOLDOUT,21,0.35,0.476,0.2118,0.25567,104.5,1.74,1.237,-1.385,-204.4,0.524,0.18
G_WIDE,OI_BUILD_BRK,SHORT,mkt_trend,bull,TRAIN,65,0.35,0.492,-0.0351,0.60277,-180.2,-0.98,0.832,-0.669,-1019.4,0.846,0.3
G_WIDE,OI_BUILD_BRK,SHORT,mkt_trend,bull,VALID,47,0.53,0.511,-0.1022,0.75978,728.1,8.18,0.665,-1.03,-286.8,0.957,0.51
G_WIDE,OI_BUILD_BRK,SHORT,mkt_trend,bull,TEST,18,0.2,0.444,-0.1589,0.71222,-313.0,-3.4,0.727,-0.767,-413.5,0.889,0.17
G_WIDE,OI_BUILD_BRK,SHORT,mkt_trend,bull,HOLDOUT,23,0.38,0.609,-0.0246,0.55441,205.8,3.43,0.632,-0.634,-300.5,0.957,0.37
G_WIDE,OI_BUILD_BRK,SHORT,breadth,lo,TRAIN,244,1.33,0.447,-0.1007,0.92207,-2741.3,-14.9,0.762,-0.723,-3469.1,0.865,1.15
G_WIDE,OI_BUILD_BRK,SHORT,breadth,lo,VALID,134,1.51,0.47,-0.0963,0.77834,1026.3,11.53,0.785,-0.711,-913.1,0.866,1.3
G_WIDE,OI_BUILD_BRK,SHORT,breadth,lo,TEST,92,1.0,0.467,-0.099,0.80141,179.8,1.95,0.741,-0.753,-688.0,0.913,0.91
G_WIDE,OI_BUILD_BRK,SHORT,breadth,lo,HOLDOUT,37,0.62,0.459,-0.1351,0.83337,298.9,4.98,0.564,-0.709,-192.6,0.946,0.58
G_WIDE,OI_BUILD_BRK,SHORT,mkt_oi,up,TRAIN,34,0.18,0.588,0.1436,0.22772,698.8,3.8,0.973,-0.658,-374.4,0.882,0.16
G_WIDE,OI_BUILD_BRK,SHORT,mkt_oi,up,VALID,22,0.25,0.409,-0.2596,0.88714,37.6,0.42,0.642,-0.742,-235.0,0.955,0.24
G_WIDE,OI_BUILD_BRK,SHORT,mkt_oi,up,TEST,3,0.03,0.667,0.4326,1.0,58.3,0.63,0.785,-0.493,-20.7,0.667,0.02
G_WIDE,OI_BUILD_BRK,SHORT,mkt_oi,up,HOLDOUT,7,0.12,0.286,-0.1903,0.73334,17.7,0.29,0.499,-0.58,-110.7,0.571,0.07
G_WIDE,FUNDING_SQUEEZE,SHORT,mkt_trend,bull,TRAIN,122,0.66,0.492,0.1053,0.16843,550.3,2.99,0.947,-0.765,-1186.4,0.607,0.4
G_WIDE,FUNDING_SQUEEZE,SHORT,mkt_trend,bull,VALID,141,1.58,0.482,0.0396,0.3517,-478.5,-5.38,1.075,-0.932,-2074.9,0.546,0.87
G_WIDE,FUNDING_SQUEEZE,SHORT,mkt_trend,bull,TEST,58,0.63,0.362,-0.2105,0.88638,-1388.5,-15.09,0.751,-0.839,-1624.7,0.534,0.34
G_WIDE,FUNDING_SQUEEZE,SHORT,mkt_trend,bull,HOLDOUT,13,0.22,0.385,-0.0508,0.53798,-12.5,-0.21,0.952,-0.757,-365.2,0.846,0.18
G_WIDE,FUNDING_SQUEEZE,SHORT,mkt_oi,up,TRAIN,45,0.24,0.533,0.25,0.1485,252.9,1.37,1.003,-0.715,-352.2,0.778,0.19
G_WIDE,FUNDING_SQUEEZE,SHORT,mkt_oi,up,VALID,46,0.52,0.5,0.1337,0.27346,-261.3,-2.94,1.118,-0.792,-842.6,0.587,0.3
G_WIDE,FUNDING_SQUEEZE,SHORT,mkt_oi,up,TEST,32,0.35,0.531,0.2654,0.12368,-97.4,-1.06,1.059,-0.744,-625.6,0.5,0.17
G_WIDE,FUNDING_SQUEEZE,SHORT,mkt_oi,up,HOLDOUT,2,0.03,0.0,-1.0541,1.0,-59.2,-0.99,1.112,-1.026,-59.2,1.0,0.03
G_WIDE,OI_PRICE,SHORT,mkt_oi,up,TRAIN,32,0.17,0.469,-0.1735,0.86526,-406.3,-2.21,0.666,-0.797,-852.5,1.0,0.17
G_WIDE,OI_PRICE,SHORT,mkt_oi,up,VALID,25,0.28,0.52,0.0466,0.41847,68.3,0.77,0.787,-0.73,-652.3,0.96,0.27
G_WIDE,OI_PRICE,SHORT,mkt_oi,up,TEST,13,0.14,0.692,0.3857,0.07588,140.3,1.52,0.908,-0.562,-140.4,1.0,0.14
G_WIDE,OI_PRICE,SHORT,mkt_oi,up,HOLDOUT,9,0.15,0.333,-0.2416,0.69237,-60.4,-1.01,0.619,-0.797,-183.3,0.889,0.13
G_WIDE,CAPITULATION_REV,LONG,mkt_trend,bull,TRAIN,246,1.34,0.232,-0.5155,0.99957,-3690.2,-20.06,0.469,-1.258,-3693.7,0.382,0.51
G_WIDE,CAPITULATION_REV,LONG,mkt_trend,bull,VALID,217,2.44,0.355,-0.2602,0.95979,-1961.7,-22.04,0.649,-0.824,-2499.9,0.447,1.09
G_WIDE,CAPITULATION_REV,LONG,mkt_trend,bull,TEST,78,0.85,0.397,-0.1752,0.84639,-749.8,-8.15,0.762,-0.839,-1503.4,0.667,0.57
G_WIDE,CAPITULATION_REV,LONG,mkt_trend,bull,HOLDOUT,165,2.75,0.418,-0.11,0.63822,-1873.4,-31.22,0.641,-0.726,-4106.5,0.261,0.72
G_WIDE,CAPITULATION_REV,LONG,mkt_oi,up,TRAIN,36,0.2,0.306,-0.4142,0.98541,-387.0,-2.1,0.827,-0.877,-510.7,0.722,0.14
G_WIDE,CAPITULATION_REV,LONG,mkt_oi,up,VALID,55,0.62,0.255,-0.505,0.99922,-1119.6,-12.58,0.539,-0.87,-1986.2,0.782,0.48
G_WIDE,CAPITULATION_REV,LONG,mkt_oi,up,TEST,35,0.38,0.714,0.4934,0.01957,583.5,6.34,1.122,-0.501,-478.0,0.6,0.23
G_WIDE,CAPITULATION_REV,LONG,mkt_oi,up,HOLDOUT,23,0.38,0.696,0.3888,0.09771,-300.5,-5.01,0.906,-0.609,-613.9,0.696,0.27
G_WIDE,TREND_TRANS,LONG,sym_vol,lo,TRAIN,12858,69.88,0.384,-0.1758,1.0,-53208.6,-289.18,0.884,-0.837,-55404.3,0.093,6.48
G_WIDE,TREND_TRANS,LONG,sym_vol,lo,VALID,7432,83.51,0.416,-0.1004,0.98327,-10108.4,-113.58,0.922,-0.816,-15774.0,0.087,7.24
G_WIDE,TREND_TRANS,LONG,sym_vol,lo,TEST,7658,83.24,0.408,-0.1235,0.99902,-15630.4,-169.9,0.941,-0.829,-18281.8,0.085,7.1
G_WIDE,TREND_TRANS,LONG,sym_vol,lo,HOLDOUT,4196,69.93,0.384,-0.2354,1.0,-11366.7,-189.44,0.918,-0.859,-15618.0,0.112,7.82
G_WIDE,ANY,LONG,sym_vol,lo,TRAIN,93536,508.35,0.394,-0.1528,1.0,-302567.5,-1644.39,0.906,-0.837,-316078.3,0.015,7.8
G_WIDE,ANY,LONG,sym_vol,lo,VALID,52410,588.88,0.413,-0.1018,0.99908,-62367.7,-700.76,0.928,-0.815,-101728.1,0.014,8.38
G_WIDE,ANY,LONG,sym_vol,lo,TEST,52435,569.95,0.411,-0.1258,1.0,-104444.1,-1135.26,0.936,-0.83,-133460.7,0.014,8.26
G_WIDE,ANY,LONG,sym_vol,lo,HOLDOUT,28132,468.87,0.417,-0.134,0.99977,-41856.3,-697.61,0.946,-0.837,-76808.0,0.018,8.32
G_WIDE,PULLBACK_CONT,SHORT,sym_vol,lo,TRAIN,32783,178.17,0.438,-0.0433,0.90024,-26683.6,-145.02,0.981,-0.814,-54236.5,0.04,7.17
G_WIDE,PULLBACK_CONT,SHORT,sym_vol,lo,VALID,19035,213.88,0.427,-0.0814,0.97222,-34413.6,-386.67,0.96,-0.817,-53926.1,0.036,7.78
G_WIDE,PULLBACK_CONT,SHORT,sym_vol,lo,TEST,19241,209.14,0.41,-0.1344,0.99989,-46140.8,-501.53,0.969,-0.831,-51155.5,0.038,8.01
G_WIDE,PULLBACK_CONT,SHORT,sym_vol,lo,HOLDOUT,9910,165.17,0.424,-0.1168,0.99845,-12781.4,-213.02,0.993,-0.827,-22022.7,0.05,8.23
G_WIDE,ANY,SHORT,sym_vol,lo,TRAIN,96309,523.42,0.444,-0.0429,0.94964,-55769.5,-303.09,0.972,-0.805,-121619.9,0.014,7.51
G_WIDE,ANY,SHORT,sym_vol,lo,VALID,54225,609.27,0.435,-0.0684,0.97647,-95832.2,-1076.77,0.95,-0.81,-133594.8,0.013,8.12
G_WIDE,ANY,SHORT,sym_vol,lo,TEST,54906,596.8,0.42,-0.1241,0.99999,-109651.8,-1191.87,0.959,-0.822,-124667.8,0.014,8.1
G_WIDE,ANY,SHORT,sym_vol,lo,HOLDOUT,28833,480.55,0.416,-0.1632,1.0,-63515.8,-1058.6,0.96,-0.828,-87004.5,0.018,8.5
G_WIDE,SQUEEZE_EXP,LONG,sym_vol,hi,TRAIN,9023,49.04,0.423,-0.0681,0.91184,-18551.5,-100.82,0.916,-0.777,-31570.6,0.138,6.78
G_WIDE,SQUEEZE_EXP,LONG,sym_vol,hi,VALID,4552,51.15,0.401,-0.1002,0.96997,-13750.4,-154.5,0.893,-0.794,-14704.1,0.138,7.03
G_WIDE,SQUEEZE_EXP,LONG,sym_vol,hi,TEST,4612,50.13,0.434,-0.0379,0.74453,-695.0,-7.55,0.922,-0.772,-9641.2,0.145,7.28
G_WIDE,SQUEEZE_EXP,LONG,sym_vol,hi,HOLDOUT,4075,67.92,0.48,0.079,0.06899,9284.3,154.74,0.978,-0.794,-9351.5,0.118,7.98
G_WIDE,ANY,LONG,sym_vol,hi,TRAIN,78909,428.85,0.403,-0.119,1.0,-239578.8,-1302.06,0.86,-0.802,-269467.1,0.016,6.98
G_WIDE,ANY,LONG,sym_vol,hi,VALID,39543,444.3,0.417,-0.065,0.97608,-101744.8,-1143.2,0.887,-0.768,-134577.4,0.018,7.97
G_WIDE,ANY,LONG,sym_vol,hi,TEST,42220,458.91,0.392,-0.1391,1.0,-153649.7,-1670.11,0.854,-0.805,-212780.7,0.016,7.54
G_WIDE,ANY,LONG,sym_vol,hi,HOLDOUT,35421,590.35,0.483,0.0953,0.00469,135569.2,2259.49,0.981,-0.779,-67703.7,0.014,8.17
G_WIDE,PULLBACK_CONT,LONG,sym_vol,hi,TRAIN,25097,136.4,0.381,-0.1593,1.0,-113402.0,-616.32,0.856,-0.802,-120242.6,0.044,6.07
G_WIDE,PULLBACK_CONT,LONG,sym_vol,hi,VALID,13758,154.58,0.404,-0.0941,0.99015,-38806.2,-436.02,0.858,-0.758,-46074.6,0.043,6.67
G_WIDE,PULLBACK_CONT,LONG,sym_vol,hi,TEST,13611,147.95,0.382,-0.1551,0.99999,-43051.4,-467.95,0.845,-0.803,-70272.7,0.045,6.62
G_WIDE,PULLBACK_CONT,LONG,sym_vol,hi,HOLDOUT,12640,210.67,0.5,0.1449,0.00125,70476.9,1174.61,0.995,-0.749,-25703.7,0.035,7.33
G_WIDE,BRK_4H,LONG,sym_vol,hi,TRAIN,34544,187.74,0.393,-0.133,0.99999,-117206.3,-636.99,0.872,-0.808,-130448.3,0.041,7.66
G_WIDE,BRK_4H,LONG,sym_vol,hi,VALID,16864,189.48,0.407,-0.0741,0.97076,-46404.5,-521.4,0.917,-0.789,-47698.3,0.043,8.24
G_WIDE,BRK_4H,LONG,sym_vol,hi,TEST,18388,199.87,0.374,-0.1703,1.0,-80893.8,-879.28,0.853,-0.826,-101117.9,0.042,8.38
G_WIDE,BRK_4H,LONG,sym_vol,hi,HOLDOUT,17119,285.32,0.474,0.0847,0.02554,57963.4,966.06,1.001,-0.811,-36911.0,0.032,9.17
G_WIDE,OI_BUILD_BRK,LONG,sym_vol,hi,TRAIN,8231,44.73,0.408,-0.0416,0.91676,-4929.1,-26.79,0.897,-0.756,-28022.3,0.154,6.89
G_WIDE,OI_BUILD_BRK,LONG,sym_vol,hi,VALID,4625,51.97,0.406,-0.0514,0.92248,-17730.3,-199.22,0.912,-0.777,-22619.4,0.151,7.84
G_WIDE,OI_BUILD_BRK,LONG,sym_vol,hi,TEST,4643,50.47,0.393,-0.0878,0.9982,-7967.3,-86.6,0.872,-0.799,-21921.7,0.153,7.73
G_WIDE,OI_BUILD_BRK,LONG,sym_vol,hi,HOLDOUT,4679,77.98,0.469,0.1029,0.00875,27165.4,452.76,0.986,-0.816,-13955.1,0.11,8.55
G_WIDE,EARLY_BRK,LONG,sym_vol,hi,TRAIN,16783,91.21,0.382,-0.1904,1.0,-76309.8,-414.73,0.86,-0.839,-77446.0,0.075,6.83
G_WIDE,EARLY_BRK,LONG,sym_vol,hi,VALID,6895,77.47,0.42,-0.0656,0.90574,-8833.7,-99.26,0.933,-0.799,-17721.1,0.096,7.46
G_WIDE,EARLY_BRK,LONG,sym_vol,hi,TEST,8992,97.74,0.361,-0.2218,1.0,-49321.8,-536.11,0.852,-0.84,-57182.5,0.081,7.89
G_WIDE,EARLY_BRK,LONG,sym_vol,hi,HOLDOUT,7634,127.23,0.448,-0.007,0.55649,2020.7,33.68,0.972,-0.819,-13982.7,0.065,8.28
G_WIDE,PULLBACK_CONT,SHORT,sym_vol,hi,TRAIN,26660,144.89,0.429,-0.0631,0.96623,-45495.4,-247.26,0.918,-0.779,-73474.5,0.045,6.51
G_WIDE,PULLBACK_CONT,SHORT,sym_vol,hi,VALID,12927,145.25,0.435,-0.0386,0.78054,-30921.0,-347.43,0.918,-0.779,-72980.4,0.049,7.12
G_WIDE,PULLBACK_CONT,SHORT,sym_vol,hi,TEST,14280,155.22,0.479,0.04,0.19273,33388.7,362.92,0.979,-0.748,-24915.6,0.046,7.08
G_WIDE,PULLBACK_CONT,SHORT,sym_vol,hi,HOLDOUT,11186,186.43,0.389,-0.1749,0.99999,-52698.2,-878.3,0.892,-0.829,-54090.2,0.039,7.27
G_WIDE,ANY,SHORT,sym_vol,hi,TRAIN,80604,438.07,0.453,-0.0228,0.79995,-74525.6,-405.03,0.914,-0.766,-162819.7,0.015,6.57
G_WIDE,ANY,SHORT,sym_vol,hi,VALID,40848,458.97,0.457,-0.0254,0.77676,-50858.5,-571.44,0.892,-0.768,-169700.7,0.015,6.84
G_WIDE,ANY,SHORT,sym_vol,hi,TEST,43991,478.16,0.464,-0.0099,0.61736,-14961.9,-162.63,0.923,-0.761,-83753.9,0.014,6.92
G_WIDE,ANY,SHORT,sym_vol,hi,HOLDOUT,36367,606.12,0.377,-0.2171,1.0,-256512.3,-4275.2,0.838,-0.831,-258524.6,0.013,7.67
G_WIDE,OI_PRICE,LONG,sym_vol,hi,TRAIN,11583,62.95,0.419,-0.0374,0.8638,1554.2,8.45,0.861,-0.746,-39089.4,0.106,6.65
G_WIDE,OI_PRICE,LONG,sym_vol,hi,VALID,6451,72.48,0.426,-0.0351,0.82756,-10232.0,-114.97,0.88,-0.75,-23355.9,0.103,7.44
G_WIDE,OI_PRICE,LONG,sym_vol,hi,TEST,7070,76.85,0.394,-0.0954,0.99809,-21160.3,-230.0,0.829,-0.773,-39433.3,0.094,7.21
G_WIDE,OI_PRICE,LONG,sym_vol,hi,HOLDOUT,6035,100.58,0.468,0.0946,0.00719,32119.6,535.33,0.957,-0.789,-17664.7,0.075,7.52
G_WIDE,PULLBACK_CONT,LONG,sym_vol,lo,TRAIN,29654,161.16,0.375,-0.1924,1.0,-115618.5,-628.36,0.895,-0.843,-123431.0,0.042,6.72
G_WIDE,PULLBACK_CONT,LONG,sym_vol,lo,VALID,15773,177.22,0.417,-0.093,0.98444,-14226.3,-159.85,0.926,-0.798,-34401.4,0.042,7.49
G_WIDE,PULLBACK_CONT,LONG,sym_vol,lo,TEST,16764,182.22,0.406,-0.1318,0.99994,-36697.2,-398.88,0.93,-0.822,-47414.9,0.041,7.54
G_WIDE,PULLBACK_CONT,LONG,sym_vol,lo,HOLDOUT,8966,149.43,0.42,-0.114,0.99225,-9056.1,-150.93,0.942,-0.824,-24264.0,0.053,7.85
G_WIDE,SWEEP_RECLAIM,LONG,sym_vol,lo,TRAIN,17209,93.53,0.415,-0.1023,0.99177,-36584.3,-198.83,0.922,-0.855,-42104.4,0.072,6.72
G_WIDE,SWEEP_RECLAIM,LONG,sym_vol,lo,VALID,10290,115.62,0.426,-0.0732,0.91232,-5151.1,-57.88,0.932,-0.823,-22273.5,0.066,7.65
G_WIDE,SWEEP_RECLAIM,LONG,sym_vol,lo,TEST,8527,92.68,0.444,-0.0477,0.85878,-5702.5,-61.98,0.959,-0.834,-12496.4,0.084,7.77
G_WIDE,SWEEP_RECLAIM,LONG,sym_vol,lo,HOLDOUT,4472,74.53,0.425,-0.1071,0.98284,-9518.8,-158.65,0.942,-0.885,-12035.0,0.102,7.63
G_WIDE,ACCEL,LONG,sym_vol,hi,TRAIN,10435,56.71,0.39,-0.1299,0.9968,-26389.6,-143.42,0.848,-0.785,-59764.3,0.122,6.91
G_WIDE,ACCEL,LONG,sym_vol,hi,VALID,5631,63.27,0.431,-0.0298,0.70181,-5393.0,-60.6,0.894,-0.75,-29481.3,0.119,7.52
G_WIDE,ACCEL,LONG,sym_vol,hi,TEST,5291,57.51,0.383,-0.1453,0.99976,-13938.0,-151.5,0.839,-0.791,-27935.1,0.129,7.4
G_WIDE,ACCEL,LONG,sym_vol,hi,HOLDOUT,4859,80.98,0.471,0.0839,0.0366,21940.5,365.68,0.963,-0.791,-11228.7,0.102,8.27
G_WIDE,SWEEP_RECLAIM,SHORT,sym_vol,hi,TRAIN,11840,64.35,0.496,0.0507,0.1127,3544.2,19.26,0.896,-0.747,-29564.1,0.097,6.22
G_WIDE,SWEEP_RECLAIM,SHORT,sym_vol,hi,VALID,6601,74.17,0.481,-0.0166,0.65525,-4086.1,-45.91,0.865,-0.768,-25733.5,0.089,6.6
G_WIDE,SWEEP_RECLAIM,SHORT,sym_vol,hi,TEST,6463,70.25,0.472,-0.0241,0.76635,-17101.4,-185.88,0.888,-0.751,-21513.2,0.095,6.65
G_WIDE,SWEEP_RECLAIM,SHORT,sym_vol,hi,HOLDOUT,7385,123.08,0.361,-0.2606,1.0,-71707.1,-1195.12,0.848,-0.855,-74257.9,0.063,7.73
G_WIDE,TREND_TRANS,SHORT,sym_vol,lo,TRAIN,12849,69.83,0.449,-0.0302,0.78635,-4071.2,-22.13,0.985,-0.799,-18354.6,0.089,6.22
G_WIDE,TREND_TRANS,SHORT,sym_vol,lo,VALID,6953,78.12,0.44,-0.0448,0.81754,-9349.7,-105.05,0.965,-0.792,-15215.3,0.091,7.11
G_WIDE,TREND_TRANS,SHORT,sym_vol,lo,TEST,7330,79.67,0.416,-0.1445,0.99975,-15964.5,-173.53,0.957,-0.825,-18818.1,0.091,7.23
G_WIDE,TREND_TRANS,SHORT,sym_vol,lo,HOLDOUT,3957,65.95,0.41,-0.1924,0.99999,-10519.7,-175.33,0.939,-0.833,-13728.7,0.119,7.83
G_WIDE,BRK_4H,LONG,sym_vol,lo,TRAIN,41075,223.23,0.395,-0.1546,1.0,-132933.8,-722.47,0.917,-0.834,-139832.5,0.037,8.36
G_WIDE,BRK_4H,LONG,sym_vol,lo,VALID,22553,253.4,0.402,-0.121,0.99874,-36958.9,-415.27,0.936,-0.823,-50684.7,0.036,9.11
G_WIDE,BRK_4H,LONG,sym_vol,lo,TEST,23175,251.9,0.394,-0.1704,1.0,-64382.4,-699.81,0.934,-0.84,-74545.1,0.035,8.83
G_WIDE,BRK_4H,LONG,sym_vol,lo,HOLDOUT,12757,212.62,0.417,-0.1361,0.9971,-12913.5,-215.22,0.968,-0.831,-35768.9,0.044,9.3
G_WIDE,FUNDING_SQUEEZE,LONG,sym_vol,hi,TRAIN,2493,13.55,0.398,-0.0383,0.81894,5918.3,32.16,0.903,-0.792,-6932.4,0.334,4.52
G_WIDE,FUNDING_SQUEEZE,LONG,sym_vol,hi,VALID,1346,15.12,0.37,-0.1078,0.98519,-9913.9,-111.39,0.852,-0.816,-10493.1,0.371,5.62
G_WIDE,FUNDING_SQUEEZE,LONG,sym_vol,hi,TEST,689,7.49,0.415,-0.0029,0.5172,1755.7,19.08,0.952,-0.806,-3903.4,0.43,3.22
G_WIDE,FUNDING_SQUEEZE,LONG,sym_vol,hi,HOLDOUT,153,2.55,0.294,-0.2524,0.99464,-2733.4,-45.56,0.825,-0.866,-2865.5,0.51,1.3
G_WIDE,TREND_TRANS,LONG,sym_vol,hi,TRAIN,10569,57.44,0.398,-0.1311,0.99929,-42417.4,-230.53,0.858,-0.795,-47458.1,0.108,6.22
G_WIDE,TREND_TRANS,LONG,sym_vol,hi,VALID,5085,57.13,0.435,-0.0153,0.61486,1494.8,16.8,0.916,-0.752,-12580.4,0.123,7.03
G_WIDE,TREND_TRANS,LONG,sym_vol,hi,TEST,5846,63.54,0.382,-0.155,0.99958,-26937.0,-292.79,0.845,-0.811,-34932.9,0.11,7.0
G_WIDE,TREND_TRANS,LONG,sym_vol,hi,HOLDOUT,4604,76.73,0.445,0.0051,0.45466,3240.3,54.01,0.948,-0.814,-9959.4,0.099,7.57
G_WIDE,EARLY_BRK,LONG,sym_vol,lo,TRAIN,28814,156.6,0.397,-0.1631,1.0,-82956.3,-450.85,0.932,-0.84,-88704.1,0.05,7.76
G_WIDE,EARLY_BRK,LONG,sym_vol,lo,VALID,16053,180.37,0.397,-0.1535,0.99978,-31436.3,-353.22,0.93,-0.84,-40251.8,0.049,8.8
G_WIDE,EARLY_BRK,LONG,sym_vol,lo,TEST,17063,185.47,0.396,-0.1877,1.0,-42156.0,-458.22,0.946,-0.846,-50070.4,0.046,8.47
G_WIDE,EARLY_BRK,LONG,sym_vol,lo,HOLDOUT,9488,158.13,0.397,-0.2197,1.0,-20762.4,-346.04,0.954,-0.848,-27579.9,0.057,9.0
G_WIDE,BRK_24H,LONG,sym_vol,hi,TRAIN,10447,56.78,0.378,-0.1396,0.99964,-35091.7,-190.72,0.856,-0.781,-45000.7,0.12,6.8
G_WIDE,BRK_24H,LONG,sym_vol,hi,VALID,5868,65.93,0.377,-0.1318,0.9985,-31836.3,-357.71,0.883,-0.789,-34543.7,0.114,7.52
G_WIDE,BRK_24H,LONG,sym_vol,hi,TEST,5646,61.37,0.39,-0.1103,0.99959,-10988.8,-119.44,0.863,-0.796,-21309.8,0.123,7.55
G_WIDE,BRK_24H,LONG,sym_vol,hi,HOLDOUT,6590,109.83,0.503,0.1664,0.00272,46398.4,773.31,1.038,-0.822,-21896.6,0.078,8.53
G_WIDE,CHANGE_POINT,SHORT,sym_vol,hi,TRAIN,5822,31.64,0.5,0.0249,0.3163,6444.6,35.03,0.884,-0.703,-13102.0,0.163,5.16
G_WIDE,CHANGE_POINT,SHORT,sym_vol,hi,VALID,3520,39.55,0.457,-0.0825,0.85859,-15759.6,-177.07,0.771,-0.739,-25149.4,0.141,5.56
G_WIDE,CHANGE_POINT,SHORT,sym_vol,hi,TEST,3729,40.53,0.471,-0.0339,0.72772,-6813.8,-74.06,0.842,-0.729,-10574.0,0.138,5.61
G_WIDE,CHANGE_POINT,SHORT,sym_vol,hi,HOLDOUT,3401,56.68,0.384,-0.2437,1.0,-41359.8,-689.33,0.702,-0.776,-42169.4,0.103,5.85
G_WIDE,BRK_4H,SHORT,sym_vol,lo,TRAIN,42725,232.2,0.431,-0.0703,0.98079,-50614.5,-275.08,0.987,-0.819,-75718.9,0.032,7.47
G_WIDE,BRK_4H,SHORT,sym_vol,lo,VALID,23923,268.8,0.438,-0.0577,0.90318,-35210.4,-395.62,0.977,-0.814,-49937.5,0.031,8.21
G_WIDE,BRK_4H,SHORT,sym_vol,lo,TEST,23341,253.71,0.409,-0.1559,0.99998,-53967.3,-586.6,0.966,-0.836,-59677.6,0.033,8.28
G_WIDE,BRK_4H,SHORT,sym_vol,lo,HOLDOUT,11968,199.47,0.411,-0.1829,1.0,-25099.2,-418.32,0.987,-0.835,-35226.6,0.043,8.58
G_WIDE,MTF_BRK,SHORT,sym_vol,lo,TRAIN,21768,118.3,0.416,-0.0953,0.98977,-47078.1,-255.86,0.978,-0.83,-58793.4,0.063,7.41
G_WIDE,MTF_BRK,SHORT,sym_vol,lo,VALID,13253,148.91,0.425,-0.0914,0.958,-30512.1,-342.83,0.971,-0.826,-34095.1,0.055,8.26
G_WIDE,MTF_BRK,SHORT,sym_vol,lo,TEST,12060,131.09,0.393,-0.1737,0.99997,-36084.1,-392.22,0.959,-0.845,-38553.6,0.065,8.48
G_WIDE,MTF_BRK,SHORT,sym_vol,lo,HOLDOUT,6032,100.53,0.407,-0.1726,0.99988,-10835.5,-180.59,1.006,-0.838,-16501.2,0.084,8.48
G_WIDE,FUNDING_SQUEEZE,SHORT,sym_vol,lo,TRAIN,220,1.2,0.432,-0.0434,0.68875,617.6,3.36,0.94,-0.942,-738.1,0.618,0.74
G_WIDE,FUNDING_SQUEEZE,SHORT,sym_vol,lo,VALID,146,1.64,0.507,0.187,0.05671,985.6,11.07,1.247,-0.802,-607.8,0.603,0.99
G_WIDE,FUNDING_SQUEEZE,SHORT,sym_vol,lo,TEST,91,0.99,0.418,-0.0287,0.58063,-70.7,-0.77,1.058,-0.843,-450.9,0.593,0.59
G_WIDE,FUNDING_SQUEEZE,SHORT,sym_vol,lo,HOLDOUT,29,0.48,0.345,-0.3508,0.93032,-81.6,-1.36,1.012,-0.854,-396.7,0.586,0.28
G_WIDE,MTF_BRK,LONG,sym_vol,hi,TRAIN,14597,79.33,0.384,-0.1361,0.9999,-51693.4,-280.94,0.869,-0.799,-64429.0,0.088,6.98
G_WIDE,MTF_BRK,LONG,sym_vol,hi,VALID,8530,95.84,0.375,-0.1408,0.99989,-46956.0,-527.6,0.889,-0.798,-47667.8,0.083,7.91
G_WIDE,MTF_BRK,LONG,sym_vol,hi,TEST,8222,89.37,0.384,-0.1282,0.99995,-21037.8,-228.67,0.878,-0.808,-38194.2,0.089,7.92
G_WIDE,MTF_BRK,LONG,sym_vol,hi,HOLDOUT,9239,153.98,0.495,0.1455,0.00413,56882.9,948.05,1.034,-0.815,-29660.2,0.054,8.35
G_WIDE,BRK_4H,SHORT,sym_vol,hi,TRAIN,36104,196.22,0.444,-0.0288,0.77905,-36181.4,-196.64,0.938,-0.778,-73465.8,0.033,6.54
G_WIDE,BRK_4H,SHORT,sym_vol,hi,VALID,17491,196.53,0.445,-0.038,0.80106,-27607.9,-310.2,0.905,-0.784,-78092.9,0.036,7.15
G_WIDE,BRK_4H,SHORT,sym_vol,hi,TEST,19506,212.02,0.449,-0.0287,0.75171,-16375.8,-178.0,0.929,-0.786,-43472.3,0.035,7.37
G_WIDE,BRK_4H,SHORT,sym_vol,hi,HOLDOUT,13810,230.17,0.372,-0.2276,1.0,-91886.2,-1531.44,0.826,-0.841,-93182.2,0.032,7.28
G_WIDE,BRK_24H,SHORT,sym_vol,hi,TRAIN,11977,65.09,0.411,-0.0933,0.95811,-48775.1,-265.08,0.924,-0.787,-65664.5,0.086,5.62
G_WIDE,BRK_24H,SHORT,sym_vol,hi,VALID,5194,58.36,0.39,-0.1515,0.96448,-25845.6,-290.4,0.866,-0.822,-48517.4,0.11,6.43
G_WIDE,BRK_24H,SHORT,sym_vol,hi,TEST,5693,61.88,0.455,-0.0204,0.62802,-566.1,-6.15,0.927,-0.772,-13776.0,0.107,6.62
G_WIDE,BRK_24H,SHORT,sym_vol,hi,HOLDOUT,3499,58.32,0.375,-0.2256,0.99997,-20075.5,-334.59,0.811,-0.829,-20611.1,0.105,6.15
G_WIDE,MTF_BRK,SHORT,sym_vol,hi,TRAIN,17804,96.76,0.416,-0.0789,0.95403,-50629.5,-275.16,0.934,-0.793,-68542.6,0.067,6.44
G_WIDE,MTF_BRK,SHORT,sym_vol,hi,VALID,7701,86.53,0.423,-0.0684,0.83482,-15026.7,-168.84,0.918,-0.809,-52902.0,0.085,7.39
G_WIDE,MTF_BRK,SHORT,sym_vol,hi,TEST,9329,101.4,0.461,0.0118,0.41494,10561.8,114.8,0.968,-0.778,-20347.9,0.072,7.3
G_WIDE,MTF_BRK,SHORT,sym_vol,hi,HOLDOUT,6117,101.95,0.364,-0.24,1.0,-40546.9,-675.78,0.852,-0.856,-40625.7,0.069,7.0
G_WIDE,CHANGE_POINT,LONG,sym_vol,hi,TRAIN,6842,37.18,0.4,-0.134,0.9903,-27677.9,-150.42,0.785,-0.767,-38549.0,0.163,6.08
G_WIDE,CHANGE_POINT,LONG,sym_vol,hi,VALID,3163,35.54,0.454,-0.0075,0.54308,7327.2,82.33,0.892,-0.723,-16202.0,0.188,6.67
G_WIDE,CHANGE_POINT,LONG,sym_vol,hi,TEST,3458,37.59,0.396,-0.1311,0.99875,-11046.1,-120.07,0.779,-0.769,-20866.7,0.175,6.57
G_WIDE,CHANGE_POINT,LONG,sym_vol,hi,HOLDOUT,2776,46.27,0.447,0.029,0.29194,6324.8,105.41,0.888,-0.772,-8008.8,0.176,8.13
G_WIDE,VOL_PRICE,LONG,sym_vol,hi,TRAIN,9789,53.2,0.404,-0.0921,0.98893,-15987.8,-86.89,0.89,-0.792,-35242.0,0.131,6.97
G_WIDE,VOL_PRICE,LONG,sym_vol,hi,VALID,5811,65.29,0.441,-0.0042,0.52778,-3059.5,-34.38,0.915,-0.743,-35139.8,0.115,7.53
G_WIDE,VOL_PRICE,LONG,sym_vol,hi,TEST,5773,62.75,0.401,-0.1069,0.99912,-9438.6,-102.59,0.863,-0.793,-23786.4,0.122,7.65
G_WIDE,VOL_PRICE,LONG,sym_vol,hi,HOLDOUT,4842,80.7,0.481,0.1005,0.00708,25110.6,418.51,0.989,-0.781,-8376.9,0.1,8.1
G_WIDE,SWEEP_RECLAIM,LONG,sym_vol,hi,TRAIN,13506,73.4,0.447,-0.0331,0.75597,3697.7,20.1,0.888,-0.813,-29934.9,0.08,5.88
G_WIDE,SWEEP_RECLAIM,LONG,sym_vol,hi,VALID,5837,65.58,0.441,-0.018,0.5967,-17076.6,-191.87,0.907,-0.772,-53344.2,0.104,6.81
G_WIDE,SWEEP_RECLAIM,LONG,sym_vol,hi,TEST,6414,69.72,0.427,-0.0858,0.936,-17943.0,-195.03,0.89,-0.796,-29433.3,0.096,6.68
G_WIDE,SWEEP_RECLAIM,LONG,sym_vol,hi,HOLDOUT,4152,69.2,0.481,0.0562,0.17724,1896.0,31.6,0.947,-0.758,-12917.1,0.1,6.95
G_WIDE,VOL_PRICE,SHORT,sym_vol,hi,TRAIN,11474,62.36,0.455,-0.0278,0.73876,-22413.6,-121.81,0.912,-0.766,-32986.2,0.1,6.21
G_WIDE,VOL_PRICE,SHORT,sym_vol,hi,VALID,6090,68.43,0.436,-0.0799,0.92895,-21729.1,-244.15,0.839,-0.783,-40797.1,0.101,6.9
G_WIDE,VOL_PRICE,SHORT,sym_vol,hi,TEST,7362,80.02,0.459,-0.0322,0.76096,-8834.4,-96.03,0.892,-0.759,-16655.7,0.086,6.85
G_WIDE,VOL_PRICE,SHORT,sym_vol,hi,HOLDOUT,6038,100.63,0.402,-0.1853,1.0,-46556.1,-775.94,0.806,-0.802,-47310.0,0.07,7.07
G_WIDE,CAPITULATION_REV,SHORT,sym_vol,hi,TRAIN,1373,7.46,0.451,-0.0663,0.76924,-7504.1,-40.78,0.798,-0.81,-10105.7,0.551,4.11
G_WIDE,CAPITULATION_REV,SHORT,sym_vol,hi,VALID,758,8.52,0.482,0.0083,0.45761,1221.4,13.72,0.866,-0.791,-2914.6,0.557,4.74
G_WIDE,CAPITULATION_REV,SHORT,sym_vol,hi,TEST,708,7.7,0.473,-0.0517,0.89245,-3712.6,-40.35,0.847,-0.75,-5300.7,0.564,4.34
G_WIDE,CAPITULATION_REV,SHORT,sym_vol,hi,HOLDOUT,795,13.25,0.416,-0.1499,0.9947,-6023.2,-100.39,0.869,-0.805,-7237.8,0.459,6.08
G_WIDE,SQUEEZE_EXP,LONG,mkt_oi,down,TRAIN,1205,6.55,0.53,0.1738,0.13837,8033.2,43.66,1.034,-0.663,-7140.2,0.11,0.72
G_WIDE,SQUEEZE_EXP,LONG,mkt_oi,down,VALID,1002,11.26,0.447,-0.016,0.57703,771.8,8.67,0.961,-0.799,-3152.7,0.143,1.61
G_WIDE,SQUEEZE_EXP,LONG,mkt_oi,down,TEST,489,5.32,0.382,-0.2301,0.93392,-3845.6,-41.8,0.771,-0.832,-4870.7,0.137,0.73
G_WIDE,SQUEEZE_EXP,LONG,mkt_oi,down,HOLDOUT,241,4.02,0.664,0.5328,0.00046,4639.2,77.32,1.191,-0.65,-576.9,0.1,0.4
G_WIDE,BRK_24H,SHORT,mkt_oi,down,TRAIN,1500,8.15,0.3,-0.3262,0.96112,-15008.5,-81.57,0.874,-0.861,-19940.2,0.086,0.7
G_WIDE,BRK_24H,SHORT,mkt_oi,down,VALID,2278,25.6,0.403,-0.1325,0.82638,-7268.9,-81.67,0.87,-0.806,-25972.3,0.057,1.46
G_WIDE,BRK_24H,SHORT,mkt_oi,down,TEST,971,10.55,0.562,0.2223,0.04702,9510.9,103.38,1.028,-0.669,-4947.5,0.062,0.65
G_WIDE,BRK_24H,SHORT,mkt_oi,down,HOLDOUT,177,2.95,0.113,-0.8291,1.0,-4829.6,-80.49,0.469,-1.039,-5124.8,0.113,0.33
G_WIDE,SWEEP_RECLAIM,LONG,mkt_oi,down,TRAIN,1689,9.18,0.558,0.2662,0.01002,20057.0,109.01,1.067,-0.722,-7382.7,0.078,0.72
G_WIDE,SWEEP_RECLAIM,LONG,mkt_oi,down,VALID,2613,29.36,0.402,-0.1169,0.81333,-23222.8,-260.93,0.859,-0.811,-36613.9,0.056,1.64
G_WIDE,SWEEP_RECLAIM,LONG,mkt_oi,down,TEST,1092,11.87,0.399,-0.2232,0.93982,-9620.8,-104.57,0.781,-0.821,-12131.3,0.063,0.75
G_WIDE,SWEEP_RECLAIM,LONG,mkt_oi,down,HOLDOUT,231,3.85,0.792,0.6767,2e-05,5902.6,98.38,1.211,-0.548,-309.8,0.074,0.28
G_WIDE,ANY,LONG,mkt_oi,down,TRAIN,9988,54.28,0.497,0.0965,0.13045,33860.6,184.02,0.957,-0.743,-29957.0,0.016,0.86
G_WIDE,ANY,LONG,mkt_oi,down,VALID,10041,112.82,0.458,0.0072,0.46878,9167.7,103.01,0.919,-0.751,-61150.8,0.014,1.63
G_WIDE,ANY,LONG,mkt_oi,down,TEST,4122,44.8,0.287,-0.4208,0.99999,-62877.6,-683.45,0.688,-0.895,-65070.0,0.017,0.78
G_WIDE,ANY,LONG,mkt_oi,down,HOLDOUT,2386,39.77,0.618,0.3846,0.00264,25504.0,425.07,1.104,-0.648,-7085.2,0.01,0.4
G_WIDE,TREND_TRANS,LONG,mkt_oi,down,TRAIN,1635,8.89,0.501,0.1102,0.2069,2464.9,13.4,0.99,-0.741,-6461.2,0.076,0.68
G_WIDE,TREND_TRANS,LONG,mkt_oi,down,VALID,1380,15.51,0.503,0.0898,0.27555,9543.9,107.24,0.975,-0.73,-4735.0,0.086,1.34
G_WIDE,TREND_TRANS,LONG,mkt_oi,down,TEST,531,5.77,0.205,-0.5817,0.99998,-10902.6,-118.51,0.595,-0.96,-11034.5,0.124,0.72
G_WIDE,TREND_TRANS,LONG,mkt_oi,down,HOLDOUT,439,7.32,0.631,0.4266,0.00473,5255.9,87.6,1.154,-0.661,-1722.7,0.039,0.28
G_WIDE,BRK_4H,SHORT,mkt_oi,down,TRAIN,3869,21.03,0.303,-0.3411,0.99894,-42485.2,-230.9,0.792,-0.878,-47845.9,0.036,0.77
G_WIDE,BRK_4H,SHORT,mkt_oi,down,VALID,4529,50.89,0.448,-0.0199,0.57779,-2662.4,-29.91,0.949,-0.785,-24832.8,0.03,1.52
G_WIDE,BRK_4H,SHORT,mkt_oi,down,TEST,2506,27.24,0.628,0.4294,0.00147,40124.8,436.14,1.177,-0.651,-7099.1,0.025,0.67
G_WIDE,BRK_4H,SHORT,mkt_oi,down,HOLDOUT,783,13.05,0.176,-0.719,1.0,-15987.5,-266.46,0.58,-0.988,-16130.7,0.024,0.32
G_WIDE,ANY,SHORT,mkt_oi,down,TRAIN,9065,49.27,0.327,-0.2994,0.99995,-87666.5,-476.45,0.783,-0.847,-100559.8,0.016,0.77
G_WIDE,ANY,SHORT,mkt_oi,down,VALID,9698,108.97,0.419,-0.0959,0.87252,-44310.2,-497.87,0.892,-0.795,-71194.5,0.014,1.51
G_WIDE,ANY,SHORT,mkt_oi,down,TEST,4955,53.86,0.627,0.4096,0.00041,76139.8,827.61,1.142,-0.626,-12182.3,0.012,0.66
G_WIDE,ANY,SHORT,mkt_oi,down,HOLDOUT,2243,37.38,0.211,-0.636,1.0,-42898.7,-714.98,0.594,-0.951,-43602.4,0.013,0.48
G_WIDE,MTF_BRK,SHORT,mkt_oi,down,TRAIN,2554,13.88,0.278,-0.3909,0.99862,-31345.0,-170.35,0.809,-0.887,-33339.3,0.056,0.78
G_WIDE,MTF_BRK,SHORT,mkt_oi,down,VALID,3116,35.01,0.441,-0.0365,0.62925,-2440.8,-27.42,0.963,-0.788,-24145.7,0.043,1.52
G_WIDE,MTF_BRK,SHORT,mkt_oi,down,TEST,1756,19.09,0.616,0.3973,0.00058,24918.8,270.86,1.155,-0.664,-7501.9,0.035,0.66
G_WIDE,MTF_BRK,SHORT,mkt_oi,down,HOLDOUT,412,6.87,0.143,-0.7976,1.0,-8632.9,-143.88,0.526,-1.021,-8799.5,0.058,0.4
G_WIDE,ACCEL,SHORT,mkt_oi,down,TRAIN,825,4.48,0.419,-0.0603,0.59574,224.2,1.22,1.078,-0.769,-10115.0,0.167,0.75
G_WIDE,ACCEL,SHORT,mkt_oi,down,VALID,1396,15.69,0.413,-0.1078,0.71337,-7102.0,-79.8,0.83,-0.772,-24883.3,0.086,1.35
G_WIDE,ACCEL,SHORT,mkt_oi,down,TEST,725,7.88,0.514,0.1672,0.12772,5414.5,58.85,1.003,-0.676,-4861.1,0.076,0.6
G_WIDE,ACCEL,SHORT,mkt_oi,down,HOLDOUT,175,2.92,0.24,-0.6058,0.9993,-3389.4,-56.49,0.505,-0.934,-3626.1,0.131,0.38
G_WIDE,ACCEL,SHORT,sym_vol,hi,TRAIN,8257,44.88,0.456,-0.0389,0.77481,-17792.9,-96.7,0.886,-0.759,-27082.7,0.124,5.54
G_WIDE,ACCEL,SHORT,sym_vol,hi,VALID,4618,51.89,0.426,-0.0981,0.93003,-17846.0,-200.52,0.813,-0.772,-37640.7,0.122,6.35
G_WIDE,ACCEL,SHORT,sym_vol,hi,TEST,5466,59.41,0.471,-0.0084,0.55979,-1605.1,-17.45,0.891,-0.748,-11334.7,0.101,6.01
G_WIDE,ACCEL,SHORT,sym_vol,hi,HOLDOUT,4192,69.87,0.394,-0.2027,0.99999,-36390.6,-606.51,0.752,-0.789,-40049.4,0.088,6.13
G_WIDE,PULLBACK_CONT,LONG,mkt_oi,down,TRAIN,2937,15.96,0.496,0.0983,0.22568,7334.4,39.86,0.982,-0.738,-11018.2,0.046,0.74
G_WIDE,PULLBACK_CONT,LONG,mkt_oi,down,VALID,2217,24.91,0.44,-0.0186,0.555,4833.8,54.31,0.891,-0.752,-13434.7,0.056,1.4
G_WIDE,PULLBACK_CONT,LONG,mkt_oi,down,TEST,849,9.23,0.27,-0.4566,0.99983,-12590.1,-136.85,0.676,-0.932,-13904.6,0.072,0.66
G_WIDE,PULLBACK_CONT,LONG,mkt_oi,down,HOLDOUT,704,11.73,0.575,0.3032,0.02342,4854.3,80.91,1.076,-0.656,-2276.1,0.038,0.45
G_WIDE,CAPITULATION_REV,SHORT,mkt_oi,down,TRAIN,91,0.49,0.429,-0.0446,0.60511,-595.5,-3.24,0.827,-0.744,-1335.8,0.846,0.42
G_WIDE,CAPITULATION_REV,SHORT,mkt_oi,down,VALID,159,1.79,0.384,-0.2572,0.98424,-1406.1,-15.8,0.718,-0.936,-2144.8,0.56,1.0
G_WIDE,CAPITULATION_REV,SHORT,mkt_oi,down,TEST,34,0.37,0.265,-0.4467,0.99973,-1046.2,-11.37,0.796,-0.833,-1067.6,0.676,0.25
G_WIDE,CAPITULATION_REV,SHORT,mkt_oi,down,HOLDOUT,37,0.62,0.405,-0.2531,0.89052,-246.2,-4.1,0.827,-0.836,-663.8,0.432,0.27
G_WIDE,SQUEEZE_EXP,SHORT,mkt_oi,down,TRAIN,925,5.03,0.324,-0.3117,0.97404,-8442.3,-45.88,0.72,-0.878,-12524.6,0.139,0.7
G_WIDE,SQUEEZE_EXP,SHORT,mkt_oi,down,VALID,972,10.92,0.361,-0.2614,0.9783,-6024.9,-67.7,0.899,-0.838,-6932.8,0.135,1.47
G_WIDE,SQUEEZE_EXP,SHORT,mkt_oi,down,TEST,478,5.2,0.515,0.176,0.17264,2771.9,30.13,1.038,-0.706,-2491.4,0.126,0.65
G_WIDE,SQUEEZE_EXP,SHORT,mkt_oi,down,HOLDOUT,224,3.73,0.241,-0.5751,0.99998,-4447.4,-74.12,0.61,-0.948,-4581.7,0.098,0.37
G_WIDE,SQUEEZE_EXP,SHORT,sym_vol,hi,TRAIN,8795,47.8,0.444,-0.0448,0.8029,-8686.9,-47.21,0.898,-0.787,-22492.2,0.126,6.01
G_WIDE,SQUEEZE_EXP,SHORT,sym_vol,hi,VALID,4447,49.97,0.474,0.0118,0.42524,-688.0,-7.73,0.934,-0.776,-15289.6,0.127,6.33
G_WIDE,SQUEEZE_EXP,SHORT,sym_vol,hi,TEST,4592,49.91,0.43,-0.0852,0.93118,-11950.7,-129.9,0.885,-0.803,-16805.7,0.137,6.82
G_WIDE,SQUEEZE_EXP,SHORT,sym_vol,hi,HOLDOUT,3994,66.57,0.369,-0.2469,1.0,-30174.7,-502.91,0.839,-0.843,-32177.5,0.107,7.13
G_WIDE,PULLBACK_CONT,SHORT,mkt_oi,down,TRAIN,4056,22.04,0.322,-0.3205,0.99999,-34255.3,-186.17,0.77,-0.844,-39680.7,0.034,0.74
G_WIDE,PULLBACK_CONT,SHORT,mkt_oi,down,VALID,3902,43.84,0.414,-0.1042,0.84468,-30475.9,-342.43,0.9,-0.785,-38422.5,0.034,1.48
G_WIDE,PULLBACK_CONT,SHORT,mkt_oi,down,TEST,2004,21.78,0.688,0.5608,3e-05,43088.5,468.35,1.224,-0.561,-3355.8,0.032,0.71
G_WIDE,PULLBACK_CONT,SHORT,mkt_oi,down,HOLDOUT,884,14.73,0.189,-0.6858,1.0,-16056.3,-267.6,0.611,-0.984,-16273.1,0.037,0.55
G_WIDE,CHANGE_POINT,SHORT,mkt_oi,down,TRAIN,528,2.87,0.458,0.0062,0.49254,5671.8,30.82,0.964,-0.708,-7750.9,0.227,0.65
G_WIDE,CHANGE_POINT,SHORT,mkt_oi,down,VALID,799,8.98,0.428,-0.1023,0.64316,-10166.7,-114.23,0.752,-0.772,-16778.1,0.139,1.25
G_WIDE,CHANGE_POINT,SHORT,mkt_oi,down,TEST,373,4.05,0.464,0.0129,0.47484,-1944.1,-21.13,0.849,-0.732,-6445.4,0.147,0.6
G_WIDE,CHANGE_POINT,SHORT,mkt_oi,down,HOLDOUT,147,2.45,0.218,-0.5998,0.999,-3796.8,-63.28,0.473,-0.895,-3811.4,0.163,0.4
G_WIDE,EARLY_BRK,SHORT,mkt_oi,down,TRAIN,802,4.36,0.204,-0.6413,1.0,-10399.3,-56.52,0.589,-0.997,-11668.9,0.14,0.61
G_WIDE,EARLY_BRK,SHORT,mkt_oi,down,VALID,1703,19.13,0.416,-0.1226,0.83013,-4200.6,-47.2,0.942,-0.837,-7649.4,0.067,1.28
G_WIDE,EARLY_BRK,SHORT,mkt_oi,down,TEST,664,7.22,0.643,0.4336,0.02827,8601.2,93.49,1.275,-0.643,-2665.2,0.09,0.65
G_WIDE,EARLY_BRK,SHORT,mkt_oi,down,HOLDOUT,330,5.5,0.215,-0.713,1.0,-3890.8,-64.85,0.639,-0.97,-3911.2,0.058,0.32
G_WIDE,EARLY_BRK,SHORT,sym_vol,hi,TRAIN,15517,84.33,0.451,-0.0198,0.67832,898.9,4.89,0.961,-0.787,-27212.9,0.071,6.02
G_WIDE,EARLY_BRK,SHORT,sym_vol,hi,VALID,8328,93.57,0.448,-0.0347,0.75636,-9295.3,-104.44,0.926,-0.791,-27118.3,0.072,6.73
G_WIDE,EARLY_BRK,SHORT,sym_vol,hi,TEST,9717,105.62,0.452,-0.0208,0.66686,-7584.3,-82.44,0.963,-0.792,-18352.7,0.067,7.04
G_WIDE,EARLY_BRK,SHORT,sym_vol,hi,HOLDOUT,7112,118.53,0.367,-0.2447,1.0,-39879.6,-664.66,0.849,-0.865,-41859.2,0.062,7.3
G_WIDE,BRK_4H,LONG,mkt_oi,down,TRAIN,4562,24.79,0.472,0.0441,0.3493,4747.7,25.8,0.965,-0.763,-14191.8,0.035,0.87
G_WIDE,BRK_4H,LONG,mkt_oi,down,VALID,3919,44.03,0.484,0.0854,0.25241,22385.9,251.53,0.976,-0.731,-11378.4,0.039,1.7
G_WIDE,BRK_4H,LONG,mkt_oi,down,TEST,1549,16.84,0.25,-0.4851,0.99997,-25491.7,-277.08,0.663,-0.919,-26454.9,0.046,0.78
G_WIDE,BRK_4H,LONG,mkt_oi,down,HOLDOUT,1370,22.83,0.592,0.3368,0.02081,11070.7,184.51,1.09,-0.675,-4892.7,0.02,0.45
G_WIDE,VOL_PRICE,LONG,mkt_oi,down,TRAIN,1145,6.22,0.443,0.0355,0.42641,5294.0,28.77,0.959,-0.832,-7474.2,0.131,0.82
G_WIDE,VOL_PRICE,LONG,mkt_oi,down,VALID,1686,18.94,0.504,0.1282,0.21601,9154.9,102.86,0.96,-0.659,-22084.2,0.094,1.78
G_WIDE,VOL_PRICE,LONG,mkt_oi,down,TEST,534,5.8,0.296,-0.3036,0.99892,-6384.6,-69.4,0.797,-0.847,-9204.7,0.125,0.73
G_WIDE,VOL_PRICE,LONG,mkt_oi,down,HOLDOUT,156,2.6,0.513,0.1499,0.04999,537.0,8.95,0.985,-0.776,-1320.4,0.179,0.47
G_WIDE,MTF_BRK,LONG,mkt_oi,down,TRAIN,812,4.41,0.547,0.2438,0.04914,7537.3,40.96,1.062,-0.691,-2647.0,0.163,0.72
G_WIDE,MTF_BRK,LONG,mkt_oi,down,VALID,1015,11.4,0.485,0.1337,0.15668,4741.7,53.28,1.019,-0.694,-4830.9,0.122,1.39
G_WIDE,MTF_BRK,LONG,mkt_oi,down,TEST,341,3.71,0.399,-0.1046,0.82018,-339.6,-3.69,0.859,-0.823,-2945.3,0.185,0.68
G_WIDE,MTF_BRK,LONG,mkt_oi,down,HOLDOUT,431,7.18,0.617,0.4124,0.00073,4164.9,69.42,1.147,-0.636,-942.1,0.049,0.35
G_WIDE,BRK_24H,LONG,mkt_oi,down,TRAIN,540,2.93,0.494,0.1501,0.15458,3799.6,20.65,0.999,-0.686,-1661.4,0.25,0.73
G_WIDE,BRK_24H,LONG,mkt_oi,down,VALID,686,7.71,0.531,0.2638,0.0176,5199.6,58.42,1.1,-0.643,-2960.1,0.185,1.43
G_WIDE,BRK_24H,LONG,mkt_oi,down,TEST,229,2.49,0.362,-0.1583,0.94888,71.9,0.78,0.833,-0.84,-2202.3,0.249,0.62
G_WIDE,BRK_24H,LONG,mkt_oi,down,HOLDOUT,311,5.18,0.598,0.3499,0.00082,3865.7,64.43,1.104,-0.668,-607.4,0.071,0.37
G_WIDE,ACCEL,LONG,mkt_oi,down,TRAIN,1631,8.86,0.398,-0.1073,0.71797,12510.6,67.99,0.857,-0.799,-18767.1,0.085,0.75
G_WIDE,ACCEL,LONG,mkt_oi,down,VALID,1703,19.13,0.55,0.1787,0.0713,14301.0,160.69,0.989,-0.66,-9634.4,0.097,1.85
G_WIDE,ACCEL,LONG,mkt_oi,down,TEST,463,5.03,0.279,-0.3317,0.99586,-5635.6,-61.26,0.73,-0.824,-8449.2,0.13,0.65
G_WIDE,ACCEL,LONG,mkt_oi,down,HOLDOUT,256,4.27,0.512,0.2024,0.02998,1474.1,24.57,0.998,-0.738,-1113.9,0.113,0.48
G_WIDE,OI_PRICE,LONG,mkt_oi,down,TRAIN,1375,7.47,0.486,0.0872,0.2587,11357.9,61.73,0.863,-0.681,-10583.8,0.102,0.76
G_WIDE,OI_PRICE,LONG,mkt_oi,down,VALID,1415,15.9,0.528,0.1367,0.08069,13536.4,152.09,0.936,-0.666,-9870.4,0.096,1.53
G_WIDE,OI_PRICE,LONG,mkt_oi,down,TEST,711,7.73,0.256,-0.4404,0.99904,-16540.0,-179.78,0.608,-0.881,-20060.9,0.082,0.63
G_WIDE,OI_PRICE,LONG,mkt_oi,down,HOLDOUT,382,6.37,0.539,0.2415,0.06341,2346.8,39.11,0.981,-0.697,-2695.3,0.058,0.37
G_WIDE,OI_BUILD_BRK,LONG,mkt_oi,down,TRAIN,742,4.03,0.476,0.1123,0.12247,3079.6,16.74,0.948,-0.72,-3666.0,0.195,0.79
G_WIDE,OI_BUILD_BRK,LONG,mkt_oi,down,VALID,824,9.26,0.53,0.2582,0.00068,9267.1,104.12,1.091,-0.646,-3151.0,0.175,1.62
G_WIDE,OI_BUILD_BRK,LONG,mkt_oi,down,TEST,310,3.37,0.284,-0.3386,0.95982,-6101.9,-66.32,0.7,-0.887,-8386.8,0.216,0.73
G_WIDE,OI_BUILD_BRK,LONG,mkt_oi,down,HOLDOUT,302,5.03,0.576,0.3313,0.00213,3562.1,59.37,1.057,-0.679,-1390.7,0.076,0.38
G_WIDE,EARLY_BRK,LONG,mkt_oi,down,TRAIN,2720,14.78,0.464,-0.0167,0.55578,-1231.3,-6.69,0.955,-0.79,-8131.2,0.054,0.8
G_WIDE,EARLY_BRK,LONG,mkt_oi,down,VALID,2153,24.19,0.44,-0.0369,0.60439,4047.9,45.48,0.919,-0.798,-6412.0,0.067,1.63
G_WIDE,EARLY_BRK,LONG,mkt_oi,down,TEST,910,9.89,0.245,-0.5308,0.99996,-12938.2,-140.63,0.659,-0.93,-12991.9,0.068,0.67
G_WIDE,EARLY_BRK,LONG,mkt_oi,down,HOLDOUT,851,14.18,0.637,0.4452,0.01246,8680.5,144.68,1.164,-0.647,-2096.9,0.026,0.37
G_WIDE,VOL_PRICE,SHORT,mkt_oi,down,TRAIN,1130,6.14,0.398,-0.1343,0.76017,-4738.6,-25.75,0.994,-0.828,-13516.6,0.121,0.74
G_WIDE,VOL_PRICE,SHORT,mkt_oi,down,VALID,1646,18.49,0.402,-0.137,0.79028,-10072.2,-113.17,0.826,-0.807,-23575.9,0.078,1.45
G_WIDE,VOL_PRICE,SHORT,mkt_oi,down,TEST,809,8.79,0.533,0.1505,0.11899,4455.8,48.43,1.005,-0.686,-5663.6,0.077,0.67
G_WIDE,VOL_PRICE,SHORT,mkt_oi,down,HOLDOUT,189,3.15,0.275,-0.5239,0.99994,-4911.2,-81.85,0.578,-0.873,-5278.6,0.095,0.3
G_WIDE,SWEEP_RECLAIM,SHORT,mkt_oi,down,TRAIN,558,3.03,0.355,-0.2534,0.99051,-5375.4,-29.21,0.763,-0.882,-6598.3,0.238,0.72
G_WIDE,SWEEP_RECLAIM,SHORT,mkt_oi,down,VALID,727,8.17,0.319,-0.3649,0.99996,-9104.7,-102.3,0.665,-0.911,-10854.0,0.175,1.43
G_WIDE,SWEEP_RECLAIM,SHORT,mkt_oi,down,TEST,280,3.04,0.464,-0.0165,0.56924,-1412.7,-15.36,0.951,-0.729,-2729.4,0.186,0.57
G_WIDE,SWEEP_RECLAIM,SHORT,mkt_oi,down,HOLDOUT,323,5.38,0.303,-0.4777,0.99999,-5118.0,-85.3,0.654,-0.895,-5914.7,0.08,0.43
G_WIDE,OI_COVER,SHORT,mkt_oi,down,TRAIN,1259,6.84,0.389,-0.1521,0.83011,-9124.4,-49.59,0.803,-0.765,-19486.2,0.106,0.73
G_WIDE,OI_COVER,SHORT,mkt_oi,down,VALID,1429,16.06,0.428,-0.0777,0.6713,-8873.4,-99.7,0.876,-0.761,-22544.4,0.077,1.24
G_WIDE,OI_COVER,SHORT,mkt_oi,down,TEST,830,9.02,0.598,0.3139,0.02322,14225.4,154.62,1.045,-0.638,-6327.2,0.064,0.58
G_WIDE,OI_COVER,SHORT,mkt_oi,down,HOLDOUT,274,4.57,0.23,-0.5315,0.99999,-8015.6,-133.59,0.52,-0.872,-8093.5,0.091,0.42
G_WIDE,OI_COVER,SHORT,sym_vol,hi,TRAIN,11616,63.13,0.458,-0.033,0.80078,-33563.6,-182.41,0.853,-0.734,-46409.8,0.084,5.32
G_WIDE,OI_COVER,SHORT,sym_vol,hi,VALID,6077,68.28,0.458,-0.0591,0.85894,-15374.1,-172.74,0.802,-0.728,-36920.2,0.085,5.8
G_WIDE,OI_COVER,SHORT,sym_vol,hi,TEST,7030,76.41,0.468,-0.0293,0.72602,-5479.1,-59.56,0.836,-0.739,-21042.9,0.077,5.86
G_WIDE,OI_COVER,SHORT,sym_vol,hi,HOLDOUT,5433,90.55,0.399,-0.2034,1.0,-52828.9,-880.48,0.706,-0.774,-53805.2,0.062,5.65
G_WIDE,BRK_24H,SHORT,sym_vol,lo,TRAIN,15403,83.71,0.409,-0.1133,0.99032,-44446.9,-241.56,0.962,-0.821,-57349.7,0.076,6.38
G_WIDE,BRK_24H,SHORT,sym_vol,lo,VALID,9674,108.7,0.415,-0.1175,0.9731,-30842.8,-346.55,0.943,-0.824,-31463.0,0.071,7.73
G_WIDE,BRK_24H,SHORT,sym_vol,lo,TEST,7749,84.23,0.385,-0.1929,0.99995,-28613.0,-311.01,0.917,-0.843,-30645.2,0.09,7.54
G_WIDE,BRK_24H,SHORT,sym_vol,lo,HOLDOUT,3882,64.7,0.401,-0.1879,0.99924,-7924.4,-132.07,0.992,-0.839,-12591.3,0.119,7.7
G_WIDE,TREND_TRANS,SHORT,mkt_oi,down,TRAIN,1062,5.77,0.357,-0.2639,0.99639,-10477.6,-56.94,0.774,-0.835,-12356.5,0.132,0.76
G_WIDE,TREND_TRANS,SHORT,mkt_oi,down,VALID,1158,13.01,0.479,0.0826,0.28196,-138.0,-1.55,0.936,-0.715,-5352.1,0.111,1.45
G_WIDE,TREND_TRANS,SHORT,mkt_oi,down,TEST,648,7.04,0.645,0.4226,0.02197,9916.2,107.78,1.142,-0.596,-2738.2,0.077,0.54
G_WIDE,TREND_TRANS,SHORT,mkt_oi,down,HOLDOUT,288,4.8,0.285,-0.4963,0.99272,-3680.9,-61.35,0.574,-0.859,-4704.0,0.076,0.37
G_WIDE,TREND_TRANS,SHORT,sym_vol,hi,TRAIN,10523,57.19,0.47,0.0149,0.36018,6677.5,36.29,0.935,-0.761,-22697.0,0.102,5.83
G_WIDE,TREND_TRANS,SHORT,sym_vol,hi,VALID,5571,62.6,0.474,0.0168,0.36637,-335.1,-3.77,0.908,-0.747,-14572.5,0.104,6.54
G_WIDE,TREND_TRANS,SHORT,sym_vol,hi,TEST,6152,66.87,0.437,-0.0689,0.90616,-15766.7,-171.38,0.887,-0.778,-22015.0,0.1,6.7
G_WIDE,TREND_TRANS,SHORT,sym_vol,hi,HOLDOUT,4849,80.82,0.385,-0.1976,0.99998,-24704.6,-411.74,0.82,-0.801,-26018.5,0.085,6.88
G_WIDE,MTF_BRK,LONG,sym_vol,lo,TRAIN,18701,101.64,0.385,-0.1771,1.0,-66834.8,-363.23,0.913,-0.833,-78074.0,0.071,7.26
G_WIDE,MTF_BRK,LONG,sym_vol,lo,VALID,10023,112.62,0.42,-0.0725,0.92426,-7832.9,-88.01,0.961,-0.79,-20659.3,0.071,7.96
G_WIDE,MTF_BRK,LONG,sym_vol,lo,TEST,10535,114.51,0.397,-0.1639,1.0,-28041.6,-304.8,0.938,-0.822,-33188.2,0.069,7.96
G_WIDE,MTF_BRK,LONG,sym_vol,lo,HOLDOUT,5896,98.27,0.456,-0.0261,0.64823,5140.3,85.67,1.008,-0.796,-14739.2,0.089,8.78
G_WIDE,BRK_24H,LONG,sym_vol,lo,TRAIN,13498,73.36,0.389,-0.16,0.99994,-48704.1,-264.7,0.905,-0.823,-57354.0,0.097,7.09
G_WIDE,BRK_24H,LONG,sym_vol,lo,VALID,7245,81.4,0.421,-0.0582,0.85641,-3795.2,-42.64,0.964,-0.783,-16244.5,0.095,7.73
G_WIDE,BRK_24H,LONG,sym_vol,lo,TEST,7416,80.61,0.398,-0.1541,0.99994,-18424.9,-200.27,0.921,-0.816,-23062.2,0.092,7.38
G_WIDE,BRK_24H,LONG,sym_vol,lo,HOLDOUT,4260,71.0,0.47,0.029,0.35148,8162.9,136.05,1.022,-0.78,-10640.2,0.113,8.03
G_WIDE,VOL_PRICE,LONG,sym_vol,lo,TRAIN,13893,75.51,0.4,-0.1255,0.99849,-38068.2,-206.89,0.933,-0.826,-39982.5,0.105,7.92
G_WIDE,VOL_PRICE,LONG,sym_vol,lo,VALID,7968,89.53,0.446,-0.0022,0.51723,3242.3,36.43,0.984,-0.776,-10815.8,0.094,8.39
G_WIDE,VOL_PRICE,LONG,sym_vol,lo,TEST,8623,93.73,0.401,-0.1374,0.99994,-19975.6,-217.13,0.913,-0.828,-24472.9,0.09,8.42
G_WIDE,VOL_PRICE,LONG,sym_vol,lo,HOLDOUT,4253,70.88,0.425,-0.0963,0.972,-4578.1,-76.3,0.972,-0.814,-9558.5,0.127,9.0
G_WIDE,OI_PRICE,LONG,sym_vol,lo,TRAIN,7644,41.54,0.412,-0.0697,0.98712,-18527.0,-100.69,0.911,-0.798,-24332.5,0.177,7.35
G_WIDE,OI_PRICE,LONG,sym_vol,lo,VALID,3682,41.37,0.446,0.0301,0.21916,6881.1,77.32,0.973,-0.757,-4714.4,0.187,7.72
G_WIDE,OI_PRICE,LONG,sym_vol,lo,TEST,3889,42.27,0.411,-0.0661,0.95722,-5884.0,-63.96,0.915,-0.804,-8988.6,0.181,7.64
G_WIDE,OI_PRICE,LONG,sym_vol,lo,HOLDOUT,2017,33.62,0.446,0.035,0.24742,722.2,12.04,0.971,-0.797,-4410.1,0.246,8.27
G_WIDE,FUNDING_SQUEEZE,LONG,mkt_oi,down,TRAIN,356,1.93,0.433,0.018,0.44931,-919.7,-5.0,0.861,-0.759,-3545.5,0.289,0.56
G_WIDE,FUNDING_SQUEEZE,LONG,mkt_oi,down,VALID,289,3.25,0.498,0.1737,0.13954,997.5,11.21,0.995,-0.746,-2364.6,0.349,1.13
G_WIDE,FUNDING_SQUEEZE,LONG,mkt_oi,down,TEST,74,0.8,0.243,-0.4456,0.96798,-1905.1,-20.71,0.693,-0.972,-2748.2,0.459,0.37
G_WIDE,FUNDING_SQUEEZE,LONG,mkt_oi,down,HOLDOUT,6,0.1,0.333,0.0107,0.49208,-33.4,-0.56,0.929,-0.66,-86.7,0.667,0.07
G_WIDE,CHANGE_POINT,LONG,mkt_oi,down,TRAIN,1190,6.47,0.466,0.0227,0.45838,2684.7,14.59,0.785,-0.682,-10682.5,0.107,0.69
G_WIDE,CHANGE_POINT,LONG,mkt_oi,down,VALID,1079,12.12,0.575,0.2247,0.03309,15979.5,179.55,1.006,-0.569,-4973.5,0.14,1.7
G_WIDE,CHANGE_POINT,LONG,mkt_oi,down,TEST,380,4.13,0.284,-0.2786,0.99017,-5116.2,-55.61,0.67,-0.789,-7327.3,0.161,0.66
G_WIDE,CHANGE_POINT,LONG,mkt_oi,down,HOLDOUT,119,1.98,0.462,0.0687,0.27995,426.9,7.12,0.848,-0.726,-772.1,0.202,0.4
G_WIDE,SQUEEZE_EXP,SHORT,sym_vol,lo,TRAIN,10563,57.41,0.43,-0.0913,0.98123,-14970.3,-81.36,0.965,-0.826,-21333.6,0.121,6.93
G_WIDE,SQUEEZE_EXP,SHORT,sym_vol,lo,VALID,6698,75.26,0.448,-0.0443,0.7868,-9239.0,-103.81,0.988,-0.815,-12485.5,0.099,7.48
G_WIDE,SQUEEZE_EXP,SHORT,sym_vol,lo,TEST,7215,78.42,0.395,-0.2008,0.99999,-21333.3,-231.88,0.938,-0.849,-22464.5,0.095,7.47
G_WIDE,SQUEEZE_EXP,SHORT,sym_vol,lo,HOLDOUT,3841,64.02,0.397,-0.2454,1.0,-11402.7,-190.04,0.971,-0.841,-13453.0,0.125,8.03
G_WIDE,BASELINE,LONG,mkt_oi,down,TRAIN,3430,18.64,0.51,0.1265,0.13638,11313.5,61.49,0.928,-0.693,-12880.5,0.022,0.42
G_WIDE,BASELINE,LONG,mkt_oi,down,VALID,3940,44.27,0.437,-0.044,0.63289,-1615.3,-18.15,0.889,-0.756,-16472.7,0.021,0.93
G_WIDE,BASELINE,LONG,mkt_oi,down,TEST,1980,21.52,0.307,-0.3635,0.98077,-24379.0,-264.99,0.678,-0.863,-28948.1,0.019,0.41
G_WIDE,BASELINE,LONG,mkt_oi,down,HOLDOUT,800,13.33,0.561,0.2391,0.18649,7061.6,117.69,0.984,-0.677,-3966.9,0.018,0.23
G_WIDE,BASELINE,LONG,sym_vol,hi,TRAIN,29385,159.7,0.402,-0.1279,0.99988,-98000.9,-532.61,0.847,-0.8,-104998.8,0.033,5.3
G_WIDE,BASELINE,LONG,sym_vol,hi,VALID,15261,171.47,0.412,-0.0958,0.98146,-44174.1,-496.34,0.87,-0.766,-46710.1,0.033,5.72
G_WIDE,BASELINE,LONG,sym_vol,hi,TEST,16226,176.37,0.404,-0.1298,0.99844,-52684.3,-572.66,0.842,-0.789,-75436.1,0.033,5.76
G_WIDE,BASELINE,LONG,sym_vol,hi,HOLDOUT,13295,221.58,0.482,0.0805,0.04985,43283.3,721.39,0.966,-0.754,-18705.0,0.026,5.67
G_WIDE,BASELINE,SHORT,mkt_oi,down,TRAIN,3430,18.64,0.335,-0.3338,0.99941,-33676.9,-183.03,0.738,-0.822,-35583.8,0.022,0.4
G_WIDE,BASELINE,SHORT,mkt_oi,down,VALID,3940,44.27,0.431,-0.0803,0.73225,-19026.7,-213.78,0.881,-0.788,-24547.5,0.02,0.88
G_WIDE,BASELINE,SHORT,mkt_oi,down,TEST,1980,21.52,0.593,0.3338,0.04279,25493.7,277.11,1.088,-0.623,-6863.3,0.017,0.37
G_WIDE,BASELINE,SHORT,mkt_oi,down,HOLDOUT,800,13.33,0.271,-0.4712,0.99014,-11576.3,-192.94,0.742,-0.885,-12949.5,0.016,0.22
G_WIDE,BASELINE,SHORT,sym_vol,hi,TRAIN,29385,159.7,0.467,0.0066,0.42808,-2658.4,-14.45,0.915,-0.747,-51140.6,0.033,5.29
G_WIDE,BASELINE,SHORT,sym_vol,hi,VALID,15261,171.47,0.457,-0.0273,0.71884,-25309.0,-284.37,0.881,-0.766,-69956.4,0.032,5.55
G_WIDE,BASELINE,SHORT,sym_vol,hi,TEST,16226,176.37,0.472,0.0128,0.39391,4001.9,43.5,0.915,-0.742,-29582.6,0.03,5.22
G_WIDE,BASELINE,SHORT,sym_vol,hi,HOLDOUT,13285,221.42,0.374,-0.2316,1.0,-95023.6,-1583.73,0.814,-0.829,-96999.1,0.027,5.93
G_WIDE,BASELINE,LONG,sym_vol,lo,TRAIN,33593,182.57,0.386,-0.1778,1.0,-123155.6,-669.32,0.888,-0.841,-129029.7,0.032,5.78
G_WIDE,BASELINE,LONG,sym_vol,lo,VALID,19362,217.55,0.41,-0.1169,0.99247,-28312.1,-318.11,0.913,-0.816,-40036.1,0.028,6.01
G_WIDE,BASELINE,LONG,sym_vol,lo,TEST,19810,215.33,0.407,-0.1441,0.99975,-46503.2,-505.47,0.917,-0.833,-60762.7,0.028,6.05
G_WIDE,BASELINE,LONG,sym_vol,lo,HOLDOUT,10371,172.85,0.417,-0.1438,0.9972,-15730.9,-262.18,0.944,-0.839,-22887.6,0.035,6.07
G_WIDE,BASELINE,SHORT,sym_vol,lo,TRAIN,33593,182.57,0.446,-0.0412,0.87097,-18334.4,-99.64,0.971,-0.796,-35183.1,0.03,5.54
G_WIDE,BASELINE,SHORT,sym_vol,lo,VALID,19362,217.55,0.443,-0.0568,0.87636,-30005.1,-337.14,0.939,-0.796,-48248.1,0.028,6.0
G_WIDE,BASELINE,SHORT,sym_vol,lo,TEST,19810,215.33,0.427,-0.1093,0.99603,-35176.2,-382.35,0.948,-0.815,-41003.1,0.028,5.92
G_WIDE,BASELINE,SHORT,sym_vol,lo,HOLDOUT,10375,172.92,0.417,-0.1539,0.99941,-21752.0,-362.53,0.946,-0.823,-31482.0,0.036,6.2
G_WIDE,EARLY_BRK,SHORT,sym_vol,lo,TRAIN,28656,155.74,0.439,-0.0581,0.92967,-14226.0,-77.32,1.016,-0.813,-37270.1,0.045,6.99
G_WIDE,EARLY_BRK,SHORT,sym_vol,lo,VALID,16457,184.91,0.443,-0.0496,0.84157,-13666.9,-153.56,1.0,-0.813,-35966.1,0.043,8.01
G_WIDE,EARLY_BRK,SHORT,sym_vol,lo,TEST,17242,187.41,0.411,-0.166,0.99997,-33427.0,-363.34,0.987,-0.84,-39106.4,0.043,8.15
G_WIDE,EARLY_BRK,SHORT,sym_vol,lo,HOLDOUT,9253,154.22,0.408,-0.209,1.0,-19176.4,-319.61,0.993,-0.837,-25994.9,0.052,8.0
G_WIDE,OI_COVER,SHORT,sym_vol,lo,TRAIN,7597,41.29,0.47,0.0284,0.28509,8865.2,48.18,0.987,-0.747,-12441.5,0.138,5.72
G_WIDE,OI_COVER,SHORT,sym_vol,lo,VALID,3309,37.18,0.426,-0.1086,0.97056,-15716.3,-176.59,0.854,-0.787,-16304.6,0.163,6.07
G_WIDE,OI_COVER,SHORT,sym_vol,lo,TEST,3470,37.72,0.42,-0.1001,0.97157,-10970.6,-119.25,0.864,-0.777,-14120.1,0.158,5.96
G_WIDE,OI_COVER,SHORT,sym_vol,lo,HOLDOUT,1615,26.92,0.424,-0.1335,0.99405,-4245.1,-70.75,0.842,-0.797,-7509.1,0.219,5.9
G_WIDE,ACCEL,SHORT,sym_vol,lo,TRAIN,11982,65.12,0.453,-0.0204,0.64836,643.5,3.5,0.984,-0.778,-20526.6,0.097,6.33
G_WIDE,ACCEL,SHORT,sym_vol,lo,VALID,7005,78.71,0.426,-0.1026,0.93957,-21278.1,-239.08,0.911,-0.808,-23329.1,0.092,7.25
G_WIDE,ACCEL,SHORT,sym_vol,lo,TEST,6928,75.3,0.429,-0.1049,0.97183,-13254.6,-144.07,0.945,-0.791,-16848.7,0.093,7.01
G_WIDE,ACCEL,SHORT,sym_vol,lo,HOLDOUT,3759,62.65,0.408,-0.2031,0.99954,-10730.7,-178.85,0.924,-0.826,-16670.2,0.113,7.1
G_WIDE,VOL_PRICE,SHORT,sym_vol,lo,TRAIN,16808,91.35,0.451,-0.018,0.6647,2087.7,11.35,0.991,-0.79,-20795.8,0.078,7.1
G_WIDE,VOL_PRICE,SHORT,sym_vol,lo,VALID,9085,102.08,0.435,-0.0759,0.92632,-22247.5,-249.97,0.933,-0.8,-24396.7,0.074,7.6
G_WIDE,VOL_PRICE,SHORT,sym_vol,lo,TEST,9739,105.86,0.418,-0.1289,0.99801,-23974.7,-260.59,0.938,-0.814,-28599.1,0.071,7.52
G_WIDE,VOL_PRICE,SHORT,sym_vol,lo,HOLDOUT,5071,84.52,0.427,-0.139,0.99838,-8618.0,-143.63,0.973,-0.812,-14228.5,0.098,8.25
G_WIDE,OI_PRICE,SHORT,mkt_oi,down,TRAIN,23,0.12,0.348,-0.1522,0.79209,-599.3,-3.26,0.598,-0.688,-828.7,1.0,0.12
G_WIDE,OI_PRICE,SHORT,mkt_oi,down,VALID,30,0.34,0.533,0.1361,0.23775,-79.8,-0.9,0.897,-0.602,-418.1,0.933,0.31
G_WIDE,OI_PRICE,SHORT,mkt_oi,down,TEST,8,0.09,0.75,0.2902,0.20237,7.8,0.08,0.878,-0.553,-160.3,1.0,0.09
G_WIDE,OI_PRICE,SHORT,mkt_oi,down,HOLDOUT,3,0.05,0.0,-0.8843,1.0,-93.5,-1.56,0.28,-0.883,-93.5,1.0,0.05
G_WIDE,OI_PRICE,SHORT,sym_vol,hi,TRAIN,264,1.43,0.428,-0.1139,0.95897,-1902.8,-10.34,0.742,-0.698,-3206.0,0.909,1.3
G_WIDE,OI_PRICE,SHORT,sym_vol,hi,VALID,138,1.55,0.572,0.0814,0.15162,2081.3,23.39,0.783,-0.563,-688.7,0.913,1.42
G_WIDE,OI_PRICE,SHORT,sym_vol,hi,TEST,119,1.29,0.504,-0.0463,0.70169,1234.5,13.42,0.784,-0.698,-318.7,0.941,1.22
G_WIDE,OI_PRICE,SHORT,sym_vol,hi,HOLDOUT,66,1.1,0.5,-0.0024,0.50777,428.0,7.13,0.792,-0.701,-876.8,0.97,1.07
G_WIDE,OI_BUILD_BRK,SHORT,mkt_oi,down,TRAIN,29,0.16,0.517,-0.0923,0.68259,-330.8,-1.8,0.722,-0.706,-595.2,0.862,0.14
G_WIDE,OI_BUILD_BRK,SHORT,mkt_oi,down,VALID,25,0.28,0.4,-0.1879,0.80671,-833.3,-9.36,0.803,-0.667,-1038.0,0.8,0.22
G_WIDE,OI_BUILD_BRK,SHORT,mkt_oi,down,TEST,8,0.09,0.75,0.4341,0.10102,209.2,2.27,0.92,-0.453,-123.4,1.0,0.09
G_WIDE,OI_BUILD_BRK,SHORT,mkt_oi,down,HOLDOUT,6,0.1,0.333,-0.3807,0.78097,-113.4,-1.89,0.488,-1.487,-161.0,0.833,0.08
G_WIDE,OI_BUILD_BRK,SHORT,sym_vol,hi,TRAIN,255,1.39,0.486,-0.0027,0.51588,-976.4,-5.31,0.767,-0.672,-1921.4,0.859,1.19
G_WIDE,OI_BUILD_BRK,SHORT,sym_vol,hi,VALID,152,1.71,0.467,-0.0289,0.63624,506.0,5.68,0.693,-0.759,-1328.2,0.875,1.49
G_WIDE,OI_BUILD_BRK,SHORT,sym_vol,hi,TEST,114,1.24,0.465,-0.0874,0.82244,-198.4,-2.16,0.678,-0.711,-864.5,0.904,1.12
G_WIDE,OI_BUILD_BRK,SHORT,sym_vol,hi,HOLDOUT,57,0.95,0.491,-0.1048,0.82932,-29.1,-0.48,0.621,-0.752,-556.2,0.912,0.87
G_WIDE,OI_BUILD_BRK,LONG,sym_vol,lo,TRAIN,4415,23.99,0.403,-0.0837,0.98664,-12271.9,-66.7,0.905,-0.801,-13867.6,0.27,6.48
G_WIDE,OI_BUILD_BRK,LONG,sym_vol,lo,VALID,2323,26.1,0.436,0.0005,0.49491,1923.2,21.61,0.974,-0.767,-3588.1,0.28,7.3
G_WIDE,OI_BUILD_BRK,LONG,sym_vol,lo,TEST,2326,25.28,0.396,-0.0994,0.98566,-6287.5,-68.34,0.902,-0.816,-8976.0,0.269,6.79
G_WIDE,OI_BUILD_BRK,LONG,sym_vol,lo,HOLDOUT,1226,20.43,0.458,0.0799,0.12699,3696.0,61.6,0.99,-0.789,-3197.7,0.358,7.32
G_WIDE,ACCEL,LONG,sym_vol,lo,TRAIN,13176,71.61,0.392,-0.1406,0.99933,-47324.7,-257.2,0.921,-0.819,-49689.4,0.107,7.69
G_WIDE,ACCEL,LONG,sym_vol,lo,VALID,7867,88.39,0.45,0.0015,0.48915,7528.5,84.59,0.982,-0.77,-10744.6,0.094,8.27
G_WIDE,ACCEL,LONG,sym_vol,lo,TEST,8106,88.11,0.393,-0.1597,0.99977,-21688.5,-235.74,0.898,-0.823,-24750.9,0.095,8.4
G_WIDE,ACCEL,LONG,sym_vol,lo,HOLDOUT,4543,75.72,0.434,-0.0862,0.94471,-1175.4,-19.59,0.962,-0.8,-9130.4,0.118,8.93
G_WIDE,CHANGE_POINT,LONG,sym_vol,lo,TRAIN,8550,46.47,0.413,-0.1005,0.98082,-27829.0,-151.24,0.901,-0.789,-30889.5,0.145,6.76
G_WIDE,CHANGE_POINT,LONG,sym_vol,lo,VALID,4434,49.82,0.449,-0.0041,0.52509,2503.3,28.13,0.951,-0.761,-8383.5,0.15,7.46
G_WIDE,CHANGE_POINT,LONG,sym_vol,lo,TEST,4664,50.7,0.416,-0.1067,0.96597,-8064.5,-87.66,0.894,-0.796,-9943.1,0.157,7.95
G_WIDE,CHANGE_POINT,LONG,sym_vol,lo,HOLDOUT,2725,45.42,0.448,-0.0578,0.83366,-1573.5,-26.22,0.957,-0.791,-6914.5,0.179,8.12
G_WIDE,BRK_24H,LONG,sym_oi,down,TRAIN,112,0.61,0.464,0.0897,0.19494,605.9,3.29,0.904,-0.761,-614.0,0.768,0.47
G_WIDE,BRK_24H,LONG,sym_oi,down,VALID,61,0.69,0.443,0.0147,0.46423,759.3,8.53,0.968,-0.715,-433.1,0.738,0.51
G_WIDE,BRK_24H,LONG,sym_oi,down,TEST,25,0.27,0.48,0.1748,0.24281,501.2,5.45,0.934,-0.672,-89.9,0.84,0.23
G_WIDE,BRK_24H,LONG,sym_oi,down,HOLDOUT,16,0.27,0.188,-0.7147,0.99401,-522.1,-8.7,0.702,-1.047,-549.9,0.625,0.17
G_WIDE,SQUEEZE_EXP,LONG,sym_vol,lo,TRAIN,10656,57.91,0.413,-0.1107,0.99571,-19200.7,-104.35,0.954,-0.826,-28626.2,0.128,7.42
G_WIDE,SQUEEZE_EXP,LONG,sym_vol,lo,VALID,6669,74.93,0.406,-0.1231,0.99334,-10789.6,-121.23,0.93,-0.836,-12467.4,0.108,8.1
G_WIDE,SQUEEZE_EXP,LONG,sym_vol,lo,TEST,7389,80.32,0.428,-0.1062,0.98389,-3393.7,-36.89,0.973,-0.821,-6451.3,0.105,8.47
G_WIDE,SQUEEZE_EXP,LONG,sym_vol,lo,HOLDOUT,3807,63.45,0.442,-0.1084,0.98088,-1743.2,-29.05,0.987,-0.829,-6275.7,0.138,8.73
G_WIDE,CAPITULATION_REV,SHORT,sym_vol,lo,TRAIN,1721,9.35,0.483,0.0131,0.4376,2603.1,14.15,0.908,-0.768,-3283.9,0.426,3.99
G_WIDE,CAPITULATION_REV,SHORT,sym_vol,lo,VALID,688,7.73,0.387,-0.1849,0.99629,-4306.3,-48.39,0.815,-0.852,-4817.6,0.545,4.21
G_WIDE,CAPITULATION_REV,SHORT,sym_vol,lo,TEST,818,8.89,0.435,-0.1033,0.9113,-3035.0,-32.99,0.856,-0.804,-3551.2,0.516,4.59
G_WIDE,CAPITULATION_REV,SHORT,sym_vol,lo,HOLDOUT,533,8.88,0.388,-0.2166,0.96173,-3167.2,-52.79,0.83,-0.891,-3569.8,0.529,4.7
G_WIDE,SWEEP_RECLAIM,SHORT,sym_vol,lo,TRAIN,15077,81.94,0.46,-0.0191,0.68764,3679.3,20.0,0.946,-0.785,-20139.7,0.08,6.56
G_WIDE,SWEEP_RECLAIM,SHORT,sym_vol,lo,VALID,7776,87.37,0.431,-0.0883,0.96391,-19131.9,-214.96,0.882,-0.813,-25328.2,0.084,7.34
G_WIDE,SWEEP_RECLAIM,SHORT,sym_vol,lo,TEST,8196,89.09,0.453,-0.0563,0.91358,-6797.2,-73.88,0.938,-0.794,-15108.0,0.08,7.09
G_WIDE,SWEEP_RECLAIM,SHORT,sym_vol,lo,HOLDOUT,4614,76.9,0.395,-0.2079,0.99988,-20799.5,-346.66,0.875,-0.842,-23294.5,0.101,7.8
G_WIDE,CHANGE_POINT,SHORT,sym_vol,lo,TRAIN,7959,43.26,0.486,0.0399,0.24802,15963.5,86.76,0.99,-0.738,-14939.7,0.134,5.78
G_WIDE,CHANGE_POINT,SHORT,sym_vol,lo,VALID,4446,49.96,0.429,-0.1016,0.93519,-13075.9,-146.92,0.869,-0.78,-14180.6,0.126,6.3
G_WIDE,CHANGE_POINT,SHORT,sym_vol,lo,TEST,4662,50.67,0.444,-0.0822,0.92196,-7633.7,-82.98,0.928,-0.767,-12330.3,0.123,6.25
G_WIDE,CHANGE_POINT,SHORT,sym_vol,lo,HOLDOUT,2655,44.25,0.398,-0.2295,0.99998,-11928.9,-198.82,0.859,-0.816,-13531.8,0.147,6.52
G_WIDE,FUNDING_SQUEEZE,SHORT,sym_vol,hi,TRAIN,179,0.97,0.492,0.0451,0.30901,750.0,4.08,0.805,-0.717,-1948.9,0.626,0.61
G_WIDE,FUNDING_SQUEEZE,SHORT,sym_vol,hi,VALID,207,2.33,0.469,-0.0029,0.51427,-2068.0,-23.24,0.875,-0.869,-3630.4,0.594,1.38
G_WIDE,FUNDING_SQUEEZE,SHORT,sym_vol,hi,TEST,137,1.49,0.401,-0.1297,0.90265,-2629.8,-28.58,0.824,-0.82,-2916.4,0.599,0.89
G_WIDE,FUNDING_SQUEEZE,SHORT,sym_vol,hi,HOLDOUT,46,0.77,0.522,0.1593,0.20673,1193.3,19.89,0.902,-0.694,-537.3,0.696,0.53
G_WIDE,OI_BUILD_BRK,SHORT,sym_vol,lo,TRAIN,99,0.54,0.424,-0.1315,0.8796,-392.8,-2.14,0.882,-0.781,-1067.9,0.869,0.47
G_WIDE,OI_BUILD_BRK,SHORT,sym_vol,lo,VALID,46,0.52,0.522,0.1547,0.22838,155.2,1.74,1.03,-0.762,-190.1,0.848,0.44
G_WIDE,OI_BUILD_BRK,SHORT,sym_vol,lo,TEST,34,0.37,0.471,-0.8225,0.92731,120.8,1.31,0.873,-0.881,-102.3,0.912,0.34
G_WIDE,OI_BUILD_BRK,SHORT,sym_vol,lo,HOLDOUT,11,0.18,0.273,-1.1401,0.97268,-114.4,-1.91,0.445,-0.944,-138.6,1.0,0.18
G_WIDE,FUNDING_SQUEEZE,LONG,sym_vol,lo,TRAIN,1388,7.54,0.389,-0.1118,0.99603,-4058.2,-22.06,0.964,-0.835,-5753.6,0.413,3.11
G_WIDE,FUNDING_SQUEEZE,LONG,sym_vol,lo,VALID,1204,13.53,0.398,-0.1046,0.97799,-1778.2,-19.98,0.929,-0.849,-4266.4,0.345,4.66
G_WIDE,FUNDING_SQUEEZE,LONG,sym_vol,lo,TEST,258,2.8,0.364,-0.1735,0.98078,-1563.9,-17.0,0.898,-0.868,-1822.0,0.562,1.58
G_WIDE,FUNDING_SQUEEZE,LONG,sym_vol,lo,HOLDOUT,140,2.33,0.443,0.0475,0.33848,1367.6,22.79,0.915,-0.929,-725.0,0.5,1.17
G_WIDE,OI_PRICE,SHORT,sym_vol,lo,TRAIN,163,0.89,0.448,-0.0667,0.75787,25.4,0.14,0.931,-0.987,-949.7,0.988,0.88
G_WIDE,OI_PRICE,SHORT,sym_vol,lo,VALID,59,0.66,0.441,-0.0746,0.6893,-180.0,-2.02,0.837,-0.803,-328.5,1.0,0.66
G_WIDE,OI_PRICE,SHORT,sym_vol,lo,TEST,62,0.67,0.452,-0.2366,0.79116,233.8,2.54,0.934,-0.762,-321.0,0.935,0.63
G_WIDE,OI_PRICE,SHORT,sym_vol,lo,HOLDOUT,19,0.32,0.474,-0.0951,0.62761,21.0,0.35,0.89,-0.759,-156.8,1.0,0.32
G_WIDE,CAPITULATION_REV,LONG,sym_vol,lo,TRAIN,1243,6.76,0.368,-0.2656,0.99449,-10255.0,-55.73,0.685,-0.96,-11931.6,0.354,2.39
G_WIDE,CAPITULATION_REV,LONG,sym_vol,lo,VALID,536,6.02,0.526,0.1339,0.22966,3489.2,39.2,1.01,-0.711,-1855.1,0.396,2.38
G_WIDE,CAPITULATION_REV,LONG,sym_vol,lo,TEST,466,5.07,0.433,-0.1387,0.91652,-1775.7,-19.3,0.87,-0.836,-2385.4,0.466,2.36
G_WIDE,CAPITULATION_REV,LONG,sym_vol,lo,HOLDOUT,299,4.98,0.575,0.2346,0.03884,1333.6,22.23,1.023,-0.676,-599.5,0.515,2.57
G_WIDE,OI_COVER,LONG,mkt_trend,bull,TRAIN,14,0.08,0.143,-0.5301,0.98407,-402.7,-2.19,0.467,-0.901,-780.7,1.0,0.08
G_WIDE,OI_COVER,LONG,mkt_trend,bull,VALID,9,0.1,0.333,-0.2361,0.77586,-188.9,-2.12,0.655,-0.871,-218.1,1.0,0.1
G_WIDE,OI_COVER,LONG,mkt_trend,bull,TEST,5,0.05,0.2,-0.4547,0.79702,-182.9,-1.99,0.699,-0.88,-193.2,1.0,0.05
G_WIDE,OI_COVER,LONG,mkt_trend,bull,HOLDOUT,8,0.13,0.625,0.3544,0.20964,101.9,1.7,1.061,-0.622,-310.0,1.0,0.13
G_WIDE,OI_COVER,LONG,mkt_oi,up,TRAIN,14,0.08,0.357,-0.0026,0.50401,2.8,0.02,0.878,-0.725,-284.6,0.929,0.07
G_WIDE,OI_COVER,LONG,mkt_oi,up,VALID,5,0.06,0.2,-0.3587,0.7657,-149.8,-1.68,0.747,-0.758,-159.6,1.0,0.06
G_WIDE,OI_COVER,LONG,mkt_oi,up,TEST,5,0.05,0.2,-0.6169,0.95919,-176.2,-1.91,0.231,-0.959,-176.2,1.0,0.05
G_WIDE,OI_COVER,LONG,mkt_oi,up,HOLDOUT,4,0.07,0.75,0.5672,1.0,200.4,3.34,1.163,-0.71,-22.5,1.0,0.07
G_WIDE,OI_COVER,LONG,sym_oi,down,TRAIN,34,0.18,0.294,-0.2704,0.93385,-381.2,-2.07,0.448,-0.6,-791.7,0.618,0.11
G_WIDE,OI_COVER,LONG,sym_oi,down,VALID,11,0.12,0.455,-0.2671,0.77784,-377.5,-4.24,0.835,-0.912,-396.7,0.909,0.11
G_WIDE,OI_COVER,LONG,sym_oi,down,TEST,2,0.02,0.5,0.5551,1.0,220.6,2.4,1.217,-0.532,-9.6,1.0,0.02
G_WIDE,OI_COVER,LONG,sym_oi,down,HOLDOUT,4,0.07,0.5,0.0417,1.0,-175.5,-2.93,0.599,-0.575,-310.0,1.0,0.07
G_WIDE,OI_COVER,LONG,sym_vol,lo,TRAIN,39,0.21,0.231,-0.3256,0.97607,-584.2,-3.18,0.719,-0.905,-882.1,1.0,0.21
G_WIDE,OI_COVER,LONG,sym_vol,lo,VALID,6,0.07,0.167,-0.5536,0.86998,-83.6,-0.94,0.558,-1.138,-108.2,1.0,0.07
G_WIDE,OI_COVER,LONG,sym_vol,lo,TEST,15,0.16,0.267,-0.3883,0.95201,-252.9,-2.75,0.737,-0.844,-273.1,1.0,0.16
G_WIDE,OI_COVER,LONG,sym_vol,lo,HOLDOUT,3,0.05,0.333,-0.1713,1.0,-61.8,-1.03,0.769,-0.796,-99.6,1.0,0.05
G_WIDE,CAPITULATION_REV,LONG,sym_vol,hi,TRAIN,989,5.38,0.405,-0.2301,0.98483,-6406.2,-34.82,0.678,-0.965,-9846.0,0.335,1.8
G_WIDE,CAPITULATION_REV,LONG,sym_vol,hi,VALID,468,5.26,0.521,0.225,0.26247,9015.5,101.3,0.924,-0.64,-7785.1,0.436,2.29
G_WIDE,CAPITULATION_REV,LONG,sym_vol,hi,TEST,613,6.66,0.395,-0.1899,0.93215,-5016.1,-54.52,0.786,-0.766,-8675.1,0.356,2.37
G_WIDE,CAPITULATION_REV,LONG,sym_vol,hi,HOLDOUT,393,6.55,0.511,0.0624,0.33275,510.5,8.51,0.728,-0.632,-3021.9,0.336,2.2
G_WIDE,CAPITULATION_REV,SHORT,sym_oi,down,TRAIN,44,0.24,0.341,-0.1848,0.82822,-1636.0,-8.89,0.695,-0.785,-1853.2,0.886,0.21
G_WIDE,CAPITULATION_REV,SHORT,sym_oi,down,VALID,18,0.2,0.333,-0.3218,0.91148,-817.1,-9.18,0.603,-0.847,-817.1,1.0,0.2
G_WIDE,CAPITULATION_REV,SHORT,sym_oi,down,TEST,2,0.02,0.5,0.4397,1.0,109.4,1.19,1.057,-0.421,-198.8,1.0,0.02
G_WIDE,CAPITULATION_REV,SHORT,sym_oi,down,HOLDOUT,5,0.08,0.4,-0.018,0.51103,-98.2,-1.64,0.992,-0.782,-364.3,1.0,0.08
G_WIDE,OI_COVER,LONG,sym_vol,hi,TRAIN,59,0.32,0.305,-0.2142,0.96362,-418.9,-2.28,1.82,-0.647,-1104.5,0.763,0.24
G_WIDE,OI_COVER,LONG,sym_vol,hi,VALID,31,0.35,0.419,-0.1208,0.73749,-919.2,-10.33,0.849,-0.785,-973.0,1.0,0.35
G_WIDE,OI_COVER,LONG,sym_vol,hi,TEST,23,0.25,0.217,-0.4278,0.99412,-768.5,-8.35,0.525,-0.818,-842.3,1.0,0.25
G_WIDE,OI_COVER,LONG,sym_vol,hi,HOLDOUT,17,0.28,0.471,0.1375,0.30784,347.6,5.79,0.926,-0.651,-786.2,1.0,0.28
G_WIDE,SQUEEZE_EXP,LONG,mkt_vol,lo,TRAIN,9077,49.33,0.403,-0.1296,0.99815,-24302.6,-132.08,0.941,-0.832,-29464.6,0.093,4.58
G_WIDE,SQUEEZE_EXP,LONG,mkt_vol,lo,VALID,6781,76.19,0.409,-0.1123,0.98719,-10105.9,-113.55,0.919,-0.835,-18148.9,0.078,5.93
G_WIDE,SQUEEZE_EXP,LONG,mkt_vol,lo,TEST,7253,78.84,0.436,-0.0792,0.93315,-2003.5,-21.78,0.98,-0.81,-7760.1,0.076,6.02
G_WIDE,SQUEEZE_EXP,LONG,mkt_vol,lo,HOLDOUT,4443,74.05,0.433,-0.1062,0.98764,-6844.0,-114.07,0.973,-0.802,-9263.2,0.073,5.4
G_WIDE,ANY,LONG,mkt_vol,lo,TRAIN,83088,451.57,0.395,-0.1398,1.0,-254198.3,-1381.51,0.909,-0.83,-302989.9,0.01,4.57
G_WIDE,ANY,LONG,mkt_vol,lo,VALID,55688,625.71,0.404,-0.1191,0.99987,-111246.1,-1249.96,0.908,-0.818,-169008.8,0.009,5.71
G_WIDE,ANY,LONG,mkt_vol,lo,TEST,53240,578.7,0.412,-0.1107,0.99991,-68706.1,-746.81,0.929,-0.821,-126087.5,0.01,5.76
G_WIDE,ANY,LONG,mkt_vol,lo,HOLDOUT,33925,565.42,0.408,-0.1345,0.99986,-79112.1,-1318.53,0.925,-0.83,-100133.2,0.01,5.43
G_WIDE,SWEEP_RECLAIM,LONG,mkt_vol,lo,TRAIN,15780,85.76,0.409,-0.1179,0.99088,-42375.1,-230.3,0.912,-0.849,-55169.2,0.047,4.07
G_WIDE,SWEEP_RECLAIM,LONG,mkt_vol,lo,VALID,11424,128.36,0.408,-0.1223,0.98778,-27840.8,-312.82,0.891,-0.83,-42573.9,0.045,5.74
G_WIDE,SWEEP_RECLAIM,LONG,mkt_vol,lo,TEST,8478,92.15,0.452,-0.0179,0.64129,1193.1,12.97,0.957,-0.819,-9197.4,0.059,5.47
G_WIDE,SWEEP_RECLAIM,LONG,mkt_vol,lo,HOLDOUT,5268,87.8,0.452,-0.0408,0.78519,-9359.5,-155.99,0.951,-0.831,-14526.4,0.058,5.08
G_WIDE,TREND_TRANS,LONG,mkt_vol,lo,TRAIN,11065,60.14,0.384,-0.1674,0.99988,-45200.1,-245.65,0.893,-0.842,-45578.9,0.066,3.94
G_WIDE,TREND_TRANS,LONG,mkt_vol,lo,VALID,7515,84.44,0.401,-0.1319,0.99682,-17170.0,-192.92,0.914,-0.827,-22685.1,0.064,5.39
G_WIDE,TREND_TRANS,LONG,mkt_vol,lo,TEST,7425,80.71,0.41,-0.111,0.9948,-10010.0,-108.8,0.939,-0.825,-17963.2,0.065,5.23
G_WIDE,TREND_TRANS,LONG,mkt_vol,lo,HOLDOUT,4815,80.25,0.381,-0.2215,1.0,-16503.9,-275.07,0.908,-0.857,-18483.9,0.062,5.0
G_WIDE,BRK_4H,LONG,mkt_vol,lo,TRAIN,36054,195.95,0.398,-0.1344,0.99991,-107561.3,-584.57,0.927,-0.832,-124082.9,0.025,4.88
G_WIDE,BRK_4H,LONG,mkt_vol,lo,VALID,23255,261.29,0.393,-0.1392,0.99978,-56742.3,-637.55,0.922,-0.835,-74660.0,0.025,6.57
G_WIDE,BRK_4H,LONG,mkt_vol,lo,TEST,23784,258.52,0.397,-0.15,0.99999,-48359.8,-525.65,0.937,-0.834,-70161.5,0.024,6.33
G_WIDE,BRK_4H,LONG,mkt_vol,lo,HOLDOUT,15157,252.62,0.398,-0.1548,0.99962,-36036.8,-600.61,0.942,-0.833,-48364.2,0.025,6.25
G_WIDE,BRK_4H,SHORT,mkt_vol,lo,TRAIN,37120,201.74,0.435,-0.0669,0.95267,-45762.0,-248.71,0.959,-0.806,-75414.1,0.021,4.16
G_WIDE,BRK_4H,SHORT,mkt_vol,lo,VALID,26461,297.31,0.46,-0.0162,0.63699,-7491.3,-84.17,0.977,-0.786,-62492.0,0.018,5.29
G_WIDE,BRK_4H,SHORT,mkt_vol,lo,TEST,23597,256.49,0.4,-0.1898,1.0,-85793.7,-932.54,0.929,-0.831,-93052.3,0.021,5.45
G_WIDE,BRK_4H,SHORT,mkt_vol,lo,HOLDOUT,14990,249.83,0.412,-0.1695,0.99999,-28293.1,-471.55,0.95,-0.831,-46752.6,0.02,5.1
G_WIDE,ANY,SHORT,mkt_vol,lo,TRAIN,85257,463.35,0.448,-0.0422,0.91492,-59075.1,-321.06,0.952,-0.797,-138066.6,0.009,4.29
G_WIDE,ANY,SHORT,mkt_vol,lo,VALID,58463,656.89,0.452,-0.0354,0.83499,-53526.5,-601.42,0.95,-0.788,-162835.6,0.008,5.47
G_WIDE,ANY,SHORT,mkt_vol,lo,TEST,56072,609.48,0.416,-0.147,1.0,-167849.2,-1824.45,0.928,-0.816,-184243.6,0.009,5.28
G_WIDE,ANY,SHORT,mkt_vol,lo,HOLDOUT,35818,596.97,0.424,-0.1389,0.99998,-65206.6,-1086.78,0.938,-0.819,-106060.3,0.008,5.05
G_WIDE,MTF_BRK,SHORT,mkt_vol,lo,TRAIN,18932,102.89,0.425,-0.0753,0.93685,-31787.4,-172.76,0.964,-0.813,-43913.6,0.042,4.32
G_WIDE,MTF_BRK,SHORT,mkt_vol,lo,VALID,14556,163.55,0.446,-0.0487,0.8168,-15518.3,-174.36,0.981,-0.8,-43055.5,0.036,5.88
G_WIDE,MTF_BRK,SHORT,mkt_vol,lo,TEST,11528,125.3,0.383,-0.2097,0.99999,-44387.9,-482.48,0.931,-0.843,-46844.6,0.046,5.75
G_WIDE,MTF_BRK,SHORT,mkt_vol,lo,HOLDOUT,7138,118.97,0.388,-0.2073,0.99999,-19484.4,-324.74,0.95,-0.85,-26691.3,0.045,5.35
G_WIDE,OI_PRICE,LONG,mkt_vol,lo,TRAIN,8140,44.24,0.402,-0.0701,0.99038,-15332.2,-83.33,0.906,-0.792,-34291.0,0.097,4.3
G_WIDE,OI_PRICE,LONG,mkt_vol,lo,VALID,5116,57.48,0.435,0.0055,0.4264,7379.9,82.92,0.947,-0.761,-10534.1,0.095,5.48
G_WIDE,OI_PRICE,LONG,mkt_vol,lo,TEST,5379,58.47,0.417,-0.0303,0.82049,4483.9,48.74,0.913,-0.774,-15680.4,0.093,5.43
G_WIDE,OI_PRICE,LONG,mkt_vol,lo,HOLDOUT,3677,61.28,0.424,-0.0069,0.5598,-4734.6,-78.91,0.937,-0.782,-12714.1,0.084,5.15
G_WIDE,EARLY_BRK,SHORT,mkt_vol,lo,TRAIN,23399,127.17,0.44,-0.0598,0.90041,-11951.9,-64.96,0.994,-0.808,-41944.6,0.032,4.13
G_WIDE,EARLY_BRK,SHORT,mkt_vol,lo,VALID,16346,183.66,0.458,-0.0206,0.64651,-1261.8,-14.18,1.007,-0.794,-37882.8,0.03,5.45
G_WIDE,EARLY_BRK,SHORT,mkt_vol,lo,TEST,16470,179.02,0.403,-0.1953,0.99999,-46378.6,-504.12,0.966,-0.837,-52589.2,0.031,5.57
G_WIDE,EARLY_BRK,SHORT,mkt_vol,lo,HOLDOUT,10486,174.77,0.404,-0.2113,1.0,-24089.8,-401.5,0.965,-0.845,-34391.8,0.03,5.25
G_WIDE,BRK_24H,SHORT,mkt_vol,lo,TRAIN,13936,75.74,0.421,-0.0804,0.92122,-29656.7,-161.18,0.959,-0.8,-43942.4,0.054,4.09
G_WIDE,BRK_24H,SHORT,mkt_vol,lo,VALID,10793,121.27,0.439,-0.0692,0.87732,-19058.1,-214.14,0.951,-0.794,-36839.8,0.045,5.45
G_WIDE,BRK_24H,SHORT,mkt_vol,lo,TEST,7597,82.58,0.374,-0.2306,0.99998,-35461.3,-385.45,0.892,-0.841,-37730.2,0.064,5.26
G_WIDE,BRK_24H,SHORT,mkt_vol,lo,HOLDOUT,4612,76.87,0.375,-0.2413,0.99998,-15286.9,-254.78,0.915,-0.844,-20887.5,0.066,5.1
G_WIDE,ACCEL,LONG,mkt_vol,lo,TRAIN,12605,68.51,0.373,-0.1661,0.99972,-58078.6,-315.64,0.897,-0.828,-65789.3,0.068,4.65
G_WIDE,ACCEL,LONG,mkt_vol,lo,VALID,7996,89.84,0.445,0.0003,0.49797,11477.8,128.96,0.973,-0.776,-13430.3,0.067,6.06
G_WIDE,ACCEL,LONG,mkt_vol,lo,TEST,8193,89.05,0.407,-0.1123,0.99042,-6856.4,-74.53,0.914,-0.804,-18128.5,0.067,5.97
G_WIDE,ACCEL,LONG,mkt_vol,lo,HOLDOUT,5469,91.15,0.422,-0.0948,0.97603,-6036.8,-100.61,0.948,-0.801,-11609.9,0.065,5.92
G_WIDE,CHANGE_POINT,LONG,mkt_vol,lo,TRAIN,8014,43.55,0.398,-0.1218,0.9922,-28531.3,-155.06,0.874,-0.798,-36107.5,0.098,4.28
G_WIDE,CHANGE_POINT,LONG,mkt_vol,lo,VALID,4556,51.19,0.444,-0.0032,0.52013,5575.9,62.65,0.944,-0.768,-8480.9,0.101,5.19
G_WIDE,CHANGE_POINT,LONG,mkt_vol,lo,TEST,4895,53.21,0.417,-0.0944,0.94298,-5280.7,-57.4,0.882,-0.785,-11901.0,0.112,5.93
G_WIDE,CHANGE_POINT,LONG,mkt_vol,lo,HOLDOUT,3308,55.13,0.44,-0.0587,0.84376,-1014.6,-16.91,0.941,-0.785,-5934.0,0.098,5.38
G_WIDE,OI_BUILD_BRK,LONG,mkt_vol,lo,TRAIN,5083,27.62,0.386,-0.0944,0.99836,-16242.1,-88.27,0.904,-0.808,-21698.6,0.157,4.33
G_WIDE,OI_BUILD_BRK,LONG,mkt_vol,lo,VALID,3585,40.28,0.42,-0.0231,0.78202,-2765.9,-31.08,0.951,-0.783,-11044.6,0.146,5.9
G_WIDE,OI_BUILD_BRK,LONG,mkt_vol,lo,TEST,3629,39.45,0.407,-0.0624,0.96154,-1270.5,-13.81,0.915,-0.791,-15860.3,0.137,5.4
G_WIDE,OI_BUILD_BRK,LONG,mkt_vol,lo,HOLDOUT,2580,43.0,0.418,-0.006,0.54722,-4153.1,-69.22,0.949,-0.805,-11465.5,0.147,6.3
G_WIDE,VOL_PRICE,SHORT,mkt_vol,lo,TRAIN,15877,86.29,0.459,-0.0073,0.56361,3992.7,21.7,0.976,-0.771,-27834.9,0.046,3.93
G_WIDE,VOL_PRICE,SHORT,mkt_vol,lo,VALID,10261,115.29,0.453,-0.0402,0.77628,-13576.4,-152.54,0.93,-0.772,-31823.1,0.047,5.38
G_WIDE,VOL_PRICE,SHORT,mkt_vol,lo,TEST,10390,112.93,0.419,-0.1401,0.99838,-31938.7,-347.16,0.91,-0.799,-37076.8,0.046,5.21
G_WIDE,VOL_PRICE,SHORT,mkt_vol,lo,HOLDOUT,6526,108.77,0.42,-0.147,0.99866,-18122.0,-302.03,0.912,-0.808,-25417.5,0.045,4.9
G_WIDE,SWEEP_RECLAIM,SHORT,mkt_vol,lo,TRAIN,12765,69.38,0.459,-0.032,0.77261,-5444.8,-29.59,0.934,-0.788,-31002.2,0.059,4.06
G_WIDE,SWEEP_RECLAIM,SHORT,mkt_vol,lo,VALID,7901,88.78,0.425,-0.1067,0.98731,-28823.7,-323.86,0.868,-0.815,-42029.2,0.06,5.33
G_WIDE,SWEEP_RECLAIM,SHORT,mkt_vol,lo,TEST,8679,94.34,0.454,-0.0605,0.93704,-16235.3,-176.47,0.915,-0.79,-19925.7,0.053,4.96
G_WIDE,SWEEP_RECLAIM,SHORT,mkt_vol,lo,HOLDOUT,5605,93.42,0.424,-0.1413,0.99527,-19008.9,-316.82,0.88,-0.823,-26623.0,0.048,4.45
G_WIDE,ACCEL,SHORT,mkt_vol,lo,TRAIN,11563,62.84,0.466,-0.0043,0.53025,260.9,1.42,0.965,-0.757,-21343.6,0.057,3.55
G_WIDE,ACCEL,SHORT,mkt_vol,lo,VALID,7975,89.61,0.445,-0.0669,0.84722,-15236.8,-171.2,0.904,-0.775,-25350.6,0.054,4.82
G_WIDE,ACCEL,SHORT,mkt_vol,lo,TEST,7500,81.52,0.433,-0.111,0.96992,-18207.5,-197.91,0.91,-0.772,-22775.3,0.057,4.62
G_WIDE,ACCEL,SHORT,mkt_vol,lo,HOLDOUT,4849,80.82,0.411,-0.1809,0.99798,-17567.2,-292.79,0.878,-0.8,-27301.7,0.054,4.37
G_WIDE,SQUEEZE_EXP,SHORT,mkt_vol,lo,TRAIN,9123,49.58,0.444,-0.0612,0.89933,-9747.9,-52.98,0.977,-0.81,-20784.6,0.081,4.0
G_WIDE,SQUEEZE_EXP,SHORT,mkt_vol,lo,VALID,7047,79.18,0.458,-0.0355,0.73553,-6166.6,-69.29,0.978,-0.798,-16567.1,0.065,5.17
G_WIDE,SQUEEZE_EXP,SHORT,mkt_vol,lo,TEST,7111,77.29,0.393,-0.2165,0.99999,-26441.1,-287.4,0.919,-0.846,-28431.4,0.065,5.02
G_WIDE,SQUEEZE_EXP,SHORT,mkt_vol,lo,HOLDOUT,4503,75.05,0.399,-0.2313,1.0,-15973.9,-266.23,0.923,-0.834,-19879.2,0.066,4.92
G_WIDE,BRK_24H,LONG,mkt_vol,lo,TRAIN,11418,62.05,0.388,-0.1444,0.99947,-37512.0,-203.87,0.909,-0.822,-48965.2,0.073,4.55
G_WIDE,BRK_24H,LONG,mkt_vol,lo,VALID,7185,80.73,0.424,-0.037,0.7628,-462.0,-5.19,0.97,-0.785,-19787.9,0.076,6.16
G_WIDE,BRK_24H,LONG,mkt_vol,lo,TEST,7913,86.01,0.401,-0.1296,0.9992,-14763.6,-160.47,0.921,-0.806,-24780.7,0.065,5.6
G_WIDE,BRK_24H,LONG,mkt_vol,lo,HOLDOUT,4996,83.27,0.436,-0.0325,0.68072,1434.4,23.91,0.976,-0.79,-11842.6,0.069,5.78
G_WIDE,VOL_PRICE,LONG,mkt_vol,lo,TRAIN,12994,70.62,0.388,-0.1464,0.99947,-51329.8,-278.97,0.905,-0.829,-55578.4,0.068,4.78
G_WIDE,VOL_PRICE,LONG,mkt_vol,lo,VALID,8079,90.78,0.447,0.0026,0.47937,9291.3,104.4,0.976,-0.777,-11517.6,0.067,6.12
G_WIDE,VOL_PRICE,LONG,mkt_vol,lo,TEST,8748,95.09,0.409,-0.1055,0.99804,-9530.0,-103.59,0.921,-0.813,-24268.3,0.064,6.1
G_WIDE,VOL_PRICE,LONG,mkt_vol,lo,HOLDOUT,5309,88.48,0.428,-0.0725,0.95028,-1228.0,-20.47,0.963,-0.795,-10200.7,0.067,5.93
G_WIDE,MTF_BRK,LONG,mkt_vol,lo,TRAIN,16399,89.12,0.388,-0.1513,0.99992,-51128.8,-277.87,0.922,-0.829,-67804.7,0.05,4.48
G_WIDE,MTF_BRK,LONG,mkt_vol,lo,VALID,10174,114.31,0.411,-0.0833,0.96281,-14688.9,-165.04,0.949,-0.8,-32997.8,0.056,6.37
G_WIDE,MTF_BRK,LONG,mkt_vol,lo,TEST,11236,122.13,0.4,-0.1412,0.9999,-22298.5,-242.37,0.935,-0.814,-37593.3,0.048,5.85
G_WIDE,MTF_BRK,LONG,mkt_vol,lo,HOLDOUT,7100,118.33,0.424,-0.0749,0.88305,-1886.5,-31.44,0.967,-0.807,-18345.4,0.05,5.87
G_WIDE,FUNDING_SQUEEZE,SHORT,mkt_vol,lo,TRAIN,229,1.24,0.419,-0.1155,0.93573,-319.4,-1.74,0.828,-0.94,-1675.4,0.624,0.78
G_WIDE,FUNDING_SQUEEZE,SHORT,mkt_vol,lo,VALID,226,2.54,0.456,0.029,0.36971,-1964.9,-22.08,1.019,-0.811,-2680.1,0.588,1.49
G_WIDE,FUNDING_SQUEEZE,SHORT,mkt_vol,lo,TEST,138,1.5,0.449,-0.0347,0.62836,-1116.1,-12.13,0.917,-0.8,-1580.3,0.601,0.9
G_WIDE,FUNDING_SQUEEZE,SHORT,mkt_vol,lo,HOLDOUT,55,0.92,0.491,0.0041,0.4902,1316.0,21.93,0.925,-0.745,-582.3,0.618,0.57
G_WIDE,PULLBACK_CONT,SHORT,mkt_vol,lo,TRAIN,29278,159.12,0.445,-0.0328,0.79293,-13987.9,-76.02,0.971,-0.803,-40733.3,0.027,4.29
G_WIDE,PULLBACK_CONT,SHORT,mkt_vol,lo,VALID,19999,224.71,0.442,-0.0498,0.8681,-18898.7,-212.34,0.969,-0.8,-56113.5,0.024,5.43
G_WIDE,PULLBACK_CONT,SHORT,mkt_vol,lo,TEST,19130,207.93,0.402,-0.1638,0.99999,-58622.0,-637.2,0.945,-0.832,-62965.7,0.025,5.21
G_WIDE,PULLBACK_CONT,SHORT,mkt_vol,lo,HOLDOUT,11806,196.77,0.425,-0.1107,0.99648,-12554.0,-209.23,0.974,-0.829,-24975.8,0.025,4.93
G_WIDE,CHANGE_POINT,SHORT,mkt_vol,lo,TRAIN,7924,43.07,0.49,0.0287,0.31722,9197.5,49.99,0.964,-0.735,-14944.2,0.081,3.5
G_WIDE,CHANGE_POINT,SHORT,mkt_vol,lo,VALID,5179,58.19,0.448,-0.0753,0.87404,-10457.7,-117.5,0.859,-0.753,-15441.0,0.075,4.38
G_WIDE,CHANGE_POINT,SHORT,mkt_vol,lo,TEST,5148,55.96,0.45,-0.0779,0.89084,-10477.2,-113.88,0.894,-0.749,-14509.1,0.078,4.39
G_WIDE,CHANGE_POINT,SHORT,mkt_vol,lo,HOLDOUT,3392,56.53,0.403,-0.2118,0.99999,-21004.3,-350.07,0.822,-0.788,-24256.6,0.066,3.75
G_WIDE,OI_COVER,SHORT,mkt_vol,lo,TRAIN,8601,46.74,0.478,0.0152,0.38202,2267.1,12.32,0.92,-0.728,-19309.6,0.07,3.28
G_WIDE,OI_COVER,SHORT,mkt_vol,lo,VALID,5285,59.38,0.476,-0.022,0.68288,-4574.5,-51.4,0.854,-0.722,-16403.9,0.073,4.31
G_WIDE,OI_COVER,SHORT,mkt_vol,lo,TEST,5067,55.08,0.435,-0.1077,0.98049,-20224.1,-219.83,0.81,-0.749,-23972.1,0.076,4.18
G_WIDE,OI_COVER,SHORT,mkt_vol,lo,HOLDOUT,3440,57.33,0.426,-0.1298,0.99468,-10045.8,-167.43,0.796,-0.769,-18215.0,0.063,3.63
G_WIDE,PULLBACK_CONT,LONG,mkt_vol,lo,TRAIN,26116,141.93,0.383,-0.1612,1.0,-84026.5,-456.67,0.901,-0.826,-109502.4,0.027,3.83
G_WIDE,PULLBACK_CONT,LONG,mkt_vol,lo,VALID,16967,190.64,0.413,-0.0907,0.98591,-21989.5,-247.07,0.909,-0.789,-46843.9,0.026,5.01
G_WIDE,PULLBACK_CONT,LONG,mkt_vol,lo,TEST,17073,185.58,0.402,-0.1283,0.99986,-28893.3,-314.06,0.909,-0.815,-54332.9,0.029,5.42
G_WIDE,PULLBACK_CONT,LONG,mkt_vol,lo,HOLDOUT,11124,185.4,0.4,-0.1439,0.99882,-30287.4,-504.79,0.903,-0.84,-36582.0,0.027,5.0
G_WIDE,CAPITULATION_REV,LONG,mkt_vol,lo,TRAIN,1290,7.01,0.406,-0.2132,0.97335,-6859.4,-37.28,0.711,-0.892,-10317.1,0.278,1.95
G_WIDE,CAPITULATION_REV,LONG,mkt_vol,lo,VALID,618,6.94,0.5,0.1055,0.29084,3381.5,37.99,0.974,-0.748,-2057.7,0.346,2.4
G_WIDE,CAPITULATION_REV,LONG,mkt_vol,lo,TEST,479,5.21,0.457,-0.0725,0.76518,1380.0,15.0,0.863,-0.766,-2558.3,0.43,2.24
G_WIDE,CAPITULATION_REV,LONG,mkt_vol,lo,HOLDOUT,411,6.85,0.64,0.3413,0.00165,5250.6,87.51,1.027,-0.659,-847.5,0.365,2.5
G_WIDE,EARLY_BRK,LONG,mkt_vol,lo,TRAIN,24110,131.03,0.403,-0.145,0.99982,-64577.9,-350.97,0.942,-0.84,-79028.0,0.036,4.73
G_WIDE,EARLY_BRK,LONG,mkt_vol,lo,VALID,15149,170.21,0.387,-0.1828,0.99997,-38638.5,-434.14,0.915,-0.856,-45853.1,0.038,6.47
G_WIDE,EARLY_BRK,LONG,mkt_vol,lo,TEST,15989,173.79,0.396,-0.1799,1.0,-34501.8,-375.02,0.952,-0.846,-45831.1,0.036,6.27
G_WIDE,EARLY_BRK,LONG,mkt_vol,lo,HOLDOUT,10084,168.07,0.384,-0.2354,1.0,-30793.8,-513.23,0.933,-0.85,-32729.4,0.035,5.85
G_WIDE,TREND_TRANS,SHORT,mkt_vol,lo,TRAIN,11039,59.99,0.455,-0.0289,0.74603,-5825.8,-31.66,0.963,-0.79,-19697.9,0.061,3.65
G_WIDE,TREND_TRANS,SHORT,mkt_vol,lo,VALID,7517,84.46,0.468,0.0071,0.44463,3102.3,34.86,0.97,-0.762,-15676.7,0.058,4.92
G_WIDE,TREND_TRANS,SHORT,mkt_vol,lo,TEST,7493,81.45,0.422,-0.1452,0.99977,-22028.7,-239.44,0.931,-0.81,-24472.0,0.062,5.07
G_WIDE,TREND_TRANS,SHORT,mkt_vol,lo,HOLDOUT,5127,85.45,0.425,-0.1432,0.9989,-5253.7,-87.56,0.94,-0.811,-11926.4,0.053,4.57
G_WIDE,OI_BUILD_BRK,SHORT,mkt_vol,lo,TRAIN,157,0.85,0.522,0.026,0.37698,382.4,2.08,0.818,-0.671,-1315.5,0.873,0.74
G_WIDE,OI_BUILD_BRK,SHORT,mkt_vol,lo,VALID,128,1.44,0.508,-0.0418,0.62539,1503.0,16.89,0.794,-0.634,-301.0,0.852,1.22
G_WIDE,OI_BUILD_BRK,SHORT,mkt_vol,lo,TEST,83,0.9,0.458,-0.3854,0.94422,49.7,0.54,0.727,-0.756,-676.9,0.892,0.8
G_WIDE,OI_BUILD_BRK,SHORT,mkt_vol,lo,HOLDOUT,36,0.6,0.444,-0.4212,0.96967,-268.4,-4.47,0.626,-0.788,-411.5,0.944,0.57
G_WIDE,SQUEEZE_EXP,SHORT,mkt_trend,bear,TRAIN,5519,29.99,0.392,-0.1672,0.98973,-26791.7,-145.61,0.825,-0.847,-30375.8,0.076,2.27
G_WIDE,SQUEEZE_EXP,SHORT,mkt_trend,bear,VALID,2907,32.66,0.431,-0.0581,0.71353,-5852.4,-65.76,0.937,-0.85,-22353.4,0.066,2.16
G_WIDE,SQUEEZE_EXP,SHORT,mkt_trend,bear,TEST,3097,33.66,0.378,-0.2053,0.99627,-17520.9,-190.44,0.847,-0.855,-19255.1,0.069,2.34
G_WIDE,SQUEEZE_EXP,SHORT,mkt_trend,bear,HOLDOUT,152,2.53,0.171,-0.7148,0.99999,-2898.6,-48.31,0.757,-1.018,-2921.9,0.164,0.42
G_WIDE,SWEEP_RECLAIM,LONG,mkt_trend,bear,TRAIN,10085,54.81,0.494,0.0944,0.07238,48015.9,260.96,0.991,-0.786,-31450.4,0.041,2.27
G_WIDE,SWEEP_RECLAIM,LONG,mkt_trend,bear,VALID,4487,50.42,0.483,0.07,0.25023,-2763.2,-31.05,0.981,-0.762,-53804.6,0.049,2.46
G_WIDE,SWEEP_RECLAIM,LONG,mkt_trend,bear,TEST,4821,52.4,0.441,-0.0496,0.74504,-3666.8,-39.86,0.939,-0.828,-25362.9,0.05,2.61
G_WIDE,SWEEP_RECLAIM,LONG,mkt_trend,bear,HOLDOUT,412,6.87,0.67,0.5457,1e-05,6602.6,110.04,1.276,-0.669,-1078.0,0.058,0.4
G_WIDE,ANY,LONG,mkt_trend,bear,TRAIN,50959,276.95,0.409,-0.1117,0.99856,-123207.5,-669.61,0.869,-0.805,-192885.7,0.009,2.42
G_WIDE,ANY,LONG,mkt_trend,bear,VALID,21930,246.4,0.414,-0.0922,0.93556,-71616.0,-804.67,0.881,-0.78,-145589.4,0.009,2.34
G_WIDE,ANY,LONG,mkt_trend,bear,TEST,25659,278.9,0.369,-0.2036,0.99999,-129433.3,-1406.88,0.832,-0.846,-155177.3,0.01,2.77
G_WIDE,ANY,LONG,mkt_trend,bear,HOLDOUT,1416,23.6,0.53,0.1818,0.09423,11085.5,184.76,1.049,-0.778,-9195.6,0.022,0.52
G_WIDE,VOL_PRICE,LONG,mkt_trend,bear,TRAIN,6810,37.01,0.433,-0.0247,0.63277,6630.6,36.04,0.934,-0.786,-22342.4,0.073,2.69
G_WIDE,VOL_PRICE,LONG,mkt_trend,bear,VALID,3547,39.85,0.429,-0.0502,0.68944,-7769.2,-87.29,0.891,-0.765,-37591.3,0.064,2.55
G_WIDE,VOL_PRICE,LONG,mkt_trend,bear,TEST,3546,38.54,0.368,-0.1991,0.99982,-18295.4,-198.86,0.832,-0.832,-25988.6,0.07,2.68
G_WIDE,VOL_PRICE,LONG,mkt_trend,bear,HOLDOUT,216,3.6,0.583,0.2945,0.00346,1547.7,25.8,1.188,-0.687,-1007.4,0.157,0.57
G_WIDE,CAPITULATION_REV,LONG,mkt_trend,bear,TRAIN,691,3.76,0.331,-0.3428,0.9998,-9002.7,-48.93,0.654,-1.069,-9807.7,0.271,1.02
G_WIDE,CAPITULATION_REV,LONG,mkt_trend,bear,VALID,403,4.53,0.583,0.3452,0.211,10652.3,119.69,1.015,-0.601,-8244.4,0.231,1.04
G_WIDE,CAPITULATION_REV,LONG,mkt_trend,bear,TEST,488,5.3,0.434,-0.137,0.8088,-4495.7,-48.87,0.833,-0.768,-6886.4,0.236,1.25
G_WIDE,CAPITULATION_REV,LONG,mkt_trend,bear,HOLDOUT,12,0.2,0.667,0.393,0.20088,396.3,6.6,1.121,-0.957,-94.9,0.917,0.18
G_WIDE,OI_COVER,SHORT,mkt_trend,bear,TRAIN,6862,37.29,0.412,-0.1079,0.95113,-42678.3,-231.95,0.862,-0.777,-51277.1,0.053,1.98
G_WIDE,OI_COVER,SHORT,mkt_trend,bear,VALID,2547,28.62,0.414,-0.1173,0.83547,-15125.9,-169.95,0.822,-0.791,-35677.1,0.066,1.89
G_WIDE,OI_COVER,SHORT,mkt_trend,bear,TEST,3877,42.14,0.42,-0.0941,0.8609,-10670.6,-115.98,0.858,-0.796,-29019.4,0.047,1.99
G_WIDE,OI_COVER,SHORT,mkt_trend,bear,HOLDOUT,148,2.47,0.25,-0.5665,0.99997,-4281.7,-71.36,0.644,-0.942,-4644.5,0.155,0.38
G_WIDE,OI_PRICE,SHORT,mkt_trend,bear,TRAIN,146,0.79,0.349,-0.2167,0.98475,-2156.3,-11.72,0.75,-0.796,-2655.0,0.877,0.7
G_WIDE,OI_PRICE,SHORT,mkt_trend,bear,VALID,51,0.57,0.569,0.0767,0.32706,986.6,11.09,0.907,-0.616,-447.9,0.941,0.54
G_WIDE,OI_PRICE,SHORT,mkt_trend,bear,TEST,60,0.65,0.483,-0.0096,0.53089,131.0,1.42,0.966,-0.744,-287.0,0.883,0.58
G_WIDE,OI_PRICE,SHORT,mkt_trend,bear,HOLDOUT,2,0.03,0.0,-1.0415,1.0,-130.1,-2.17,0.62,-1.044,-130.1,1.0,0.03
G_WIDE,OI_PRICE,SHORT,mkt_vol,lo,TRAIN,215,1.17,0.474,-0.0557,0.76867,-186.5,-1.01,0.827,-0.698,-1562.7,0.902,1.05
G_WIDE,OI_PRICE,SHORT,mkt_vol,lo,VALID,133,1.49,0.541,0.0168,0.42915,808.9,9.09,0.794,-0.623,-704.3,0.94,1.4
G_WIDE,OI_PRICE,SHORT,mkt_vol,lo,TEST,91,0.99,0.462,-0.2726,0.91427,185.2,2.01,0.782,-0.716,-394.2,0.978,0.97
G_WIDE,OI_PRICE,SHORT,mkt_vol,lo,HOLDOUT,47,0.78,0.553,0.0766,0.30656,445.9,7.43,0.851,-0.69,-592.9,1.0,0.78
G_WIDE,BRK_24H,SHORT,mkt_trend,bear,TRAIN,9096,49.43,0.346,-0.2405,0.9995,-72994.1,-396.71,0.883,-0.863,-75844.9,0.046,2.26
G_WIDE,BRK_24H,SHORT,mkt_trend,bear,VALID,3991,44.84,0.336,-0.2607,0.98821,-31790.3,-357.19,0.833,-0.881,-51946.2,0.056,2.53
G_WIDE,BRK_24H,SHORT,mkt_trend,bear,TEST,4518,49.11,0.41,-0.1061,0.8932,-13675.3,-148.64,0.924,-0.818,-24474.4,0.047,2.32
G_WIDE,BRK_24H,SHORT,mkt_trend,bear,HOLDOUT,310,5.17,0.142,-0.7842,1.0,-5925.4,-98.76,0.673,-1.069,-5925.4,0.081,0.42
G_WIDE,MTF_BRK,SHORT,mkt_trend,bear,TRAIN,13167,71.56,0.352,-0.2303,0.99997,-96136.7,-522.48,0.889,-0.867,-99426.3,0.033,2.34
G_WIDE,MTF_BRK,SHORT,mkt_trend,bear,VALID,5735,64.44,0.397,-0.116,0.87765,-19314.5,-217.02,0.913,-0.846,-54842.2,0.038,2.47
G_WIDE,MTF_BRK,SHORT,mkt_trend,bear,TEST,7309,79.45,0.432,-0.0414,0.70693,-4211.6,-45.78,0.987,-0.805,-26527.1,0.033,2.62
G_WIDE,MTF_BRK,SHORT,mkt_trend,bear,HOLDOUT,485,8.08,0.173,-0.6899,1.0,-8354.1,-139.24,0.79,-1.024,-8355.3,0.043,0.35
G_WIDE,TREND_TRANS,SHORT,mkt_trend,bear,TRAIN,6779,36.84,0.441,-0.0486,0.78439,-6714.6,-36.49,0.937,-0.787,-17423.6,0.057,2.1
G_WIDE,TREND_TRANS,SHORT,mkt_trend,bear,VALID,2818,31.66,0.461,0.0226,0.40305,-1360.9,-15.29,0.96,-0.803,-14129.6,0.068,2.16
G_WIDE,TREND_TRANS,SHORT,mkt_trend,bear,TEST,3605,39.18,0.427,-0.0555,0.73695,-10269.8,-111.63,0.964,-0.807,-17551.2,0.059,2.29
G_WIDE,TREND_TRANS,SHORT,mkt_trend,bear,HOLDOUT,247,4.12,0.113,-0.8409,1.0,-5210.9,-86.85,0.66,-1.109,-5300.4,0.097,0.4
G_WIDE,ANY,SHORT,mkt_trend,bear,TRAIN,52418,284.88,0.432,-0.0688,0.95456,-134249.3,-729.62,0.923,-0.796,-166747.3,0.008,2.27
G_WIDE,ANY,SHORT,mkt_trend,bear,VALID,21740,244.27,0.435,-0.0489,0.7862,-37319.2,-419.32,0.919,-0.812,-144951.9,0.01,2.42
G_WIDE,ANY,SHORT,mkt_trend,bear,TEST,27342,297.2,0.458,-0.0009,0.50698,-6858.8,-74.55,0.981,-0.773,-82242.7,0.009,2.53
G_WIDE,ANY,SHORT,mkt_trend,bear,HOLDOUT,1779,29.65,0.212,-0.5972,1.0,-28948.4,-482.47,0.819,-1.0,-29176.0,0.015,0.43
G_WIDE,BRK_4H,SHORT,mkt_trend,bear,TRAIN,24501,133.16,0.402,-0.1198,0.98883,-92394.4,-502.14,0.928,-0.829,-100176.7,0.017,2.31
G_WIDE,BRK_4H,SHORT,mkt_trend,bear,VALID,9905,111.29,0.425,-0.0619,0.79141,-22620.9,-254.17,0.933,-0.84,-68359.9,0.023,2.53
G_WIDE,BRK_4H,SHORT,mkt_trend,bear,TEST,12899,140.21,0.437,-0.0363,0.70961,-11882.7,-129.16,0.985,-0.809,-42604.1,0.017,2.36
G_WIDE,BRK_4H,SHORT,mkt_trend,bear,HOLDOUT,811,13.52,0.18,-0.6698,1.0,-13346.0,-222.43,0.801,-1.037,-13346.0,0.027,0.37
G_WIDE,EARLY_BRK,SHORT,mkt_trend,bear,TRAIN,11186,60.79,0.416,-0.0987,0.94183,-24923.8,-135.46,0.961,-0.839,-35591.1,0.035,2.15
G_WIDE,EARLY_BRK,SHORT,mkt_trend,bear,VALID,4747,53.34,0.447,-0.0243,0.61416,-3691.8,-41.48,0.976,-0.844,-21296.8,0.043,2.29
G_WIDE,EARLY_BRK,SHORT,mkt_trend,bear,TEST,6513,70.79,0.451,-0.0149,0.57778,-1493.4,-16.23,1.035,-0.81,-16414.0,0.036,2.57
G_WIDE,EARLY_BRK,SHORT,mkt_trend,bear,HOLDOUT,454,7.57,0.174,-0.7066,1.0,-6093.3,-101.56,0.844,-1.058,-6093.3,0.051,0.38
G_WIDE,CHANGE_POINT,SHORT,mkt_trend,bear,TRAIN,3436,18.67,0.492,0.0365,0.323,9418.7,51.19,0.959,-0.725,-9124.7,0.104,1.94
G_WIDE,CHANGE_POINT,SHORT,mkt_trend,bear,VALID,1800,20.22,0.394,-0.1783,0.88516,-16521.8,-185.64,0.779,-0.807,-25700.4,0.094,1.91
G_WIDE,CHANGE_POINT,SHORT,mkt_trend,bear,TEST,2255,24.51,0.42,-0.1308,0.93355,-9917.7,-107.8,0.869,-0.795,-12035.0,0.082,2.0
G_WIDE,CHANGE_POINT,SHORT,mkt_trend,bear,HOLDOUT,76,1.27,0.316,-0.3076,0.99836,-1956.6,-32.61,0.822,-0.911,-2151.6,0.303,0.38
G_WIDE,VOL_PRICE,SHORT,mkt_trend,bear,TRAIN,7797,42.38,0.393,-0.1516,0.98553,-40879.4,-222.17,0.901,-0.831,-45531.2,0.055,2.33
G_WIDE,VOL_PRICE,SHORT,mkt_trend,bear,VALID,3216,36.13,0.414,-0.1014,0.8394,-17078.0,-191.89,0.87,-0.836,-33562.5,0.064,2.3
G_WIDE,VOL_PRICE,SHORT,mkt_trend,bear,TEST,4675,50.82,0.42,-0.101,0.91708,-16836.9,-183.01,0.914,-0.808,-23215.5,0.047,2.4
G_WIDE,VOL_PRICE,SHORT,mkt_trend,bear,HOLDOUT,196,3.27,0.199,-0.6585,1.0,-4315.9,-71.93,0.684,-1.038,-4389.9,0.102,0.33
G_WIDE,SQUEEZE_EXP,LONG,mkt_trend,bear,TRAIN,5822,31.64,0.457,0.0016,0.49095,1773.9,9.64,0.97,-0.741,-22955.3,0.076,2.41
G_WIDE,SQUEEZE_EXP,LONG,mkt_trend,bear,VALID,3164,35.55,0.392,-0.1338,0.91736,-10924.8,-122.75,0.908,-0.82,-21057.9,0.065,2.33
G_WIDE,SQUEEZE_EXP,LONG,mkt_trend,bear,TEST,3219,34.99,0.479,0.0607,0.25281,11887.6,129.21,0.984,-0.749,-6923.5,0.076,2.67
G_WIDE,SQUEEZE_EXP,LONG,mkt_trend,bear,HOLDOUT,213,3.55,0.662,0.567,9e-05,3252.2,54.2,1.282,-0.653,-545.8,0.141,0.5
G_WIDE,BRK_4H,LONG,mkt_trend,bear,TRAIN,21348,116.02,0.382,-0.1653,0.99984,-85639.1,-465.43,0.848,-0.816,-97018.3,0.023,2.7
G_WIDE,BRK_4H,LONG,mkt_trend,bear,VALID,8813,99.02,0.405,-0.0904,0.88526,-20856.5,-234.34,0.91,-0.789,-43869.0,0.027,2.7
G_WIDE,BRK_4H,LONG,mkt_trend,bear,TEST,10554,114.72,0.345,-0.252,0.99999,-68676.8,-746.49,0.802,-0.857,-75226.7,0.025,2.85
G_WIDE,BRK_4H,LONG,mkt_trend,bear,HOLDOUT,550,9.17,0.465,0.0546,0.38971,2805.2,46.75,0.979,-0.834,-3999.3,0.069,0.63
G_WIDE,TREND_TRANS,LONG,mkt_trend,bear,TRAIN,6894,37.47,0.388,-0.1652,0.99813,-31389.8,-170.6,0.825,-0.804,-39378.7,0.057,2.14
G_WIDE,TREND_TRANS,LONG,mkt_trend,bear,VALID,2996,33.66,0.406,-0.0912,0.82426,-3676.6,-41.31,0.853,-0.757,-18787.3,0.068,2.29
G_WIDE,TREND_TRANS,LONG,mkt_trend,bear,TEST,3693,40.14,0.333,-0.2756,0.99998,-28833.3,-313.41,0.782,-0.87,-32177.2,0.059,2.36
G_WIDE,TREND_TRANS,LONG,mkt_trend,bear,HOLDOUT,196,3.27,0.393,-0.1369,0.72828,266.1,4.43,0.893,-0.906,-1896.8,0.143,0.47
G_WIDE,OI_BUILD_BRK,LONG,mkt_trend,bear,TRAIN,4273,23.22,0.41,-0.0454,0.83863,-4055.6,-22.04,0.884,-0.757,-19371.4,0.103,2.38
G_WIDE,OI_BUILD_BRK,LONG,mkt_trend,bear,VALID,1524,17.12,0.412,-0.0531,0.7405,-4483.5,-50.38,0.897,-0.763,-10141.3,0.13,2.22
G_WIDE,OI_BUILD_BRK,LONG,mkt_trend,bear,TEST,1972,21.43,0.388,-0.1106,0.97137,-3877.5,-42.15,0.838,-0.817,-12296.1,0.112,2.4
G_WIDE,OI_BUILD_BRK,LONG,mkt_trend,bear,HOLDOUT,94,1.57,0.447,0.0602,0.29665,921.1,15.35,0.968,-0.778,-649.2,0.309,0.48
G_WIDE,ACCEL,SHORT,mkt_trend,bear,TRAIN,5611,30.49,0.407,-0.1254,0.93399,-23001.8,-125.01,0.915,-0.817,-33140.6,0.072,2.2
G_WIDE,ACCEL,SHORT,mkt_trend,bear,VALID,2627,29.52,0.405,-0.1056,0.80298,-13323.5,-149.7,0.885,-0.845,-33080.1,0.08,2.35
G_WIDE,ACCEL,SHORT,mkt_trend,bear,TEST,3595,39.08,0.396,-0.1644,0.97091,-16588.7,-180.31,0.879,-0.836,-22148.5,0.058,2.25
G_WIDE,ACCEL,SHORT,mkt_trend,bear,HOLDOUT,123,2.05,0.252,-0.4876,0.99988,-1692.4,-28.21,0.85,-0.956,-2062.3,0.154,0.32
G_WIDE,OI_PRICE,LONG,mkt_trend,bear,TRAIN,7083,38.49,0.431,-0.0224,0.65806,8135.3,44.21,0.855,-0.739,-29238.6,0.061,2.35
G_WIDE,OI_PRICE,LONG,mkt_trend,bear,VALID,2764,31.06,0.439,-0.0406,0.70784,-3381.4,-37.99,0.849,-0.746,-25812.7,0.07,2.17
G_WIDE,OI_PRICE,LONG,mkt_trend,bear,TEST,3741,40.66,0.387,-0.1403,0.9936,-19344.4,-210.27,0.79,-0.793,-35661.5,0.062,2.53
G_WIDE,OI_PRICE,LONG,mkt_trend,bear,HOLDOUT,181,3.02,0.514,0.1738,0.04056,315.8,5.26,1.065,-0.734,-2226.6,0.138,0.42
G_WIDE,FUNDING_SQUEEZE,SHORT,mkt_trend,bear,TRAIN,137,0.74,0.438,-0.1192,0.84145,-1836.5,-9.98,0.754,-0.77,-2726.4,0.591,0.44
G_WIDE,FUNDING_SQUEEZE,SHORT,mkt_trend,bear,VALID,40,0.45,0.525,0.1539,0.20386,-291.9,-3.28,1.033,-0.718,-605.9,0.775,0.35
G_WIDE,FUNDING_SQUEEZE,SHORT,mkt_trend,bear,TEST,40,0.43,0.275,-0.3232,0.96752,-1254.2,-13.63,0.845,-0.889,-1808.1,0.575,0.25
G_WIDE,FUNDING_SQUEEZE,SHORT,mkt_trend,bear,HOLDOUT,1,0.02,1.0,1.5013,1.0,270.0,4.5,1.679,-0.575,0.0,1.0,0.02
G_WIDE,BRK_24H,LONG,mkt_trend,bear,TRAIN,5678,30.86,0.349,-0.211,0.99971,-31025.8,-168.62,0.819,-0.797,-35686.7,0.081,2.51
G_WIDE,BRK_24H,LONG,mkt_trend,bear,VALID,2058,23.12,0.346,-0.232,0.99942,-16694.6,-187.58,0.823,-0.834,-20999.3,0.103,2.38
G_WIDE,BRK_24H,LONG,mkt_trend,bear,TEST,2590,28.15,0.368,-0.1765,0.99873,-7408.6,-80.53,0.826,-0.823,-11804.5,0.09,2.52
G_WIDE,BRK_24H,LONG,mkt_trend,bear,HOLDOUT,95,1.58,0.484,0.103,0.35494,268.6,4.48,1.036,-0.754,-850.4,0.253,0.4
G_WIDE,EARLY_BRK,LONG,mkt_trend,bear,TRAIN,11846,64.38,0.371,-0.2173,0.99998,-53939.9,-293.15,0.845,-0.843,-54004.3,0.04,2.6
G_WIDE,EARLY_BRK,LONG,mkt_trend,bear,VALID,4722,53.06,0.404,-0.1038,0.88578,-10392.8,-116.77,0.925,-0.805,-24259.7,0.049,2.61
G_WIDE,EARLY_BRK,LONG,mkt_trend,bear,TEST,5975,64.95,0.335,-0.2905,0.99997,-42488.6,-461.83,0.807,-0.865,-45999.0,0.042,2.71
G_WIDE,EARLY_BRK,LONG,mkt_trend,bear,HOLDOUT,382,6.37,0.445,-0.0198,0.53379,624.1,10.4,0.955,-0.865,-3026.4,0.073,0.47
G_WIDE,MTF_BRK,LONG,mkt_trend,bear,TRAIN,7896,42.91,0.356,-0.2106,0.99993,-44150.5,-239.95,0.835,-0.816,-47748.6,0.057,2.44
G_WIDE,MTF_BRK,LONG,mkt_trend,bear,VALID,3159,35.49,0.357,-0.2107,0.99851,-20749.1,-233.14,0.847,-0.818,-27346.9,0.067,2.39
G_WIDE,MTF_BRK,LONG,mkt_trend,bear,TEST,3713,40.36,0.347,-0.2258,0.99991,-17271.5,-187.73,0.835,-0.845,-21045.5,0.062,2.5
G_WIDE,MTF_BRK,LONG,mkt_trend,bear,HOLDOUT,117,1.95,0.479,0.0935,0.28028,1036.4,17.27,1.017,-0.781,-943.6,0.214,0.42
G_WIDE,CHANGE_POINT,LONG,mkt_trend,bear,TRAIN,5293,28.77,0.418,-0.0866,0.85114,-15174.0,-82.47,0.841,-0.758,-22946.4,0.081,2.33
G_WIDE,CHANGE_POINT,LONG,mkt_trend,bear,VALID,2362,26.54,0.457,-0.0289,0.60546,2546.6,28.61,0.874,-0.725,-18123.3,0.09,2.38
G_WIDE,CHANGE_POINT,LONG,mkt_trend,bear,TEST,2522,27.41,0.41,-0.1161,0.95219,-8614.1,-93.63,0.784,-0.779,-16560.1,0.085,2.33
G_WIDE,CHANGE_POINT,LONG,mkt_trend,bear,HOLDOUT,188,3.13,0.654,0.4825,0.00296,1854.8,30.91,1.25,-0.605,-1143.4,0.117,0.37
G_WIDE,PULLBACK_CONT,LONG,mkt_trend,bear,TRAIN,14949,81.24,0.366,-0.2082,0.99999,-84828.1,-461.02,0.83,-0.817,-87430.5,0.027,2.2
G_WIDE,PULLBACK_CONT,LONG,mkt_trend,bear,VALID,6125,68.82,0.361,-0.2163,0.99762,-34584.2,-388.59,0.799,-0.802,-49502.9,0.03,2.06
G_WIDE,PULLBACK_CONT,LONG,mkt_trend,bear,TEST,6990,75.98,0.322,-0.3014,1.0,-43067.3,-468.12,0.8,-0.871,-46356.2,0.031,2.36
G_WIDE,PULLBACK_CONT,LONG,mkt_trend,bear,HOLDOUT,317,5.28,0.464,-0.0194,0.56402,1832.8,30.55,0.922,-0.813,-2866.8,0.066,0.35
G_WIDE,ACCEL,LONG,mkt_trend,bear,TRAIN,7799,42.39,0.402,-0.1158,0.94749,-8626.5,-46.88,0.863,-0.775,-37807.2,0.06,2.55
G_WIDE,ACCEL,LONG,mkt_trend,bear,VALID,3935,44.21,0.427,-0.0771,0.79064,-10931.6,-122.83,0.87,-0.774,-32032.6,0.056,2.47
G_WIDE,ACCEL,LONG,mkt_trend,bear,TEST,3714,40.37,0.376,-0.1888,0.99756,-18211.9,-197.96,0.818,-0.811,-27313.7,0.063,2.55
G_WIDE,ACCEL,LONG,mkt_trend,bear,HOLDOUT,243,4.05,0.621,0.372,0.00226,3291.1,54.85,1.232,-0.662,-888.9,0.128,0.52
G_WIDE,SWEEP_RECLAIM,SHORT,mkt_trend,bear,TRAIN,6477,35.2,0.517,0.0912,0.07627,8375.3,45.52,0.919,-0.721,-24881.0,0.066,2.31
G_WIDE,SWEEP_RECLAIM,SHORT,mkt_trend,bear,VALID,2212,24.85,0.504,0.0417,0.27344,6917.2,77.72,0.916,-0.728,-11201.1,0.087,2.16
G_WIDE,SWEEP_RECLAIM,SHORT,mkt_trend,bear,TEST,3020,32.83,0.483,0.0308,0.31116,-7417.2,-80.62,0.942,-0.737,-13882.2,0.069,2.26
G_WIDE,SWEEP_RECLAIM,SHORT,mkt_trend,bear,HOLDOUT,107,1.78,0.336,-0.3427,0.95676,-1652.9,-27.55,0.858,-0.92,-1917.5,0.243,0.43
G_WIDE,PULLBACK_CONT,SHORT,mkt_trend,bear,TRAIN,18992,103.22,0.431,-0.0582,0.87103,-44228.7,-240.37,0.946,-0.792,-68600.7,0.022,2.28
G_WIDE,PULLBACK_CONT,SHORT,mkt_trend,bear,VALID,8071,90.69,0.417,-0.0587,0.75681,-21961.5,-246.76,0.923,-0.818,-65457.0,0.025,2.24
G_WIDE,PULLBACK_CONT,SHORT,mkt_trend,bear,TEST,9927,107.9,0.481,0.0571,0.20324,25373.9,275.8,1.024,-0.742,-25136.5,0.024,2.58
G_WIDE,PULLBACK_CONT,SHORT,mkt_trend,bear,HOLDOUT,765,12.75,0.243,-0.5153,0.99999,-10562.8,-176.05,0.875,-0.96,-10562.8,0.034,0.43
G_WIDE,CAPITULATION_REV,SHORT,mkt_trend,bear,TRAIN,730,3.97,0.39,-0.2241,0.96774,-8369.3,-45.49,0.687,-0.825,-11151.1,0.414,1.64
G_WIDE,CAPITULATION_REV,SHORT,mkt_trend,bear,VALID,305,3.43,0.43,-0.0919,0.88234,-688.7,-7.74,0.872,-0.776,-2620.0,0.426,1.46
G_WIDE,CAPITULATION_REV,SHORT,mkt_trend,bear,TEST,321,3.49,0.461,-0.09,0.95362,-2509.1,-27.27,0.789,-0.721,-3700.1,0.424,1.48
G_WIDE,CAPITULATION_REV,SHORT,mkt_trend,bear,HOLDOUT,13,0.22,0.154,-0.6777,0.96616,-638.2,-10.64,0.873,-1.043,-638.2,0.692,0.15
G_WIDE,CAPITULATION_REV,SHORT,mkt_vol,lo,TRAIN,1640,8.91,0.495,0.0319,0.34093,2871.0,15.6,0.922,-0.775,-7460.8,0.365,3.25
G_WIDE,CAPITULATION_REV,SHORT,mkt_vol,lo,VALID,862,9.69,0.422,-0.1153,0.96945,-3159.8,-35.5,0.814,-0.839,-4822.1,0.474,4.6
G_WIDE,CAPITULATION_REV,SHORT,mkt_vol,lo,TEST,994,10.8,0.442,-0.0967,0.92763,-3862.6,-41.98,0.861,-0.801,-4039.1,0.387,4.18
G_WIDE,CAPITULATION_REV,SHORT,mkt_vol,lo,HOLDOUT,763,12.72,0.387,-0.1948,0.94946,-5974.9,-99.58,0.84,-0.871,-7360.7,0.33,4.2
G_WIDE,FUNDING_SQUEEZE,LONG,mkt_trend,bear,TRAIN,1466,7.97,0.432,0.0111,0.42789,5222.6,28.38,0.952,-0.776,-6532.3,0.237,1.89
G_WIDE,FUNDING_SQUEEZE,LONG,mkt_trend,bear,VALID,730,8.2,0.374,-0.0996,0.89551,-4443.7,-49.93,0.884,-0.807,-5609.2,0.24,1.97
G_WIDE,FUNDING_SQUEEZE,LONG,mkt_trend,bear,TEST,362,3.93,0.423,-0.0084,0.53283,1354.9,14.73,0.893,-0.823,-3414.6,0.37,1.46
G_WIDE,FUNDING_SQUEEZE,LONG,mkt_trend,bear,HOLDOUT,1,0.02,1.0,1.5991,1.0,72.8,1.21,1.511,-0.436,0.0,1.0,0.02
G_WIDE,FUNDING_SQUEEZE,LONG,mkt_vol,lo,TRAIN,1744,9.48,0.367,-0.1237,0.99931,-3928.4,-21.35,0.9,-0.837,-7867.0,0.327,3.1
G_WIDE,FUNDING_SQUEEZE,LONG,mkt_vol,lo,VALID,1527,17.16,0.383,-0.116,0.99115,-6300.7,-70.79,0.893,-0.853,-7163.5,0.285,4.89
G_WIDE,FUNDING_SQUEEZE,LONG,mkt_vol,lo,TEST,441,4.79,0.379,-0.0953,0.89128,209.3,2.27,0.955,-0.839,-2263.9,0.51,2.45
G_WIDE,FUNDING_SQUEEZE,LONG,mkt_vol,lo,HOLDOUT,191,3.18,0.372,-0.0956,0.85575,-1068.8,-17.81,0.877,-0.842,-1644.1,0.497,1.58
G_WIDE,BASELINE,LONG,mkt_trend,bear,TRAIN,18446,100.25,0.388,-0.1604,0.99871,-66755.1,-362.8,0.842,-0.823,-77222.4,0.016,1.62
G_WIDE,BASELINE,LONG,mkt_trend,bear,VALID,7738,86.94,0.42,-0.0909,0.82958,-14513.7,-163.08,0.883,-0.77,-53683.9,0.017,1.47
G_WIDE,BASELINE,LONG,mkt_trend,bear,TEST,9900,107.61,0.366,-0.2471,0.99962,-56464.3,-613.74,0.79,-0.864,-68732.7,0.016,1.71
G_WIDE,BASELINE,LONG,mkt_trend,bear,HOLDOUT,670,11.17,0.554,0.251,0.14229,5568.2,92.8,1.122,-0.762,-4112.0,0.018,0.2
G_WIDE,BASELINE,LONG,mkt_vol,lo,TRAIN,30495,165.73,0.391,-0.1544,0.9999,-93711.3,-509.3,0.897,-0.828,-110685.5,0.018,3.02
G_WIDE,BASELINE,LONG,mkt_vol,lo,VALID,20769,233.36,0.402,-0.1319,0.99645,-45956.3,-516.36,0.896,-0.821,-70456.9,0.016,3.83
G_WIDE,BASELINE,LONG,mkt_vol,lo,TEST,20328,220.96,0.418,-0.1046,0.98917,-24007.3,-260.95,0.925,-0.816,-50927.0,0.017,3.73
G_WIDE,BASELINE,LONG,mkt_vol,lo,HOLDOUT,12480,208.0,0.417,-0.1245,0.99057,-21804.2,-363.4,0.94,-0.819,-26500.2,0.016,3.25
G_WIDE,BASELINE,SHORT,mkt_trend,bear,TRAIN,18446,100.25,0.462,-0.0079,0.55812,-21214.4,-115.3,0.947,-0.768,-41781.3,0.016,1.63
G_WIDE,BASELINE,SHORT,mkt_trend,bear,VALID,7738,86.94,0.452,-0.0199,0.58359,-17281.2,-194.17,0.903,-0.802,-61418.0,0.017,1.45
G_WIDE,BASELINE,SHORT,mkt_trend,bear,TEST,9900,107.61,0.498,0.1073,0.08146,21700.6,235.88,1.032,-0.723,-26261.6,0.014,1.51
G_WIDE,BASELINE,SHORT,mkt_trend,bear,HOLDOUT,670,11.17,0.212,-0.5945,0.99348,-11412.1,-190.2,0.795,-0.99,-11483.0,0.019,0.22
G_WIDE,BASELINE,SHORT,mkt_vol,lo,TRAIN,30495,165.73,0.448,-0.0493,0.87819,-29337.4,-159.44,0.947,-0.794,-53030.6,0.017,2.82
G_WIDE,BASELINE,SHORT,mkt_vol,lo,VALID,20769,233.36,0.454,-0.0403,0.78514,-21071.5,-236.76,0.939,-0.783,-65437.3,0.016,3.8
G_WIDE,BASELINE,SHORT,mkt_vol,lo,TEST,20328,220.96,0.418,-0.1402,0.99898,-60482.3,-657.42,0.915,-0.815,-65049.6,0.016,3.64
G_WIDE,BASELINE,SHORT,mkt_vol,lo,HOLDOUT,12480,208.0,0.423,-0.1404,0.99733,-27768.1,-462.8,0.92,-0.82,-42856.9,0.016,3.32
G_WIDE,OI_COVER,LONG,mkt_trend,bear,TRAIN,36,0.2,0.361,-0.1428,0.85564,-85.9,-0.47,0.534,-0.542,-460.1,0.639,0.12
G_WIDE,OI_COVER,LONG,mkt_trend,bear,VALID,17,0.19,0.529,-0.0145,0.52184,-601.3,-6.76,0.902,-0.769,-682.8,1.0,0.19
G_WIDE,OI_COVER,LONG,mkt_trend,bear,TEST,11,0.12,0.091,-0.6729,0.99939,-372.5,-4.05,0.381,-0.908,-382.4,1.0,0.12
G_WIDE,OI_COVER,LONG,mkt_trend,bear,HOLDOUT,1,0.02,1.0,1.4613,1.0,37.8,0.63,1.534,-0.323,0.0,1.0,0.02
G_WIDE,OI_COVER,LONG,mkt_vol,lo,TRAIN,36,0.2,0.278,-0.2365,0.90484,-252.1,-1.37,0.787,-0.876,-670.4,0.972,0.19
G_WIDE,OI_COVER,LONG,mkt_vol,lo,VALID,21,0.24,0.286,-0.3823,0.97077,-478.1,-5.37,0.676,-0.924,-532.0,1.0,0.24
G_WIDE,OI_COVER,LONG,mkt_vol,lo,TEST,17,0.18,0.294,-0.4113,0.9752,-422.8,-4.6,0.717,-0.863,-498.7,1.0,0.18
G_WIDE,OI_COVER,LONG,mkt_vol,lo,HOLDOUT,10,0.17,0.4,-0.0419,0.54096,70.7,1.18,0.775,-0.752,-777.6,1.0,0.17
G_WIDE,BRK_4H,LONG,mkt_vol,hi,TRAIN,37558,204.12,0.387,-0.1579,1.0,-146274.7,-794.97,0.863,-0.814,-147349.4,0.022,4.47
G_WIDE,BRK_4H,LONG,mkt_vol,hi,VALID,16229,182.35,0.42,-0.0476,0.80404,-27307.8,-306.83,0.936,-0.77,-41547.1,0.02,3.71
G_WIDE,BRK_4H,LONG,mkt_vol,hi,TEST,17779,193.25,0.37,-0.1975,0.99999,-96916.3,-1053.44,0.845,-0.834,-103826.0,0.024,4.57
G_WIDE,BRK_4H,LONG,mkt_vol,hi,HOLDOUT,14796,246.6,0.503,0.1392,0.00728,82979.1,1382.98,1.031,-0.806,-40931.7,0.018,4.33
G_WIDE,ANY,LONG,mkt_vol,hi,TRAIN,85505,464.7,0.399,-0.1342,1.0,-276069.9,-1500.38,0.861,-0.809,-278223.5,0.009,4.16
G_WIDE,ANY,LONG,mkt_vol,hi,VALID,36417,409.18,0.432,-0.0359,0.77628,-52727.1,-592.44,0.915,-0.759,-145589.4,0.008,3.31
G_WIDE,ANY,LONG,mkt_vol,hi,TEST,41415,450.16,0.39,-0.1587,0.99999,-189387.7,-2058.56,0.861,-0.816,-210807.7,0.009,4.14
G_WIDE,ANY,LONG,mkt_vol,hi,HOLDOUT,29798,496.63,0.505,0.1399,0.00265,175521.7,2925.36,1.011,-0.774,-77535.4,0.008,4.13
G_WIDE,EARLY_BRK,LONG,mkt_vol,hi,TRAIN,20067,109.06,0.377,-0.2012,1.0,-88671.2,-481.91,0.861,-0.839,-88671.2,0.038,4.16
G_WIDE,EARLY_BRK,LONG,mkt_vol,hi,VALID,7841,88.1,0.437,-0.0219,0.62666,-1554.4,-17.46,0.963,-0.772,-24155.2,0.04,3.55
G_WIDE,EARLY_BRK,LONG,mkt_vol,hi,TEST,10066,109.41,0.364,-0.2305,0.99999,-56976.0,-619.3,0.853,-0.842,-61707.2,0.039,4.29
G_WIDE,EARLY_BRK,LONG,mkt_vol,hi,HOLDOUT,7043,117.38,0.471,0.0335,0.30772,12072.9,201.21,1.005,-0.814,-15473.8,0.035,4.17
G_WIDE,PULLBACK_CONT,LONG,mkt_vol,hi,TRAIN,27163,147.62,0.369,-0.1986,1.0,-139354.9,-757.36,0.849,-0.821,-139657.2,0.026,3.77
G_WIDE,PULLBACK_CONT,LONG,mkt_vol,hi,VALID,12616,141.75,0.409,-0.0973,0.9486,-30991.2,-348.22,0.874,-0.767,-49502.9,0.022,3.09
G_WIDE,PULLBACK_CONT,LONG,mkt_vol,hi,TEST,13302,144.59,0.387,-0.1601,0.99963,-50855.3,-552.77,0.869,-0.812,-67214.9,0.026,3.73
G_WIDE,PULLBACK_CONT,LONG,mkt_vol,hi,HOLDOUT,10530,175.5,0.537,0.2283,0.00014,91821.4,1530.36,1.047,-0.716,-28809.5,0.023,3.95
G_WIDE,MTF_BRK,LONG,mkt_vol,hi,TRAIN,15721,85.44,0.373,-0.1828,0.99998,-73126.7,-397.43,0.853,-0.808,-74648.1,0.051,4.37
G_WIDE,MTF_BRK,LONG,mkt_vol,hi,VALID,8417,94.57,0.385,-0.1312,0.9815,-40571.3,-455.86,0.903,-0.785,-41436.5,0.037,3.54
G_WIDE,MTF_BRK,LONG,mkt_vol,hi,TEST,7521,81.75,0.379,-0.1589,0.99989,-26781.0,-291.1,0.877,-0.817,-31646.3,0.05,4.08
G_WIDE,MTF_BRK,LONG,mkt_vol,hi,HOLDOUT,8067,134.45,0.528,0.2133,0.00102,64977.5,1082.96,1.073,-0.807,-31398.7,0.034,4.62
G_WIDE,OI_PRICE,LONG,mkt_vol,hi,TRAIN,11113,60.4,0.426,-0.0382,0.8255,-514.8,-2.8,0.862,-0.748,-37402.0,0.068,4.14
G_WIDE,OI_PRICE,LONG,mkt_vol,hi,VALID,5063,56.89,0.432,-0.0304,0.71746,-11525.3,-129.5,0.879,-0.745,-25812.7,0.06,3.39
G_WIDE,OI_PRICE,LONG,mkt_vol,hi,TEST,5580,60.65,0.384,-0.1377,0.99955,-31528.2,-342.7,0.808,-0.794,-35812.5,0.064,3.86
G_WIDE,OI_PRICE,LONG,mkt_vol,hi,HOLDOUT,4435,73.92,0.495,0.1505,0.00166,38176.3,636.27,0.98,-0.798,-19810.3,0.054,4.0
G_WIDE,TREND_TRANS,LONG,mkt_vol,hi,TRAIN,11899,64.67,0.39,-0.1552,0.99985,-52532.8,-285.5,0.848,-0.801,-52992.8,0.058,3.78
G_WIDE,TREND_TRANS,LONG,mkt_vol,hi,VALID,5021,56.42,0.457,0.0324,0.32402,8547.1,96.03,0.929,-0.733,-18787.3,0.059,3.3
G_WIDE,TREND_TRANS,LONG,mkt_vol,hi,TEST,6079,66.08,0.38,-0.1691,0.99914,-32557.5,-353.89,0.851,-0.818,-36614.8,0.058,3.84
G_WIDE,TREND_TRANS,LONG,mkt_vol,hi,HOLDOUT,4012,66.87,0.458,0.026,0.33187,8958.9,149.31,0.964,-0.81,-11269.5,0.065,4.37
G_WIDE,ACCEL,LONG,mkt_vol,hi,TRAIN,10763,58.49,0.411,-0.1,0.96627,-16658.5,-90.54,0.877,-0.775,-47408.2,0.074,4.31
G_WIDE,ACCEL,LONG,mkt_vol,hi,VALID,5529,62.12,0.438,-0.0293,0.65523,-9780.4,-109.89,0.905,-0.741,-32032.6,0.056,3.49
G_WIDE,ACCEL,LONG,mkt_vol,hi,TEST,5204,56.57,0.362,-0.2197,0.99998,-28770.1,-312.72,0.812,-0.819,-32707.0,0.072,4.05
G_WIDE,ACCEL,LONG,mkt_vol,hi,HOLDOUT,3948,65.8,0.496,0.1369,0.0173,27844.5,464.07,0.984,-0.787,-12650.5,0.067,4.43
G_WIDE,VOL_PRICE,LONG,mkt_vol,hi,TRAIN,10209,55.48,0.419,-0.0631,0.89211,-4764.2,-25.89,0.929,-0.788,-26558.1,0.078,4.35
G_WIDE,VOL_PRICE,LONG,mkt_vol,hi,VALID,5715,64.21,0.44,-0.0104,0.55492,-9035.9,-101.53,0.925,-0.742,-37591.3,0.055,3.55
G_WIDE,VOL_PRICE,LONG,mkt_vol,hi,TEST,5648,61.39,0.388,-0.1557,0.99981,-19884.2,-216.13,0.849,-0.815,-23419.5,0.07,4.29
G_WIDE,VOL_PRICE,LONG,mkt_vol,hi,HOLDOUT,3811,63.52,0.493,0.1243,0.0147,24240.6,404.01,1.008,-0.797,-10048.7,0.071,4.5
G_WIDE,PULLBACK_CONT,SHORT,mkt_vol,hi,TRAIN,29324,159.37,0.427,-0.0634,0.95025,-52500.2,-285.33,0.937,-0.791,-101860.7,0.024,3.85
G_WIDE,PULLBACK_CONT,SHORT,mkt_vol,hi,VALID,12023,135.09,0.41,-0.0899,0.91627,-46146.0,-518.49,0.9,-0.805,-91503.7,0.025,3.43
G_WIDE,PULLBACK_CONT,SHORT,mkt_vol,hi,TEST,14391,156.42,0.489,0.0777,0.07595,45870.0,498.59,1.011,-0.747,-31810.0,0.025,3.84
G_WIDE,PULLBACK_CONT,SHORT,mkt_vol,hi,HOLDOUT,9335,155.58,0.381,-0.1946,0.99969,-54158.1,-902.63,0.895,-0.826,-57436.1,0.025,3.82
G_WIDE,ANY,SHORT,mkt_vol,hi,TRAIN,88333,480.07,0.449,-0.0233,0.77346,-81193.8,-441.27,0.936,-0.778,-189950.2,0.008,3.88
G_WIDE,ANY,SHORT,mkt_vol,hi,VALID,36789,413.36,0.431,-0.075,0.95458,-93171.7,-1046.87,0.885,-0.8,-222716.4,0.008,3.39
G_WIDE,ANY,SHORT,mkt_vol,hi,TEST,42825,465.49,0.47,0.0232,0.29078,43235.6,469.95,0.963,-0.767,-102009.6,0.009,4.01
G_WIDE,ANY,SHORT,mkt_vol,hi,HOLDOUT,29561,492.68,0.359,-0.2587,1.0,-259044.8,-4317.41,0.836,-0.842,-264617.9,0.009,4.55
G_WIDE,BRK_4H,SHORT,mkt_vol,hi,TRAIN,40384,219.48,0.438,-0.0365,0.81075,-50174.8,-272.69,0.963,-0.796,-95581.9,0.017,3.83
G_WIDE,BRK_4H,SHORT,mkt_vol,hi,VALID,15022,168.79,0.407,-0.1116,0.97228,-56152.2,-630.92,0.893,-0.829,-111586.4,0.022,3.78
G_WIDE,BRK_4H,SHORT,mkt_vol,hi,TEST,19250,209.24,0.461,0.0145,0.39011,15450.6,167.94,0.973,-0.792,-49189.3,0.019,4.04
G_WIDE,BRK_4H,SHORT,mkt_vol,hi,HOLDOUT,10865,181.08,0.361,-0.257,0.99999,-88964.4,-1482.74,0.833,-0.847,-89970.3,0.023,4.2
G_WIDE,ACCEL,SHORT,mkt_vol,hi,TRAIN,8433,45.83,0.438,-0.0615,0.81701,-17723.6,-96.32,0.91,-0.788,-36189.2,0.076,3.5
G_WIDE,ACCEL,SHORT,mkt_vol,hi,VALID,3674,41.28,0.384,-0.1768,0.97441,-24130.7,-271.13,0.803,-0.833,-45262.9,0.08,3.3
G_WIDE,ACCEL,SHORT,mkt_vol,hi,TEST,4894,53.2,0.469,0.0123,0.43367,3347.7,36.39,0.938,-0.771,-13220.6,0.068,3.62
G_WIDE,ACCEL,SHORT,mkt_vol,hi,HOLDOUT,3112,51.87,0.383,-0.2356,0.99992,-29230.9,-487.18,0.764,-0.816,-29230.9,0.079,4.08
G_WIDE,VOL_PRICE,SHORT,mkt_vol,hi,TRAIN,11945,64.92,0.439,-0.0551,0.83967,-28324.7,-153.94,0.919,-0.796,-42245.8,0.056,3.6
G_WIDE,VOL_PRICE,SHORT,mkt_vol,hi,VALID,4940,55.51,0.399,-0.1571,0.98676,-30235.9,-339.73,0.822,-0.838,-48725.6,0.063,3.47
G_WIDE,VOL_PRICE,SHORT,mkt_vol,hi,TEST,6711,72.95,0.461,-0.0055,0.53703,-870.5,-9.46,0.93,-0.776,-20345.0,0.055,4.04
G_WIDE,VOL_PRICE,SHORT,mkt_vol,hi,HOLDOUT,4616,76.93,0.404,-0.1872,0.99956,-37632.1,-627.2,0.84,-0.804,-38336.2,0.053,4.07
G_WIDE,OI_BUILD_BRK,SHORT,mkt_vol,hi,TRAIN,205,1.11,0.42,-0.1095,0.91585,-1492.8,-8.11,0.767,-0.744,-1649.2,0.839,0.93
G_WIDE,OI_BUILD_BRK,SHORT,mkt_vol,hi,VALID,89,1.0,0.36,-0.2541,0.98184,-1056.8,-11.87,0.697,-1.002,-1548.9,0.831,0.83
G_WIDE,OI_BUILD_BRK,SHORT,mkt_vol,hi,TEST,65,0.71,0.477,-0.0915,0.74356,-127.3,-1.38,0.718,-0.743,-571.0,0.892,0.63
G_WIDE,OI_BUILD_BRK,SHORT,mkt_vol,hi,HOLDOUT,32,0.53,0.469,-0.1048,0.77091,124.9,2.08,0.555,-0.777,-318.3,0.906,0.48
G_WIDE,CHANGE_POINT,SHORT,mkt_vol,hi,TRAIN,5681,30.88,0.491,0.0273,0.34697,9347.6,50.8,0.908,-0.71,-14994.5,0.106,3.27
G_WIDE,CHANGE_POINT,SHORT,mkt_vol,hi,VALID,2804,31.51,0.43,-0.1254,0.88695,-17974.0,-201.96,0.765,-0.778,-28743.3,0.087,2.73
G_WIDE,CHANGE_POINT,SHORT,mkt_vol,hi,TEST,3243,35.25,0.465,-0.0334,0.68296,-3970.2,-43.15,0.883,-0.752,-11947.1,0.094,3.3
G_WIDE,CHANGE_POINT,SHORT,mkt_vol,hi,HOLDOUT,2674,44.57,0.375,-0.2686,0.99974,-32343.3,-539.06,0.706,-0.799,-32343.3,0.082,3.63
G_WIDE,OI_PRICE,SHORT,mkt_vol,hi,TRAIN,221,1.2,0.389,-0.1522,0.96746,-2369.9,-12.88,0.787,-0.919,-3315.3,0.891,1.07
G_WIDE,OI_PRICE,SHORT,mkt_vol,hi,VALID,72,0.81,0.486,-0.0614,0.68767,1067.3,11.99,0.811,-0.69,-447.9,0.917,0.74
G_WIDE,OI_PRICE,SHORT,mkt_vol,hi,TEST,90,0.98,0.511,0.0514,0.31991,1283.1,13.95,0.89,-0.723,-313.2,0.922,0.9
G_WIDE,OI_PRICE,SHORT,mkt_vol,hi,HOLDOUT,39,0.65,0.41,-0.1693,0.84385,-62.6,-1.04,0.77,-0.752,-491.8,0.949,0.62
G_WIDE,BRK_24H,SHORT,mkt_vol,hi,TRAIN,13151,71.47,0.398,-0.1269,0.9828,-61283.1,-333.06,0.928,-0.812,-80224.3,0.051,3.62
G_WIDE,BRK_24H,SHORT,mkt_vol,hi,VALID,4096,46.02,0.321,-0.2906,0.99614,-38409.5,-431.57,0.823,-0.902,-58576.1,0.084,3.87
G_WIDE,BRK_24H,SHORT,mkt_vol,hi,TEST,5845,63.53,0.468,0.0242,0.36559,6282.2,68.29,0.96,-0.777,-14655.2,0.063,4.02
G_WIDE,BRK_24H,SHORT,mkt_vol,hi,HOLDOUT,2799,46.65,0.41,-0.1457,0.94993,-12843.7,-214.06,0.893,-0.817,-13664.0,0.071,3.33
G_WIDE,MTF_BRK,SHORT,mkt_vol,hi,TRAIN,20018,108.79,0.41,-0.0936,0.96765,-63251.7,-343.76,0.951,-0.813,-87647.9,0.036,3.89
G_WIDE,MTF_BRK,SHORT,mkt_vol,hi,VALID,6434,72.29,0.375,-0.165,0.96698,-30704.0,-344.99,0.884,-0.863,-69035.8,0.056,4.02
G_WIDE,MTF_BRK,SHORT,mkt_vol,hi,TEST,9861,107.18,0.469,0.0439,0.23445,18865.6,205.06,1.001,-0.783,-23363.0,0.041,4.45
G_WIDE,MTF_BRK,SHORT,mkt_vol,hi,HOLDOUT,5050,84.17,0.382,-0.2037,0.99525,-31757.2,-529.29,0.899,-0.843,-32708.9,0.047,3.93
G_WIDE,CHANGE_POINT,LONG,mkt_vol,hi,TRAIN,7162,38.92,0.409,-0.1222,0.96644,-30998.4,-168.47,0.816,-0.763,-38139.9,0.101,3.94
G_WIDE,CHANGE_POINT,LONG,mkt_vol,hi,VALID,3062,34.4,0.461,-0.0107,0.54736,4158.6,46.73,0.901,-0.715,-18123.3,0.102,3.49
G_WIDE,CHANGE_POINT,LONG,mkt_vol,hi,TEST,3227,35.08,0.394,-0.1515,0.99762,-13829.9,-150.32,0.789,-0.783,-17768.4,0.108,3.79
G_WIDE,CHANGE_POINT,LONG,mkt_vol,hi,HOLDOUT,2201,36.68,0.46,0.0538,0.24633,5981.1,99.68,0.894,-0.775,-8190.8,0.121,4.43
G_WIDE,SQUEEZE_EXP,SHORT,mkt_vol,hi,TRAIN,9785,53.18,0.418,-0.0982,0.94735,-20332.3,-110.5,0.88,-0.819,-30180.0,0.071,3.79
G_WIDE,SQUEEZE_EXP,SHORT,mkt_vol,hi,VALID,4127,46.37,0.458,-0.0053,0.52545,-4014.6,-45.11,0.945,-0.802,-19650.0,0.07,3.24
G_WIDE,SQUEEZE_EXP,SHORT,mkt_vol,hi,TEST,4696,51.04,0.433,-0.0641,0.83756,-6842.9,-74.38,0.915,-0.808,-16998.3,0.078,3.96
G_WIDE,SQUEEZE_EXP,SHORT,mkt_vol,hi,HOLDOUT,3343,55.72,0.36,-0.2674,0.99998,-26842.1,-447.37,0.877,-0.854,-27176.5,0.078,4.35
G_WIDE,OI_BUILD_BRK,LONG,mkt_vol,hi,TRAIN,7602,41.32,0.413,-0.0442,0.88826,-7209.9,-39.18,0.891,-0.754,-23613.3,0.096,3.98
G_WIDE,OI_BUILD_BRK,LONG,mkt_vol,hi,VALID,3396,38.16,0.412,-0.0467,0.79779,-13493.3,-151.61,0.914,-0.764,-15657.8,0.093,3.54
G_WIDE,OI_BUILD_BRK,LONG,mkt_vol,hi,TEST,3340,36.3,0.381,-0.1235,0.99896,-12984.3,-141.13,0.845,-0.82,-17757.9,0.113,4.11
G_WIDE,OI_BUILD_BRK,LONG,mkt_vol,hi,HOLDOUT,3387,56.45,0.503,0.1773,0.00128,37557.8,625.96,1.015,-0.814,-15348.6,0.077,4.37
G_WIDE,BRK_24H,LONG,mkt_vol,hi,TRAIN,11535,62.69,0.372,-0.1742,0.99973,-50968.4,-277.0,0.844,-0.787,-52027.6,0.068,4.29
G_WIDE,BRK_24H,LONG,mkt_vol,hi,VALID,5959,66.96,0.374,-0.1579,0.98952,-35560.7,-399.56,0.876,-0.788,-36176.3,0.053,3.54
G_WIDE,BRK_24H,LONG,mkt_vol,hi,TEST,5149,55.97,0.385,-0.1437,0.99969,-14650.2,-159.24,0.857,-0.811,-17421.2,0.071,3.97
G_WIDE,BRK_24H,LONG,mkt_vol,hi,HOLDOUT,5880,98.0,0.536,0.2353,0.00075,54733.7,912.23,1.079,-0.82,-23044.3,0.043,4.2
G_WIDE,SWEEP_RECLAIM,SHORT,mkt_vol,hi,TRAIN,13205,71.77,0.5,0.0692,0.07645,14661.6,79.68,0.916,-0.743,-25865.2,0.054,3.88
G_WIDE,SWEEP_RECLAIM,SHORT,mkt_vol,hi,VALID,6510,73.15,0.489,0.0071,0.45347,6029.3,67.74,0.883,-0.764,-21732.3,0.043,3.11
G_WIDE,SWEEP_RECLAIM,SHORT,mkt_vol,hi,TEST,5980,65.0,0.471,-0.0154,0.62716,-7663.3,-83.3,0.916,-0.753,-19360.1,0.057,3.73
G_WIDE,SWEEP_RECLAIM,SHORT,mkt_vol,hi,HOLDOUT,6426,107.1,0.331,-0.3273,1.0,-75609.7,-1260.16,0.839,-0.875,-77952.6,0.038,4.05
G_WIDE,BASELINE,LONG,mkt_vol,hi,TRAIN,31183,169.47,0.394,-0.1567,0.99992,-123450.1,-670.92,0.841,-0.812,-123450.1,0.017,2.87
G_WIDE,BASELINE,LONG,mkt_vol,hi,VALID,13914,156.34,0.425,-0.0722,0.85428,-26330.4,-295.85,0.891,-0.754,-53683.9,0.016,2.52
G_WIDE,BASELINE,LONG,mkt_vol,hi,TEST,15708,170.74,0.39,-0.1805,0.9991,-75180.1,-817.18,0.829,-0.81,-83113.6,0.017,2.89
G_WIDE,BASELINE,LONG,mkt_vol,hi,HOLDOUT,11246,187.43,0.493,0.1001,0.06909,49652.8,827.55,0.974,-0.76,-21647.2,0.015,2.83
G_WIDE,BASELINE,SHORT,mkt_vol,hi,TRAIN,31183,169.47,0.465,0.0122,0.38678,2403.4,13.06,0.94,-0.755,-50009.5,0.016,2.7
G_WIDE,BASELINE,SHORT,mkt_vol,hi,VALID,13914,156.34,0.442,-0.0507,0.77757,-34323.4,-385.66,0.875,-0.783,-84548.4,0.015,2.38
G_WIDE,BASELINE,SHORT,mkt_vol,hi,TEST,15708,170.74,0.485,0.0568,0.17644,29308.1,318.57,0.956,-0.738,-37377.6,0.015,2.58
G_WIDE,BASELINE,SHORT,mkt_vol,hi,HOLDOUT,11240,187.33,0.361,-0.2593,0.99999,-89030.2,-1483.84,0.819,-0.833,-92153.5,0.016,3.08
G_WIDE,EARLY_BRK,SHORT,mkt_vol,hi,TRAIN,19779,107.49,0.447,-0.0225,0.67969,-3164.6,-17.2,0.998,-0.8,-36896.3,0.035,3.73
G_WIDE,EARLY_BRK,SHORT,mkt_vol,hi,VALID,8480,95.28,0.418,-0.0959,0.93979,-21776.3,-244.68,0.915,-0.828,-46305.8,0.036,3.4
G_WIDE,EARLY_BRK,SHORT,mkt_vol,hi,TEST,10489,114.01,0.461,0.0146,0.40453,5367.4,58.34,0.998,-0.8,-20948.1,0.035,4.01
G_WIDE,EARLY_BRK,SHORT,mkt_vol,hi,HOLDOUT,5885,98.08,0.367,-0.2481,0.99969,-34975.4,-582.92,0.87,-0.856,-35718.2,0.043,4.2
G_WIDE,SQUEEZE_EXP,LONG,mkt_vol,hi,TRAIN,10215,55.52,0.436,-0.0409,0.76222,-11827.6,-64.28,0.945,-0.774,-30544.7,0.075,4.17
G_WIDE,SQUEEZE_EXP,LONG,mkt_vol,hi,VALID,4471,50.24,0.396,-0.1186,0.94844,-14356.3,-161.31,0.909,-0.795,-19064.1,0.067,3.37
G_WIDE,SQUEEZE_EXP,LONG,mkt_vol,hi,TEST,4748,51.61,0.422,-0.0811,0.88026,-2085.2,-22.67,0.914,-0.79,-10876.7,0.085,4.38
G_WIDE,SQUEEZE_EXP,LONG,mkt_vol,hi,HOLDOUT,3453,57.55,0.5,0.1133,0.06471,15692.9,261.55,0.995,-0.821,-10863.5,0.077,4.45
G_WIDE,TREND_TRANS,SHORT,mkt_vol,hi,TRAIN,11871,64.52,0.457,-0.0061,0.55232,526.4,2.86,0.943,-0.78,-26017.7,0.055,3.52
G_WIDE,TREND_TRANS,SHORT,mkt_vol,hi,VALID,5025,56.46,0.435,-0.0547,0.79508,-12742.7,-143.18,0.895,-0.787,-27810.3,0.057,3.24
G_WIDE,TREND_TRANS,SHORT,mkt_vol,hi,TEST,5989,65.1,0.43,-0.066,0.84008,-9702.6,-105.46,0.919,-0.795,-23545.0,0.058,3.79
G_WIDE,TREND_TRANS,SHORT,mkt_vol,hi,HOLDOUT,3704,61.73,0.357,-0.2664,0.99997,-30272.7,-504.54,0.782,-0.822,-30437.7,0.065,3.98
G_WIDE,SWEEP_RECLAIM,LONG,mkt_vol,hi,TRAIN,14589,79.29,0.453,-0.0159,0.61683,11828.2,64.28,0.907,-0.815,-23667.3,0.049,3.85
G_WIDE,SWEEP_RECLAIM,LONG,mkt_vol,hi,VALID,4721,53.04,0.49,0.1149,0.11989,6078.8,68.3,1.002,-0.743,-53804.6,0.068,3.58
G_WIDE,SWEEP_RECLAIM,LONG,mkt_vol,hi,TEST,6463,70.25,0.416,-0.1245,0.97174,-24838.5,-269.98,0.893,-0.817,-30634.7,0.057,4.01
G_WIDE,SWEEP_RECLAIM,LONG,mkt_vol,hi,HOLDOUT,3387,56.45,0.451,-0.0093,0.54316,1636.0,27.27,0.935,-0.812,-13928.6,0.065,3.68
G_WIDE,CAPITULATION_REV,SHORT,mkt_vol,hi,TRAIN,1431,7.78,0.437,-0.0918,0.77812,-8779.2,-47.71,0.78,-0.804,-10671.7,0.363,2.83
G_WIDE,CAPITULATION_REV,SHORT,mkt_vol,hi,VALID,586,6.58,0.456,-0.0407,0.63599,-19.0,-0.21,0.881,-0.793,-4362.8,0.374,2.46
G_WIDE,CAPITULATION_REV,SHORT,mkt_vol,hi,TEST,532,5.78,0.474,-0.0468,0.82062,-2885.0,-31.36,0.836,-0.739,-3920.2,0.434,2.51
G_WIDE,CAPITULATION_REV,SHORT,mkt_vol,hi,HOLDOUT,566,9.43,0.429,-0.1538,0.98058,-3509.6,-58.49,0.87,-0.797,-4599.2,0.35,3.3
G_WIDE,OI_COVER,SHORT,mkt_vol,hi,TRAIN,10654,57.9,0.448,-0.0354,0.76063,-33135.1,-180.08,0.881,-0.751,-53668.6,0.056,3.25
G_WIDE,OI_COVER,SHORT,mkt_vol,hi,VALID,4142,46.54,0.409,-0.1464,0.96318,-26451.2,-297.2,0.778,-0.782,-50665.9,0.058,2.71
G_WIDE,OI_COVER,SHORT,mkt_vol,hi,TEST,5433,59.05,0.467,-0.0014,0.50856,3774.5,41.03,0.878,-0.753,-27199.6,0.057,3.37
G_WIDE,OI_COVER,SHORT,mkt_vol,hi,HOLDOUT,3667,61.12,0.386,-0.2356,0.99996,-45933.2,-765.55,0.686,-0.788,-45967.6,0.05,3.05
G_WIDE,FUNDING_SQUEEZE,LONG,mkt_vol,hi,TRAIN,2136,11.61,0.419,-0.0119,0.59599,6186.4,33.62,0.944,-0.782,-7060.4,0.264,3.06
G_WIDE,FUNDING_SQUEEZE,LONG,mkt_vol,hi,VALID,1032,11.6,0.383,-0.0945,0.93476,-5732.3,-64.41,0.88,-0.8,-6798.1,0.237,2.75
G_WIDE,FUNDING_SQUEEZE,LONG,mkt_vol,hi,TEST,506,5.5,0.421,-0.0093,0.54709,-17.5,-0.19,0.923,-0.808,-3414.6,0.411,2.26
G_WIDE,FUNDING_SQUEEZE,LONG,mkt_vol,hi,HOLDOUT,102,1.7,0.353,-0.1346,0.87072,-297.0,-4.95,0.851,-0.998,-972.6,0.52,0.88
G_WIDE,OI_COVER,LONG,mkt_vol,hi,TRAIN,64,0.35,0.281,-0.2539,0.98392,-626.9,-3.41,1.732,-0.675,-636.0,0.797,0.28
G_WIDE,OI_COVER,LONG,mkt_vol,hi,VALID,20,0.22,0.55,0.1679,0.26151,-479.9,-5.39,1.002,-0.661,-682.8,0.95,0.21
G_WIDE,OI_COVER,LONG,mkt_vol,hi,TEST,21,0.23,0.19,-0.4131,0.98801,-598.6,-6.51,0.521,-0.8,-620.3,1.0,0.23
G_WIDE,OI_COVER,LONG,mkt_vol,hi,HOLDOUT,10,0.17,0.5,0.2242,0.27119,215.1,3.58,1.029,-0.593,-106.6,1.0,0.17
G_WIDE,CAPITULATION_REV,LONG,mkt_vol,hi,TRAIN,910,4.95,0.359,-0.2901,0.98151,-9385.8,-51.01,0.65,-1.061,-11545.5,0.3,1.48
G_WIDE,CAPITULATION_REV,LONG,mkt_vol,hi,VALID,388,4.36,0.562,0.2891,0.25234,9198.8,103.36,0.963,-0.568,-8244.4,0.33,1.44
G_WIDE,CAPITULATION_REV,LONG,mkt_vol,hi,TEST,600,6.52,0.375,-0.244,0.95126,-8171.8,-88.82,0.79,-0.82,-8464.2,0.277,1.8
G_WIDE,CAPITULATION_REV,LONG,mkt_vol,hi,HOLDOUT,281,4.68,0.391,-0.1624,0.84179,-3406.4,-56.77,0.605,-0.64,-3851.2,0.295,1.38
G_WIDE,OI_BUILD_BRK,SHORT,sym_oi,down,TRAIN,23,0.12,0.565,0.1754,0.24553,172.4,0.94,0.902,-0.671,-579.6,0.739,0.09
G_WIDE,OI_BUILD_BRK,SHORT,sym_oi,down,VALID,9,0.1,0.111,-0.718,0.99206,-1218.1,-13.69,0.589,-0.978,-1301.3,0.889,0.09
G_WIDE,OI_BUILD_BRK,SHORT,sym_oi,down,TEST,3,0.03,0.333,-0.6342,1.0,-309.2,-3.36,0.654,-0.851,-330.3,1.0,0.03
G_WIDE,OI_BUILD_BRK,SHORT,sym_oi,down,HOLDOUT,1,0.02,0.0,-1.0251,1.0,-108.4,-1.81,0.036,-5.764,-108.4,1.0,0.02
G_WIDE,OI_BUILD_BRK,SHORT,mkt_trend,bear,TRAIN,124,0.67,0.508,0.0087,0.46554,1475.6,8.02,0.798,-0.687,-895.6,0.823,0.55
G_WIDE,OI_BUILD_BRK,SHORT,mkt_trend,bear,VALID,69,0.78,0.348,-0.4568,0.99044,-798.7,-8.97,0.738,-0.826,-1039.7,0.797,0.62
G_WIDE,OI_BUILD_BRK,SHORT,mkt_trend,bear,TEST,36,0.39,0.5,0.0926,0.28707,275.2,2.99,0.85,-0.669,-303.3,0.944,0.37
G_WIDE,OI_BUILD_BRK,SHORT,mkt_trend,bear,HOLDOUT,1,0.02,0.0,-1.0517,1.0,-52.4,-0.87,0.421,-1.14,-52.4,1.0,0.02
G_WIDE,FUNDING_SQUEEZE,SHORT,mkt_vol,hi,TRAIN,224,1.22,0.464,0.0176,0.4258,-1402.6,-7.62,0.865,-0.754,-2782.0,0.567,0.69
G_WIDE,FUNDING_SQUEEZE,SHORT,mkt_vol,hi,VALID,127,1.43,0.535,0.1586,0.08539,882.5,9.92,1.047,-0.895,-1462.0,0.575,0.82
G_WIDE,FUNDING_SQUEEZE,SHORT,mkt_vol,hi,TEST,90,0.98,0.344,-0.1733,0.87552,-1584.4,-17.22,0.919,-0.874,-1961.4,0.556,0.54
G_WIDE,FUNDING_SQUEEZE,SHORT,mkt_vol,hi,HOLDOUT,20,0.33,0.35,-0.1536,0.64349,-204.2,-3.4,0.999,-0.787,-614.3,0.7,0.23
G_WIDE,CAPITULATION_REV,LONG,mkt_oi,down,TRAIN,175,0.95,0.326,-0.3195,0.96531,-1549.1,-8.42,0.535,-1.431,-5850.0,0.291,0.28
G_WIDE,CAPITULATION_REV,LONG,mkt_oi,down,VALID,255,2.87,0.498,0.1735,0.39264,7661.5,86.08,0.905,-0.584,-7487.7,0.2,0.57
G_WIDE,CAPITULATION_REV,LONG,mkt_oi,down,TEST,127,1.38,0.378,-0.093,0.8347,-405.1,-4.4,0.928,-0.649,-1088.2,0.236,0.33
G_WIDE,CAPITULATION_REV,LONG,mkt_oi,down,HOLDOUT,8,0.13,0.5,0.0371,0.42537,-74.9,-1.25,0.624,-0.448,-187.4,1.0,0.13
G_WIDE,BASELINE,LONG,mkt_funding,neg,TRAIN,5835,31.71,0.505,0.0818,0.16783,17470.0,94.95,0.954,-0.736,-13105.8,0.022,0.71
G_WIDE,BASELINE,LONG,mkt_funding,neg,VALID,5640,63.37,0.489,0.0567,0.31195,29946.5,336.48,0.916,-0.768,-12017.0,0.023,1.46
G_WIDE,BASELINE,LONG,mkt_funding,neg,TEST,132,1.43,0.727,0.4089,1.0,2365.7,25.71,1.009,-0.453,-253.8,0.03,0.04
G_WIDE,BASELINE,SHORT,mkt_funding,neg,TRAIN,5835,31.71,0.357,-0.2295,0.99541,-41487.6,-225.48,0.796,-0.819,-48010.0,0.022,0.71
G_WIDE,BASELINE,SHORT,mkt_funding,neg,VALID,5640,63.37,0.38,-0.1799,0.94774,-57677.4,-648.06,0.866,-0.808,-60306.2,0.021,1.31
G_WIDE,BASELINE,SHORT,mkt_funding,neg,TEST,132,1.43,0.22,-0.4624,1.0,-2775.0,-30.16,0.454,-0.861,-3375.4,0.03,0.04
G_WIDE,PULLBACK_CONT,SHORT,mkt_funding,neg,TRAIN,6355,34.54,0.37,-0.2039,0.99241,-26054.8,-141.6,0.867,-0.835,-38069.8,0.031,1.07
G_WIDE,PULLBACK_CONT,SHORT,mkt_funding,neg,VALID,6507,73.11,0.408,-0.0886,0.8286,-52411.3,-588.89,0.926,-0.818,-53993.4,0.03,2.19
G_WIDE,PULLBACK_CONT,SHORT,mkt_funding,neg,TEST,58,0.63,0.293,-0.4235,1.0,-1104.1,-12.0,0.416,-0.869,-1218.6,0.069,0.04
G_WIDE,ANY,SHORT,mkt_funding,neg,TRAIN,13877,75.42,0.37,-0.2028,0.99876,-83692.7,-454.85,0.838,-0.832,-94086.7,0.014,1.09
G_WIDE,ANY,SHORT,mkt_funding,neg,VALID,15103,169.7,0.409,-0.1069,0.92924,-105604.8,-1186.57,0.911,-0.819,-110646.0,0.013,2.19
G_WIDE,ANY,SHORT,mkt_funding,neg,TEST,121,1.32,0.347,-0.3181,1.0,-1968.8,-21.4,0.495,-0.816,-2497.6,0.033,0.04
G_WIDE,ACCEL,SHORT,mkt_funding,neg,TRAIN,1280,6.96,0.408,-0.0962,0.76977,-4422.6,-24.04,0.825,-0.8,-7905.9,0.137,0.95
G_WIDE,ACCEL,SHORT,mkt_funding,neg,VALID,2380,26.74,0.314,-0.3278,0.99745,-38081.7,-427.88,0.774,-0.885,-39995.0,0.076,2.02
G_WIDE,ACCEL,SHORT,mkt_funding,neg,TEST,5,0.05,0.2,-0.727,1.0,-261.9,-2.85,0.33,-1.088,-317.3,0.8,0.04
G_WIDE,CHANGE_POINT,SHORT,mkt_funding,neg,TRAIN,874,4.75,0.499,0.0442,0.37797,53.5,0.29,0.861,-0.714,-3111.0,0.188,0.89
G_WIDE,CHANGE_POINT,SHORT,mkt_funding,neg,VALID,1386,15.57,0.303,-0.3625,0.99536,-29893.8,-335.89,0.71,-0.864,-29991.6,0.118,1.84
G_WIDE,CHANGE_POINT,SHORT,mkt_funding,neg,TEST,2,0.02,0.0,-1.0165,1.0,-330.5,-3.59,0.176,-1.043,-330.5,1.0,0.02
G_WIDE,VOL_PRICE,SHORT,mkt_funding,neg,TRAIN,1874,10.18,0.416,-0.0821,0.77851,-8707.8,-47.33,0.869,-0.805,-11081.2,0.105,1.07
G_WIDE,VOL_PRICE,SHORT,mkt_funding,neg,VALID,2717,30.53,0.365,-0.2049,0.96421,-30054.3,-337.69,0.844,-0.846,-31232.9,0.069,2.1
G_WIDE,VOL_PRICE,SHORT,mkt_funding,neg,TEST,21,0.23,0.429,-0.2643,1.0,-351.1,-3.82,0.472,-0.782,-430.2,0.238,0.05
G_WIDE,SWEEP_RECLAIM,LONG,mkt_funding,neg,TRAIN,2831,15.39,0.482,0.0207,0.42619,2797.2,15.2,0.921,-0.782,-13495.7,0.067,1.03
G_WIDE,SWEEP_RECLAIM,LONG,mkt_funding,neg,VALID,3710,41.69,0.442,-0.0412,0.63876,9870.0,110.9,0.959,-0.826,-14428.1,0.057,2.39
G_WIDE,SWEEP_RECLAIM,LONG,mkt_funding,neg,TEST,42,0.46,0.667,0.2124,1.0,581.1,6.32,0.901,-0.467,-135.5,0.095,0.04
G_WIDE,ANY,LONG,mkt_funding,neg,TRAIN,14121,76.74,0.45,-0.0245,0.64013,-4916.4,-26.72,0.943,-0.786,-56464.6,0.014,1.09
G_WIDE,ANY,LONG,mkt_funding,neg,VALID,15508,174.25,0.476,0.0363,0.32036,62125.1,698.03,0.958,-0.759,-27793.8,0.013,2.27
G_WIDE,ANY,LONG,mkt_funding,neg,TEST,150,1.63,0.467,0.0526,1.0,177.4,1.93,0.876,-0.583,-1321.8,0.027,0.04
G_WIDE,BRK_4H,SHORT,mkt_funding,neg,TRAIN,5696,30.96,0.345,-0.248,0.99881,-41015.4,-222.91,0.816,-0.848,-46201.9,0.035,1.08
G_WIDE,BRK_4H,SHORT,mkt_funding,neg,VALID,6473,72.73,0.408,-0.1052,0.88206,-41257.8,-463.57,0.933,-0.833,-44013.2,0.032,2.3
G_WIDE,BRK_4H,SHORT,mkt_funding,neg,TEST,26,0.28,0.5,-0.0823,1.0,-224.1,-2.44,0.641,-0.77,-321.3,0.154,0.04
G_WIDE,BRK_24H,SHORT,mkt_funding,neg,TRAIN,2569,13.96,0.349,-0.2175,0.97761,-18019.4,-97.93,0.826,-0.819,-20475.9,0.07,0.98
G_WIDE,BRK_24H,SHORT,mkt_funding,neg,VALID,3563,40.03,0.406,-0.1052,0.81438,-25684.3,-288.59,0.929,-0.832,-27097.1,0.059,2.35
G_WIDE,BRK_24H,SHORT,mkt_funding,neg,TEST,23,0.25,0.435,-0.2009,1.0,-329.6,-3.58,0.547,-0.794,-365.7,0.174,0.04
G_WIDE,MTF_BRK,SHORT,mkt_funding,neg,TRAIN,4000,21.74,0.357,-0.2105,0.98918,-25845.4,-140.46,0.848,-0.826,-27348.9,0.046,0.99
G_WIDE,MTF_BRK,SHORT,mkt_funding,neg,VALID,4483,50.37,0.422,-0.0632,0.73588,-25028.2,-281.22,0.974,-0.823,-27697.2,0.047,2.35
G_WIDE,MTF_BRK,SHORT,mkt_funding,neg,TEST,23,0.25,0.478,-0.0795,1.0,-281.8,-3.06,0.612,-0.762,-317.9,0.174,0.04
G_WIDE,PULLBACK_CONT,LONG,mkt_funding,neg,TRAIN,3425,18.61,0.43,-0.0555,0.69463,-7368.5,-40.05,0.994,-0.797,-19381.9,0.055,1.02
G_WIDE,PULLBACK_CONT,LONG,mkt_funding,neg,VALID,3666,41.19,0.501,0.0839,0.21475,15416.6,173.22,0.947,-0.711,-10408.3,0.046,1.91
G_WIDE,PULLBACK_CONT,LONG,mkt_funding,neg,TEST,4,0.04,0.75,0.3318,1.0,218.5,2.38,1.091,-0.505,-49.9,0.75,0.03
G_WIDE,ACCEL,LONG,mkt_funding,neg,TRAIN,1942,10.55,0.348,-0.2564,0.98176,-18767.1,-101.99,0.792,-0.837,-27346.9,0.097,1.03
G_WIDE,ACCEL,LONG,mkt_funding,neg,VALID,2800,31.46,0.573,0.2104,0.02527,33878.8,380.66,1.011,-0.678,-5595.0,0.077,2.42
G_WIDE,ACCEL,LONG,mkt_funding,neg,TEST,8,0.09,0.5,0.2834,1.0,205.6,2.23,0.994,-0.547,-58.0,0.5,0.04
G_WIDE,CHANGE_POINT,LONG,mkt_funding,neg,TRAIN,1510,8.21,0.421,-0.1273,0.78914,-10546.5,-57.32,0.748,-0.724,-17126.8,0.123,1.01
G_WIDE,CHANGE_POINT,LONG,mkt_funding,neg,VALID,1647,18.51,0.582,0.2053,0.04716,24399.6,274.15,0.98,-0.633,-2531.7,0.13,2.4
G_WIDE,CHANGE_POINT,LONG,mkt_funding,neg,TEST,6,0.07,0.667,0.3392,1.0,161.4,1.75,1.071,-0.646,-108.2,0.667,0.04
G_WIDE,BRK_4H,LONG,mkt_funding,neg,TRAIN,6545,35.57,0.442,-0.0243,0.61008,4234.9,23.02,0.961,-0.794,-23229.8,0.031,1.12
G_WIDE,BRK_4H,LONG,mkt_funding,neg,VALID,6509,73.13,0.459,0.026,0.39355,18852.1,211.82,0.976,-0.767,-12880.3,0.032,2.36
G_WIDE,BRK_4H,LONG,mkt_funding,neg,TEST,80,0.87,0.338,-0.0585,1.0,-554.2,-6.02,0.877,-0.667,-962.0,0.05,0.04
G_WIDE,EARLY_BRK,LONG,mkt_funding,neg,TRAIN,3909,21.24,0.444,-0.0334,0.65898,-2820.5,-15.33,0.988,-0.808,-12993.0,0.053,1.12
G_WIDE,EARLY_BRK,LONG,mkt_funding,neg,VALID,3695,41.52,0.455,-0.0051,0.51869,11023.0,123.85,0.978,-0.798,-6660.2,0.057,2.37
G_WIDE,EARLY_BRK,LONG,mkt_funding,neg,TEST,54,0.59,0.315,-0.0432,1.0,-139.8,-1.52,0.855,-0.641,-216.8,0.074,0.04
G_WIDE,VOL_PRICE,LONG,mkt_funding,neg,TRAIN,1612,8.76,0.416,-0.1153,0.81185,-2144.2,-11.65,0.937,-0.828,-13867.6,0.131,1.15
G_WIDE,VOL_PRICE,LONG,mkt_funding,neg,VALID,2502,28.11,0.549,0.1917,0.0631,28733.5,322.85,1.009,-0.68,-7455.6,0.086,2.4
G_WIDE,VOL_PRICE,LONG,mkt_funding,neg,TEST,28,0.3,0.607,0.2547,1.0,348.5,3.79,1.002,-0.574,-273.5,0.143,0.04
G_WIDE,OI_PRICE,LONG,mkt_funding,neg,TRAIN,1762,9.58,0.424,-0.0586,0.68554,-950.8,-5.17,0.836,-0.778,-19303.1,0.114,1.09
G_WIDE,OI_PRICE,LONG,mkt_funding,neg,VALID,1783,20.03,0.567,0.1938,0.00741,24625.4,276.69,0.957,-0.655,-2989.6,0.105,2.11
G_WIDE,OI_PRICE,LONG,mkt_funding,neg,TEST,17,0.18,0.412,-0.0872,1.0,-87.2,-0.95,0.817,-0.674,-424.4,0.235,0.04
G_WIDE,FUNDING_SQUEEZE,LONG,mkt_funding,neg,TRAIN,705,3.83,0.448,0.0177,0.43777,1971.4,10.71,0.915,-0.76,-3090.6,0.233,0.89
G_WIDE,FUNDING_SQUEEZE,LONG,mkt_funding,neg,VALID,709,7.97,0.405,-0.0605,0.74196,-1135.9,-12.76,0.952,-0.814,-2963.3,0.258,2.06
G_WIDE,FUNDING_SQUEEZE,LONG,mkt_funding,neg,TEST,3,0.03,0.333,0.2307,1.0,-16.1,-0.17,0.805,-0.53,-25.7,1.0,0.03
G_WIDE,OI_BUILD_BRK,LONG,mkt_funding,neg,TRAIN,1155,6.28,0.476,0.057,0.30767,9162.6,49.8,0.916,-0.751,-5802.1,0.161,1.01
G_WIDE,OI_BUILD_BRK,LONG,mkt_funding,neg,VALID,1132,12.72,0.441,0.0137,0.45049,-367.0,-4.12,0.958,-0.736,-6246.1,0.154,1.96
G_WIDE,OI_BUILD_BRK,LONG,mkt_funding,neg,TEST,11,0.12,0.364,-0.3142,1.0,-274.8,-2.99,0.844,-0.929,-545.0,0.364,0.04
G_WIDE,OI_COVER,SHORT,mkt_funding,neg,TRAIN,1471,7.99,0.445,-0.0333,0.61579,-6561.9,-35.66,0.836,-0.743,-9451.6,0.114,0.91
G_WIDE,OI_COVER,SHORT,mkt_funding,neg,VALID,1742,19.57,0.288,-0.4007,0.99998,-36956.8,-415.25,0.696,-0.869,-37291.3,0.101,1.98
G_WIDE,OI_COVER,SHORT,mkt_funding,neg,TEST,19,0.21,0.263,-0.5808,1.0,-676.0,-7.35,0.376,-0.893,-722.0,0.263,0.05
G_WIDE,SQUEEZE_EXP,SHORT,mkt_funding,neg,TRAIN,1508,8.2,0.432,-0.0159,0.54871,-54.8,-0.3,0.964,-0.826,-7541.4,0.124,1.02
G_WIDE,SQUEEZE_EXP,SHORT,mkt_funding,neg,VALID,1667,18.73,0.401,-0.1403,0.86893,-11120.2,-124.95,0.94,-0.865,-11557.3,0.106,1.99
G_WIDE,SQUEEZE_EXP,SHORT,mkt_funding,neg,TEST,4,0.04,0.5,-0.4359,1.0,-101.0,-1.1,0.494,-0.628,-122.0,1.0,0.04
G_WIDE,SWEEP_RECLAIM,SHORT,mkt_funding,neg,TRAIN,1048,5.7,0.374,-0.1893,0.94167,-15000.0,-81.52,0.816,-0.798,-17220.8,0.171,0.97
G_WIDE,SWEEP_RECLAIM,SHORT,mkt_funding,neg,VALID,1423,15.99,0.411,-0.1657,0.96023,-8590.7,-96.53,0.809,-0.794,-11101.0,0.136,2.17
G_WIDE,SWEEP_RECLAIM,SHORT,mkt_funding,neg,TEST,7,0.08,0.429,0.0882,1.0,-0.0,-0.0,0.847,-0.736,-205.3,0.714,0.05
G_WIDE,SQUEEZE_EXP,LONG,mkt_funding,neg,TRAIN,1582,8.6,0.369,-0.2034,0.97497,-8100.1,-44.02,0.917,-0.864,-14322.8,0.112,0.96
G_WIDE,SQUEEZE_EXP,LONG,mkt_funding,neg,VALID,1604,18.02,0.415,-0.0845,0.72254,91.9,1.03,0.956,-0.836,-5954.9,0.137,2.46
G_WIDE,SQUEEZE_EXP,LONG,mkt_funding,neg,TEST,7,0.08,0.571,0.4011,1.0,55.4,0.6,0.97,-0.632,-105.9,0.571,0.04
G_WIDE,EARLY_BRK,SHORT,mkt_funding,neg,TRAIN,1529,8.31,0.292,-0.4282,1.0,-14059.0,-76.41,0.744,-0.943,-15642.7,0.134,1.11
G_WIDE,EARLY_BRK,SHORT,mkt_funding,neg,VALID,3126,35.12,0.438,-0.0508,0.68411,-8146.5,-91.53,0.997,-0.83,-10519.5,0.059,2.07
G_WIDE,EARLY_BRK,SHORT,mkt_funding,neg,TEST,3,0.03,1.0,1.3848,1.0,35.6,0.39,1.577,-0.318,0.0,0.667,0.02
G_WIDE,BRK_24H,LONG,mkt_funding,neg,TRAIN,959,5.21,0.453,-0.0614,0.64012,5886.1,31.99,0.869,-0.758,-6765.4,0.191,0.99
G_WIDE,BRK_24H,LONG,mkt_funding,neg,VALID,1348,15.15,0.413,-0.0976,0.8188,-5698.9,-64.03,0.881,-0.774,-8127.0,0.136,2.06
G_WIDE,BRK_24H,LONG,mkt_funding,neg,TEST,5,0.05,0.4,-0.4952,1.0,-221.6,-2.41,0.698,-1.01,-281.4,0.8,0.04
G_WIDE,TREND_TRANS,LONG,mkt_funding,neg,TRAIN,2211,12.02,0.447,-0.0043,0.51585,-761.9,-4.14,1.005,-0.798,-9178.0,0.087,1.04
G_WIDE,TREND_TRANS,LONG,mkt_funding,neg,VALID,2126,23.89,0.518,0.1333,0.13471,17153.3,192.73,0.978,-0.713,-4687.1,0.078,1.87
G_WIDE,TREND_TRANS,LONG,mkt_funding,neg,TEST,3,0.03,0.667,0.2902,1.0,95.9,1.04,0.934,-0.737,-64.3,1.0,0.03
G_WIDE,CAPITULATION_REV,SHORT,mkt_funding,neg,TRAIN,188,1.02,0.404,-0.2012,0.80676,-2174.9,-11.82,0.726,-0.825,-3682.3,0.548,0.56
G_WIDE,CAPITULATION_REV,SHORT,mkt_funding,neg,VALID,191,2.15,0.309,-0.3356,0.99902,-2260.4,-25.4,0.834,-0.866,-2847.4,0.607,1.3
G_WIDE,CAPITULATION_REV,SHORT,mkt_funding,neg,TEST,1,0.01,0.0,-0.2974,1.0,-32.9,-0.36,0.75,-0.713,-32.9,1.0,0.01
G_WIDE,MTF_BRK,LONG,mkt_funding,neg,TRAIN,1525,8.29,0.417,-0.1077,0.7566,3464.2,18.83,0.88,-0.793,-12628.1,0.126,1.04
G_WIDE,MTF_BRK,LONG,mkt_funding,neg,VALID,2094,23.53,0.418,-0.0827,0.78825,-6484.4,-72.86,0.919,-0.769,-10257.1,0.091,2.15
G_WIDE,MTF_BRK,LONG,mkt_funding,neg,TEST,6,0.07,0.333,-0.32,1.0,-261.1,-2.84,0.894,-0.887,-472.3,0.667,0.04
G_WIDE,TREND_TRANS,SHORT,mkt_funding,neg,TRAIN,1241,6.74,0.345,-0.284,0.9991,-10672.5,-58.0,0.741,-0.848,-13811.2,0.147,0.99
G_WIDE,TREND_TRANS,SHORT,mkt_funding,neg,VALID,1522,17.1,0.397,-0.1168,0.8735,-10295.4,-115.68,0.878,-0.806,-11845.5,0.11,1.88
G_WIDE,TREND_TRANS,SHORT,mkt_funding,neg,TEST,30,0.33,0.433,-0.2349,1.0,-223.8,-2.43,0.541,-0.761,-481.1,0.133,0.04
G_WIDE,FUNDING_SQUEEZE,SHORT,sym_oi,down,TRAIN,69,0.38,0.391,-0.1256,0.81766,-1361.8,-7.4,0.778,-1.188,-1736.8,0.652,0.24
G_WIDE,FUNDING_SQUEEZE,SHORT,sym_oi,down,VALID,63,0.71,0.476,0.0114,0.46772,-41.6,-0.47,0.893,-0.849,-500.3,0.73,0.52
G_WIDE,FUNDING_SQUEEZE,SHORT,sym_oi,down,TEST,40,0.43,0.5,-0.0597,0.63958,-793.9,-8.63,0.804,-0.769,-1784.8,0.625,0.27
G_WIDE,FUNDING_SQUEEZE,SHORT,sym_oi,down,HOLDOUT,5,0.08,0.6,0.2363,0.30799,281.0,4.68,0.916,-0.662,-111.8,0.8,0.07
G_WIDE,OI_PRICE,SHORT,sym_funding,hot,TRAIN,16,0.09,0.5,0.1557,0.26881,56.9,0.31,0.797,-0.539,-500.8,1.0,0.09
G_WIDE,OI_PRICE,SHORT,sym_funding,hot,VALID,5,0.06,0.8,0.942,0.06219,677.4,7.61,1.306,-0.512,-410.2,1.0,0.06
G_WIDE,OI_PRICE,SHORT,sym_funding,hot,TEST,3,0.03,1.0,0.7243,1.0,291.7,3.17,1.092,-0.17,0.0,0.667,0.02
G_WIDE,OI_PRICE,SHORT,sym_funding,hot,HOLDOUT,2,0.03,0.5,-0.2372,1.0,-16.8,-0.28,0.63,-0.701,-34.1,1.0,0.03
G_WIDE,OI_PRICE,SHORT,mkt_funding,neg,TRAIN,37,0.2,0.459,0.0742,0.32982,73.6,0.4,0.874,-0.61,-710.6,0.865,0.17
G_WIDE,OI_PRICE,SHORT,mkt_funding,neg,VALID,43,0.48,0.372,-0.2757,0.94303,-721.5,-8.11,0.697,-0.754,-804.5,0.93,0.45
G_WIDE,OI_COVER,LONG,mkt_funding,neg,TRAIN,5,0.03,0.6,0.5168,0.13577,383.9,2.09,1.074,-0.531,-20.6,1.0,0.03
G_WIDE,OI_COVER,LONG,mkt_funding,neg,VALID,15,0.17,0.533,0.0281,0.46356,-623.9,-7.01,1.014,-0.741,-695.6,0.933,0.16
G_WIDE,CAPITULATION_REV,LONG,mkt_funding,neg,TRAIN,306,1.66,0.493,-0.1262,0.66849,-1963.4,-10.67,0.732,-0.714,-5025.0,0.203,0.34
G_WIDE,CAPITULATION_REV,LONG,mkt_funding,neg,VALID,296,3.33,0.811,0.8969,1e-05,18924.1,212.63,1.326,-0.367,-1191.1,0.233,0.78
G_WIDE,CAPITULATION_REV,LONG,mkt_funding,neg,TEST,16,0.17,0.75,0.4864,1.0,336.8,3.66,0.934,-0.435,-36.5,0.25,0.04
G_WIDE,FUNDING_SQUEEZE,SHORT,mkt_oi,down,TRAIN,28,0.15,0.321,-0.2083,0.83554,-1315.6,-7.15,0.593,-0.813,-2067.0,0.607,0.09
G_WIDE,FUNDING_SQUEEZE,SHORT,mkt_oi,down,VALID,44,0.49,0.477,0.1203,0.28685,-1086.8,-12.21,1.04,-0.772,-1518.7,0.636,0.31
G_WIDE,FUNDING_SQUEEZE,SHORT,mkt_oi,down,TEST,14,0.15,0.429,-0.1183,0.62587,-77.4,-0.84,1.067,-0.804,-223.0,0.714,0.11
G_WIDE,OI_COVER,LONG,mkt_oi,down,TRAIN,21,0.11,0.381,-0.0595,0.67715,60.4,0.33,0.421,-0.394,-438.1,0.429,0.05
G_WIDE,OI_COVER,LONG,mkt_oi,down,VALID,14,0.16,0.571,0.046,0.43653,-473.1,-5.32,0.921,-0.833,-612.5,1.0,0.16
G_WIDE,OI_COVER,LONG,mkt_oi,down,TEST,1,0.01,0.0,-1.0289,1.0,-89.7,-0.98,0.229,-1.161,-89.7,1.0,0.01
G_WIDE,FUNDING_SQUEEZE,SHORT,mkt_funding,neg,TRAIN,28,0.15,0.393,-0.0029,0.50448,-616.6,-3.35,0.725,-0.759,-1677.1,0.714,0.11
G_WIDE,FUNDING_SQUEEZE,SHORT,mkt_funding,neg,VALID,37,0.42,0.622,0.3868,0.06719,-84.2,-0.95,1.281,-0.735,-807.4,0.703,0.29
G_WIDE,OI_BUILD_BRK,SHORT,mkt_funding,neg,TRAIN,36,0.2,0.472,0.0029,0.49373,368.5,2.0,0.81,-0.639,-589.4,0.778,0.15
G_WIDE,OI_BUILD_BRK,SHORT,mkt_funding,neg,VALID,51,0.57,0.353,-0.3268,0.90976,-1484.5,-16.68,0.678,-0.787,-1632.1,0.863,0.49
G_LEGACY,TREND_TRANS,SHORT,ALL,ALL,TRAIN,24712,134.3,0.435,-0.1318,1.0,-39229.9,-213.21,0.946,-0.811,-40236.7,0.185,24.79
G_LEGACY,TREND_TRANS,SHORT,ALL,ALL,VALID,12542,140.92,0.45,-0.0956,0.99497,-14711.2,-165.29,0.956,-0.813,-19592.8,0.181,25.46
G_LEGACY,TREND_TRANS,SHORT,ALL,ALL,TEST,13482,146.54,0.431,-0.1776,1.0,-22362.9,-243.08,0.952,-0.828,-22853.8,0.183,26.85
G_LEGACY,TREND_TRANS,SHORT,ALL,ALL,HOLDOUT,8831,147.18,0.396,-0.2832,1.0,-23138.0,-385.63,0.915,-0.829,-24164.3,0.185,27.2
G_LEGACY,TREND_TRANS,SHORT,sym_funding,base,TRAIN,17281,93.92,0.436,-0.1292,0.99998,-27503.0,-149.47,0.946,-0.81,-27910.6,0.24,22.53
G_LEGACY,TREND_TRANS,SHORT,sym_funding,base,VALID,7828,87.96,0.453,-0.0899,0.98934,-8762.0,-98.45,0.955,-0.809,-11973.6,0.262,23.01
G_LEGACY,TREND_TRANS,SHORT,sym_funding,base,TEST,10049,109.23,0.431,-0.181,1.0,-17915.9,-194.74,0.952,-0.831,-18215.1,0.233,25.4
G_LEGACY,TREND_TRANS,SHORT,sym_funding,base,HOLDOUT,3724,62.07,0.416,-0.2631,1.0,-7096.5,-118.27,0.927,-0.807,-7531.3,0.23,14.25
G_LEGACY,TREND_TRANS,SHORT,sym_oi,flat,TRAIN,21349,116.03,0.436,-0.135,0.99999,-31061.9,-168.81,0.954,-0.808,-32632.1,0.201,23.33
G_LEGACY,TREND_TRANS,SHORT,sym_oi,flat,VALID,11020,123.82,0.446,-0.1079,0.99677,-14410.1,-161.91,0.957,-0.817,-18066.3,0.198,24.53
G_LEGACY,TREND_TRANS,SHORT,sym_oi,flat,TEST,12094,131.46,0.43,-0.1867,1.0,-20375.7,-221.48,0.956,-0.83,-20465.4,0.2,26.33
G_LEGACY,TREND_TRANS,SHORT,sym_oi,flat,HOLDOUT,7754,129.23,0.396,-0.2923,1.0,-18374.2,-306.24,0.923,-0.829,-19920.2,0.204,26.35
G_LEGACY,ANY,SHORT,ALL,ALL,TRAIN,187521,1019.14,0.429,-0.1404,1.0,-335015.7,-1820.74,0.952,-0.824,-347176.9,0.031,31.91
G_LEGACY,ANY,SHORT,ALL,ALL,VALID,95252,1070.25,0.432,-0.1477,1.0,-151365.2,-1700.73,0.94,-0.834,-193034.6,0.03,32.12
G_LEGACY,ANY,SHORT,ALL,ALL,TEST,98897,1074.97,0.435,-0.1562,1.0,-137323.0,-1492.64,0.97,-0.83,-138784.7,0.029,31.71
G_LEGACY,ANY,SHORT,ALL,ALL,HOLDOUT,65379,1089.65,0.402,-0.2561,1.0,-178262.9,-2971.05,0.934,-0.848,-182394.4,0.03,32.65
G_LEGACY,ANY,SHORT,sym_funding,base,TRAIN,127382,692.29,0.432,-0.1356,1.0,-206841.3,-1124.14,0.957,-0.823,-216970.2,0.046,32.15
G_LEGACY,ANY,SHORT,sym_funding,base,VALID,56380,633.48,0.438,-0.1329,1.0,-80798.1,-907.84,0.946,-0.831,-103729.3,0.05,31.9
G_LEGACY,ANY,SHORT,sym_funding,base,TEST,70755,769.08,0.434,-0.1656,1.0,-102189.6,-1110.76,0.968,-0.835,-103952.2,0.042,32.11
G_LEGACY,ANY,SHORT,sym_funding,base,HOLDOUT,26150,435.83,0.399,-0.2813,1.0,-71674.2,-1194.57,0.919,-0.85,-72440.5,0.041,17.73
G_LEGACY,ANY,SHORT,sym_oi,flat,TRAIN,155052,842.67,0.43,-0.1458,1.0,-239008.7,-1298.96,0.961,-0.823,-250036.8,0.038,32.22
G_LEGACY,ANY,SHORT,sym_oi,flat,VALID,79668,895.15,0.43,-0.1584,1.0,-130669.5,-1468.2,0.947,-0.837,-157465.1,0.036,31.88
G_LEGACY,ANY,SHORT,sym_oi,flat,TEST,84827,922.03,0.436,-0.1617,1.0,-101535.2,-1103.64,0.98,-0.83,-102847.2,0.034,31.77
G_LEGACY,ANY,SHORT,sym_oi,flat,HOLDOUT,53439,890.65,0.4,-0.2752,1.0,-129752.4,-2162.54,0.941,-0.849,-134833.6,0.037,33.3
G_LEGACY,BRK_4H,LONG,ALL,ALL,TRAIN,81071,440.6,0.398,-0.2125,1.0,-185873.1,-1010.18,0.925,-0.84,-188553.2,0.082,36.1
G_LEGACY,BRK_4H,LONG,ALL,ALL,VALID,39484,443.64,0.402,-0.1936,1.0,-78521.1,-882.26,0.96,-0.852,-79613.7,0.085,37.75
G_LEGACY,BRK_4H,LONG,ALL,ALL,TEST,41563,451.77,0.385,-0.2581,1.0,-104536.3,-1136.26,0.939,-0.851,-105458.6,0.083,37.45
G_LEGACY,BRK_4H,LONG,ALL,ALL,HOLDOUT,29953,499.22,0.41,-0.2055,1.0,-46882.5,-781.37,0.987,-0.85,-48379.1,0.077,38.68
G_LEGACY,BRK_4H,LONG,sym_funding,neg,TRAIN,22888,124.39,0.392,-0.2169,1.0,-53598.5,-291.3,0.914,-0.839,-55220.1,0.208,25.91
G_LEGACY,BRK_4H,LONG,sym_funding,neg,VALID,14809,166.39,0.405,-0.1833,1.0,-25430.0,-285.73,0.952,-0.846,-26335.2,0.181,30.19
G_LEGACY,BRK_4H,LONG,sym_funding,neg,TEST,10246,111.37,0.395,-0.2341,1.0,-21153.2,-229.93,0.946,-0.828,-22019.2,0.252,28.02
G_LEGACY,BRK_4H,LONG,sym_funding,neg,HOLDOUT,2300,38.33,0.381,-0.3155,1.0,-5897.8,-98.3,0.986,-0.852,-6400.6,0.35,13.43
G_LEGACY,BRK_4H,LONG,sym_oi,down,TRAIN,3786,20.58,0.391,-0.1764,0.9999,-8760.6,-47.61,0.898,-0.833,-9746.1,0.482,9.92
G_LEGACY,BRK_4H,LONG,sym_oi,down,VALID,1716,19.28,0.41,-0.1232,0.96805,-2568.1,-28.85,0.942,-0.842,-5005.0,0.601,11.6
G_LEGACY,BRK_4H,LONG,sym_oi,down,TEST,1482,16.11,0.406,-0.1337,0.97125,-3778.6,-41.07,0.923,-0.82,-5500.1,0.577,9.29
G_LEGACY,BRK_4H,LONG,sym_oi,down,HOLDOUT,1063,17.72,0.374,-0.1881,0.99242,-3499.1,-58.32,0.925,-0.876,-3985.8,0.571,10.12
G_LEGACY,ANY,LONG,ALL,ALL,TRAIN,183739,998.58,0.409,-0.1867,1.0,-367649.4,-1998.09,0.912,-0.839,-377478.1,0.034,33.95
G_LEGACY,ANY,LONG,ALL,ALL,VALID,92105,1034.89,0.411,-0.176,1.0,-177642.5,-1995.98,0.935,-0.833,-180546.5,0.032,33.34
G_LEGACY,ANY,LONG,ALL,ALL,TEST,94655,1028.86,0.402,-0.2092,1.0,-191900.6,-2085.88,0.932,-0.843,-195315.3,0.033,33.84
G_LEGACY,ANY,LONG,ALL,ALL,HOLDOUT,63723,1062.05,0.421,-0.1764,1.0,-83719.3,-1395.32,0.963,-0.841,-87558.9,0.032,33.85
G_LEGACY,ANY,LONG,sym_funding,neg,TRAIN,52357,284.55,0.41,-0.1783,1.0,-98066.0,-532.97,0.904,-0.836,-102172.7,0.109,31.1
G_LEGACY,ANY,LONG,sym_funding,neg,VALID,34602,388.79,0.419,-0.1605,1.0,-57747.9,-648.85,0.934,-0.828,-59799.8,0.085,33.02
G_LEGACY,ANY,LONG,sym_funding,neg,TEST,23006,250.07,0.412,-0.1913,1.0,-37807.2,-410.95,0.934,-0.831,-39054.0,0.132,33.04
G_LEGACY,ANY,LONG,sym_funding,neg,HOLDOUT,4941,82.35,0.403,-0.2561,1.0,-9355.2,-155.92,0.962,-0.847,-10400.5,0.185,15.22
G_LEGACY,ANY,LONG,sym_oi,down,TRAIN,13257,72.05,0.413,-0.1308,1.0,-15785.9,-85.79,0.891,-0.854,-17599.6,0.305,21.96
G_LEGACY,ANY,LONG,sym_oi,down,VALID,6104,68.58,0.424,-0.1059,0.99189,-8768.5,-98.52,0.931,-0.831,-10505.8,0.342,23.48
G_LEGACY,ANY,LONG,sym_oi,down,TEST,5583,60.68,0.443,-0.0518,0.89087,-4524.9,-49.18,0.93,-0.804,-8045.8,0.345,20.95
G_LEGACY,ANY,LONG,sym_oi,down,HOLDOUT,3489,58.15,0.42,-0.0877,0.98101,-5939.1,-98.98,0.943,-0.837,-11076.0,0.37,21.53
G_LEGACY,BRK_4H,LONG,sym_funding,base,TRAIN,55326,300.68,0.4,-0.2147,1.0,-125682.6,-683.06,0.927,-0.838,-127053.1,0.111,33.43
G_LEGACY,BRK_4H,LONG,sym_funding,base,VALID,23165,260.28,0.398,-0.2096,1.0,-50397.1,-566.26,0.96,-0.854,-51097.0,0.134,34.91
G_LEGACY,BRK_4H,LONG,sym_funding,base,TEST,29492,320.57,0.379,-0.2772,1.0,-81216.3,-882.79,0.933,-0.858,-81541.9,0.113,36.15
G_LEGACY,BRK_4H,LONG,sym_funding,base,HOLDOUT,12250,204.17,0.425,-0.1787,0.99968,-12654.2,-210.9,1.013,-0.834,-14902.2,0.101,20.58
G_LEGACY,BRK_4H,LONG,sym_oi,flat,TRAIN,68113,370.18,0.398,-0.2277,1.0,-158453.0,-861.16,0.921,-0.839,-160582.6,0.093,34.3
G_LEGACY,BRK_4H,LONG,sym_oi,flat,VALID,33170,372.7,0.402,-0.2046,1.0,-62665.6,-704.11,0.959,-0.85,-63144.6,0.096,35.64
G_LEGACY,BRK_4H,LONG,sym_oi,flat,TEST,35795,389.08,0.383,-0.2766,1.0,-91345.4,-992.89,0.939,-0.851,-91827.3,0.093,36.23
G_LEGACY,BRK_4H,LONG,sym_oi,flat,HOLDOUT,24418,406.97,0.406,-0.2375,1.0,-43507.6,-725.13,0.986,-0.845,-44731.8,0.093,38.0
G_LEGACY,ANY,LONG,sym_funding,base,TRAIN,124620,677.28,0.408,-0.1948,1.0,-259473.6,-1410.18,0.912,-0.84,-264284.9,0.049,33.39
G_LEGACY,ANY,LONG,sym_funding,base,VALID,53900,605.62,0.404,-0.1948,1.0,-114002.1,-1280.92,0.932,-0.837,-115513.9,0.053,32.11
G_LEGACY,ANY,LONG,sym_funding,base,TEST,67366,732.24,0.398,-0.2222,1.0,-148404.5,-1613.09,0.93,-0.846,-149935.8,0.046,33.48
G_LEGACY,ANY,LONG,sym_funding,base,HOLDOUT,25381,423.02,0.424,-0.184,1.0,-27247.1,-454.12,0.973,-0.83,-29476.5,0.043,18.15
G_LEGACY,ANY,LONG,sym_oi,flat,TRAIN,153825,836.01,0.408,-0.2015,1.0,-330998.1,-1798.9,0.912,-0.84,-337352.0,0.041,34.05
G_LEGACY,ANY,LONG,sym_oi,flat,VALID,77473,870.48,0.41,-0.1886,1.0,-146619.1,-1647.41,0.934,-0.834,-148465.7,0.038,33.0
G_LEGACY,ANY,LONG,sym_oi,flat,TEST,81275,883.42,0.4,-0.2278,1.0,-175054.8,-1902.77,0.933,-0.846,-175768.3,0.038,33.9
G_LEGACY,ANY,LONG,sym_oi,flat,HOLDOUT,52493,874.88,0.417,-0.2071,1.0,-81565.2,-1359.42,0.961,-0.844,-83433.9,0.04,34.88
G_LEGACY,EARLY_BRK,LONG,ALL,ALL,TRAIN,48387,262.97,0.397,-0.2585,1.0,-111578.8,-606.41,0.93,-0.848,-113962.2,0.116,30.48
G_LEGACY,EARLY_BRK,LONG,ALL,ALL,VALID,22990,258.31,0.392,-0.2661,1.0,-47884.8,-538.03,0.949,-0.868,-47978.5,0.126,32.46
G_LEGACY,EARLY_BRK,LONG,ALL,ALL,TEST,26055,283.21,0.388,-0.3047,1.0,-57861.0,-628.92,0.956,-0.848,-58344.8,0.12,33.92
G_LEGACY,EARLY_BRK,LONG,ALL,ALL,HOLDOUT,17127,285.45,0.394,-0.3224,1.0,-35154.6,-585.91,0.976,-0.853,-35916.9,0.121,34.52
G_LEGACY,EARLY_BRK,LONG,sym_funding,base,TRAIN,33459,181.84,0.401,-0.2545,1.0,-74580.7,-405.33,0.935,-0.844,-76559.7,0.152,27.67
G_LEGACY,EARLY_BRK,LONG,sym_funding,base,VALID,13278,149.19,0.391,-0.2773,1.0,-28695.9,-322.43,0.953,-0.868,-28913.5,0.197,29.43
G_LEGACY,EARLY_BRK,LONG,sym_funding,base,TEST,18569,201.84,0.382,-0.322,1.0,-43443.0,-472.21,0.952,-0.855,-43695.5,0.16,32.26
G_LEGACY,EARLY_BRK,LONG,sym_funding,base,HOLDOUT,7417,123.62,0.401,-0.3126,1.0,-13207.5,-220.13,0.988,-0.837,-13608.4,0.147,18.13
G_LEGACY,EARLY_BRK,LONG,sym_oi,flat,TRAIN,45298,246.18,0.397,-0.2619,1.0,-104166.5,-566.12,0.931,-0.848,-106567.6,0.121,29.68
G_LEGACY,EARLY_BRK,LONG,sym_oi,flat,VALID,21586,242.54,0.392,-0.2674,1.0,-44929.7,-504.83,0.95,-0.868,-45046.0,0.131,31.87
G_LEGACY,EARLY_BRK,LONG,sym_oi,flat,TEST,24829,269.88,0.387,-0.3087,1.0,-55452.1,-602.74,0.956,-0.849,-55884.0,0.124,33.55
G_LEGACY,EARLY_BRK,LONG,sym_oi,flat,HOLDOUT,16258,270.97,0.394,-0.3265,1.0,-33105.6,-551.76,0.976,-0.852,-33679.0,0.128,34.55
G_LEGACY,TREND_TRANS,LONG,ALL,ALL,TRAIN,24757,134.55,0.406,-0.2004,1.0,-55756.3,-303.02,0.898,-0.825,-56929.5,0.185,24.84
G_LEGACY,TREND_TRANS,LONG,ALL,ALL,VALID,12536,140.85,0.409,-0.1787,1.0,-21917.4,-246.26,0.922,-0.822,-22614.0,0.189,26.58
G_LEGACY,TREND_TRANS,LONG,ALL,ALL,TEST,13504,146.78,0.388,-0.2421,1.0,-34944.2,-379.83,0.906,-0.844,-35365.9,0.185,27.15
G_LEGACY,TREND_TRANS,LONG,ALL,ALL,HOLDOUT,8827,147.12,0.399,-0.2545,1.0,-19474.5,-324.58,0.956,-0.856,-22005.6,0.197,29.03
G_LEGACY,TREND_TRANS,LONG,sym_funding,base,TRAIN,16357,88.9,0.408,-0.2034,1.0,-37514.2,-203.88,0.901,-0.824,-38139.3,0.246,21.83
G_LEGACY,TREND_TRANS,LONG,sym_funding,base,VALID,7201,80.91,0.406,-0.1835,1.0,-13759.8,-154.6,0.927,-0.825,-14507.2,0.29,23.48
G_LEGACY,TREND_TRANS,LONG,sym_funding,base,TEST,9491,103.16,0.382,-0.2595,1.0,-27523.0,-299.16,0.902,-0.848,-27855.0,0.247,25.48
G_LEGACY,TREND_TRANS,LONG,sym_funding,base,HOLDOUT,3695,61.58,0.404,-0.2441,1.0,-6827.5,-113.79,0.967,-0.831,-6913.1,0.241,14.85
G_LEGACY,TREND_TRANS,LONG,sym_oi,flat,TRAIN,21560,117.17,0.406,-0.2098,1.0,-48785.8,-265.14,0.893,-0.823,-49821.9,0.196,22.93
G_LEGACY,TREND_TRANS,LONG,sym_oi,flat,VALID,11054,124.2,0.405,-0.1954,1.0,-21406.6,-240.52,0.915,-0.823,-21964.3,0.202,25.03
G_LEGACY,TREND_TRANS,LONG,sym_oi,flat,TEST,12241,133.05,0.387,-0.252,1.0,-32525.7,-353.54,0.906,-0.844,-33022.8,0.195,25.97
G_LEGACY,TREND_TRANS,LONG,sym_oi,flat,HOLDOUT,7842,130.7,0.399,-0.2718,1.0,-16944.2,-282.4,0.956,-0.854,-18324.1,0.213,27.8
G_LEGACY,PULLBACK_CONT,SHORT,ALL,ALL,TRAIN,62257,338.35,0.425,-0.1413,1.0,-109132.0,-593.11,0.957,-0.821,-121993.6,0.084,28.43
G_LEGACY,PULLBACK_CONT,SHORT,ALL,ALL,VALID,32022,359.8,0.43,-0.1458,0.99999,-46459.4,-522.02,0.958,-0.831,-70344.3,0.079,28.52
G_LEGACY,PULLBACK_CONT,SHORT,ALL,ALL,TEST,33521,364.36,0.451,-0.1093,0.99965,-19801.6,-215.24,1.002,-0.817,-38527.0,0.081,29.5
G_LEGACY,PULLBACK_CONT,SHORT,ALL,ALL,HOLDOUT,21141,352.35,0.406,-0.2381,1.0,-43554.3,-725.91,0.956,-0.844,-45911.0,0.087,30.53
G_LEGACY,PULLBACK_CONT,SHORT,sym_funding,neg,TRAIN,19445,105.68,0.416,-0.1679,1.0,-40671.6,-221.04,0.949,-0.831,-44762.8,0.19,20.07
G_LEGACY,PULLBACK_CONT,SHORT,sym_funding,neg,VALID,13128,147.51,0.423,-0.1672,0.99999,-23665.5,-265.9,0.961,-0.828,-31931.4,0.166,24.48
G_LEGACY,PULLBACK_CONT,SHORT,sym_funding,neg,TEST,8906,96.8,0.463,-0.0769,0.96866,-2458.4,-26.72,1.013,-0.786,-10799.8,0.233,22.51
G_LEGACY,PULLBACK_CONT,SHORT,sym_funding,neg,HOLDOUT,1939,32.32,0.394,-0.3317,1.0,-4156.3,-69.27,0.937,-0.85,-4639.4,0.349,11.28
G_LEGACY,PULLBACK_CONT,SHORT,sym_oi,down,TRAIN,6716,36.5,0.42,-0.109,0.99837,-16375.9,-89.0,0.923,-0.829,-17848.0,0.359,13.09
G_LEGACY,PULLBACK_CONT,SHORT,sym_oi,down,VALID,2974,33.42,0.418,-0.1039,0.96536,-3986.5,-44.79,0.902,-0.828,-10475.0,0.427,14.28
G_LEGACY,PULLBACK_CONT,SHORT,sym_oi,down,TEST,2617,28.45,0.45,-0.0528,0.87686,-1751.1,-19.03,0.956,-0.797,-4158.8,0.439,12.48
G_LEGACY,PULLBACK_CONT,SHORT,sym_oi,down,HOLDOUT,2172,36.2,0.459,-0.0504,0.79225,-1689.6,-28.16,0.983,-0.81,-2868.6,0.384,13.88
G_LEGACY,ANY,SHORT,sym_funding,neg,TRAIN,53330,289.84,0.424,-0.1578,1.0,-109166.9,-593.3,0.942,-0.824,-111511.0,0.102,29.45
G_LEGACY,ANY,SHORT,sym_funding,neg,VALID,35372,397.44,0.422,-0.1762,1.0,-63968.5,-718.75,0.933,-0.836,-79088.0,0.079,31.54
G_LEGACY,ANY,SHORT,sym_funding,neg,TEST,23772,258.39,0.441,-0.1403,1.0,-26522.5,-288.29,0.976,-0.81,-26967.2,0.119,30.71
G_LEGACY,ANY,SHORT,sym_funding,neg,HOLDOUT,5079,84.65,0.407,-0.3017,1.0,-9945.0,-165.75,0.951,-0.841,-10887.9,0.179,15.15
G_LEGACY,ANY,SHORT,sym_oi,down,TRAIN,16505,89.7,0.413,-0.1257,0.99998,-49800.1,-270.65,0.939,-0.844,-51012.0,0.242,21.72
G_LEGACY,ANY,SHORT,sym_oi,down,VALID,7153,80.37,0.421,-0.1115,0.99377,-12314.2,-138.36,0.923,-0.846,-23671.8,0.294,23.62
G_LEGACY,ANY,SHORT,sym_oi,down,TEST,6655,72.34,0.415,-0.1247,0.99906,-13270.4,-144.24,0.929,-0.832,-13985.1,0.291,21.02
G_LEGACY,ANY,SHORT,sym_oi,down,HOLDOUT,4821,80.35,0.418,-0.1417,0.99943,-13436.5,-223.94,0.925,-0.842,-13943.6,0.282,22.67
G_LEGACY,SWEEP_RECLAIM,LONG,ALL,ALL,TRAIN,32194,174.97,0.429,-0.1434,1.0,-49531.8,-269.19,0.906,-0.875,-51267.6,0.136,23.85
G_LEGACY,SWEEP_RECLAIM,LONG,ALL,ALL,VALID,16145,181.4,0.422,-0.1655,0.99994,-32035.8,-359.95,0.927,-0.851,-40724.2,0.15,27.17
G_LEGACY,SWEEP_RECLAIM,LONG,ALL,ALL,TEST,14941,162.4,0.452,-0.0973,0.99235,-10039.2,-109.12,0.971,-0.872,-15150.6,0.17,27.61
G_LEGACY,SWEEP_RECLAIM,LONG,ALL,ALL,HOLDOUT,8655,144.25,0.439,-0.1332,0.99974,-10874.0,-181.23,0.952,-0.888,-12542.3,0.185,26.73
G_LEGACY,SWEEP_RECLAIM,LONG,sym_funding,base,TRAIN,21064,114.48,0.423,-0.1626,1.0,-39319.6,-213.69,0.902,-0.882,-40095.9,0.186,21.24
G_LEGACY,SWEEP_RECLAIM,LONG,sym_funding,base,VALID,8612,96.76,0.415,-0.1825,0.99999,-17497.8,-196.6,0.918,-0.859,-22077.5,0.241,23.28
G_LEGACY,SWEEP_RECLAIM,LONG,sym_funding,base,TEST,10163,110.47,0.452,-0.0967,0.99205,-5166.5,-56.16,0.975,-0.872,-11001.0,0.225,24.89
G_LEGACY,SWEEP_RECLAIM,LONG,sym_funding,base,HOLDOUT,3190,53.17,0.459,-0.1024,0.96729,-2025.8,-33.76,0.958,-0.857,-3565.9,0.237,12.6
G_LEGACY,SWEEP_RECLAIM,LONG,sym_oi,down,TRAIN,5448,29.61,0.447,-0.0567,0.92642,-188.6,-1.03,0.949,-0.864,-4037.2,0.443,13.1
G_LEGACY,SWEEP_RECLAIM,LONG,sym_oi,down,VALID,2661,29.9,0.413,-0.1527,0.998,-8753.7,-98.36,0.914,-0.863,-10869.0,0.462,13.82
G_LEGACY,SWEEP_RECLAIM,LONG,sym_oi,down,TEST,2393,26.01,0.479,0.0344,0.28502,1570.0,17.07,0.975,-0.801,-3688.8,0.473,12.32
G_LEGACY,SWEEP_RECLAIM,LONG,sym_oi,down,HOLDOUT,1486,24.77,0.472,0.024,0.32261,-667.8,-11.13,0.995,-0.82,-3162.8,0.513,12.7
G_LEGACY,OI_BUILD_BRK,LONG,ALL,ALL,TRAIN,13878,75.42,0.413,-0.09,0.99967,-21416.2,-116.39,0.958,-0.827,-26856.6,0.387,29.21
G_LEGACY,OI_BUILD_BRK,LONG,ALL,ALL,VALID,6981,78.44,0.421,-0.061,0.96499,-12025.7,-135.12,0.997,-0.841,-14104.8,0.397,31.15
G_LEGACY,OI_BUILD_BRK,LONG,ALL,ALL,TEST,6969,75.75,0.386,-0.1508,1.0,-18417.0,-200.19,0.933,-0.869,-19416.5,0.398,30.12
G_LEGACY,OI_BUILD_BRK,LONG,ALL,ALL,HOLDOUT,5967,99.45,0.417,-0.0673,0.9839,-7531.4,-125.52,1.0,-0.882,-8594.0,0.341,33.93
G_LEGACY,OI_BUILD_BRK,LONG,sym_funding,base,TRAIN,8927,48.52,0.415,-0.1009,0.99952,-16003.3,-86.97,0.958,-0.825,-18219.6,0.48,23.28
G_LEGACY,OI_BUILD_BRK,LONG,sym_funding,base,VALID,4163,46.78,0.407,-0.1007,0.99828,-9293.6,-104.42,0.98,-0.846,-10523.9,0.514,24.03
G_LEGACY,OI_BUILD_BRK,LONG,sym_funding,base,TEST,4736,51.48,0.386,-0.1556,1.0,-14089.7,-153.15,0.929,-0.863,-14587.0,0.497,25.58
G_LEGACY,OI_BUILD_BRK,LONG,sym_funding,base,HOLDOUT,2057,34.28,0.443,0.0004,0.49756,-228.4,-3.81,1.052,-0.898,-4644.5,0.416,14.25
G_LEGACY,OI_BUILD_BRK,LONG,sym_oi,flat,TRAIN,7596,41.28,0.423,-0.0877,0.99341,-10859.6,-59.02,0.946,-0.809,-15104.1,0.494,20.38
G_LEGACY,OI_BUILD_BRK,LONG,sym_oi,flat,VALID,3767,42.33,0.431,-0.0465,0.85068,-4191.8,-47.1,0.993,-0.823,-5314.3,0.523,22.16
G_LEGACY,OI_BUILD_BRK,LONG,sym_oi,flat,TEST,3823,41.55,0.374,-0.1912,1.0,-12957.0,-140.84,0.911,-0.868,-13329.1,0.543,22.58
G_LEGACY,OI_BUILD_BRK,LONG,sym_oi,flat,HOLDOUT,2859,47.65,0.412,-0.0998,0.99194,-6494.7,-108.25,0.998,-0.878,-7092.8,0.516,24.58
G_LEGACY,OI_BUILD_BRK,LONG,sym_funding,neg,TRAIN,3709,20.16,0.41,-0.071,0.98415,-3435.8,-18.67,0.951,-0.815,-6357.2,0.638,12.87
G_LEGACY,OI_BUILD_BRK,LONG,sym_funding,neg,VALID,2049,23.02,0.444,-0.0032,0.52287,-1462.7,-16.43,1.016,-0.819,-2855.8,0.617,14.21
G_LEGACY,OI_BUILD_BRK,LONG,sym_funding,neg,TEST,1521,16.53,0.372,-0.1743,0.99996,-3438.6,-37.38,0.917,-0.874,-5066.2,0.702,11.61
G_LEGACY,OI_BUILD_BRK,LONG,sym_funding,neg,HOLDOUT,271,4.52,0.354,-0.194,0.99674,-1582.4,-26.37,1.011,-0.896,-1960.0,0.841,3.8
G_LEGACY,BRK_4H,SHORT,ALL,ALL,TRAIN,83236,452.37,0.423,-0.1566,1.0,-149322.1,-811.53,0.975,-0.836,-151593.4,0.064,29.14
G_LEGACY,BRK_4H,SHORT,ALL,ALL,VALID,41483,466.1,0.427,-0.1642,1.0,-71692.7,-805.54,0.953,-0.848,-84587.1,0.065,30.53
G_LEGACY,BRK_4H,SHORT,ALL,ALL,TEST,42847,465.73,0.412,-0.2155,1.0,-85848.8,-933.14,0.977,-0.848,-86081.6,0.066,30.8
G_LEGACY,BRK_4H,SHORT,ALL,ALL,HOLDOUT,25855,430.92,0.394,-0.2937,1.0,-77933.1,-1298.89,0.953,-0.854,-79383.8,0.072,31.0
G_LEGACY,BRK_4H,SHORT,sym_funding,base,TRAIN,56748,308.41,0.426,-0.1512,1.0,-91439.7,-496.95,0.981,-0.835,-93710.7,0.09,27.86
G_LEGACY,BRK_4H,SHORT,sym_funding,base,VALID,24363,273.74,0.437,-0.1393,0.99997,-36088.9,-405.49,0.965,-0.84,-42787.7,0.105,28.88
G_LEGACY,BRK_4H,SHORT,sym_funding,base,TEST,30854,335.37,0.41,-0.2261,1.0,-64826.5,-704.64,0.972,-0.852,-65019.9,0.088,29.65
G_LEGACY,BRK_4H,SHORT,sym_funding,base,HOLDOUT,10567,176.12,0.396,-0.3031,1.0,-30113.3,-501.89,0.945,-0.843,-30703.6,0.088,15.5
G_LEGACY,BRK_4H,SHORT,sym_oi,down,TRAIN,9387,51.02,0.408,-0.1333,0.99975,-25613.7,-139.2,0.975,-0.868,-26176.7,0.345,17.62
G_LEGACY,BRK_4H,SHORT,sym_oi,down,VALID,3975,44.66,0.41,-0.1475,0.99896,-9665.5,-108.6,0.934,-0.884,-15637.1,0.418,18.66
G_LEGACY,BRK_4H,SHORT,sym_oi,down,TEST,3917,42.58,0.396,-0.1672,0.99961,-11031.7,-119.91,0.935,-0.865,-11414.4,0.404,17.21
G_LEGACY,BRK_4H,SHORT,sym_oi,down,HOLDOUT,2587,43.12,0.382,-0.2091,0.99996,-10142.3,-169.04,0.922,-0.88,-10519.3,0.412,17.78
G_LEGACY,BRK_24H,SHORT,ALL,ALL,TRAIN,28696,155.96,0.408,-0.1632,0.99999,-69323.4,-376.76,0.989,-0.838,-69533.3,0.145,22.63
G_LEGACY,BRK_24H,SHORT,ALL,ALL,VALID,14889,167.29,0.408,-0.1857,0.99993,-33196.5,-372.99,0.942,-0.854,-40943.9,0.155,25.94
G_LEGACY,BRK_24H,SHORT,ALL,ALL,TEST,13442,146.11,0.387,-0.2448,1.0,-35981.6,-391.1,0.974,-0.871,-36433.4,0.174,25.42
G_LEGACY,BRK_24H,SHORT,ALL,ALL,HOLDOUT,7411,123.52,0.383,-0.2826,1.0,-22200.8,-370.01,0.973,-0.87,-22757.0,0.2,24.72
G_LEGACY,BRK_24H,SHORT,sym_funding,base,TRAIN,18838,102.38,0.412,-0.1548,0.99991,-39638.0,-215.42,1.003,-0.833,-40702.0,0.192,19.61
G_LEGACY,BRK_24H,SHORT,sym_funding,base,VALID,7815,87.81,0.421,-0.1539,0.9992,-15824.9,-177.81,0.957,-0.843,-19033.4,0.25,21.96
G_LEGACY,BRK_24H,SHORT,sym_funding,base,TEST,9082,98.72,0.383,-0.2606,1.0,-25869.2,-281.19,0.969,-0.873,-26419.1,0.227,22.37
G_LEGACY,BRK_24H,SHORT,sym_funding,base,HOLDOUT,2701,45.02,0.369,-0.3233,1.0,-8120.7,-135.34,0.953,-0.855,-8433.0,0.265,11.93
G_LEGACY,BRK_24H,SHORT,sym_oi,down,TRAIN,5386,29.27,0.392,-0.1564,0.99984,-18197.0,-98.9,0.987,-0.89,-18511.5,0.421,12.33
G_LEGACY,BRK_24H,SHORT,sym_oi,down,VALID,2546,28.61,0.396,-0.1652,0.99414,-8195.1,-92.08,0.916,-0.886,-12119.7,0.458,13.11
G_LEGACY,BRK_24H,SHORT,sym_oi,down,TEST,2319,25.21,0.364,-0.2361,1.0,-10575.6,-114.95,0.902,-0.887,-10941.1,0.468,11.79
G_LEGACY,BRK_24H,SHORT,sym_oi,down,HOLDOUT,1353,22.55,0.367,-0.242,1.0,-5786.6,-96.44,0.861,-0.893,-6048.5,0.51,11.5
G_LEGACY,MTF_BRK,SHORT,ALL,ALL,TRAIN,41515,225.62,0.408,-0.1723,1.0,-94450.9,-513.32,0.993,-0.844,-96546.4,0.118,26.63
G_LEGACY,MTF_BRK,SHORT,ALL,ALL,VALID,20990,235.84,0.412,-0.1911,1.0,-41928.8,-471.11,0.965,-0.863,-52556.4,0.125,29.39
G_LEGACY,MTF_BRK,SHORT,ALL,ALL,TEST,21389,232.49,0.401,-0.219,1.0,-46445.2,-504.84,1.002,-0.861,-46582.5,0.128,29.77
G_LEGACY,MTF_BRK,SHORT,ALL,ALL,HOLDOUT,12188,203.13,0.388,-0.291,1.0,-32947.0,-549.12,0.985,-0.873,-33404.6,0.145,29.5
G_LEGACY,MTF_BRK,SHORT,sym_funding,base,TRAIN,27346,148.62,0.412,-0.1647,1.0,-56122.8,-305.02,1.0,-0.841,-57877.3,0.164,24.38
G_LEGACY,MTF_BRK,SHORT,sym_funding,base,VALID,11373,127.79,0.426,-0.1548,0.99979,-20019.6,-224.94,0.981,-0.855,-25034.5,0.205,26.19
G_LEGACY,MTF_BRK,SHORT,sym_funding,base,TEST,14687,159.64,0.4,-0.2271,1.0,-32942.3,-358.07,0.996,-0.865,-33004.4,0.173,27.64
G_LEGACY,MTF_BRK,SHORT,sym_funding,base,HOLDOUT,4814,80.23,0.376,-0.3206,1.0,-13658.6,-227.64,0.965,-0.86,-14025.7,0.187,15.0
G_LEGACY,MTF_BRK,SHORT,sym_oi,down,TRAIN,7265,39.48,0.396,-0.1478,0.99976,-22596.3,-122.81,0.979,-0.878,-23045.2,0.379,14.95
G_LEGACY,MTF_BRK,SHORT,sym_oi,down,VALID,3173,35.65,0.402,-0.1607,0.99809,-9796.4,-110.07,0.936,-0.895,-14129.8,0.444,15.82
G_LEGACY,MTF_BRK,SHORT,sym_oi,down,TEST,3132,34.04,0.378,-0.2025,0.99996,-11056.4,-120.18,0.927,-0.882,-11345.5,0.432,14.72
G_LEGACY,MTF_BRK,SHORT,sym_oi,down,HOLDOUT,2094,34.9,0.379,-0.2154,0.99993,-7950.0,-132.5,0.914,-0.892,-8497.4,0.422,14.73
G_LEGACY,EARLY_BRK,LONG,sym_funding,neg,TRAIN,14048,76.35,0.387,-0.2709,1.0,-34611.3,-188.11,0.915,-0.853,-35259.2,0.267,20.41
G_LEGACY,EARLY_BRK,LONG,sym_funding,neg,VALID,9376,105.35,0.393,-0.2547,1.0,-18409.3,-206.85,0.938,-0.867,-18472.6,0.237,25.0
G_LEGACY,EARLY_BRK,LONG,sym_funding,neg,TEST,6876,74.74,0.4,-0.2743,1.0,-13414.2,-145.81,0.96,-0.826,-13751.9,0.316,23.65
G_LEGACY,EARLY_BRK,LONG,sym_funding,neg,HOLDOUT,1720,28.67,0.378,-0.3766,1.0,-4128.6,-68.81,0.997,-0.847,-4294.0,0.394,11.3
G_LEGACY,EARLY_BRK,LONG,sym_oi,down,TRAIN,2104,11.43,0.372,-0.2436,0.99998,-6764.7,-36.76,0.883,-0.851,-6764.7,0.564,6.45
G_LEGACY,EARLY_BRK,LONG,sym_oi,down,VALID,924,10.38,0.382,-0.2105,0.99789,-1756.0,-19.73,0.925,-0.861,-1938.1,0.713,7.4
G_LEGACY,EARLY_BRK,LONG,sym_oi,down,TEST,828,9.0,0.43,-0.1248,0.91018,-1794.4,-19.5,0.973,-0.805,-2196.8,0.687,6.18
G_LEGACY,EARLY_BRK,LONG,sym_oi,down,HOLDOUT,614,10.23,0.371,-0.2173,0.98359,-1951.1,-32.52,0.935,-0.879,-2094.2,0.637,6.52
G_LEGACY,TREND_TRANS,LONG,sym_funding,neg,TRAIN,7480,40.65,0.397,-0.2092,1.0,-18249.4,-99.18,0.882,-0.827,-18891.7,0.368,14.96
G_LEGACY,TREND_TRANS,LONG,sym_funding,neg,VALID,4863,54.64,0.41,-0.1879,0.99995,-8575.9,-96.36,0.906,-0.82,-9168.7,0.333,18.18
G_LEGACY,TREND_TRANS,LONG,sym_funding,neg,TEST,3431,37.29,0.399,-0.2188,1.0,-6855.1,-74.51,0.908,-0.832,-7338.0,0.442,16.49
G_LEGACY,TREND_TRANS,LONG,sym_funding,neg,HOLDOUT,769,12.82,0.365,-0.3636,1.0,-2494.7,-41.58,0.958,-0.871,-2500.0,0.632,8.1
G_LEGACY,SWEEP_RECLAIM,SHORT,ALL,ALL,TRAIN,29401,159.79,0.448,-0.1077,0.99999,-45396.7,-246.72,0.933,-0.832,-47123.2,0.176,28.11
G_LEGACY,SWEEP_RECLAIM,SHORT,ALL,ALL,VALID,14411,161.92,0.421,-0.1784,1.0,-33627.7,-377.84,0.902,-0.853,-37360.8,0.188,30.43
G_LEGACY,SWEEP_RECLAIM,SHORT,ALL,ALL,TEST,14659,159.34,0.456,-0.1085,0.99997,-17341.6,-188.5,0.953,-0.834,-17942.1,0.19,30.21
G_LEGACY,SWEEP_RECLAIM,SHORT,ALL,ALL,HOLDOUT,12031,200.52,0.404,-0.2167,1.0,-36190.6,-603.18,0.918,-0.878,-37540.0,0.163,32.62
G_LEGACY,SWEEP_RECLAIM,SHORT,sym_funding,hot,TRAIN,1265,6.88,0.437,-0.0705,0.97114,-3438.7,-18.69,0.96,-0.875,-3478.8,0.828,5.7
G_LEGACY,SWEEP_RECLAIM,SHORT,sym_funding,hot,VALID,738,8.29,0.392,-0.1714,0.99997,-3427.7,-38.51,0.882,-0.898,-3984.7,0.816,6.76
G_LEGACY,SWEEP_RECLAIM,SHORT,sym_funding,hot,TEST,942,10.24,0.416,-0.0998,0.9915,-3241.5,-35.23,0.954,-0.874,-3745.8,0.763,7.82
G_LEGACY,SWEEP_RECLAIM,SHORT,sym_funding,hot,HOLDOUT,407,6.78,0.381,-0.1845,0.996,-2313.3,-38.56,0.961,-0.923,-2338.2,0.749,5.08
G_LEGACY,SWEEP_RECLAIM,SHORT,sym_oi,flat,TRAIN,22744,123.61,0.45,-0.1112,0.99994,-25922.5,-140.88,0.941,-0.829,-29649.8,0.194,23.95
G_LEGACY,SWEEP_RECLAIM,SHORT,sym_oi,flat,VALID,10974,123.3,0.42,-0.1968,1.0,-24308.5,-273.13,0.904,-0.855,-27086.9,0.22,27.16
G_LEGACY,SWEEP_RECLAIM,SHORT,sym_oi,flat,TEST,11327,123.12,0.46,-0.1195,0.99993,-8219.8,-89.35,0.957,-0.834,-8521.0,0.224,27.54
G_LEGACY,SWEEP_RECLAIM,SHORT,sym_oi,flat,HOLDOUT,8381,139.68,0.404,-0.2446,1.0,-22471.8,-374.53,0.909,-0.885,-22916.6,0.216,30.13
G_LEGACY,ANY,SHORT,sym_funding,hot,TRAIN,6809,37.01,0.432,-0.0938,1.0,-19007.5,-103.3,0.934,-0.852,-19190.6,0.514,19.03
G_LEGACY,ANY,SHORT,sym_funding,hot,VALID,3500,39.33,0.429,-0.0958,0.99996,-6598.6,-74.14,0.927,-0.861,-10515.8,0.49,19.26
G_LEGACY,ANY,SHORT,sym_funding,hot,TEST,4370,47.5,0.433,-0.0912,0.99999,-8610.9,-93.6,0.959,-0.848,-9769.9,0.453,21.53
G_LEGACY,ANY,SHORT,sym_funding,hot,HOLDOUT,1973,32.88,0.41,-0.1437,1.0,-6488.5,-108.14,0.957,-0.867,-7771.1,0.416,13.68
G_LEGACY,PULLBACK_CONT,SHORT,sym_funding,base,TRAIN,40838,221.95,0.429,-0.1309,1.0,-63967.6,-347.65,0.961,-0.815,-72636.7,0.12,26.64
G_LEGACY,PULLBACK_CONT,SHORT,sym_funding,base,VALID,17960,201.8,0.435,-0.1303,0.99994,-20618.4,-231.67,0.957,-0.83,-34622.1,0.135,27.33
G_LEGACY,PULLBACK_CONT,SHORT,sym_funding,base,TEST,23310,253.37,0.447,-0.1242,0.99994,-16662.4,-181.11,0.999,-0.827,-28343.9,0.114,28.96
G_LEGACY,PULLBACK_CONT,SHORT,sym_funding,base,HOLDOUT,8387,139.78,0.394,-0.2812,1.0,-19615.0,-326.92,0.926,-0.854,-19940.7,0.111,15.58
G_LEGACY,PULLBACK_CONT,SHORT,sym_oi,flat,TRAIN,53114,288.66,0.426,-0.1459,1.0,-85874.9,-466.71,0.964,-0.819,-97578.9,0.095,27.4
G_LEGACY,PULLBACK_CONT,SHORT,sym_oi,flat,VALID,27787,312.21,0.43,-0.1546,0.99999,-41294.8,-463.99,0.964,-0.833,-58252.8,0.088,27.61
G_LEGACY,PULLBACK_CONT,SHORT,sym_oi,flat,TEST,29893,324.92,0.452,-0.1109,0.99952,-15403.9,-167.43,1.009,-0.817,-34225.1,0.09,29.29
G_LEGACY,PULLBACK_CONT,SHORT,sym_oi,flat,HOLDOUT,18192,303.2,0.399,-0.2662,1.0,-39027.1,-650.45,0.952,-0.849,-41004.1,0.1,30.37
G_LEGACY,BRK_4H,SHORT,sym_oi,flat,TRAIN,69620,378.37,0.424,-0.162,1.0,-111539.8,-606.19,0.981,-0.833,-113311.1,0.075,28.46
G_LEGACY,BRK_4H,SHORT,sym_oi,flat,VALID,35233,395.88,0.426,-0.1727,1.0,-62194.1,-698.81,0.958,-0.849,-68181.6,0.075,29.84
G_LEGACY,BRK_4H,SHORT,sym_oi,flat,TEST,37223,404.6,0.414,-0.2213,1.0,-68872.4,-748.61,0.987,-0.848,-69085.5,0.074,30.12
G_LEGACY,BRK_4H,SHORT,sym_oi,flat,HOLDOUT,21878,364.63,0.397,-0.3021,1.0,-57583.8,-959.73,0.968,-0.85,-60921.0,0.083,30.2
G_LEGACY,EARLY_BRK,SHORT,ALL,ALL,TRAIN,46527,252.86,0.429,-0.1806,1.0,-58677.4,-318.9,0.983,-0.838,-60815.9,0.104,26.36
G_LEGACY,EARLY_BRK,SHORT,ALL,ALL,VALID,24826,278.94,0.429,-0.1922,1.0,-39736.6,-446.48,0.974,-0.851,-42336.2,0.101,28.07
G_LEGACY,EARLY_BRK,SHORT,ALL,ALL,TEST,26959,293.03,0.418,-0.2455,1.0,-45167.1,-490.95,1.005,-0.848,-45370.9,0.098,28.83
G_LEGACY,EARLY_BRK,SHORT,ALL,ALL,HOLDOUT,16371,272.85,0.396,-0.3474,1.0,-40930.4,-682.17,0.973,-0.855,-43567.3,0.107,29.23
G_LEGACY,EARLY_BRK,SHORT,sym_funding,base,TRAIN,33599,182.6,0.431,-0.1729,1.0,-39668.7,-215.59,0.986,-0.835,-41210.4,0.134,24.45
G_LEGACY,EARLY_BRK,SHORT,sym_funding,base,VALID,15097,169.63,0.437,-0.1695,0.99999,-20746.6,-233.11,0.982,-0.841,-23111.2,0.154,26.04
G_LEGACY,EARLY_BRK,SHORT,sym_funding,base,TEST,20058,218.02,0.417,-0.2545,1.0,-34372.2,-373.61,0.997,-0.851,-34537.3,0.126,27.51
G_LEGACY,EARLY_BRK,SHORT,sym_funding,base,HOLDOUT,7514,125.23,0.408,-0.3268,1.0,-15912.7,-265.21,0.973,-0.842,-16775.5,0.121,15.13
G_LEGACY,EARLY_BRK,SHORT,sym_oi,flat,TRAIN,43504,236.43,0.429,-0.1839,1.0,-54278.2,-294.99,0.986,-0.838,-56231.5,0.11,25.96
G_LEGACY,EARLY_BRK,SHORT,sym_oi,flat,VALID,23112,259.69,0.427,-0.1989,1.0,-39066.1,-438.95,0.975,-0.855,-41654.0,0.106,27.64
G_LEGACY,EARLY_BRK,SHORT,sym_oi,flat,TEST,25738,279.76,0.418,-0.2456,1.0,-41661.9,-452.85,1.009,-0.848,-41846.0,0.102,28.52
G_LEGACY,EARLY_BRK,SHORT,sym_oi,flat,HOLDOUT,15516,258.6,0.397,-0.3467,1.0,-36890.3,-614.84,0.98,-0.853,-39416.5,0.113,29.12
G_LEGACY,BRK_4H,SHORT,sym_funding,neg,TRAIN,23740,129.02,0.418,-0.1723,1.0,-47677.5,-259.12,0.966,-0.834,-48157.6,0.176,22.7
G_LEGACY,BRK_4H,SHORT,sym_funding,neg,VALID,15834,177.91,0.41,-0.2106,1.0,-33548.0,-376.94,0.933,-0.858,-38874.5,0.143,25.53
G_LEGACY,BRK_4H,SHORT,sym_funding,neg,TEST,10378,112.8,0.416,-0.2014,1.0,-18266.9,-198.55,0.986,-0.835,-18378.9,0.21,23.73
G_LEGACY,BRK_4H,SHORT,sym_funding,neg,HOLDOUT,2142,35.7,0.393,-0.3364,1.0,-5689.8,-94.83,0.976,-0.838,-5949.3,0.333,11.9
G_LEGACY,BRK_24H,LONG,ALL,ALL,TRAIN,26289,142.88,0.393,-0.2054,1.0,-57860.9,-314.46,0.925,-0.836,-59055.8,0.206,29.49
G_LEGACY,BRK_24H,LONG,ALL,ALL,VALID,13144,147.69,0.412,-0.137,0.99976,-23934.7,-268.93,0.982,-0.836,-24460.9,0.219,32.27
G_LEGACY,BRK_24H,LONG,ALL,ALL,TEST,13062,141.98,0.379,-0.2499,1.0,-34899.9,-379.35,0.944,-0.861,-34901.4,0.229,32.47
G_LEGACY,BRK_24H,LONG,ALL,ALL,HOLDOUT,10876,181.27,0.422,-0.1298,0.99875,-10862.2,-181.04,1.008,-0.854,-15954.1,0.196,35.53
G_LEGACY,BRK_24H,LONG,sym_funding,neg,TRAIN,5940,32.28,0.393,-0.1861,1.0,-11692.5,-63.55,0.913,-0.823,-13154.2,0.45,14.52
G_LEGACY,BRK_24H,LONG,sym_funding,neg,VALID,4094,46.0,0.429,-0.0872,0.94898,-4983.5,-55.99,0.99,-0.814,-5697.5,0.392,18.02
G_LEGACY,BRK_24H,LONG,sym_funding,neg,TEST,2634,28.63,0.375,-0.2588,1.0,-5822.7,-63.29,0.945,-0.852,-6700.4,0.537,15.38
G_LEGACY,BRK_24H,LONG,sym_funding,neg,HOLDOUT,564,9.4,0.385,-0.2906,0.99979,-1653.7,-27.56,0.989,-0.86,-1961.8,0.709,6.67
G_LEGACY,BRK_24H,LONG,sym_oi,flat,TRAIN,20243,110.02,0.39,-0.2354,1.0,-48954.3,-266.06,0.909,-0.832,-49558.0,0.222,24.38
G_LEGACY,BRK_24H,LONG,sym_oi,flat,VALID,10049,112.91,0.414,-0.1472,0.99967,-16593.7,-186.45,0.985,-0.829,-16636.4,0.239,26.98
G_LEGACY,BRK_24H,LONG,sym_oi,flat,TEST,10085,109.62,0.371,-0.2909,1.0,-30132.4,-327.53,0.939,-0.863,-30133.9,0.263,28.8
G_LEGACY,BRK_24H,LONG,sym_oi,flat,HOLDOUT,7642,127.37,0.417,-0.169,0.99979,-11088.6,-184.81,1.01,-0.842,-12124.9,0.253,32.23
G_LEGACY,MTF_BRK,LONG,ALL,ALL,TRAIN,36480,198.26,0.391,-0.2213,1.0,-88671.0,-481.91,0.929,-0.845,-90058.1,0.16,31.8
G_LEGACY,MTF_BRK,LONG,ALL,ALL,VALID,18591,208.89,0.41,-0.1554,0.99999,-35525.7,-399.17,0.977,-0.839,-36297.2,0.163,33.97
G_LEGACY,MTF_BRK,LONG,ALL,ALL,TEST,18757,203.88,0.386,-0.2458,1.0,-44389.8,-482.5,0.96,-0.856,-44922.0,0.167,34.03
G_LEGACY,MTF_BRK,LONG,ALL,ALL,HOLDOUT,15167,252.78,0.423,-0.149,0.99989,-16528.2,-275.47,1.006,-0.849,-24115.6,0.144,36.42
G_LEGACY,MTF_BRK,LONG,sym_funding,neg,TRAIN,8419,45.76,0.386,-0.2093,1.0,-17962.8,-97.62,0.917,-0.834,-19030.3,0.393,17.97
G_LEGACY,MTF_BRK,LONG,sym_funding,neg,VALID,5940,66.74,0.42,-0.1208,0.99346,-8509.2,-95.61,0.976,-0.82,-9092.5,0.326,21.79
G_LEGACY,MTF_BRK,LONG,sym_funding,neg,TEST,3841,41.75,0.395,-0.2207,1.0,-6672.7,-72.53,0.98,-0.837,-7593.0,0.449,18.74
G_LEGACY,MTF_BRK,LONG,sym_funding,neg,HOLDOUT,835,13.92,0.395,-0.2984,0.9999,-1561.9,-26.03,1.004,-0.862,-1915.2,0.636,8.85
G_LEGACY,MTF_BRK,LONG,sym_oi,flat,TRAIN,29027,157.76,0.389,-0.2489,1.0,-72459.4,-393.8,0.919,-0.843,-73550.6,0.176,27.82
G_LEGACY,MTF_BRK,LONG,sym_oi,flat,VALID,14751,165.74,0.413,-0.1621,0.99998,-24439.8,-274.6,0.977,-0.834,-24472.9,0.183,30.3
G_LEGACY,MTF_BRK,LONG,sym_oi,flat,TEST,15197,165.18,0.382,-0.2801,1.0,-39203.5,-426.12,0.957,-0.857,-39284.1,0.191,31.57
G_LEGACY,MTF_BRK,LONG,sym_oi,flat,HOLDOUT,11290,188.17,0.417,-0.1931,1.0,-17506.8,-291.78,1.005,-0.841,-20072.2,0.185,34.8
G_LEGACY,SWEEP_RECLAIM,SHORT,sym_funding,neg,TRAIN,6761,36.74,0.459,-0.0867,0.9975,-11634.8,-63.23,0.922,-0.809,-12705.3,0.421,15.47
G_LEGACY,SWEEP_RECLAIM,SHORT,sym_funding,neg,VALID,4417,49.63,0.419,-0.1866,0.99998,-10575.7,-118.83,0.889,-0.845,-12312.2,0.385,19.09
G_LEGACY,SWEEP_RECLAIM,SHORT,sym_funding,neg,TEST,2954,32.11,0.453,-0.1154,0.99684,-3931.9,-42.74,0.947,-0.825,-4415.0,0.51,16.39
G_LEGACY,SWEEP_RECLAIM,SHORT,sym_funding,neg,HOLDOUT,596,9.93,0.448,-0.2057,0.99691,-368.1,-6.14,0.951,-0.854,-1293.9,0.728,7.23
G_LEGACY,PULLBACK_CONT,LONG,ALL,ALL,TRAIN,58924,320.24,0.401,-0.2072,1.0,-137842.9,-749.15,0.914,-0.836,-146849.7,0.085,27.25
G_LEGACY,PULLBACK_CONT,LONG,ALL,ALL,VALID,29583,332.39,0.411,-0.1695,1.0,-51119.0,-574.37,0.927,-0.812,-51568.7,0.085,28.34
G_LEGACY,PULLBACK_CONT,LONG,ALL,ALL,TEST,30375,330.16,0.392,-0.2306,1.0,-70607.2,-767.47,0.912,-0.84,-73799.0,0.087,28.72
G_LEGACY,PULLBACK_CONT,LONG,ALL,ALL,HOLDOUT,21654,360.9,0.424,-0.1628,1.0,-23121.5,-385.36,0.947,-0.821,-30054.9,0.083,29.97
G_LEGACY,PULLBACK_CONT,LONG,sym_funding,hot,TRAIN,2629,14.29,0.411,-0.1094,0.99996,-6550.8,-35.6,0.936,-0.834,-8916.5,0.586,8.37
G_LEGACY,PULLBACK_CONT,LONG,sym_funding,hot,VALID,1400,15.73,0.474,0.0264,0.23137,1117.3,12.55,1.007,-0.785,-1905.7,0.591,9.3
G_LEGACY,PULLBACK_CONT,LONG,sym_funding,hot,TEST,1600,17.39,0.426,-0.0953,0.99768,-1786.7,-19.42,0.923,-0.834,-3008.2,0.578,10.05
G_LEGACY,PULLBACK_CONT,LONG,sym_funding,hot,HOLDOUT,745,12.42,0.416,-0.104,0.96895,-2402.1,-40.04,0.939,-0.844,-3354.1,0.583,7.23
G_LEGACY,PULLBACK_CONT,LONG,sym_oi,flat,TRAIN,49966,271.55,0.4,-0.2214,1.0,-121285.4,-659.16,0.917,-0.839,-125887.8,0.097,26.38
G_LEGACY,PULLBACK_CONT,LONG,sym_oi,flat,VALID,25160,282.7,0.407,-0.1895,1.0,-47596.9,-534.8,0.922,-0.816,-47681.7,0.099,27.96
G_LEGACY,PULLBACK_CONT,LONG,sym_oi,flat,TEST,26401,286.97,0.391,-0.2458,1.0,-65728.5,-714.44,0.916,-0.843,-68112.7,0.097,27.97
G_LEGACY,PULLBACK_CONT,LONG,sym_oi,flat,HOLDOUT,18087,301.45,0.419,-0.1928,1.0,-23924.2,-398.74,0.946,-0.825,-29738.9,0.099,29.77
G_LEGACY,ANY,LONG,sym_funding,hot,TRAIN,6762,36.75,0.416,-0.1029,1.0,-10109.8,-54.94,0.959,-0.846,-13434.5,0.522,19.17
G_LEGACY,ANY,LONG,sym_funding,hot,VALID,3603,40.48,0.434,-0.0439,0.967,-5892.5,-66.21,0.98,-0.834,-7306.5,0.487,19.71
G_LEGACY,ANY,LONG,sym_funding,hot,TEST,4283,46.55,0.421,-0.0997,1.0,-5688.9,-61.84,0.945,-0.857,-9135.3,0.462,21.5
G_LEGACY,ANY,LONG,sym_funding,hot,HOLDOUT,1913,31.88,0.415,-0.0915,0.9932,-3951.1,-65.85,0.964,-0.866,-6303.8,0.423,13.48
G_LEGACY,PULLBACK_CONT,LONG,sym_funding,base,TRAIN,41175,223.78,0.399,-0.2169,1.0,-101696.4,-552.7,0.916,-0.837,-107623.4,0.115,25.65
G_LEGACY,PULLBACK_CONT,LONG,sym_funding,base,VALID,18353,206.21,0.405,-0.1839,1.0,-37126.7,-417.15,0.926,-0.814,-37375.4,0.131,26.94
G_LEGACY,PULLBACK_CONT,LONG,sym_funding,base,TEST,22495,244.51,0.386,-0.2496,1.0,-57083.9,-620.48,0.91,-0.845,-59770.9,0.114,27.8
G_LEGACY,PULLBACK_CONT,LONG,sym_funding,base,HOLDOUT,8533,142.22,0.402,-0.2356,1.0,-12527.4,-208.79,0.936,-0.826,-13966.3,0.105,15.0
G_LEGACY,VOL_PRICE,SHORT,ALL,ALL,TRAIN,29963,162.84,0.434,-0.1036,0.99947,-48549.3,-263.86,1.009,-0.833,-48994.6,0.177,28.77
G_LEGACY,VOL_PRICE,SHORT,ALL,ALL,VALID,15201,170.8,0.425,-0.1501,0.99987,-34235.7,-384.67,0.944,-0.842,-35717.3,0.173,29.48
G_LEGACY,VOL_PRICE,SHORT,ALL,ALL,TEST,17101,185.88,0.405,-0.1988,1.0,-37901.4,-411.97,0.958,-0.851,-38555.7,0.16,29.73
G_LEGACY,VOL_PRICE,SHORT,ALL,ALL,HOLDOUT,11142,185.7,0.412,-0.2193,1.0,-31607.4,-526.79,0.964,-0.844,-32918.0,0.164,30.4
G_LEGACY,VOL_PRICE,SHORT,sym_funding,base,TRAIN,20328,110.48,0.439,-0.0931,0.99701,-24450.2,-132.88,1.029,-0.826,-25507.8,0.244,26.92
G_LEGACY,VOL_PRICE,SHORT,sym_funding,base,VALID,8772,98.56,0.438,-0.1227,0.99904,-16581.3,-186.31,0.952,-0.83,-17441.1,0.278,27.38
G_LEGACY,VOL_PRICE,SHORT,sym_funding,base,TEST,12063,131.12,0.404,-0.2013,1.0,-27397.1,-297.79,0.956,-0.852,-28217.3,0.215,28.25
G_LEGACY,VOL_PRICE,SHORT,sym_funding,base,HOLDOUT,4439,73.98,0.4,-0.2647,1.0,-14675.1,-244.58,0.933,-0.844,-15014.0,0.203,15.02
G_LEGACY,VOL_PRICE,SHORT,sym_oi,flat,TRAIN,24287,131.99,0.438,-0.1014,0.99811,-29285.5,-159.16,1.026,-0.821,-30061.2,0.205,27.09
G_LEGACY,VOL_PRICE,SHORT,sym_oi,flat,VALID,12272,137.89,0.422,-0.1657,0.99987,-28184.4,-316.68,0.947,-0.839,-28859.7,0.202,27.84
G_LEGACY,VOL_PRICE,SHORT,sym_oi,flat,TEST,14120,153.48,0.407,-0.2047,1.0,-26848.0,-291.83,0.971,-0.849,-27129.9,0.186,28.55
G_LEGACY,VOL_PRICE,SHORT,sym_oi,flat,HOLDOUT,8814,146.9,0.412,-0.236,1.0,-21515.6,-358.59,0.978,-0.844,-22849.6,0.198,29.15
G_LEGACY,PULLBACK_CONT,LONG,sym_funding,neg,TRAIN,15120,82.17,0.403,-0.1978,1.0,-29595.7,-160.85,0.905,-0.834,-32000.6,0.236,19.39
G_LEGACY,PULLBACK_CONT,LONG,sym_funding,neg,VALID,9830,110.45,0.413,-0.1705,1.0,-15109.5,-169.77,0.918,-0.812,-15644.6,0.202,22.35
G_LEGACY,PULLBACK_CONT,LONG,sym_funding,neg,TEST,6280,68.26,0.408,-0.1968,1.0,-11736.6,-127.57,0.919,-0.821,-12467.5,0.302,20.6
G_LEGACY,PULLBACK_CONT,LONG,sym_funding,neg,HOLDOUT,1310,21.83,0.378,-0.3233,1.0,-2961.1,-49.35,0.916,-0.844,-3771.6,0.424,9.27
G_LEGACY,MTF_BRK,SHORT,sym_oi,flat,TRAIN,33867,184.06,0.41,-0.1784,1.0,-70865.1,-385.14,0.995,-0.836,-72512.1,0.133,24.4
G_LEGACY,MTF_BRK,SHORT,sym_oi,flat,VALID,17594,197.69,0.413,-0.1965,0.99999,-33061.6,-371.48,0.97,-0.858,-38807.4,0.137,27.12
G_LEGACY,MTF_BRK,SHORT,sym_oi,flat,TEST,18124,197.0,0.405,-0.2223,1.0,-36155.9,-393.0,1.014,-0.858,-36228.7,0.145,28.57
G_LEGACY,MTF_BRK,SHORT,sym_oi,flat,HOLDOUT,10004,166.73,0.39,-0.3073,1.0,-24635.2,-410.59,1.0,-0.868,-26312.2,0.168,28.03
G_LEGACY,EARLY_BRK,SHORT,sym_funding,neg,TRAIN,11889,64.61,0.423,-0.2083,1.0,-17837.1,-96.94,0.977,-0.845,-18414.2,0.283,18.29
G_LEGACY,EARLY_BRK,SHORT,sym_funding,neg,VALID,9379,105.38,0.416,-0.2306,1.0,-18102.5,-203.4,0.96,-0.865,-18944.9,0.209,22.01
G_LEGACY,EARLY_BRK,SHORT,sym_funding,neg,TEST,6236,67.78,0.423,-0.2289,1.0,-9723.8,-105.69,1.025,-0.84,-9769.0,0.314,21.26
G_LEGACY,EARLY_BRK,SHORT,sym_funding,neg,HOLDOUT,1451,24.18,0.399,-0.3765,1.0,-2393.2,-39.89,1.027,-0.839,-2798.8,0.422,10.22
G_LEGACY,MTF_BRK,SHORT,sym_funding,neg,TRAIN,13002,70.66,0.401,-0.1896,1.0,-33306.1,-181.01,0.981,-0.844,-33727.0,0.25,17.64
G_LEGACY,MTF_BRK,SHORT,sym_funding,neg,VALID,9063,101.83,0.391,-0.251,1.0,-24101.6,-270.8,0.937,-0.874,-28725.2,0.208,21.15
G_LEGACY,MTF_BRK,SHORT,sym_funding,neg,TEST,6013,65.36,0.406,-0.2064,0.99999,-11245.3,-122.23,1.013,-0.848,-11407.7,0.304,19.86
G_LEGACY,MTF_BRK,SHORT,sym_funding,neg,HOLDOUT,1197,19.95,0.37,-0.3662,1.0,-4004.9,-66.75,0.978,-0.864,-4256.9,0.493,9.83
G_LEGACY,PULLBACK_CONT,LONG,sym_oi,up,TRAIN,6758,36.73,0.421,-0.0866,0.99959,-6360.1,-34.57,0.912,-0.796,-13458.2,0.4,14.68
G_LEGACY,PULLBACK_CONT,LONG,sym_oi,up,VALID,3474,39.03,0.429,-0.0678,0.97664,-4590.8,-51.58,0.947,-0.783,-6416.5,0.411,16.03
G_LEGACY,PULLBACK_CONT,LONG,sym_oi,up,TEST,3179,34.55,0.415,-0.0995,0.99887,-2086.6,-22.68,0.897,-0.806,-5470.0,0.44,15.22
G_LEGACY,PULLBACK_CONT,LONG,sym_oi,up,HOLDOUT,3091,51.52,0.471,0.0293,0.20778,3692.0,61.53,0.963,-0.782,-3347.6,0.339,17.48
G_LEGACY,ANY,LONG,sym_oi,up,TRAIN,16655,90.52,0.413,-0.0944,1.0,-20870.6,-113.43,0.923,-0.816,-27491.8,0.281,25.39
G_LEGACY,ANY,LONG,sym_oi,up,VALID,8528,95.82,0.407,-0.1117,1.0,-22255.0,-250.06,0.943,-0.825,-23132.2,0.284,27.17
G_LEGACY,ANY,LONG,sym_oi,up,TEST,7795,84.73,0.402,-0.1277,1.0,-12303.1,-133.73,0.924,-0.833,-16468.2,0.306,25.95
G_LEGACY,ANY,LONG,sym_oi,up,HOLDOUT,7738,128.97,0.45,-0.0087,0.60312,3754.8,62.58,0.985,-0.824,-7287.2,0.218,28.13
G_LEGACY,MTF_BRK,LONG,sym_funding,base,TRAIN,26474,143.88,0.392,-0.2311,1.0,-67126.7,-364.82,0.929,-0.845,-67772.7,0.19,27.35
G_LEGACY,MTF_BRK,LONG,sym_funding,base,VALID,11748,132.0,0.402,-0.1841,1.0,-25751.8,-289.35,0.972,-0.848,-26325.1,0.223,29.43
G_LEGACY,MTF_BRK,LONG,sym_funding,base,TEST,13869,150.75,0.381,-0.2656,1.0,-35260.9,-383.27,0.951,-0.86,-35375.9,0.209,31.55
G_LEGACY,MTF_BRK,LONG,sym_funding,base,HOLDOUT,6106,101.77,0.442,-0.1172,0.95835,-2614.5,-43.58,1.045,-0.838,-11088.8,0.179,18.25
G_LEGACY,BRK_4H,LONG,sym_funding,hot,TRAIN,2857,15.53,0.4,-0.135,1.0,-6592.0,-35.83,0.975,-0.883,-8168.7,0.748,11.61
G_LEGACY,BRK_4H,LONG,sym_funding,hot,VALID,1510,16.97,0.424,-0.05,0.92896,-2694.0,-30.27,1.036,-0.873,-3729.9,0.745,12.64
G_LEGACY,BRK_4H,LONG,sym_funding,hot,TEST,1825,19.84,0.422,-0.0837,0.99606,-2166.8,-23.55,1.005,-0.875,-5132.8,0.712,14.13
G_LEGACY,BRK_4H,LONG,sym_funding,hot,HOLDOUT,796,13.27,0.423,-0.0478,0.82564,-623.0,-10.38,1.035,-0.901,-3146.3,0.69,9.15
G_LEGACY,EARLY_BRK,LONG,sym_funding,hot,TRAIN,880,4.78,0.393,-0.2115,1.0,-2386.8,-12.97,0.983,-0.908,-2659.7,0.876,4.19
G_LEGACY,EARLY_BRK,LONG,sym_funding,hot,VALID,336,3.78,0.396,-0.1389,0.97953,-779.6,-8.76,1.076,-0.903,-786.3,0.929,3.51
G_LEGACY,EARLY_BRK,LONG,sym_funding,hot,TEST,610,6.63,0.426,-0.1205,0.9903,-1003.8,-10.91,1.041,-0.891,-1204.5,0.88,5.84
G_LEGACY,EARLY_BRK,LONG,sym_funding,hot,HOLDOUT,281,4.68,0.42,-0.1001,0.91881,-406.2,-6.77,1.063,-0.868,-550.9,0.872,4.08
G_LEGACY,MTF_BRK,LONG,sym_funding,hot,TRAIN,1587,8.62,0.403,-0.121,0.99987,-3581.4,-19.46,0.983,-0.896,-5522.2,0.789,6.8
G_LEGACY,MTF_BRK,LONG,sym_funding,hot,VALID,903,10.15,0.442,-0.009,0.58559,-1264.7,-14.21,1.048,-0.86,-2216.7,0.776,7.88
G_LEGACY,MTF_BRK,LONG,sym_funding,hot,TEST,1047,11.38,0.419,-0.0756,0.96963,-2456.2,-26.7,1.005,-0.858,-4834.3,0.759,8.64
G_LEGACY,MTF_BRK,LONG,sym_funding,hot,HOLDOUT,465,7.75,0.422,-0.0489,0.77214,-154.9,-2.58,1.025,-0.927,-2414.6,0.731,5.67
G_LEGACY,BRK_24H,LONG,sym_funding,base,TRAIN,19262,104.68,0.393,-0.2173,1.0,-45902.4,-249.47,0.925,-0.836,-46095.3,0.233,24.41
G_LEGACY,BRK_24H,LONG,sym_funding,base,VALID,8423,94.64,0.402,-0.1692,0.99999,-17726.6,-199.18,0.976,-0.845,-17967.0,0.281,26.63
G_LEGACY,BRK_24H,LONG,sym_funding,base,TEST,9670,105.11,0.376,-0.2612,1.0,-26830.3,-291.63,0.939,-0.863,-26894.5,0.275,28.96
G_LEGACY,BRK_24H,LONG,sym_funding,base,HOLDOUT,4358,72.63,0.434,-0.1161,0.94905,-1455.9,-24.26,1.04,-0.86,-7508.0,0.246,17.87
G_LEGACY,TREND_TRANS,LONG,sym_funding,hot,TRAIN,920,5.0,0.432,-0.075,0.96771,7.3,0.04,0.981,-0.811,-1714.5,0.972,4.86
G_LEGACY,TREND_TRANS,LONG,sym_funding,hot,VALID,472,5.3,0.439,-0.0114,0.58218,418.3,4.7,1.01,-0.796,-741.8,0.962,5.1
G_LEGACY,TREND_TRANS,LONG,sym_funding,hot,TEST,582,6.33,0.433,-0.0951,0.97202,-566.1,-6.15,0.958,-0.845,-1216.0,0.95,6.01
G_LEGACY,TREND_TRANS,LONG,sym_funding,hot,HOLDOUT,249,4.15,0.426,-0.0732,0.83109,-957.6,-15.96,1.023,-0.829,-1024.7,0.952,3.95
G_LEGACY,SWEEP_RECLAIM,SHORT,sym_funding,base,TRAIN,21375,116.17,0.445,-0.1165,0.99999,-30323.2,-164.8,0.935,-0.837,-32034.0,0.207,24.09
G_LEGACY,SWEEP_RECLAIM,SHORT,sym_funding,base,VALID,9256,104.0,0.424,-0.175,1.0,-19624.3,-220.5,0.911,-0.853,-22929.7,0.251,26.12
G_LEGACY,SWEEP_RECLAIM,SHORT,sym_funding,base,TEST,10763,116.99,0.461,-0.1074,0.99994,-10168.2,-110.52,0.954,-0.833,-10632.6,0.236,27.55
G_LEGACY,SWEEP_RECLAIM,SHORT,sym_funding,base,HOLDOUT,4608,76.8,0.405,-0.2468,0.99999,-13441.4,-224.02,0.914,-0.89,-17762.6,0.211,16.22
G_LEGACY,FUNDING_SQUEEZE,LONG,ALL,ALL,TRAIN,4048,22.0,0.407,-0.1061,0.99984,-4645.3,-25.25,0.952,-0.829,-7666.6,0.616,13.54
G_LEGACY,FUNDING_SQUEEZE,LONG,ALL,ALL,VALID,2559,28.75,0.394,-0.1589,0.99997,-5701.2,-64.06,0.951,-0.861,-6562.4,0.585,16.82
G_LEGACY,FUNDING_SQUEEZE,LONG,ALL,ALL,TEST,947,10.29,0.412,-0.1189,0.99364,-696.7,-7.57,0.986,-0.858,-2029.8,0.724,7.46
G_LEGACY,FUNDING_SQUEEZE,LONG,ALL,ALL,HOLDOUT,293,4.88,0.379,-0.1669,0.98711,-655.4,-10.92,0.935,-0.912,-1002.6,0.775,3.78
G_LEGACY,FUNDING_SQUEEZE,LONG,sym_funding,neg,TRAIN,4048,22.0,0.407,-0.1061,0.99984,-4645.3,-25.25,0.952,-0.829,-7666.6,0.616,13.54
G_LEGACY,FUNDING_SQUEEZE,LONG,sym_funding,neg,VALID,2559,28.75,0.394,-0.1589,0.99997,-5701.2,-64.06,0.951,-0.861,-6562.4,0.585,16.82
G_LEGACY,FUNDING_SQUEEZE,LONG,sym_funding,neg,TEST,947,10.29,0.412,-0.1189,0.99364,-696.7,-7.57,0.986,-0.858,-2029.8,0.724,7.46
G_LEGACY,FUNDING_SQUEEZE,LONG,sym_funding,neg,HOLDOUT,293,4.88,0.379,-0.1669,0.98711,-655.4,-10.92,0.935,-0.912,-1002.6,0.775,3.78
G_LEGACY,FUNDING_SQUEEZE,LONG,sym_oi,flat,TRAIN,2493,13.55,0.409,-0.1357,0.99987,-4340.5,-23.59,0.957,-0.826,-4773.1,0.679,9.2
G_LEGACY,FUNDING_SQUEEZE,LONG,sym_oi,flat,VALID,1828,20.54,0.398,-0.1751,0.99993,-3834.4,-43.08,0.954,-0.859,-3885.8,0.626,12.85
G_LEGACY,FUNDING_SQUEEZE,LONG,sym_oi,flat,TEST,609,6.62,0.42,-0.1522,0.99509,336.6,3.66,0.989,-0.828,-552.2,0.721,4.77
G_LEGACY,FUNDING_SQUEEZE,LONG,sym_oi,flat,HOLDOUT,197,3.28,0.406,-0.149,0.93557,-264.6,-4.41,0.923,-0.917,-579.0,0.792,2.6
G_LEGACY,OI_BUILD_BRK,LONG,sym_funding,hot,TRAIN,1242,6.75,0.411,-0.0676,0.97342,-1977.1,-10.75,0.984,-0.877,-4976.3,0.821,5.54
G_LEGACY,OI_BUILD_BRK,LONG,sym_funding,hot,VALID,769,8.64,0.437,-0.0,0.50044,-1269.4,-14.26,1.046,-0.879,-2633.3,0.8,6.91
G_LEGACY,OI_BUILD_BRK,LONG,sym_funding,hot,TEST,712,7.74,0.419,-0.0682,0.94199,-888.7,-9.66,0.994,-0.899,-3268.0,0.826,6.39
G_LEGACY,OI_BUILD_BRK,LONG,sym_funding,hot,HOLDOUT,301,5.02,0.399,-0.0966,0.89206,-752.2,-12.54,0.962,-0.997,-2786.3,0.774,3.88
G_LEGACY,BRK_4H,SHORT,sym_funding,hot,TRAIN,2748,14.93,0.411,-0.1325,1.0,-10205.0,-55.46,0.92,-0.866,-10308.3,0.703,10.5
G_LEGACY,BRK_4H,SHORT,sym_funding,hot,VALID,1286,14.45,0.437,-0.0642,0.95385,-2055.8,-23.1,0.974,-0.864,-3583.6,0.743,10.73
G_LEGACY,BRK_4H,SHORT,sym_funding,hot,TEST,1615,17.55,0.425,-0.104,0.99855,-2755.5,-29.95,0.996,-0.862,-3327.6,0.716,12.58
G_LEGACY,BRK_4H,SHORT,sym_funding,hot,HOLDOUT,745,12.42,0.413,-0.1556,0.99883,-2961.5,-49.36,0.97,-0.951,-3885.0,0.666,8.27
G_LEGACY,EARLY_BRK,SHORT,sym_funding,hot,TRAIN,1039,5.65,0.433,-0.114,0.9961,-1171.6,-6.37,0.953,-0.84,-1447.8,0.863,4.88
G_LEGACY,EARLY_BRK,SHORT,sym_funding,hot,VALID,350,3.93,0.409,-0.1455,0.9725,-887.5,-9.97,0.973,-0.885,-1346.1,0.911,3.58
G_LEGACY,EARLY_BRK,SHORT,sym_funding,hot,TEST,665,7.23,0.43,-0.1287,0.99389,-1071.1,-11.64,1.038,-0.846,-1330.9,0.872,6.3
G_LEGACY,EARLY_BRK,SHORT,sym_funding,hot,HOLDOUT,302,5.03,0.411,-0.2142,0.99527,-667.6,-11.13,1.003,-1.041,-868.2,0.834,4.2
G_LEGACY,EARLY_BRK,SHORT,sym_oi,down,TRAIN,1065,5.79,0.43,-0.1212,0.99239,-1496.1,-8.13,0.983,-0.839,-2234.7,0.826,4.78
G_LEGACY,EARLY_BRK,SHORT,sym_oi,down,VALID,597,6.71,0.441,-0.1393,0.99294,-851.5,-9.57,0.962,-0.847,-1012.6,0.854,5.73
G_LEGACY,EARLY_BRK,SHORT,sym_oi,down,TEST,462,5.02,0.429,-0.1396,0.95717,-941.4,-10.23,1.021,-0.846,-966.9,0.866,4.35
G_LEGACY,EARLY_BRK,SHORT,sym_oi,down,HOLDOUT,236,3.93,0.432,-0.1844,0.97039,-406.0,-6.77,1.029,-0.86,-567.5,0.856,3.37
G_LEGACY,TREND_TRANS,SHORT,sym_funding,neg,TRAIN,6531,35.49,0.437,-0.136,0.99991,-6337.5,-34.44,0.953,-0.809,-7948.7,0.425,15.1
G_LEGACY,TREND_TRANS,SHORT,sym_funding,neg,VALID,4262,47.89,0.443,-0.1169,0.99532,-6248.5,-70.21,0.956,-0.816,-8648.7,0.379,18.17
G_LEGACY,TREND_TRANS,SHORT,sym_funding,neg,TEST,2870,31.2,0.427,-0.1822,0.99999,-4833.1,-52.53,0.953,-0.818,-4938.4,0.518,16.16
G_LEGACY,TREND_TRANS,SHORT,sym_funding,neg,HOLDOUT,675,11.25,0.416,-0.2649,0.99997,-898.4,-14.97,0.956,-0.797,-1215.8,0.677,7.62
G_LEGACY,OI_COVER,SHORT,ALL,ALL,TRAIN,20570,111.79,0.44,-0.0638,0.96758,-41064.3,-223.18,0.945,-0.788,-41128.2,0.195,21.76
G_LEGACY,OI_COVER,SHORT,ALL,ALL,VALID,9427,105.92,0.443,-0.0843,0.97294,-10462.8,-117.56,0.881,-0.785,-18650.1,0.214,22.65
G_LEGACY,OI_COVER,SHORT,ALL,ALL,TEST,10500,114.13,0.415,-0.1345,0.99977,-25173.8,-273.63,0.898,-0.802,-25995.5,0.202,23.01
G_LEGACY,OI_COVER,SHORT,ALL,ALL,HOLDOUT,7107,118.45,0.395,-0.2122,1.0,-34053.6,-567.56,0.806,-0.808,-34624.3,0.192,22.8
G_LEGACY,OI_COVER,SHORT,sym_funding,base,TRAIN,13164,71.54,0.441,-0.0569,0.93775,-23788.1,-129.28,0.962,-0.789,-23822.5,0.278,19.88
G_LEGACY,OI_COVER,SHORT,sym_funding,base,VALID,5442,61.15,0.45,-0.0667,0.93601,-6648.3,-74.7,0.897,-0.78,-9715.1,0.326,19.93
G_LEGACY,OI_COVER,SHORT,sym_funding,base,TEST,7120,77.39,0.414,-0.1355,0.99964,-17950.5,-195.11,0.904,-0.8,-18566.4,0.274,21.23
G_LEGACY,OI_COVER,SHORT,sym_funding,base,HOLDOUT,2220,37.0,0.383,-0.2392,1.0,-10357.9,-172.63,0.784,-0.793,-10609.6,0.279,10.33
G_LEGACY,OI_COVER,SHORT,sym_oi,flat,TRAIN,13940,75.76,0.448,-0.0463,0.87088,-15781.1,-85.77,0.975,-0.783,-16397.8,0.257,19.45
G_LEGACY,OI_COVER,SHORT,sym_oi,flat,VALID,6232,70.02,0.426,-0.1252,0.99099,-16893.5,-189.82,0.873,-0.8,-17688.8,0.287,20.08
G_LEGACY,OI_COVER,SHORT,sym_oi,flat,TEST,7191,78.16,0.416,-0.1305,0.99816,-13907.2,-151.17,0.918,-0.803,-17189.1,0.269,20.99
G_LEGACY,OI_COVER,SHORT,sym_oi,flat,HOLDOUT,4636,77.27,0.381,-0.2476,1.0,-22606.6,-376.78,0.797,-0.818,-22740.8,0.26,20.07
G_LEGACY,ACCEL,SHORT,ALL,ALL,TRAIN,21388,116.24,0.431,-0.1155,0.99675,-39416.6,-214.22,0.997,-0.822,-39444.6,0.207,24.08
G_LEGACY,ACCEL,SHORT,ALL,ALL,VALID,11649,130.89,0.425,-0.1481,0.99559,-24961.9,-280.47,0.928,-0.828,-32494.1,0.194,25.37
G_LEGACY,ACCEL,SHORT,ALL,ALL,TEST,12394,134.72,0.418,-0.1689,0.99992,-22595.0,-245.6,0.972,-0.832,-23980.2,0.19,25.59
G_LEGACY,ACCEL,SHORT,ALL,ALL,HOLDOUT,7961,132.68,0.403,-0.2402,1.0,-24628.9,-410.48,0.927,-0.836,-28343.3,0.201,26.67
G_LEGACY,ACCEL,SHORT,sym_funding,base,TRAIN,14492,78.76,0.435,-0.1042,0.98884,-21748.7,-118.2,1.018,-0.817,-21827.1,0.27,21.27
G_LEGACY,ACCEL,SHORT,sym_funding,base,VALID,6574,73.87,0.433,-0.1391,0.99235,-14804.6,-166.34,0.935,-0.824,-17773.4,0.304,22.48
G_LEGACY,ACCEL,SHORT,sym_funding,base,TEST,8634,93.85,0.421,-0.1645,0.99981,-15304.5,-166.35,0.979,-0.829,-16942.9,0.249,23.36
G_LEGACY,ACCEL,SHORT,sym_funding,base,HOLDOUT,2913,48.55,0.399,-0.253,0.99999,-9307.5,-155.12,0.942,-0.828,-10678.5,0.265,12.88
G_LEGACY,ACCEL,SHORT,sym_oi,flat,TRAIN,17395,94.54,0.434,-0.1133,0.99181,-25689.4,-139.62,1.014,-0.816,-25850.0,0.226,21.35
G_LEGACY,ACCEL,SHORT,sym_oi,flat,VALID,9414,105.78,0.42,-0.1644,0.99575,-20343.5,-228.58,0.937,-0.829,-23085.2,0.226,23.87
G_LEGACY,ACCEL,SHORT,sym_oi,flat,TEST,10183,110.68,0.425,-0.1609,0.99927,-12635.3,-137.34,0.997,-0.829,-14716.3,0.215,23.76
G_LEGACY,ACCEL,SHORT,sym_oi,flat,HOLDOUT,6348,105.8,0.401,-0.2587,1.0,-18051.6,-300.86,0.942,-0.838,-21421.5,0.229,24.22
G_LEGACY,BRK_24H,SHORT,sym_oi,flat,TRAIN,23088,125.48,0.411,-0.1662,0.99998,-51076.8,-277.59,0.99,-0.825,-51707.4,0.158,19.84
G_LEGACY,BRK_24H,SHORT,sym_oi,flat,VALID,12198,137.06,0.41,-0.1923,0.99989,-26388.9,-296.5,0.946,-0.847,-29760.2,0.167,22.96
G_LEGACY,BRK_24H,SHORT,sym_oi,flat,TEST,11043,120.03,0.391,-0.2468,1.0,-26025.2,-282.88,0.988,-0.866,-26247.8,0.198,23.79
G_LEGACY,BRK_24H,SHORT,sym_oi,flat,HOLDOUT,6001,100.02,0.387,-0.2912,1.0,-16180.8,-269.68,0.998,-0.864,-17340.0,0.224,22.38
G_LEGACY,OI_COVER,SHORT,sym_funding,neg,TRAIN,5978,32.49,0.441,-0.0726,0.95535,-13508.0,-73.41,0.929,-0.776,-14326.5,0.413,13.41
G_LEGACY,OI_COVER,SHORT,sym_funding,neg,VALID,3127,35.13,0.429,-0.1228,0.97685,-2271.3,-25.52,0.858,-0.789,-7309.4,0.416,14.63
G_LEGACY,OI_COVER,SHORT,sym_funding,neg,TEST,2544,27.65,0.405,-0.1649,0.99939,-5363.5,-58.3,0.88,-0.814,-6650.3,0.474,13.1
G_LEGACY,OI_COVER,SHORT,sym_funding,neg,HOLDOUT,444,7.4,0.439,-0.1079,0.9507,-382.9,-6.38,0.873,-0.762,-1594.8,0.732,5.42
G_LEGACY,MTF_BRK,SHORT,sym_funding,hot,TRAIN,1167,6.34,0.394,-0.1573,0.99998,-5022.0,-27.29,0.959,-0.919,-5180.5,0.791,5.02
G_LEGACY,MTF_BRK,SHORT,sym_funding,hot,VALID,554,6.22,0.464,0.0412,0.23874,2192.3,24.63,1.118,-0.861,-622.1,0.809,5.03
G_LEGACY,MTF_BRK,SHORT,sym_funding,hot,TEST,689,7.49,0.392,-0.155,0.99859,-2257.7,-24.54,1.019,-0.904,-2304.9,0.803,6.01
G_LEGACY,MTF_BRK,SHORT,sym_funding,hot,HOLDOUT,291,4.85,0.402,-0.1703,0.99142,-713.5,-11.89,0.97,-1.091,-1177.2,0.811,3.93
G_LEGACY,SWEEP_RECLAIM,LONG,sym_oi,flat,TRAIN,26446,143.73,0.426,-0.1617,1.0,-48796.3,-265.2,0.897,-0.879,-50799.8,0.151,21.65
G_LEGACY,SWEEP_RECLAIM,LONG,sym_oi,flat,VALID,13328,149.75,0.423,-0.1679,0.99985,-22299.9,-250.56,0.929,-0.849,-29732.2,0.165,24.69
G_LEGACY,SWEEP_RECLAIM,LONG,sym_oi,flat,TEST,12447,135.29,0.447,-0.121,0.99817,-10800.4,-117.4,0.972,-0.885,-13430.9,0.189,25.63
G_LEGACY,SWEEP_RECLAIM,LONG,sym_oi,flat,HOLDOUT,7094,118.23,0.433,-0.1665,0.99998,-9981.6,-166.36,0.944,-0.905,-10855.9,0.21,24.87
G_LEGACY,OI_COVER,SHORT,sym_oi,down,TRAIN,3906,21.23,0.405,-0.121,0.99469,-15766.2,-85.69,0.956,-0.847,-15821.0,0.519,11.02
G_LEGACY,OI_COVER,SHORT,sym_oi,down,VALID,1603,18.01,0.457,0.0027,0.48371,4926.6,55.35,0.997,-0.796,-4031.2,0.611,11.01
G_LEGACY,OI_COVER,SHORT,sym_oi,down,TEST,1913,20.79,0.384,-0.1794,0.99647,-6314.9,-68.64,0.902,-0.844,-7269.6,0.5,10.39
G_LEGACY,OI_COVER,SHORT,sym_oi,down,HOLDOUT,1108,18.47,0.41,-0.1408,0.99856,-2016.7,-33.61,0.886,-0.824,-3773.7,0.587,10.83
G_LEGACY,BRK_24H,SHORT,sym_funding,hot,TRAIN,775,4.21,0.396,-0.1339,0.99756,-3262.1,-17.73,0.975,-0.931,-3327.5,0.815,3.43
G_LEGACY,BRK_24H,SHORT,sym_funding,hot,VALID,349,3.92,0.444,-0.0134,0.57571,798.8,8.98,1.049,-0.978,-1039.8,0.842,3.3
G_LEGACY,BRK_24H,SHORT,sym_funding,hot,TEST,466,5.07,0.425,-0.0951,0.94257,-1269.0,-13.79,1.036,-0.905,-2033.4,0.826,4.18
G_LEGACY,BRK_24H,SHORT,sym_funding,hot,HOLDOUT,164,2.73,0.409,-0.111,0.87124,328.4,5.47,0.992,-1.189,-788.2,0.872,2.38
G_LEGACY,CHANGE_POINT,SHORT,ALL,ALL,TRAIN,14627,79.49,0.46,-0.0404,0.80989,-5993.2,-32.57,0.99,-0.781,-16926.6,0.263,20.88
G_LEGACY,CHANGE_POINT,SHORT,ALL,ALL,VALID,7983,89.7,0.432,-0.1387,0.99236,-19773.1,-222.17,0.9,-0.805,-22963.1,0.253,22.73
G_LEGACY,CHANGE_POINT,SHORT,ALL,ALL,TEST,8391,91.21,0.442,-0.1213,0.99834,-12089.7,-131.41,0.961,-0.801,-13755.8,0.259,23.59
G_LEGACY,CHANGE_POINT,SHORT,ALL,ALL,HOLDOUT,6066,101.1,0.405,-0.231,1.0,-20869.3,-347.82,0.883,-0.817,-21120.3,0.24,24.23
G_LEGACY,CHANGE_POINT,SHORT,sym_funding,base,TRAIN,9834,53.45,0.461,-0.0381,0.77464,-456.2,-2.48,1.005,-0.782,-11903.3,0.335,17.89
G_LEGACY,CHANGE_POINT,SHORT,sym_funding,base,VALID,4595,51.63,0.444,-0.1212,0.98462,-10198.2,-114.59,0.908,-0.793,-12115.6,0.364,18.79
G_LEGACY,CHANGE_POINT,SHORT,sym_funding,base,TEST,5874,63.85,0.439,-0.1326,0.99904,-8871.5,-96.43,0.956,-0.802,-10362.5,0.327,20.9
G_LEGACY,CHANGE_POINT,SHORT,sym_funding,base,HOLDOUT,2319,38.65,0.417,-0.1954,0.99719,-7451.7,-124.19,0.915,-0.802,-8695.1,0.306,11.83
G_LEGACY,CHANGE_POINT,SHORT,sym_oi,flat,TRAIN,11372,61.8,0.464,-0.0299,0.71485,41.1,0.22,1.014,-0.777,-9956.6,0.294,18.18
G_LEGACY,CHANGE_POINT,SHORT,sym_oi,flat,VALID,6170,69.33,0.428,-0.151,0.98933,-13211.1,-148.44,0.919,-0.803,-14381.0,0.291,20.19
G_LEGACY,CHANGE_POINT,SHORT,sym_oi,flat,TEST,6676,72.57,0.45,-0.1089,0.99067,-5818.8,-63.25,0.988,-0.796,-7583.7,0.294,21.37
G_LEGACY,CHANGE_POINT,SHORT,sym_oi,flat,HOLDOUT,4641,77.35,0.406,-0.2455,1.0,-14315.7,-238.59,0.901,-0.816,-14828.0,0.282,21.83
G_LEGACY,SQUEEZE_EXP,SHORT,ALL,ALL,TRAIN,20242,110.01,0.416,-0.172,0.99999,-37228.9,-202.33,0.975,-0.867,-38899.0,0.227,25.02
G_LEGACY,SQUEEZE_EXP,SHORT,ALL,ALL,VALID,11174,125.55,0.451,-0.1056,0.98764,-9747.1,-109.52,1.006,-0.842,-13471.9,0.219,27.54
G_LEGACY,SQUEEZE_EXP,SHORT,ALL,ALL,TEST,11807,128.34,0.388,-0.2992,1.0,-29972.9,-325.79,0.948,-0.883,-30925.7,0.219,28.14
G_LEGACY,SQUEEZE_EXP,SHORT,ALL,ALL,HOLDOUT,7846,130.77,0.405,-0.2803,1.0,-19311.0,-321.85,0.986,-0.86,-19749.4,0.223,29.1
G_LEGACY,SQUEEZE_EXP,SHORT,sym_funding,base,TRAIN,13631,74.08,0.42,-0.1642,0.99998,-22353.5,-121.49,0.986,-0.863,-23372.6,0.301,22.32
G_LEGACY,SQUEEZE_EXP,SHORT,sym_funding,base,VALID,6638,74.58,0.462,-0.0853,0.96095,-2994.3,-33.64,1.018,-0.834,-6081.8,0.326,24.28
G_LEGACY,SQUEEZE_EXP,SHORT,sym_funding,base,TEST,8466,92.02,0.386,-0.3109,1.0,-23519.6,-255.65,0.945,-0.886,-23679.6,0.284,26.16
G_LEGACY,SQUEEZE_EXP,SHORT,sym_funding,base,HOLDOUT,3134,52.23,0.423,-0.2611,1.0,-6387.0,-106.45,0.973,-0.853,-6777.3,0.289,15.12
G_LEGACY,SQUEEZE_EXP,SHORT,sym_oi,down,TRAIN,1877,10.2,0.409,-0.1364,0.99615,-5040.8,-27.4,0.918,-0.889,-5314.9,0.667,6.8
G_LEGACY,SQUEEZE_EXP,SHORT,sym_oi,down,VALID,904,10.16,0.419,-0.1398,0.98361,-1110.9,-12.48,0.926,-0.866,-2142.3,0.759,7.71
G_LEGACY,SQUEEZE_EXP,SHORT,sym_oi,down,TEST,952,10.35,0.333,-0.319,0.99998,-5259.3,-57.17,0.861,-0.92,-6021.7,0.686,7.1
G_LEGACY,SQUEEZE_EXP,SHORT,sym_oi,down,HOLDOUT,570,9.5,0.389,-0.2259,0.99858,-2397.9,-39.97,0.902,-0.878,-2793.9,0.725,6.88
G_LEGACY,ACCEL,SHORT,sym_oi,down,TRAIN,2040,11.09,0.395,-0.1608,0.99482,-7147.1,-38.84,0.983,-0.911,-7153.2,0.604,6.7
G_LEGACY,ACCEL,SHORT,sym_oi,down,VALID,1018,11.44,0.393,-0.1475,0.86003,-3770.8,-42.37,0.931,-0.9,-7900.0,0.639,7.31
G_LEGACY,ACCEL,SHORT,sym_oi,down,TEST,1093,11.88,0.329,-0.3008,1.0,-6554.7,-71.25,0.849,-0.892,-7509.9,0.563,6.68
G_LEGACY,ACCEL,SHORT,sym_oi,down,HOLDOUT,526,8.77,0.403,-0.1683,0.99136,-1436.7,-23.94,0.887,-0.881,-2294.1,0.762,6.68
G_LEGACY,CHANGE_POINT,SHORT,sym_oi,down,TRAIN,1197,6.51,0.43,-0.0629,0.70496,-457.7,-2.49,1.07,-0.843,-2795.2,0.636,4.14
G_LEGACY,CHANGE_POINT,SHORT,sym_oi,down,VALID,593,6.66,0.369,-0.2161,0.90591,-6171.8,-69.35,0.835,-0.918,-7197.2,0.695,4.63
G_LEGACY,CHANGE_POINT,SHORT,sym_oi,down,TEST,610,6.63,0.366,-0.2041,0.95629,-1505.0,-16.36,0.919,-0.874,-2472.8,0.618,4.1
G_LEGACY,CHANGE_POINT,SHORT,sym_oi,down,HOLDOUT,335,5.58,0.379,-0.1963,0.99604,-1082.7,-18.05,0.844,-0.892,-1645.9,0.752,4.2
G_LEGACY,VOL_PRICE,SHORT,sym_oi,down,TRAIN,2616,14.22,0.395,-0.142,0.99699,-10140.5,-55.11,0.993,-0.921,-10408.7,0.586,8.34
G_LEGACY,VOL_PRICE,SHORT,sym_oi,down,VALID,1174,13.19,0.394,-0.1641,0.94193,-6238.8,-70.1,0.952,-0.9,-8435.6,0.653,8.62
G_LEGACY,VOL_PRICE,SHORT,sym_oi,down,TEST,1261,13.71,0.354,-0.2477,0.99999,-5588.0,-60.74,0.897,-0.891,-8099.6,0.597,8.18
G_LEGACY,VOL_PRICE,SHORT,sym_oi,down,HOLDOUT,692,11.53,0.408,-0.152,0.99672,-1510.5,-25.18,0.957,-0.873,-2082.8,0.728,8.4
G_LEGACY,SWEEP_RECLAIM,LONG,sym_funding,neg,TRAIN,10354,56.27,0.441,-0.1088,0.99782,-9796.4,-53.24,0.91,-0.863,-12646.9,0.268,15.09
G_LEGACY,SWEEP_RECLAIM,LONG,sym_funding,neg,VALID,7147,80.3,0.432,-0.1447,0.99788,-11917.6,-133.91,0.94,-0.839,-16232.4,0.239,19.22
G_LEGACY,SWEEP_RECLAIM,LONG,sym_funding,neg,TEST,4260,46.3,0.455,-0.0936,0.96508,-3033.6,-32.97,0.967,-0.866,-4245.9,0.375,17.36
G_LEGACY,SWEEP_RECLAIM,LONG,sym_funding,neg,HOLDOUT,851,14.18,0.443,-0.1328,0.97082,-648.0,-10.8,0.945,-0.882,-1628.7,0.562,7.97
G_LEGACY,SWEEP_RECLAIM,LONG,sym_funding,hot,TRAIN,776,4.22,0.441,-0.0851,0.97192,-415.8,-2.26,0.953,-0.871,-922.9,0.826,3.48
G_LEGACY,SWEEP_RECLAIM,LONG,sym_funding,hot,VALID,386,4.34,0.383,-0.1718,0.99675,-2620.4,-29.44,0.883,-0.889,-2990.5,0.837,3.63
G_LEGACY,SWEEP_RECLAIM,LONG,sym_funding,hot,TEST,518,5.63,0.417,-0.1409,0.99573,-1839.1,-19.99,0.921,-0.908,-2166.4,0.799,4.5
G_LEGACY,SWEEP_RECLAIM,LONG,sym_funding,hot,HOLDOUT,214,3.57,0.402,-0.1502,0.952,-988.6,-16.48,0.918,-0.922,-988.6,0.799,2.85
G_LEGACY,TREND_TRANS,LONG,sym_oi,down,TRAIN,1601,8.7,0.385,-0.1696,0.99973,-4540.6,-24.68,0.879,-0.836,-5835.4,0.655,5.7
G_LEGACY,TREND_TRANS,LONG,sym_oi,down,VALID,767,8.62,0.475,0.0181,0.40447,934.9,10.5,0.993,-0.779,-1263.0,0.746,6.43
G_LEGACY,TREND_TRANS,LONG,sym_oi,down,TEST,628,6.83,0.379,-0.2058,0.99806,-2169.2,-23.58,0.863,-0.853,-3132.4,0.779,5.32
G_LEGACY,TREND_TRANS,LONG,sym_oi,down,HOLDOUT,406,6.77,0.377,-0.1588,0.97846,-1928.6,-32.14,0.922,-0.843,-2256.8,0.764,5.17
G_LEGACY,BRK_24H,SHORT,sym_funding,neg,TRAIN,9083,49.36,0.4,-0.1831,0.99997,-26423.3,-143.61,0.962,-0.839,-26463.5,0.281,13.89
G_LEGACY,BRK_24H,SHORT,sym_funding,neg,VALID,6725,75.56,0.392,-0.2317,0.99998,-18170.3,-204.16,0.919,-0.859,-21990.9,0.228,17.2
G_LEGACY,BRK_24H,SHORT,sym_funding,neg,TEST,3894,42.33,0.393,-0.2259,0.99998,-8843.4,-96.12,0.977,-0.86,-9156.9,0.371,15.68
G_LEGACY,BRK_24H,SHORT,sym_funding,neg,HOLDOUT,774,12.9,0.376,-0.3455,1.0,-2923.6,-48.73,1.003,-0.853,-3228.6,0.553,7.13
G_LEGACY,SQUEEZE_EXP,SHORT,sym_oi,flat,TRAIN,16848,91.57,0.414,-0.1869,0.99999,-30794.8,-167.36,0.983,-0.869,-34011.2,0.249,22.82
G_LEGACY,SQUEEZE_EXP,SHORT,sym_oi,flat,VALID,9516,106.92,0.455,-0.1002,0.97595,-7695.9,-86.47,1.019,-0.841,-11479.3,0.241,25.79
G_LEGACY,SQUEEZE_EXP,SHORT,sym_oi,flat,TEST,10301,111.97,0.391,-0.3041,1.0,-24614.2,-267.55,0.956,-0.881,-24848.9,0.238,26.65
G_LEGACY,SQUEEZE_EXP,SHORT,sym_oi,flat,HOLDOUT,6723,112.05,0.405,-0.2927,1.0,-15139.9,-252.33,0.995,-0.86,-15779.2,0.253,28.3
G_LEGACY,SQUEEZE_EXP,SHORT,sym_funding,hot,TRAIN,843,4.58,0.432,-0.0974,0.98986,-1100.2,-5.98,0.964,-0.983,-1615.9,0.947,4.34
G_LEGACY,SQUEEZE_EXP,SHORT,sym_funding,hot,VALID,492,5.53,0.423,-0.1001,0.9622,-1676.0,-18.83,0.913,-0.95,-2367.5,0.935,5.17
G_LEGACY,SQUEEZE_EXP,SHORT,sym_funding,hot,TEST,556,6.04,0.448,-0.0362,0.75484,1005.7,10.93,0.978,-0.875,-835.4,0.937,5.66
G_LEGACY,SQUEEZE_EXP,SHORT,sym_funding,hot,HOLDOUT,257,4.28,0.42,-0.1361,0.97044,-410.3,-6.84,0.898,-0.887,-698.1,0.957,4.1
G_LEGACY,VOL_PRICE,SHORT,sym_funding,hot,TRAIN,1342,7.29,0.414,-0.1097,0.99937,-4163.9,-22.63,0.929,-0.892,-4770.3,0.911,6.64
G_LEGACY,VOL_PRICE,SHORT,sym_funding,hot,VALID,691,7.76,0.447,-0.0342,0.77735,-19.5,-0.22,0.973,-0.913,-3761.4,0.925,7.18
G_LEGACY,VOL_PRICE,SHORT,sym_funding,hot,TEST,927,10.08,0.434,-0.0847,0.98579,-2070.5,-22.51,0.988,-0.874,-2132.2,0.879,8.86
G_LEGACY,VOL_PRICE,SHORT,sym_funding,hot,HOLDOUT,424,7.07,0.417,-0.133,0.99282,-762.5,-12.71,0.967,-1.006,-1426.5,0.866,6.12
G_LEGACY,SQUEEZE_EXP,LONG,ALL,ALL,TRAIN,20698,112.49,0.421,-0.1546,1.0,-29812.6,-162.03,0.976,-0.847,-34984.2,0.247,27.82
G_LEGACY,SQUEEZE_EXP,LONG,ALL,ALL,VALID,11252,126.43,0.395,-0.2164,1.0,-26475.4,-297.48,0.954,-0.869,-26749.9,0.237,29.96
G_LEGACY,SQUEEZE_EXP,LONG,ALL,ALL,TEST,12001,130.45,0.432,-0.1698,0.99997,-8987.6,-97.69,0.992,-0.829,-9298.8,0.236,30.84
G_LEGACY,SQUEEZE_EXP,LONG,ALL,ALL,HOLDOUT,7896,131.6,0.417,-0.2082,1.0,-12247.3,-204.12,0.987,-0.857,-12875.6,0.247,32.55
G_LEGACY,SQUEEZE_EXP,LONG,sym_funding,base,TRAIN,13998,76.08,0.415,-0.1767,1.0,-24176.6,-131.39,0.965,-0.854,-26802.9,0.322,24.49
G_LEGACY,SQUEEZE_EXP,LONG,sym_funding,base,VALID,6761,75.97,0.38,-0.2627,1.0,-18879.6,-212.13,0.937,-0.883,-18984.6,0.348,26.43
G_LEGACY,SQUEEZE_EXP,LONG,sym_funding,base,TEST,8615,93.64,0.429,-0.1851,0.99999,-7918.1,-86.07,0.996,-0.834,-7956.3,0.304,28.49
G_LEGACY,SQUEEZE_EXP,LONG,sym_funding,base,HOLDOUT,3231,53.85,0.425,-0.1788,0.99956,-2845.5,-47.43,1.013,-0.825,-4349.5,0.306,16.48
G_LEGACY,SQUEEZE_EXP,LONG,sym_oi,flat,TRAIN,17395,94.54,0.423,-0.1634,0.99999,-24601.5,-133.7,0.977,-0.847,-28923.2,0.265,25.02
G_LEGACY,SQUEEZE_EXP,LONG,sym_oi,flat,VALID,9633,108.24,0.396,-0.2264,1.0,-21740.9,-244.28,0.957,-0.867,-21952.0,0.259,28.07
G_LEGACY,SQUEEZE_EXP,LONG,sym_oi,flat,TEST,10481,113.92,0.423,-0.2,1.0,-12980.9,-141.1,0.987,-0.838,-13125.1,0.26,29.61
G_LEGACY,SQUEEZE_EXP,LONG,sym_oi,flat,HOLDOUT,6740,112.33,0.415,-0.2333,1.0,-11582.4,-193.04,0.984,-0.857,-12046.4,0.276,31.03
G_LEGACY,CAPITULATION_REV,LONG,ALL,ALL,TRAIN,2305,12.53,0.332,-0.3675,0.99999,-11966.7,-65.04,0.732,-1.114,-13313.4,0.375,4.7
G_LEGACY,CAPITULATION_REV,LONG,ALL,ALL,VALID,1006,11.3,0.477,0.033,0.43561,2086.6,23.45,1.01,-0.739,-4080.4,0.424,4.8
G_LEGACY,CAPITULATION_REV,LONG,ALL,ALL,TEST,1079,11.73,0.504,0.005,0.48066,1499.1,16.29,0.986,-0.764,-2263.7,0.433,5.08
G_LEGACY,CAPITULATION_REV,LONG,ALL,ALL,HOLDOUT,692,11.53,0.457,-0.0778,0.82646,-1659.2,-27.65,0.86,-0.757,-2038.2,0.449,5.18
G_LEGACY,CAPITULATION_REV,LONG,sym_funding,hot,TRAIN,84,0.46,0.488,0.0642,0.29985,334.1,1.82,0.905,-0.785,-509.5,1.0,0.46
G_LEGACY,CAPITULATION_REV,LONG,sym_funding,hot,VALID,56,0.63,0.25,-0.4345,0.9987,-2107.7,-23.68,0.708,-0.99,-2123.0,1.0,0.63
G_LEGACY,CAPITULATION_REV,LONG,sym_funding,hot,TEST,58,0.63,0.345,-0.2289,0.96076,255.7,2.78,0.759,-0.943,-1091.6,1.0,0.63
G_LEGACY,CAPITULATION_REV,LONG,sym_funding,hot,HOLDOUT,21,0.35,0.381,-0.1925,0.82093,-357.7,-5.96,0.689,-0.791,-401.8,1.0,0.35
G_LEGACY,CAPITULATION_REV,LONG,sym_oi,flat,TRAIN,1757,9.55,0.307,-0.4431,1.0,-12445.1,-67.64,0.696,-1.107,-12837.9,0.389,3.71
G_LEGACY,CAPITULATION_REV,LONG,sym_oi,flat,VALID,707,7.94,0.455,-0.0505,0.60891,-1927.6,-21.66,0.98,-0.765,-2575.5,0.42,3.34
G_LEGACY,CAPITULATION_REV,LONG,sym_oi,flat,TEST,800,8.7,0.509,-0.0129,0.5474,1547.0,16.82,0.993,-0.787,-1608.5,0.45,3.91
G_LEGACY,CAPITULATION_REV,LONG,sym_oi,flat,HOLDOUT,554,9.23,0.466,-0.0683,0.75562,-896.2,-14.94,0.876,-0.749,-1340.4,0.468,4.32
G_LEGACY,CAPITULATION_REV,LONG,sym_funding,base,TRAIN,1544,8.39,0.318,-0.3999,1.0,-9959.3,-54.13,0.716,-1.129,-11138.8,0.429,3.6
G_LEGACY,CAPITULATION_REV,LONG,sym_funding,base,VALID,503,5.65,0.451,-0.0621,0.64357,879.1,9.88,0.947,-0.777,-1631.2,0.551,3.11
G_LEGACY,CAPITULATION_REV,LONG,sym_funding,base,TEST,743,8.08,0.521,0.0327,0.38707,1499.3,16.3,1.017,-0.752,-1487.3,0.479,3.87
G_LEGACY,CAPITULATION_REV,LONG,sym_funding,base,HOLDOUT,298,4.97,0.51,0.0459,0.34813,-362.2,-6.04,0.842,-0.73,-1306.3,0.433,2.15
G_LEGACY,CAPITULATION_REV,LONG,sym_oi,down,TRAIN,482,2.62,0.405,-0.1446,0.9474,-401.2,-2.18,0.857,-1.189,-2647.4,0.508,1.33
G_LEGACY,CAPITULATION_REV,LONG,sym_oi,down,VALID,252,2.83,0.56,0.3104,0.23572,4520.2,50.79,1.148,-0.636,-1481.0,0.476,1.35
G_LEGACY,CAPITULATION_REV,LONG,sym_oi,down,TEST,230,2.5,0.513,0.1147,0.22381,412.3,4.48,1.014,-0.679,-1029.0,0.539,1.35
G_LEGACY,CAPITULATION_REV,LONG,sym_oi,down,HOLDOUT,105,1.75,0.429,-0.144,0.9704,-577.7,-9.63,0.778,-0.724,-683.7,0.638,1.12
G_LEGACY,ACCEL,LONG,ALL,ALL,TRAIN,25118,136.51,0.418,-0.1329,0.99998,-25248.7,-137.22,0.961,-0.835,-46560.9,0.236,32.23
G_LEGACY,ACCEL,LONG,ALL,ALL,VALID,13525,151.97,0.427,-0.1152,0.99395,-19896.0,-223.55,0.975,-0.828,-25284.3,0.224,34.0
G_LEGACY,ACCEL,LONG,ALL,ALL,TEST,13397,145.62,0.396,-0.2089,1.0,-23127.7,-251.39,0.949,-0.837,-25477.2,0.236,34.41
G_LEGACY,ACCEL,LONG,ALL,ALL,HOLDOUT,9417,156.95,0.407,-0.1993,1.0,-16449.3,-274.15,0.971,-0.858,-17550.0,0.23,36.07
G_LEGACY,ACCEL,LONG,sym_funding,base,TRAIN,16777,91.18,0.421,-0.1327,0.99993,-14068.2,-76.46,0.967,-0.835,-27648.5,0.307,28.02
G_LEGACY,ACCEL,LONG,sym_funding,base,VALID,7609,85.49,0.419,-0.1351,0.9995,-10553.5,-118.58,0.974,-0.836,-14374.2,0.339,28.97
G_LEGACY,ACCEL,LONG,sym_funding,base,TEST,9487,103.12,0.391,-0.2223,1.0,-19622.0,-213.28,0.951,-0.841,-19947.7,0.305,31.5
G_LEGACY,ACCEL,LONG,sym_funding,base,HOLDOUT,3844,64.07,0.43,-0.15,0.99833,-3943.4,-65.72,1.012,-0.84,-5329.5,0.283,18.13
G_LEGACY,ACCEL,LONG,sym_oi,flat,TRAIN,20336,110.52,0.417,-0.1515,0.99998,-39116.2,-212.59,0.958,-0.837,-44126.9,0.256,28.31
G_LEGACY,ACCEL,LONG,sym_oi,flat,VALID,11035,123.99,0.423,-0.1382,0.99625,-21123.5,-237.34,0.971,-0.83,-26132.7,0.243,30.19
G_LEGACY,ACCEL,LONG,sym_oi,flat,TEST,11176,121.48,0.387,-0.241,1.0,-27271.8,-296.43,0.938,-0.84,-27299.7,0.266,32.32
G_LEGACY,ACCEL,LONG,sym_oi,flat,HOLDOUT,7322,122.03,0.402,-0.2365,1.0,-16834.9,-280.58,0.964,-0.854,-17383.7,0.276,33.63
G_LEGACY,SQUEEZE_EXP,LONG,sym_oi,down,TRAIN,1516,8.24,0.432,-0.0691,0.88266,-1432.0,-7.78,0.97,-0.812,-2557.9,0.694,5.72
G_LEGACY,SQUEEZE_EXP,LONG,sym_oi,down,VALID,776,8.72,0.388,-0.1556,0.99764,-1984.2,-22.29,0.909,-0.837,-2503.7,0.774,6.75
G_LEGACY,SQUEEZE_EXP,LONG,sym_oi,down,TEST,796,8.65,0.557,0.2063,0.0389,3416.8,37.14,1.046,-0.716,-1040.0,0.668,5.78
G_LEGACY,SQUEEZE_EXP,LONG,sym_oi,down,HOLDOUT,471,7.85,0.435,-0.0535,0.77959,-874.8,-14.58,0.939,-0.831,-1989.3,0.788,6.18
G_LEGACY,VOL_PRICE,LONG,ALL,ALL,TRAIN,25112,136.48,0.417,-0.1392,1.0,-33212.3,-180.5,0.991,-0.854,-35964.0,0.244,33.35
G_LEGACY,VOL_PRICE,LONG,ALL,ALL,VALID,13794,154.99,0.429,-0.1039,0.99489,-15557.8,-174.81,0.994,-0.833,-18620.6,0.223,34.54
G_LEGACY,VOL_PRICE,LONG,ALL,ALL,TEST,14396,156.48,0.391,-0.2122,1.0,-30650.9,-333.16,0.95,-0.855,-32209.6,0.226,35.38
G_LEGACY,VOL_PRICE,LONG,ALL,ALL,HOLDOUT,9120,152.0,0.419,-0.1579,1.0,-13571.9,-226.2,1.01,-0.864,-14180.5,0.244,37.07
G_LEGACY,VOL_PRICE,LONG,sym_funding,base,TRAIN,17023,92.52,0.416,-0.1471,1.0,-24947.9,-135.59,0.993,-0.859,-26186.6,0.324,29.97
G_LEGACY,VOL_PRICE,LONG,sym_funding,base,VALID,8202,92.16,0.419,-0.1302,0.99981,-10863.0,-122.06,0.992,-0.837,-12512.2,0.332,30.58
G_LEGACY,VOL_PRICE,LONG,sym_funding,base,TEST,10418,113.24,0.394,-0.203,1.0,-21473.4,-233.41,0.954,-0.854,-22256.3,0.29,32.82
G_LEGACY,VOL_PRICE,LONG,sym_funding,base,HOLDOUT,3706,61.77,0.439,-0.1281,0.99553,-3433.4,-57.22,1.05,-0.841,-4517.3,0.295,18.25
G_LEGACY,VOL_PRICE,LONG,sym_oi,flat,TRAIN,20002,108.71,0.415,-0.1608,1.0,-33967.0,-184.6,0.989,-0.851,-35433.3,0.278,30.18
G_LEGACY,VOL_PRICE,LONG,sym_oi,flat,VALID,11098,124.7,0.428,-0.1253,0.99808,-17378.4,-195.26,0.992,-0.834,-20783.1,0.251,31.33
G_LEGACY,VOL_PRICE,LONG,sym_oi,flat,TEST,11814,128.41,0.383,-0.2454,1.0,-29653.7,-322.32,0.939,-0.859,-30604.2,0.263,33.72
G_LEGACY,VOL_PRICE,LONG,sym_oi,flat,HOLDOUT,6948,115.8,0.415,-0.1936,1.0,-12344.0,-205.73,1.009,-0.86,-12724.5,0.301,34.83
G_LEGACY,PULLBACK_CONT,LONG,sym_oi,down,TRAIN,2200,11.96,0.355,-0.2563,1.0,-10197.3,-55.42,0.856,-0.883,-10542.1,0.516,6.17
G_LEGACY,PULLBACK_CONT,LONG,sym_oi,down,VALID,949,10.66,0.45,-0.0116,0.54821,1068.7,12.01,0.977,-0.803,-1624.3,0.553,5.9
G_LEGACY,PULLBACK_CONT,LONG,sym_oi,down,TEST,794,8.63,0.356,-0.249,0.99993,-2784.9,-30.27,0.858,-0.862,-3333.8,0.62,5.35
G_LEGACY,PULLBACK_CONT,LONG,sym_oi,down,HOLDOUT,476,7.93,0.342,-0.2702,0.99975,-2889.3,-48.16,0.883,-0.91,-3443.4,0.649,5.15
G_LEGACY,ACCEL,SHORT,sym_funding,hot,TRAIN,948,5.15,0.418,-0.1174,0.99894,-2626.6,-14.27,0.89,-0.822,-2954.0,0.95,4.9
G_LEGACY,ACCEL,SHORT,sym_funding,hot,VALID,554,6.22,0.462,-0.0029,0.52378,616.4,6.93,0.952,-0.885,-2404.1,0.915,5.7
G_LEGACY,ACCEL,SHORT,sym_funding,hot,TEST,656,7.13,0.454,-0.0205,0.66632,364.6,3.96,0.995,-0.812,-1591.1,0.934,6.66
G_LEGACY,ACCEL,SHORT,sym_funding,hot,HOLDOUT,308,5.13,0.445,-0.0691,0.82868,605.0,10.08,1.012,-0.864,-764.8,0.893,4.58
G_LEGACY,CHANGE_POINT,LONG,ALL,ALL,TRAIN,16345,88.83,0.42,-0.1316,0.99955,-32620.3,-177.28,0.913,-0.813,-35794.8,0.281,24.92
G_LEGACY,CHANGE_POINT,LONG,ALL,ALL,VALID,7618,85.6,0.441,-0.0962,0.95762,-3476.1,-39.06,0.954,-0.812,-9152.8,0.318,27.22
G_LEGACY,CHANGE_POINT,LONG,ALL,ALL,TEST,8122,88.28,0.389,-0.2205,1.0,-17291.2,-187.95,0.913,-0.828,-20103.1,0.322,28.43
G_LEGACY,CHANGE_POINT,LONG,ALL,ALL,HOLDOUT,5509,91.82,0.419,-0.1616,0.99987,-9081.0,-151.35,0.952,-0.844,-10346.3,0.337,30.95
G_LEGACY,CHANGE_POINT,LONG,sym_funding,base,TRAIN,10919,59.34,0.424,-0.1321,0.99953,-20738.3,-112.71,0.918,-0.811,-21995.8,0.351,20.85
G_LEGACY,CHANGE_POINT,LONG,sym_funding,base,VALID,4211,47.31,0.421,-0.1405,0.99648,-3302.5,-37.11,0.954,-0.831,-6398.5,0.454,21.46
G_LEGACY,CHANGE_POINT,LONG,sym_funding,base,TEST,5684,61.78,0.385,-0.2346,1.0,-15512.4,-168.61,0.914,-0.83,-16620.1,0.401,24.76
G_LEGACY,CHANGE_POINT,LONG,sym_funding,base,HOLDOUT,2147,35.78,0.454,-0.0911,0.91213,-335.8,-5.6,1.017,-0.81,-1990.1,0.432,15.45
G_LEGACY,CHANGE_POINT,LONG,sym_oi,flat,TRAIN,13243,71.97,0.421,-0.1408,0.99891,-30988.4,-168.42,0.906,-0.81,-34253.7,0.28,20.12
G_LEGACY,CHANGE_POINT,LONG,sym_oi,flat,VALID,6123,68.8,0.435,-0.1185,0.96773,-5839.8,-65.62,0.945,-0.811,-11467.2,0.322,22.16
G_LEGACY,CHANGE_POINT,LONG,sym_oi,flat,TEST,6694,72.76,0.378,-0.2505,1.0,-19738.7,-214.55,0.9,-0.832,-20794.3,0.349,25.39
G_LEGACY,CHANGE_POINT,LONG,sym_oi,flat,HOLDOUT,4335,72.25,0.419,-0.1777,0.99972,-8780.3,-146.34,0.954,-0.833,-9457.3,0.371,26.83
G_LEGACY,OI_PRICE,LONG,ALL,ALL,TRAIN,20825,113.18,0.412,-0.0957,0.99994,-21125.3,-114.81,0.937,-0.819,-41017.0,0.277,31.37
G_LEGACY,OI_PRICE,LONG,ALL,ALL,VALID,10179,114.37,0.413,-0.1031,0.99961,-22779.0,-255.94,0.946,-0.826,-23446.1,0.283,32.38
G_LEGACY,OI_PRICE,LONG,ALL,ALL,TEST,10959,119.12,0.39,-0.1438,1.0,-27899.9,-303.26,0.916,-0.828,-31168.9,0.268,31.95
G_LEGACY,OI_PRICE,LONG,ALL,ALL,HOLDOUT,8112,135.2,0.421,-0.0686,0.99525,-9387.3,-156.45,0.975,-0.853,-12848.7,0.252,34.03
G_LEGACY,OI_PRICE,LONG,sym_funding,base,TRAIN,13512,73.43,0.416,-0.0976,0.99992,-11521.2,-62.62,0.936,-0.819,-22320.3,0.379,27.81
G_LEGACY,OI_PRICE,LONG,sym_funding,base,VALID,6146,69.06,0.408,-0.1145,0.99989,-13914.1,-156.34,0.951,-0.831,-14217.4,0.413,28.54
G_LEGACY,OI_PRICE,LONG,sym_funding,base,TEST,7696,83.65,0.379,-0.1707,1.0,-26860.6,-291.96,0.906,-0.838,-27562.8,0.354,29.62
G_LEGACY,OI_PRICE,LONG,sym_funding,base,HOLDOUT,2727,45.45,0.443,-0.0206,0.66059,6.9,0.12,1.021,-0.858,-5787.4,0.352,16.02
G_LEGACY,OI_PRICE,LONG,sym_oi,flat,TRAIN,13648,74.17,0.404,-0.1232,0.99995,-34003.2,-184.8,0.929,-0.824,-36339.6,0.363,26.94
G_LEGACY,OI_PRICE,LONG,sym_oi,flat,VALID,6531,73.38,0.405,-0.1342,0.99964,-18623.3,-209.25,0.936,-0.834,-19350.3,0.38,27.9
G_LEGACY,OI_PRICE,LONG,sym_oi,flat,TEST,7171,77.95,0.376,-0.1866,1.0,-24140.3,-262.39,0.901,-0.834,-24656.5,0.375,29.23
G_LEGACY,OI_PRICE,LONG,sym_oi,flat,HOLDOUT,4760,79.33,0.413,-0.1009,0.99981,-10192.7,-169.88,0.966,-0.853,-10964.7,0.399,31.63
G_LEGACY,BASELINE,LONG,ALL,ALL,TRAIN,66878,363.47,0.403,-0.212,1.0,-151828.5,-825.15,0.882,-0.835,-155536.4,0.033,11.85
G_LEGACY,BASELINE,LONG,ALL,ALL,VALID,34683,389.7,0.421,-0.1595,0.99996,-52694.9,-592.08,0.925,-0.812,-54009.7,0.03,11.87
G_LEGACY,BASELINE,LONG,ALL,ALL,TEST,36036,391.7,0.41,-0.1959,1.0,-65924.9,-716.58,0.924,-0.83,-73889.4,0.03,11.87
G_LEGACY,BASELINE,LONG,ALL,ALL,HOLDOUT,23726,395.43,0.428,-0.1566,0.99983,-27515.2,-458.59,0.958,-0.798,-28540.0,0.03,12.0
G_LEGACY,BASELINE,LONG,sym_funding,base,TRAIN,45284,246.11,0.399,-0.2302,1.0,-110766.7,-601.99,0.878,-0.84,-112982.7,0.048,11.85
G_LEGACY,BASELINE,LONG,sym_funding,base,VALID,20431,229.56,0.416,-0.1701,0.99999,-32607.9,-366.38,0.923,-0.814,-33639.1,0.052,11.87
G_LEGACY,BASELINE,LONG,sym_funding,base,TEST,25710,279.46,0.406,-0.209,1.0,-51643.9,-561.35,0.919,-0.836,-56634.0,0.042,11.87
G_LEGACY,BASELINE,LONG,sym_funding,base,HOLDOUT,9754,162.57,0.435,-0.1494,0.98943,-7458.2,-124.3,0.968,-0.794,-10167.3,0.039,6.27
G_LEGACY,BASELINE,LONG,sym_oi,flat,TRAIN,56010,304.4,0.399,-0.2312,1.0,-138370.0,-752.01,0.882,-0.842,-139846.8,0.039,11.85
G_LEGACY,BASELINE,LONG,sym_oi,flat,VALID,29412,330.47,0.42,-0.1729,0.99997,-44510.4,-500.12,0.926,-0.814,-45693.8,0.036,11.87
G_LEGACY,BASELINE,LONG,sym_oi,flat,TEST,31284,340.04,0.405,-0.2178,1.0,-65942.8,-716.77,0.923,-0.837,-71800.3,0.035,11.87
G_LEGACY,BASELINE,LONG,sym_oi,flat,HOLDOUT,19837,330.62,0.426,-0.1774,0.99992,-24978.8,-416.31,0.96,-0.8,-26045.2,0.036,12.0
G_LEGACY,BASELINE,SHORT,ALL,ALL,TRAIN,66878,363.47,0.442,-0.1113,0.99987,-91964.0,-499.8,0.946,-0.801,-95382.2,0.033,11.85
G_LEGACY,BASELINE,SHORT,ALL,ALL,VALID,34683,389.7,0.43,-0.1561,0.99994,-68047.2,-764.58,0.905,-0.826,-81029.5,0.03,11.87
G_LEGACY,BASELINE,SHORT,ALL,ALL,TEST,36036,391.7,0.436,-0.1638,0.99999,-55190.2,-599.89,0.927,-0.822,-55740.4,0.03,11.87
G_LEGACY,BASELINE,SHORT,ALL,ALL,HOLDOUT,23720,395.33,0.411,-0.2533,1.0,-63198.2,-1053.3,0.876,-0.841,-64924.2,0.03,12.0
G_LEGACY,BASELINE,SHORT,sym_funding,base,TRAIN,45284,246.11,0.448,-0.0995,0.99902,-50023.1,-271.86,0.956,-0.798,-53580.5,0.048,11.85
G_LEGACY,BASELINE,SHORT,sym_funding,base,VALID,20431,229.56,0.435,-0.147,0.99982,-37814.7,-424.88,0.909,-0.826,-44047.9,0.052,11.87
G_LEGACY,BASELINE,SHORT,sym_funding,base,TEST,25710,279.46,0.438,-0.155,0.99995,-35705.9,-388.11,0.935,-0.821,-36040.6,0.042,11.87
G_LEGACY,BASELINE,SHORT,sym_funding,base,HOLDOUT,9754,162.57,0.406,-0.2864,1.0,-26301.8,-438.36,0.879,-0.845,-26331.5,0.039,6.27
G_LEGACY,BASELINE,SHORT,sym_oi,flat,TRAIN,56010,304.4,0.443,-0.1167,0.99981,-64224.0,-349.04,0.958,-0.802,-67811.0,0.039,11.85
G_LEGACY,BASELINE,SHORT,sym_oi,flat,VALID,29412,330.47,0.429,-0.1634,0.99992,-58800.3,-660.68,0.91,-0.827,-66493.6,0.036,11.87
G_LEGACY,BASELINE,SHORT,sym_oi,flat,TEST,31284,340.04,0.438,-0.166,0.99998,-38993.4,-423.84,0.936,-0.822,-39328.0,0.035,11.87
G_LEGACY,BASELINE,SHORT,sym_oi,flat,HOLDOUT,19835,330.58,0.411,-0.2679,1.0,-47136.9,-785.62,0.881,-0.841,-47827.8,0.036,12.0
G_LEGACY,BASELINE,LONG,sym_funding,hot,TRAIN,2418,13.14,0.411,-0.116,0.99999,-4613.9,-25.08,0.913,-0.833,-5753.8,0.712,9.35
G_LEGACY,BASELINE,LONG,sym_funding,hot,VALID,1284,14.43,0.453,-0.0218,0.73638,-1767.9,-19.86,0.97,-0.829,-2953.3,0.664,9.57
G_LEGACY,BASELINE,LONG,sym_funding,hot,TEST,1541,16.75,0.445,-0.0379,0.86506,1335.4,14.52,0.985,-0.813,-1956.4,0.629,10.54
G_LEGACY,BASELINE,LONG,sym_funding,hot,HOLDOUT,717,11.95,0.445,-0.0181,0.62744,-800.5,-13.34,1.037,-0.835,-1705.0,0.515,6.15
G_LEGACY,BASELINE,SHORT,sym_funding,hot,TRAIN,2418,13.14,0.443,-0.0876,0.99902,-5091.3,-27.67,0.914,-0.825,-5135.8,0.712,9.35
G_LEGACY,BASELINE,SHORT,sym_funding,hot,VALID,1284,14.43,0.412,-0.1403,0.99997,-3638.9,-40.89,0.883,-0.874,-4030.7,0.664,9.57
G_LEGACY,BASELINE,SHORT,sym_funding,hot,TEST,1541,16.75,0.424,-0.1416,0.99998,-5682.5,-61.77,0.898,-0.864,-6017.6,0.629,10.54
G_LEGACY,BASELINE,SHORT,sym_funding,hot,HOLDOUT,717,11.95,0.417,-0.1713,0.99972,-2303.3,-38.39,0.906,-0.93,-2613.5,0.515,6.15
G_LEGACY,BASELINE,LONG,sym_funding,neg,TRAIN,19176,104.22,0.413,-0.181,1.0,-36447.9,-198.09,0.889,-0.824,-38655.7,0.113,11.75
G_LEGACY,BASELINE,LONG,sym_funding,neg,VALID,12968,145.71,0.426,-0.1565,0.99932,-18319.1,-205.83,0.922,-0.809,-18484.7,0.081,11.87
G_LEGACY,BASELINE,LONG,sym_funding,neg,TEST,8785,95.49,0.414,-0.1856,0.99998,-15616.5,-169.74,0.928,-0.818,-16942.6,0.124,11.87
G_LEGACY,BASELINE,LONG,sym_funding,neg,HOLDOUT,1937,32.28,0.434,-0.1951,0.99809,-2786.1,-46.44,0.944,-0.813,-3807.2,0.194,6.25
G_LEGACY,BASELINE,SHORT,sym_funding,neg,TRAIN,19176,104.22,0.428,-0.1421,0.99996,-36849.6,-200.27,0.927,-0.803,-37616.0,0.113,11.75
G_LEGACY,BASELINE,SHORT,sym_funding,neg,VALID,12968,145.71,0.423,-0.172,0.99985,-26593.6,-298.8,0.902,-0.822,-33334.0,0.081,11.87
G_LEGACY,BASELINE,SHORT,sym_funding,neg,TEST,8785,95.49,0.433,-0.1935,0.99997,-13801.8,-150.02,0.907,-0.817,-14026.4,0.124,11.87
G_LEGACY,BASELINE,SHORT,sym_funding,neg,HOLDOUT,1937,32.28,0.405,-0.3131,1.0,-5009.3,-83.49,0.906,-0.833,-5330.3,0.194,6.25
G_LEGACY,BASELINE,LONG,sym_oi,down,TRAIN,5429,29.51,0.429,-0.1237,0.99473,-8730.5,-47.45,0.873,-0.809,-10855.4,0.345,10.18
G_LEGACY,BASELINE,LONG,sym_oi,down,VALID,2414,27.12,0.426,-0.0945,0.91733,-5392.2,-60.59,0.924,-0.822,-6382.6,0.396,10.74
G_LEGACY,BASELINE,LONG,sym_oi,down,TEST,2270,24.67,0.452,-0.0381,0.70135,-1731.6,-18.82,0.94,-0.79,-6053.8,0.405,9.99
G_LEGACY,BASELINE,LONG,sym_oi,down,HOLDOUT,1539,25.65,0.402,-0.1546,0.98988,-4998.9,-83.32,0.894,-0.824,-5171.8,0.405,10.4
G_LEGACY,BASELINE,SHORT,sym_oi,down,TRAIN,5429,29.51,0.433,-0.0748,0.92732,-11895.7,-64.65,0.904,-0.785,-12782.4,0.345,10.18
G_LEGACY,BASELINE,SHORT,sym_oi,down,VALID,2414,27.12,0.417,-0.1338,0.97332,-3052.6,-34.3,0.896,-0.84,-8166.7,0.396,10.74
G_LEGACY,BASELINE,SHORT,sym_oi,down,TEST,2270,24.67,0.41,-0.142,0.96559,-6198.4,-67.37,0.871,-0.829,-7492.7,0.405,9.99
G_LEGACY,BASELINE,SHORT,sym_oi,down,HOLDOUT,1534,25.57,0.449,-0.0772,0.84249,-1795.0,-29.92,0.907,-0.816,-3194.2,0.406,10.38
G_LEGACY,BASELINE,LONG,sym_oi,up,TRAIN,5439,29.56,0.419,-0.1016,0.99963,-4728.0,-25.7,0.896,-0.797,-8867.3,0.383,11.33
G_LEGACY,BASELINE,LONG,sym_oi,up,VALID,2857,32.1,0.425,-0.0768,0.96525,-2792.4,-31.37,0.907,-0.784,-5010.6,0.362,11.61
G_LEGACY,BASELINE,LONG,sym_oi,up,TEST,2482,26.98,0.429,-0.0645,0.91785,1749.4,19.02,0.92,-0.782,-2567.6,0.419,11.29
G_LEGACY,BASELINE,LONG,sym_oi,up,HOLDOUT,2346,39.1,0.468,0.017,0.35626,2457.6,40.96,0.989,-0.768,-2279.4,0.298,11.65
G_LEGACY,BASELINE,SHORT,sym_oi,up,TRAIN,5439,29.56,0.449,-0.0924,0.99882,-15844.3,-86.11,0.872,-0.798,-15984.9,0.383,11.33
G_LEGACY,BASELINE,SHORT,sym_oi,up,VALID,2857,32.1,0.447,-0.1004,0.99395,-6194.3,-69.6,0.858,-0.812,-7090.1,0.362,11.61
G_LEGACY,BASELINE,SHORT,sym_oi,up,TEST,2482,26.98,0.433,-0.1559,0.99956,-9998.4,-108.68,0.859,-0.812,-10084.9,0.419,11.29
G_LEGACY,BASELINE,SHORT,sym_oi,up,HOLDOUT,2347,39.12,0.391,-0.2437,1.0,-14246.7,-237.44,0.812,-0.858,-15043.9,0.298,11.65
G_LEGACY,OI_PRICE,LONG,sym_oi,down,TRAIN,1372,7.46,0.452,-0.0461,0.79617,10048.9,54.61,0.862,-0.754,-2110.4,0.707,5.27
G_LEGACY,OI_PRICE,LONG,sym_oi,down,VALID,642,7.21,0.477,-0.0064,0.54722,722.8,8.12,0.895,-0.71,-2124.2,0.746,5.38
G_LEGACY,OI_PRICE,LONG,sym_oi,down,TEST,687,7.47,0.435,-0.0424,0.75038,-1719.0,-18.68,0.863,-0.733,-2597.7,0.64,4.78
G_LEGACY,OI_PRICE,LONG,sym_oi,down,HOLDOUT,330,5.5,0.376,-0.1545,0.98189,-550.9,-9.18,0.898,-0.809,-2126.2,0.83,4.57
G_LEGACY,OI_PRICE,LONG,sym_funding,neg,TRAIN,5773,31.38,0.402,-0.1049,0.9987,-9674.4,-52.58,0.931,-0.817,-15869.5,0.539,16.91
G_LEGACY,OI_PRICE,LONG,sym_funding,neg,VALID,3098,34.81,0.413,-0.109,0.99077,-8341.5,-93.72,0.932,-0.818,-10056.6,0.551,19.18
G_LEGACY,OI_PRICE,LONG,sym_funding,neg,TEST,2392,26.0,0.401,-0.1239,0.9994,-3866.8,-42.03,0.909,-0.805,-5188.7,0.615,15.98
G_LEGACY,OI_PRICE,LONG,sym_funding,neg,HOLDOUT,453,7.55,0.4,-0.1137,0.97231,-1502.6,-25.04,0.963,-0.844,-1867.5,0.821,6.2
G_LEGACY,OI_PRICE,LONG,sym_oi,up,TRAIN,5805,31.55,0.421,-0.0429,0.9753,2829.1,15.38,0.974,-0.822,-8065.5,0.614,19.37
G_LEGACY,OI_PRICE,LONG,sym_oi,up,VALID,3006,33.78,0.417,-0.056,0.97197,-4878.4,-54.81,0.978,-0.833,-5215.8,0.614,20.75
G_LEGACY,OI_PRICE,LONG,sym_oi,up,TEST,3101,33.71,0.411,-0.0675,0.99754,-2040.6,-22.18,0.963,-0.834,-5974.8,0.595,20.05
G_LEGACY,OI_PRICE,LONG,sym_oi,up,HOLDOUT,3022,50.37,0.438,-0.0084,0.59256,1356.2,22.6,0.997,-0.857,-4249.7,0.468,23.58
G_LEGACY,TREND_TRANS,SHORT,sym_oi,up,TRAIN,1692,9.2,0.415,-0.1443,0.99991,-6540.5,-35.55,0.849,-0.837,-6542.0,0.823,7.57
G_LEGACY,TREND_TRANS,SHORT,sym_oi,up,VALID,868,9.75,0.483,-0.0282,0.72187,-868.2,-9.75,0.921,-0.772,-2206.1,0.806,7.87
G_LEGACY,TREND_TRANS,SHORT,sym_oi,up,TEST,721,7.84,0.444,-0.1327,0.99236,-1181.3,-12.84,0.873,-0.807,-2865.8,0.895,7.01
G_LEGACY,TREND_TRANS,SHORT,sym_oi,up,HOLDOUT,620,10.33,0.411,-0.2096,0.99985,-3095.1,-51.59,0.856,-0.818,-3117.8,0.844,8.72
G_LEGACY,ANY,SHORT,sym_oi,up,TRAIN,15963,86.76,0.44,-0.1035,1.0,-46203.4,-251.11,0.88,-0.815,-46698.3,0.282,24.45
G_LEGACY,ANY,SHORT,sym_oi,up,VALID,8429,94.71,0.457,-0.0762,0.99832,-8361.4,-93.95,0.898,-0.796,-14120.0,0.269,25.48
G_LEGACY,ANY,SHORT,sym_oi,up,TEST,7414,80.59,0.439,-0.1214,1.0,-22506.8,-244.64,0.892,-0.822,-23479.9,0.318,25.61
G_LEGACY,ANY,SHORT,sym_oi,up,HOLDOUT,7117,118.62,0.402,-0.1903,1.0,-35079.4,-584.66,0.886,-0.844,-35737.5,0.229,27.15
G_LEGACY,PULLBACK_CONT,SHORT,sym_oi,up,TRAIN,2426,13.18,0.425,-0.1294,0.99989,-6877.5,-37.38,0.896,-0.833,-6955.1,0.581,7.66
G_LEGACY,PULLBACK_CONT,SHORT,sym_oi,up,VALID,1261,14.17,0.472,-0.0503,0.83597,-1178.1,-13.24,0.956,-0.803,-2757.5,0.575,8.15
G_LEGACY,PULLBACK_CONT,SHORT,sym_oi,up,TEST,1010,10.98,0.422,-0.2089,0.99997,-2636.1,-28.65,0.921,-0.846,-3490.5,0.64,7.02
G_LEGACY,PULLBACK_CONT,SHORT,sym_oi,up,HOLDOUT,777,12.95,0.44,-0.1063,0.99004,-2837.6,-47.29,0.952,-0.811,-2964.0,0.629,8.15
G_LEGACY,OI_PRICE,SHORT,ALL,ALL,TRAIN,461,2.51,0.462,-0.0494,0.8211,-718.6,-3.91,0.921,-0.967,-2087.0,0.974,2.44
G_LEGACY,OI_PRICE,SHORT,ALL,ALL,VALID,205,2.3,0.507,-0.0898,0.8495,1107.7,12.45,0.896,-0.765,-625.7,0.98,2.26
G_LEGACY,OI_PRICE,SHORT,ALL,ALL,TEST,181,1.97,0.497,-0.2231,0.87859,538.4,5.85,0.976,-0.787,-351.0,0.989,1.95
G_LEGACY,OI_PRICE,SHORT,ALL,ALL,HOLDOUT,86,1.43,0.465,-0.0064,0.51894,28.6,0.48,0.929,-0.809,-232.0,0.977,1.4
G_LEGACY,OI_PRICE,SHORT,sym_funding,base,TRAIN,277,1.51,0.444,-0.0676,0.83594,-228.7,-1.24,0.928,-0.844,-1355.5,0.982,1.48
G_LEGACY,OI_PRICE,SHORT,sym_funding,base,VALID,98,1.1,0.541,-0.0835,0.73602,637.0,7.16,0.923,-0.773,-131.7,0.98,1.08
G_LEGACY,OI_PRICE,SHORT,sym_funding,base,TEST,115,1.25,0.487,-0.1188,0.83236,-49.1,-0.53,0.948,-0.814,-608.3,0.991,1.24
G_LEGACY,OI_PRICE,SHORT,sym_funding,base,HOLDOUT,43,0.72,0.465,0.054,0.39404,113.2,1.89,1.027,-0.828,-217.7,0.977,0.7
G_LEGACY,OI_PRICE,SHORT,sym_oi,down,TRAIN,37,0.2,0.514,0.0098,0.47848,87.1,0.47,0.84,-2.815,-365.6,1.0,0.2
G_LEGACY,OI_PRICE,SHORT,sym_oi,down,VALID,17,0.19,0.412,-0.2725,0.84433,134.9,1.52,0.787,-0.823,-273.0,0.941,0.18
G_LEGACY,OI_PRICE,SHORT,sym_oi,down,TEST,8,0.09,0.5,0.0184,0.48175,183.2,1.99,0.958,-0.653,-203.2,0.875,0.08
G_LEGACY,OI_PRICE,SHORT,sym_oi,down,HOLDOUT,3,0.05,0.333,-0.345,1.0,-72.2,-1.2,0.38,-0.602,-74.6,1.0,0.05
G_LEGACY,VOL_PRICE,LONG,sym_oi,down,TRAIN,1191,6.47,0.409,-0.0973,0.90642,2248.5,12.22,0.975,-0.933,-3717.2,0.664,4.3
G_LEGACY,VOL_PRICE,LONG,sym_oi,down,VALID,596,6.7,0.497,0.1347,0.293,6144.7,69.04,1.018,-0.731,-3217.7,0.668,4.47
G_LEGACY,VOL_PRICE,LONG,sym_oi,down,TEST,496,5.39,0.433,-0.0524,0.68146,67.1,0.73,0.98,-0.779,-2011.0,0.69,3.72
G_LEGACY,VOL_PRICE,LONG,sym_oi,down,HOLDOUT,251,4.18,0.339,-0.25,0.99601,-2616.4,-43.61,0.877,-0.859,-2616.4,0.888,3.72
G_LEGACY,TREND_TRANS,SHORT,sym_funding,hot,TRAIN,900,4.89,0.408,-0.1514,0.99991,-5389.4,-29.29,0.898,-0.836,-5500.0,0.962,4.71
G_LEGACY,TREND_TRANS,SHORT,sym_funding,hot,VALID,452,5.08,0.469,0.0061,0.45504,299.3,3.36,0.963,-0.843,-1123.9,0.969,4.92
G_LEGACY,TREND_TRANS,SHORT,sym_funding,hot,TEST,563,6.12,0.449,-0.0928,0.97103,386.1,4.2,0.945,-0.815,-1281.8,0.941,5.76
G_LEGACY,TREND_TRANS,SHORT,sym_funding,hot,HOLDOUT,281,4.68,0.473,-0.0243,0.63967,461.5,7.69,0.985,-0.787,-810.5,0.929,4.35
G_LEGACY,OI_BUILD_BRK,LONG,sym_oi,up,TRAIN,5699,30.97,0.401,-0.0944,0.9999,-10520.4,-57.18,0.98,-0.851,-12728.9,0.617,19.1
G_LEGACY,OI_BUILD_BRK,LONG,sym_oi,up,VALID,2933,32.96,0.405,-0.0887,0.995,-8192.8,-92.05,1.004,-0.869,-9093.7,0.613,20.2
G_LEGACY,OI_BUILD_BRK,LONG,sym_oi,up,TEST,2861,31.1,0.402,-0.102,0.99994,-5045.9,-54.85,0.966,-0.873,-6565.0,0.624,19.41
G_LEGACY,OI_BUILD_BRK,LONG,sym_oi,up,HOLDOUT,2933,48.88,0.427,-0.0265,0.77772,-112.0,-1.87,1.008,-0.884,-4363.4,0.492,24.03
G_LEGACY,PULLBACK_CONT,SHORT,sym_funding,hot,TRAIN,1974,10.73,0.428,-0.0963,0.99905,-4492.7,-24.42,0.954,-0.844,-5129.9,0.614,6.59
G_LEGACY,PULLBACK_CONT,SHORT,sym_funding,hot,VALID,934,10.49,0.421,-0.1413,0.9995,-2175.4,-24.44,0.953,-0.89,-3832.1,0.64,6.72
G_LEGACY,PULLBACK_CONT,SHORT,sym_funding,hot,TEST,1305,14.18,0.452,-0.0644,0.94839,-680.8,-7.4,0.983,-0.844,-2576.6,0.589,8.36
G_LEGACY,PULLBACK_CONT,SHORT,sym_funding,hot,HOLDOUT,573,9.55,0.384,-0.187,0.99878,-980.8,-16.35,0.935,-0.882,-1491.4,0.64,6.12
G_LEGACY,BRK_4H,LONG,sym_oi,up,TRAIN,9170,49.84,0.401,-0.1147,1.0,-18664.8,-101.44,0.966,-0.848,-20774.4,0.457,22.78
G_LEGACY,BRK_4H,LONG,sym_oi,up,VALID,4598,51.66,0.395,-0.1403,0.99999,-13287.4,-149.3,0.975,-0.869,-14642.3,0.474,24.49
G_LEGACY,BRK_4H,LONG,sym_oi,up,TEST,4286,46.59,0.392,-0.1465,1.0,-9412.3,-102.31,0.951,-0.863,-11793.8,0.512,23.87
G_LEGACY,BRK_4H,LONG,sym_oi,up,HOLDOUT,4471,74.52,0.436,-0.0353,0.79148,93.0,1.55,1.005,-0.87,-4857.9,0.358,26.7
G_LEGACY,ACCEL,SHORT,sym_funding,neg,TRAIN,5948,32.33,0.422,-0.1425,0.99655,-15041.3,-81.75,0.961,-0.832,-15082.4,0.413,13.34
G_LEGACY,ACCEL,SHORT,sym_funding,neg,VALID,4521,50.8,0.409,-0.179,0.9947,-10773.6,-121.05,0.917,-0.828,-14136.8,0.34,17.27
G_LEGACY,ACCEL,SHORT,sym_funding,neg,TEST,3104,33.74,0.402,-0.2124,0.99992,-7655.1,-83.21,0.949,-0.844,-8428.8,0.464,15.65
G_LEGACY,ACCEL,SHORT,sym_funding,neg,HOLDOUT,640,10.67,0.394,-0.295,0.99979,-1758.9,-29.31,0.959,-0.848,-1929.2,0.672,7.17
G_LEGACY,VOL_PRICE,SHORT,sym_oi,up,TRAIN,3060,16.63,0.433,-0.0884,0.99962,-9123.3,-49.58,0.895,-0.851,-9736.4,0.778,12.95
G_LEGACY,VOL_PRICE,SHORT,sym_oi,up,VALID,1755,19.72,0.469,-0.0315,0.84019,187.5,2.11,0.918,-0.822,-4536.2,0.752,14.83
G_LEGACY,VOL_PRICE,SHORT,sym_oi,up,TEST,1720,18.7,0.426,-0.1147,0.99987,-5465.4,-59.41,0.894,-0.839,-5523.7,0.763,14.27
G_LEGACY,VOL_PRICE,SHORT,sym_oi,up,HOLDOUT,1635,27.25,0.413,-0.1591,0.99999,-8594.2,-143.24,0.892,-0.835,-9404.6,0.631,17.18
G_LEGACY,ACCEL,LONG,sym_funding,neg,TRAIN,7341,39.9,0.412,-0.1455,0.99989,-11138.1,-60.53,0.941,-0.834,-17697.3,0.427,17.04
G_LEGACY,ACCEL,LONG,sym_funding,neg,VALID,5374,60.38,0.437,-0.0999,0.94279,-7453.0,-83.74,0.973,-0.817,-11068.2,0.339,20.47
G_LEGACY,ACCEL,LONG,sym_funding,neg,TEST,3281,35.66,0.399,-0.2059,0.99994,-5166.4,-56.16,0.925,-0.826,-6714.7,0.509,18.14
G_LEGACY,ACCEL,LONG,sym_funding,neg,HOLDOUT,736,12.27,0.444,-0.1631,0.98267,-1428.9,-23.82,1.013,-0.785,-1808.6,0.645,7.92
G_LEGACY,ACCEL,LONG,sym_oi,down,TRAIN,1241,6.74,0.436,-0.0501,0.67107,16871.7,91.69,0.91,-0.779,-3316.6,0.64,4.32
G_LEGACY,ACCEL,LONG,sym_oi,down,VALID,639,7.18,0.491,-0.003,0.51052,2667.0,29.97,0.909,-0.743,-1654.7,0.701,5.03
G_LEGACY,ACCEL,LONG,sym_oi,down,TEST,447,4.86,0.47,-0.0085,0.55274,1708.6,18.57,0.97,-0.753,-1091.1,0.749,3.64
G_LEGACY,ACCEL,LONG,sym_oi,down,HOLDOUT,248,4.13,0.335,-0.2268,0.98915,-1399.8,-23.33,0.861,-0.838,-1715.5,0.863,3.57
G_LEGACY,TREND_TRANS,LONG,sym_oi,up,TRAIN,1595,8.67,0.413,-0.1039,0.99137,-2420.8,-13.16,0.994,-0.834,-3168.5,0.816,7.07
G_LEGACY,TREND_TRANS,LONG,sym_oi,up,VALID,714,8.02,0.401,-0.1297,0.99485,-1436.4,-16.14,0.948,-0.85,-2524.0,0.941,7.55
G_LEGACY,TREND_TRANS,LONG,sym_oi,up,TEST,634,6.89,0.426,-0.0848,0.95764,-241.5,-2.63,0.958,-0.835,-1278.3,0.953,6.57
G_LEGACY,TREND_TRANS,LONG,sym_oi,up,HOLDOUT,577,9.62,0.425,-0.0807,0.9471,-586.6,-9.78,0.986,-0.884,-1514.8,0.882,8.48
G_LEGACY,VOL_PRICE,LONG,sym_oi,up,TRAIN,3919,21.3,0.429,-0.0416,0.92587,-1493.8,-8.12,1.007,-0.847,-6380.9,0.742,15.81
G_LEGACY,VOL_PRICE,LONG,sym_oi,up,VALID,2100,23.6,0.416,-0.0583,0.94922,-4324.1,-48.59,0.998,-0.854,-4776.5,0.723,17.06
G_LEGACY,VOL_PRICE,LONG,sym_oi,up,TEST,2085,22.66,0.425,-0.0615,0.98361,-1054.2,-11.46,1.005,-0.849,-2133.5,0.733,16.61
G_LEGACY,VOL_PRICE,LONG,sym_oi,up,HOLDOUT,1919,31.98,0.442,-0.0185,0.68367,1334.9,22.25,1.032,-0.878,-2082.4,0.644,20.58
G_LEGACY,MTF_BRK,LONG,sym_oi,up,TRAIN,7218,39.23,0.402,-0.1114,1.0,-15113.2,-82.14,0.967,-0.85,-16741.1,0.485,19.02
G_LEGACY,MTF_BRK,LONG,sym_oi,up,VALID,3721,41.81,0.395,-0.1343,0.99991,-11415.2,-128.26,0.978,-0.862,-12497.1,0.508,21.24
G_LEGACY,MTF_BRK,LONG,sym_oi,up,TEST,3483,37.86,0.405,-0.1006,0.99992,-5751.8,-62.52,0.972,-0.85,-8199.6,0.557,21.08
G_LEGACY,MTF_BRK,LONG,sym_oi,up,HOLDOUT,3820,63.67,0.44,-0.0187,0.66096,959.8,16.0,1.007,-0.874,-4229.2,0.379,24.1
G_LEGACY,OI_BUILD_BRK,SHORT,ALL,ALL,TRAIN,385,2.09,0.416,-0.1262,0.98187,-1851.7,-10.06,0.885,-0.8,-2327.8,0.93,1.95
G_LEGACY,OI_BUILD_BRK,SHORT,ALL,ALL,VALID,217,2.44,0.429,-0.2711,0.98963,206.3,2.32,0.823,-0.977,-872.0,0.945,2.3
G_LEGACY,OI_BUILD_BRK,SHORT,ALL,ALL,TEST,148,1.61,0.466,-0.4182,0.9535,-27.9,-0.3,0.871,-0.804,-478.3,0.932,1.5
G_LEGACY,OI_BUILD_BRK,SHORT,ALL,ALL,HOLDOUT,68,1.13,0.382,-0.4255,0.97883,-329.3,-5.49,0.762,-1.02,-462.7,0.971,1.1
G_LEGACY,OI_BUILD_BRK,SHORT,sym_funding,base,TRAIN,202,1.1,0.406,-0.116,0.91235,-726.3,-3.95,0.938,-0.807,-984.6,0.916,1.01
G_LEGACY,OI_BUILD_BRK,SHORT,sym_funding,base,VALID,93,1.04,0.43,-0.265,0.93727,-88.3,-0.99,0.805,-0.788,-264.6,0.957,1.0
G_LEGACY,OI_BUILD_BRK,SHORT,sym_funding,base,TEST,71,0.77,0.423,-0.4385,0.95459,-187.4,-2.04,0.868,-0.904,-371.6,0.944,0.73
G_LEGACY,OI_BUILD_BRK,SHORT,sym_funding,base,HOLDOUT,23,0.38,0.391,-0.6804,0.88338,-144.0,-2.4,0.918,-0.979,-258.2,1.0,0.38
G_LEGACY,OI_BUILD_BRK,SHORT,sym_oi,flat,TRAIN,170,0.92,0.347,-0.2612,0.99802,-1059.5,-5.76,0.938,-0.879,-1156.1,0.941,0.87
G_LEGACY,OI_BUILD_BRK,SHORT,sym_oi,flat,VALID,87,0.98,0.391,-0.2081,0.9554,-423.0,-4.75,0.863,-1.314,-633.5,0.943,0.92
G_LEGACY,OI_BUILD_BRK,SHORT,sym_oi,flat,TEST,53,0.58,0.472,-0.5185,0.80369,-4.4,-0.05,1.029,-0.776,-241.7,0.981,0.57
G_LEGACY,OI_BUILD_BRK,SHORT,sym_oi,flat,HOLDOUT,20,0.33,0.4,-0.2251,0.80102,-215.6,-3.59,0.987,-0.853,-244.8,1.0,0.33
G_LEGACY,SWEEP_RECLAIM,SHORT,sym_oi,up,TRAIN,6495,35.3,0.442,-0.0948,0.99997,-18436.3,-100.2,0.906,-0.832,-18801.3,0.491,17.34
G_LEGACY,SWEEP_RECLAIM,SHORT,sym_oi,up,VALID,3349,37.63,0.428,-0.1138,0.99945,-8321.7,-93.5,0.901,-0.844,-10354.1,0.513,19.31
G_LEGACY,SWEEP_RECLAIM,SHORT,sym_oi,up,TEST,3305,35.92,0.445,-0.0695,0.99599,-8773.5,-95.36,0.938,-0.834,-9428.0,0.543,19.51
G_LEGACY,SWEEP_RECLAIM,SHORT,sym_oi,up,HOLDOUT,3628,60.47,0.405,-0.1539,0.99985,-13601.3,-226.69,0.937,-0.863,-14809.3,0.368,22.23
G_LEGACY,BRK_24H,LONG,sym_oi,up,TRAIN,5933,32.24,0.405,-0.1042,0.99988,-8071.8,-43.87,0.979,-0.851,-9325.0,0.521,16.79
G_LEGACY,BRK_24H,LONG,sym_oi,up,VALID,3034,34.09,0.403,-0.1103,0.99731,-7838.1,-88.07,0.969,-0.862,-8711.2,0.559,19.06
G_LEGACY,BRK_24H,LONG,sym_oi,up,TEST,2952,32.09,0.405,-0.1089,0.99996,-4718.2,-51.28,0.961,-0.854,-6195.7,0.595,19.1
G_LEGACY,BRK_24H,LONG,sym_oi,up,HOLDOUT,3216,53.6,0.434,-0.0338,0.76716,155.4,2.59,1.005,-0.883,-3892.0,0.419,22.47
G_LEGACY,VOL_PRICE,SHORT,sym_funding,neg,TRAIN,8293,45.07,0.425,-0.1282,0.99942,-19935.2,-108.34,0.973,-0.839,-19935.2,0.402,18.1
G_LEGACY,VOL_PRICE,SHORT,sym_funding,neg,VALID,5738,64.47,0.403,-0.2059,0.99996,-17634.8,-198.14,0.929,-0.852,-18211.9,0.36,23.19
G_LEGACY,VOL_PRICE,SHORT,sym_funding,neg,TEST,4111,44.68,0.401,-0.2171,1.0,-8433.8,-91.67,0.955,-0.842,-9116.2,0.459,20.51
G_LEGACY,VOL_PRICE,SHORT,sym_funding,neg,HOLDOUT,886,14.77,0.402,-0.2986,1.0,-2132.0,-35.53,0.987,-0.851,-2258.2,0.622,9.18
G_LEGACY,OI_COVER,SHORT,sym_oi,up,TRAIN,2724,14.8,0.454,-0.0711,0.99838,-9517.0,-51.72,0.778,-0.73,-10291.3,0.695,10.28
G_LEGACY,OI_COVER,SHORT,sym_oi,up,VALID,1592,17.89,0.491,-0.0114,0.63092,1504.1,16.9,0.797,-0.712,-3245.2,0.641,11.46
G_LEGACY,OI_COVER,SHORT,sym_oi,up,TEST,1396,15.17,0.45,-0.0934,0.99712,-4951.7,-53.82,0.794,-0.742,-5406.3,0.714,10.84
G_LEGACY,OI_COVER,SHORT,sym_oi,up,HOLDOUT,1363,22.72,0.43,-0.1501,1.0,-9430.3,-157.17,0.772,-0.759,-10232.1,0.577,13.12
G_LEGACY,SQUEEZE_EXP,LONG,sym_funding,hot,TRAIN,834,4.53,0.4,-0.1254,0.99718,-1873.8,-10.18,1.123,-0.886,-2163.0,0.95,4.3
G_LEGACY,SQUEEZE_EXP,LONG,sym_funding,hot,VALID,494,5.55,0.433,-0.0088,0.5674,-694.6,-7.8,0.996,-0.819,-1330.3,0.917,5.09
G_LEGACY,SQUEEZE_EXP,LONG,sym_funding,hot,TEST,572,6.22,0.442,-0.0296,0.71921,45.4,0.49,1.022,-0.823,-858.9,0.937,5.83
G_LEGACY,SQUEEZE_EXP,LONG,sym_funding,hot,HOLDOUT,253,4.22,0.415,-0.0956,0.89823,-414.3,-6.9,1.033,-0.876,-1154.6,0.964,4.07
G_LEGACY,OI_PRICE,SHORT,sym_oi,flat,TRAIN,254,1.38,0.429,-0.094,0.87835,-719.3,-3.91,0.97,-0.861,-1307.8,0.98,1.35
G_LEGACY,OI_PRICE,SHORT,sym_oi,flat,VALID,101,1.13,0.446,-0.1309,0.85943,-49.5,-0.56,0.946,-0.806,-345.1,0.99,1.12
G_LEGACY,OI_PRICE,SHORT,sym_oi,flat,TEST,105,1.14,0.486,-0.2786,0.8143,294.7,3.2,1.055,-0.764,-276.9,0.99,1.13
G_LEGACY,OI_PRICE,SHORT,sym_oi,flat,HOLDOUT,52,0.87,0.519,0.0772,0.32577,177.3,2.95,1.058,-0.771,-161.0,0.981,0.85
G_LEGACY,BRK_4H,SHORT,sym_oi,up,TRAIN,4229,22.98,0.433,-0.1191,0.99998,-12168.7,-66.13,0.881,-0.806,-12550.7,0.524,12.05
G_LEGACY,BRK_4H,SHORT,sym_oi,up,VALID,2275,25.56,0.475,-0.0604,0.92873,166.8,1.87,0.903,-0.761,-2143.8,0.513,13.11
G_LEGACY,BRK_4H,SHORT,sym_oi,up,TEST,1707,18.55,0.419,-0.2009,1.0,-5944.7,-64.62,0.843,-0.818,-6475.0,0.641,11.9
G_LEGACY,BRK_4H,SHORT,sym_oi,up,HOLDOUT,1387,23.12,0.366,-0.3186,1.0,-10204.8,-170.08,0.786,-0.861,-10280.3,0.554,12.8
G_LEGACY,EARLY_BRK,SHORT,sym_oi,up,TRAIN,1958,10.64,0.431,-0.1402,0.99921,-2903.1,-15.78,0.911,-0.825,-3138.9,0.658,7.01
G_LEGACY,EARLY_BRK,SHORT,sym_oi,up,VALID,1117,12.55,0.474,-0.0828,0.896,181.0,2.03,0.959,-0.762,-913.9,0.638,8.01
G_LEGACY,EARLY_BRK,SHORT,sym_oi,up,TEST,759,8.25,0.416,-0.3061,1.0,-2563.9,-27.87,0.868,-0.839,-2741.3,0.817,6.74
G_LEGACY,EARLY_BRK,SHORT,sym_oi,up,HOLDOUT,616,10.27,0.343,-0.4264,1.0,-3631.9,-60.53,0.8,-0.894,-4029.4,0.726,7.45
G_LEGACY,SQUEEZE_EXP,LONG,sym_funding,neg,TRAIN,5866,31.88,0.438,-0.1062,0.99164,-3762.2,-20.45,0.982,-0.827,-6513.3,0.46,14.67
G_LEGACY,SQUEEZE_EXP,LONG,sym_funding,neg,VALID,3997,44.91,0.415,-0.1637,0.99907,-6901.3,-77.54,0.978,-0.851,-7433.2,0.438,19.67
G_LEGACY,SQUEEZE_EXP,LONG,sym_funding,neg,TEST,2814,30.59,0.441,-0.1514,0.99338,-1114.9,-12.12,0.973,-0.815,-2817.5,0.533,16.29
G_LEGACY,SQUEEZE_EXP,LONG,sym_funding,neg,HOLDOUT,666,11.1,0.353,-0.4657,1.0,-2867.5,-47.79,0.933,-0.909,-2887.2,0.701,7.78
G_LEGACY,VOL_PRICE,LONG,sym_funding,neg,TRAIN,6996,38.02,0.419,-0.1313,0.99984,-7861.5,-42.73,0.982,-0.84,-11848.7,0.488,18.57
G_LEGACY,VOL_PRICE,LONG,sym_funding,neg,VALID,5002,56.2,0.447,-0.0685,0.88445,-2676.0,-30.07,0.997,-0.819,-7038.9,0.407,22.87
G_LEGACY,VOL_PRICE,LONG,sym_funding,neg,TEST,3224,35.04,0.372,-0.2839,1.0,-9009.4,-97.93,0.915,-0.856,-10034.5,0.587,20.55
G_LEGACY,VOL_PRICE,LONG,sym_funding,neg,HOLDOUT,638,10.63,0.411,-0.2353,0.99886,-1506.2,-25.1,1.01,-0.866,-1644.7,0.759,8.07
G_LEGACY,CHANGE_POINT,LONG,sym_funding,neg,TRAIN,4880,26.52,0.413,-0.1354,0.99541,-9683.4,-52.63,0.898,-0.815,-12814.0,0.433,11.48
G_LEGACY,CHANGE_POINT,LONG,sym_funding,neg,VALID,3085,34.66,0.466,-0.0509,0.75706,-672.5,-7.56,0.954,-0.788,-3636.4,0.41,14.21
G_LEGACY,CHANGE_POINT,LONG,sym_funding,neg,TEST,2042,22.2,0.397,-0.2066,0.99959,-3073.7,-33.41,0.892,-0.82,-4188.7,0.539,11.96
G_LEGACY,CHANGE_POINT,LONG,sym_funding,neg,HOLDOUT,471,7.85,0.478,-0.0955,0.85184,-668.9,-11.15,1.003,-0.76,-1279.6,0.703,5.52
G_LEGACY,SQUEEZE_EXP,SHORT,sym_funding,neg,TRAIN,5768,31.35,0.404,-0.2013,0.99996,-13775.2,-74.87,0.953,-0.86,-14722.8,0.444,13.91
G_LEGACY,SQUEEZE_EXP,SHORT,sym_funding,neg,VALID,4044,45.44,0.438,-0.1396,0.99286,-5076.8,-57.04,0.997,-0.841,-6241.6,0.418,19.0
G_LEGACY,SQUEEZE_EXP,SHORT,sym_funding,neg,TEST,2785,30.27,0.385,-0.3163,1.0,-7459.0,-81.08,0.952,-0.875,-7959.4,0.523,15.84
G_LEGACY,SQUEEZE_EXP,SHORT,sym_funding,neg,HOLDOUT,633,10.55,0.427,-0.311,0.99997,-577.7,-9.63,1.028,-0.851,-947.7,0.717,7.57
G_LEGACY,ACCEL,SHORT,sym_oi,up,TRAIN,1953,10.61,0.442,-0.087,0.99667,-6580.1,-35.76,0.855,-0.783,-6580.1,0.827,8.78
G_LEGACY,ACCEL,SHORT,sym_oi,up,VALID,1217,13.67,0.488,-0.0229,0.72851,-847.5,-9.52,0.862,-0.763,-3472.1,0.777,10.63
G_LEGACY,ACCEL,SHORT,sym_oi,up,TEST,1118,12.15,0.441,-0.1127,0.99757,-3405.0,-37.01,0.867,-0.797,-3717.8,0.836,10.16
G_LEGACY,ACCEL,SHORT,sym_oi,up,HOLDOUT,1086,18.1,0.413,-0.1682,0.9999,-5153.5,-85.89,0.859,-0.803,-6349.8,0.667,12.07
G_LEGACY,CHANGE_POINT,SHORT,sym_oi,up,TRAIN,2058,11.18,0.454,-0.0852,0.99847,-5576.6,-30.31,0.814,-0.766,-6639.7,0.779,8.72
G_LEGACY,CHANGE_POINT,SHORT,sym_oi,up,VALID,1220,13.71,0.481,-0.0385,0.80493,-390.2,-4.38,0.839,-0.761,-2485.2,0.748,10.26
G_LEGACY,CHANGE_POINT,SHORT,sym_oi,up,TEST,1105,12.01,0.434,-0.1503,0.99996,-4765.9,-51.8,0.819,-0.788,-5183.8,0.817,9.82
G_LEGACY,CHANGE_POINT,SHORT,sym_oi,up,HOLDOUT,1089,18.15,0.409,-0.1809,0.99998,-5483.8,-91.4,0.815,-0.803,-5788.3,0.67,12.17
G_LEGACY,OI_COVER,LONG,ALL,ALL,TRAIN,108,0.59,0.472,-0.0212,0.58064,966.5,5.25,0.819,-0.72,-418.0,0.889,0.52
G_LEGACY,OI_COVER,LONG,ALL,ALL,VALID,41,0.46,0.439,-0.1334,0.76849,-587.0,-6.6,0.826,-0.792,-607.5,0.976,0.45
G_LEGACY,OI_COVER,LONG,ALL,ALL,TEST,38,0.41,0.368,-0.4233,0.981,-245.6,-2.67,0.782,-0.923,-493.2,1.0,0.41
G_LEGACY,OI_COVER,LONG,ALL,ALL,HOLDOUT,20,0.33,0.45,0.0361,0.44551,-109.5,-1.83,0.856,-0.763,-609.6,1.0,0.33
G_LEGACY,OI_COVER,LONG,sym_funding,neg,TRAIN,35,0.19,0.4,-0.0676,0.66469,51.0,0.28,0.73,-0.767,-351.2,0.971,0.18
G_LEGACY,OI_COVER,LONG,sym_funding,neg,VALID,21,0.24,0.476,-0.0108,0.51766,-417.8,-4.69,0.851,-0.743,-428.2,1.0,0.24
G_LEGACY,OI_COVER,LONG,sym_funding,neg,TEST,16,0.17,0.375,-0.4622,0.88089,123.3,1.34,0.96,-0.892,-116.2,1.0,0.17
G_LEGACY,OI_COVER,LONG,sym_funding,neg,HOLDOUT,4,0.07,0.25,-0.2105,1.0,-53.9,-0.9,0.84,-0.802,-80.3,1.0,0.07
G_LEGACY,OI_COVER,LONG,sym_oi,flat,TRAIN,62,0.34,0.468,0.0054,0.48579,374.6,2.04,0.927,-0.784,-122.5,1.0,0.34
G_LEGACY,OI_COVER,LONG,sym_oi,flat,VALID,24,0.27,0.458,-0.0967,0.64697,-182.2,-2.05,0.934,-0.854,-300.7,1.0,0.27
G_LEGACY,OI_COVER,LONG,sym_oi,flat,TEST,26,0.28,0.308,-0.5036,0.991,-121.8,-1.32,0.69,-0.991,-254.8,1.0,0.28
G_LEGACY,OI_COVER,LONG,sym_oi,flat,HOLDOUT,11,0.18,0.545,0.1183,0.38362,32.3,0.54,1.004,-0.723,-68.9,1.0,0.18
G_LEGACY,CHANGE_POINT,LONG,sym_oi,up,TRAIN,2006,10.9,0.418,-0.0727,0.99322,-2726.1,-14.82,1.054,-0.865,-4481.6,0.884,9.64
G_LEGACY,CHANGE_POINT,LONG,sym_oi,up,VALID,1013,11.38,0.421,-0.0507,0.88212,-885.4,-9.95,1.038,-0.892,-1590.7,0.902,10.27
G_LEGACY,CHANGE_POINT,LONG,sym_oi,up,TEST,1009,10.97,0.429,-0.0845,0.96843,2848.5,30.96,1.027,-0.845,-1177.4,0.9,9.87
G_LEGACY,CHANGE_POINT,LONG,sym_oi,up,HOLDOUT,979,16.32,0.423,-0.0878,0.97814,346.3,5.77,0.979,-0.899,-2259.0,0.848,13.83
G_LEGACY,BRK_24H,LONG,sym_funding,hot,TRAIN,1087,5.91,0.404,-0.1014,0.99487,-266.0,-1.45,0.984,-0.918,-3504.8,0.817,4.83
G_LEGACY,BRK_24H,LONG,sym_funding,hot,VALID,627,7.04,0.429,-0.0302,0.72649,-1224.6,-13.76,1.026,-0.862,-1923.8,0.817,5.75
G_LEGACY,BRK_24H,LONG,sym_funding,hot,TEST,758,8.24,0.423,-0.0734,0.94708,-2246.9,-24.42,1.002,-0.866,-3475.7,0.774,6.38
G_LEGACY,BRK_24H,LONG,sym_funding,hot,HOLDOUT,317,5.28,0.461,0.0494,0.2591,310.6,5.18,1.089,-0.911,-1364.4,0.735,3.88
G_LEGACY,ACCEL,LONG,sym_funding,hot,TRAIN,1000,5.43,0.423,-0.0437,0.8592,-42.4,-0.23,1.021,-0.847,-2060.6,0.944,5.13
G_LEGACY,ACCEL,LONG,sym_funding,hot,VALID,542,6.09,0.446,0.012,0.41269,-1889.5,-21.23,1.012,-0.838,-2181.5,0.952,5.8
G_LEGACY,ACCEL,LONG,sym_funding,hot,TEST,629,6.84,0.442,-0.0223,0.67736,1660.7,18.05,1.043,-0.835,-1011.8,0.938,6.41
G_LEGACY,ACCEL,LONG,sym_funding,hot,HOLDOUT,322,5.37,0.435,-0.0264,0.65124,379.8,6.33,1.024,-0.905,-1390.0,0.91,4.88
G_LEGACY,ACCEL,LONG,sym_oi,up,TRAIN,3541,19.24,0.421,-0.0549,0.97487,-3004.3,-16.33,0.998,-0.84,-6128.5,0.754,14.51
G_LEGACY,ACCEL,LONG,sym_oi,up,VALID,1851,20.8,0.433,-0.0171,0.66619,-1439.5,-16.17,1.023,-0.846,-3208.2,0.769,16.0
G_LEGACY,ACCEL,LONG,sym_oi,up,TEST,1774,19.28,0.432,-0.057,0.93046,2435.5,26.47,1.012,-0.839,-1877.6,0.775,14.95
G_LEGACY,ACCEL,LONG,sym_oi,up,HOLDOUT,1846,30.77,0.437,-0.0487,0.9019,1754.2,29.24,1.011,-0.878,-1973.5,0.637,19.58
G_LEGACY,CHANGE_POINT,LONG,sym_funding,hot,TRAIN,546,2.97,0.405,-0.0866,0.96205,-2198.5,-11.95,0.955,-0.829,-3096.6,0.982,2.91
G_LEGACY,CHANGE_POINT,LONG,sym_funding,hot,VALID,322,3.62,0.472,0.0503,0.22311,498.9,5.61,0.96,-0.8,-1116.6,0.972,3.52
G_LEGACY,CHANGE_POINT,LONG,sym_funding,hot,TEST,396,4.3,0.409,-0.0905,0.94611,1294.9,14.08,1.009,-0.845,-911.4,0.975,4.2
G_LEGACY,CHANGE_POINT,LONG,sym_funding,hot,HOLDOUT,170,2.83,0.412,-0.0902,0.86367,304.9,5.08,0.933,-0.849,-885.7,0.929,2.63
G_LEGACY,VOL_PRICE,LONG,sym_funding,hot,TRAIN,1093,5.94,0.414,-0.0672,0.9599,-402.9,-2.19,1.019,-0.878,-2481.4,0.944,5.61
G_LEGACY,VOL_PRICE,LONG,sym_funding,hot,VALID,590,6.63,0.417,-0.0364,0.76984,-2018.7,-22.68,1.009,-0.891,-3149.1,0.919,6.09
G_LEGACY,VOL_PRICE,LONG,sym_funding,hot,TEST,754,8.2,0.435,-0.0341,0.77865,-168.1,-1.83,1.04,-0.866,-2235.8,0.91,7.46
G_LEGACY,VOL_PRICE,LONG,sym_funding,hot,HOLDOUT,342,5.7,0.409,-0.1306,0.97746,-1040.6,-17.34,1.028,-0.931,-3019.8,0.904,5.15
G_LEGACY,OI_PRICE,LONG,sym_funding,hot,TRAIN,1540,8.37,0.417,-0.0451,0.92952,70.3,0.38,0.968,-0.822,-4343.1,0.862,7.22
G_LEGACY,OI_PRICE,LONG,sym_funding,hot,VALID,935,10.51,0.443,-0.0079,0.58242,-523.4,-5.88,0.957,-0.821,-2365.4,0.837,8.8
G_LEGACY,OI_PRICE,LONG,sym_funding,hot,TEST,871,9.47,0.459,0.0385,0.17628,2827.5,30.73,1.025,-0.801,-1659.5,0.852,8.07
G_LEGACY,OI_PRICE,LONG,sym_funding,hot,HOLDOUT,392,6.53,0.375,-0.1634,0.9955,-1667.4,-27.79,0.885,-0.91,-3465.5,0.849,5.55
G_LEGACY,CHANGE_POINT,SHORT,sym_funding,neg,TRAIN,4103,22.3,0.464,-0.0344,0.73593,-3587.9,-19.5,0.977,-0.772,-6091.5,0.508,11.33
G_LEGACY,CHANGE_POINT,SHORT,sym_funding,neg,VALID,2956,33.21,0.408,-0.1873,0.99415,-10570.1,-118.77,0.883,-0.812,-11001.3,0.427,14.18
G_LEGACY,CHANGE_POINT,SHORT,sym_funding,neg,TEST,2032,22.09,0.443,-0.1195,0.98244,-3695.9,-40.17,0.96,-0.799,-4446.1,0.577,12.74
G_LEGACY,CHANGE_POINT,SHORT,sym_funding,neg,HOLDOUT,454,7.57,0.385,-0.2638,0.9997,-1279.8,-21.33,0.896,-0.815,-1347.1,0.767,5.8
G_LEGACY,CHANGE_POINT,LONG,sym_oi,down,TRAIN,1096,5.96,0.407,-0.1279,0.98997,1094.3,5.95,0.747,-0.756,-3107.6,0.559,3.33
G_LEGACY,CHANGE_POINT,LONG,sym_oi,down,VALID,482,5.42,0.562,0.0924,0.19958,3249.2,36.51,0.903,-0.651,-1159.3,0.68,3.69
G_LEGACY,CHANGE_POINT,LONG,sym_oi,down,TEST,419,4.55,0.473,-0.0694,0.82286,-401.1,-4.36,0.846,-0.731,-1426.2,0.637,2.9
G_LEGACY,CHANGE_POINT,LONG,sym_oi,down,HOLDOUT,195,3.25,0.4,-0.1733,0.95937,-647.0,-10.78,0.777,-0.796,-1213.3,0.831,2.7
G_LEGACY,CAPITULATION_REV,SHORT,ALL,ALL,TRAIN,3360,18.26,0.43,-0.1103,0.98291,-8744.6,-47.53,0.912,-0.898,-9830.3,0.632,11.55
G_LEGACY,CAPITULATION_REV,SHORT,ALL,ALL,VALID,1448,16.27,0.42,-0.1459,0.99207,-4140.6,-46.52,0.926,-0.915,-5307.4,0.709,11.53
G_LEGACY,CAPITULATION_REV,SHORT,ALL,ALL,TEST,1526,16.59,0.436,-0.1219,0.98588,-4926.9,-53.55,0.928,-0.868,-5115.3,0.763,12.65
G_LEGACY,CAPITULATION_REV,SHORT,ALL,ALL,HOLDOUT,1329,22.15,0.423,-0.1284,0.97372,-1906.2,-31.77,0.95,-0.917,-2551.1,0.729,16.15
G_LEGACY,CAPITULATION_REV,SHORT,sym_funding,base,TRAIN,2248,12.22,0.436,-0.0962,0.95113,-5501.2,-29.9,0.933,-0.9,-6387.1,0.664,8.11
G_LEGACY,CAPITULATION_REV,SHORT,sym_funding,base,VALID,840,9.44,0.424,-0.1403,0.99321,-2696.9,-30.3,0.926,-0.927,-3497.8,0.794,7.49
G_LEGACY,CAPITULATION_REV,SHORT,sym_funding,base,TEST,1078,11.72,0.439,-0.1185,0.98375,-2679.1,-29.12,0.934,-0.864,-2910.9,0.825,9.66
G_LEGACY,CAPITULATION_REV,SHORT,sym_funding,base,HOLDOUT,534,8.9,0.412,-0.2047,0.98286,-232.5,-3.87,0.918,-0.97,-1165.8,0.747,6.65
G_LEGACY,CAPITULATION_REV,SHORT,sym_oi,flat,TRAIN,2156,11.72,0.44,-0.1082,0.92657,-4070.1,-22.12,0.903,-0.863,-5324.5,0.566,6.64
G_LEGACY,CAPITULATION_REV,SHORT,sym_oi,flat,VALID,828,9.3,0.426,-0.156,0.96019,-1197.3,-13.45,0.927,-0.894,-2708.4,0.658,6.12
G_LEGACY,CAPITULATION_REV,SHORT,sym_oi,flat,TEST,962,10.46,0.463,-0.0914,0.8738,-555.6,-6.04,0.945,-0.826,-1402.6,0.748,7.83
G_LEGACY,CAPITULATION_REV,SHORT,sym_oi,flat,HOLDOUT,733,12.22,0.409,-0.2052,0.98152,-1188.6,-19.81,0.926,-0.955,-1786.5,0.746,9.12
G_LEGACY,OI_COVER,SHORT,sym_funding,hot,TRAIN,1428,7.76,0.432,-0.0898,0.99755,-3768.2,-20.48,0.852,-0.828,-3899.3,0.845,6.56
G_LEGACY,OI_COVER,SHORT,sym_funding,hot,VALID,858,9.64,0.444,-0.0549,0.8971,-1543.2,-17.34,0.865,-0.799,-3599.6,0.81,7.81
G_LEGACY,OI_COVER,SHORT,sym_funding,hot,TEST,836,9.09,0.45,-0.0332,0.79271,-1859.8,-20.22,0.909,-0.788,-2804.3,0.847,7.7
G_LEGACY,OI_COVER,SHORT,sym_funding,hot,HOLDOUT,372,6.2,0.46,-0.063,0.88439,-1442.1,-24.04,0.905,-0.794,-2147.3,0.839,5.2
G_LEGACY,CAPITULATION_REV,SHORT,sym_oi,up,TRAIN,1160,6.3,0.419,-0.1007,0.99626,-3227.4,-17.54,0.938,-0.963,-4066.2,0.934,5.89
G_LEGACY,CAPITULATION_REV,SHORT,sym_oi,up,VALID,602,6.76,0.417,-0.1202,0.98981,-2331.8,-26.2,0.93,-0.94,-2963.5,0.96,6.49
G_LEGACY,CAPITULATION_REV,SHORT,sym_oi,up,TEST,562,6.11,0.39,-0.1763,0.99971,-4444.6,-48.31,0.897,-0.94,-4488.2,0.966,5.9
G_LEGACY,CAPITULATION_REV,SHORT,sym_oi,up,HOLDOUT,591,9.85,0.44,-0.0337,0.73176,-755.8,-12.6,0.979,-0.871,-2271.5,0.914,9.0
G_LEGACY,MTF_BRK,LONG,sym_oi,down,TRAIN,235,1.28,0.387,-0.1819,0.98388,-1098.3,-5.97,0.912,-0.867,-1193.4,0.885,1.13
G_LEGACY,MTF_BRK,LONG,sym_oi,down,VALID,119,1.34,0.454,0.0267,0.41417,329.3,3.7,1.01,-0.821,-356.3,0.891,1.19
G_LEGACY,MTF_BRK,LONG,sym_oi,down,TEST,77,0.84,0.468,-0.0358,0.59487,565.5,6.15,1.035,-0.863,-150.6,0.909,0.76
G_LEGACY,MTF_BRK,LONG,sym_oi,down,HOLDOUT,55,0.92,0.382,-0.199,0.86841,-34.7,-0.58,0.949,-0.834,-206.8,0.836,0.77
G_LEGACY,FUNDING_SQUEEZE,LONG,sym_oi,down,TRAIN,468,2.54,0.393,-0.1503,0.96742,-788.9,-4.29,0.89,-0.856,-1727.9,0.726,1.85
G_LEGACY,FUNDING_SQUEEZE,LONG,sym_oi,down,VALID,239,2.69,0.406,-0.1065,0.85019,-29.1,-0.33,0.944,-0.825,-900.0,0.787,2.11
G_LEGACY,FUNDING_SQUEEZE,LONG,sym_oi,down,TEST,106,1.15,0.462,0.0883,0.21935,-213.5,-2.32,1.017,-0.876,-880.9,0.811,0.93
G_LEGACY,FUNDING_SQUEEZE,LONG,sym_oi,down,HOLDOUT,39,0.65,0.359,-0.1246,0.73157,-185.4,-3.09,1.005,-0.88,-285.2,0.846,0.55
G_LEGACY,EARLY_BRK,LONG,sym_oi,up,TRAIN,983,5.34,0.438,-0.131,0.99752,-652.8,-3.55,1.02,-0.838,-898.2,0.825,4.41
G_LEGACY,EARLY_BRK,LONG,sym_oi,up,VALID,480,5.39,0.383,-0.3117,0.99999,-1199.1,-13.47,0.957,-0.908,-1240.8,0.85,4.58
G_LEGACY,EARLY_BRK,LONG,sym_oi,up,TEST,398,4.33,0.382,-0.4309,0.99996,-614.5,-6.68,0.945,-0.853,-842.7,0.894,3.87
G_LEGACY,EARLY_BRK,LONG,sym_oi,up,HOLDOUT,255,4.25,0.431,-0.3169,0.99169,-97.8,-1.63,1.056,-0.828,-457.9,0.863,3.67
G_LEGACY,SQUEEZE_EXP,SHORT,sym_oi,up,TRAIN,1517,8.24,0.453,-0.0506,0.90421,-1393.3,-7.57,0.959,-0.817,-1976.9,0.867,7.15
G_LEGACY,SQUEEZE_EXP,SHORT,sym_oi,up,VALID,754,8.47,0.439,-0.1325,0.98727,-940.3,-10.57,0.937,-0.82,-1935.2,0.89,7.54
G_LEGACY,SQUEEZE_EXP,SHORT,sym_oi,up,TEST,554,6.02,0.433,-0.1747,0.99306,-99.3,-1.08,0.941,-0.863,-1418.8,0.933,5.62
G_LEGACY,SQUEEZE_EXP,SHORT,sym_oi,up,HOLDOUT,553,9.22,0.425,-0.1864,0.99632,-1773.2,-29.55,0.961,-0.834,-2406.6,0.864,7.97
G_LEGACY,TREND_TRANS,SHORT,sym_oi,down,TRAIN,1671,9.08,0.439,-0.078,0.91027,-1627.4,-8.84,0.945,-0.815,-2427.1,0.718,6.52
G_LEGACY,TREND_TRANS,SHORT,sym_oi,down,VALID,653,7.34,0.47,0.0236,0.3626,575.7,6.47,0.978,-0.79,-797.7,0.864,6.34
G_LEGACY,TREND_TRANS,SHORT,sym_oi,down,TEST,667,7.25,0.435,-0.0601,0.79989,-805.9,-8.76,0.972,-0.809,-1620.8,0.817,5.92
G_LEGACY,TREND_TRANS,SHORT,sym_oi,down,HOLDOUT,457,7.62,0.379,-0.228,0.99545,-1668.8,-27.81,0.863,-0.845,-2202.3,0.779,5.93
G_LEGACY,SQUEEZE_EXP,LONG,sym_oi,up,TRAIN,1787,9.71,0.395,-0.1416,0.99999,-3779.0,-20.54,0.974,-0.879,-5331.9,0.858,8.34
G_LEGACY,SQUEEZE_EXP,LONG,sym_oi,up,VALID,843,9.47,0.389,-0.1583,0.99906,-2750.4,-30.9,0.966,-0.919,-3155.3,0.875,8.29
G_LEGACY,SQUEEZE_EXP,LONG,sym_oi,up,TEST,724,7.87,0.431,-0.1457,0.97782,576.6,6.27,1.006,-0.818,-1029.8,0.905,7.12
G_LEGACY,SQUEEZE_EXP,LONG,sym_oi,up,HOLDOUT,685,11.42,0.428,-0.0671,0.86028,210.0,3.5,1.047,-0.869,-1121.5,0.86,9.82
G_LEGACY,FUNDING_SQUEEZE,LONG,sym_oi,up,TRAIN,1087,5.91,0.409,-0.0194,0.69067,484.1,2.63,0.967,-0.826,-2834.1,0.787,4.65
G_LEGACY,FUNDING_SQUEEZE,LONG,sym_oi,up,VALID,492,5.53,0.374,-0.1241,0.98188,-1837.6,-20.65,0.943,-0.885,-3013.9,0.813,4.49
G_LEGACY,FUNDING_SQUEEZE,LONG,sym_oi,up,TEST,232,2.52,0.366,-0.1262,0.92625,-819.8,-8.91,0.966,-0.93,-1235.3,0.815,2.05
G_LEGACY,FUNDING_SQUEEZE,LONG,sym_oi,up,HOLDOUT,57,0.95,0.298,-0.2577,0.92736,-205.4,-3.42,0.93,-0.915,-695.0,0.825,0.78
G_LEGACY,OI_PRICE,SHORT,sym_funding,neg,TRAIN,168,0.91,0.488,-0.0291,0.63642,-523.0,-2.84,0.898,-1.187,-674.6,0.994,0.91
G_LEGACY,OI_PRICE,SHORT,sym_funding,neg,VALID,102,1.15,0.471,-0.124,0.86629,483.6,5.43,0.853,-0.759,-735.3,0.99,1.13
G_LEGACY,OI_PRICE,SHORT,sym_funding,neg,TEST,63,0.68,0.492,-0.4616,0.81985,419.1,4.56,0.977,-0.76,-220.7,1.0,0.68
G_LEGACY,OI_PRICE,SHORT,sym_funding,neg,HOLDOUT,8,0.13,0.625,-0.1074,0.59964,41.1,0.69,0.694,-0.798,-23.4,1.0,0.13
G_LEGACY,CAPITULATION_REV,SHORT,sym_funding,hot,TRAIN,167,0.91,0.359,-0.2336,0.99535,-1078.9,-5.86,0.842,-1.043,-1313.3,1.0,0.91
G_LEGACY,CAPITULATION_REV,SHORT,sym_funding,hot,VALID,113,1.27,0.389,-0.133,0.90609,-524.7,-5.9,0.94,-0.96,-1374.2,0.991,1.26
G_LEGACY,CAPITULATION_REV,SHORT,sym_funding,hot,TEST,97,1.05,0.34,-0.2461,0.98117,-1567.5,-17.04,0.996,-0.954,-1567.5,1.0,1.05
G_LEGACY,CAPITULATION_REV,SHORT,sym_funding,hot,HOLDOUT,48,0.8,0.312,-0.3276,0.9629,-549.1,-9.15,0.825,-1.0,-763.3,1.0,0.8
G_LEGACY,CHANGE_POINT,SHORT,sym_funding,hot,TRAIN,690,3.75,0.425,-0.1076,0.99227,-1949.1,-10.59,0.863,-0.812,-2305.5,0.959,3.6
G_LEGACY,CHANGE_POINT,SHORT,sym_funding,hot,VALID,432,4.85,0.468,0.0077,0.4453,995.2,11.18,0.935,-0.886,-1535.2,0.963,4.67
G_LEGACY,CHANGE_POINT,SHORT,sym_funding,hot,TEST,485,5.27,0.47,0.0084,0.4354,477.8,5.19,1.014,-0.791,-1292.9,0.953,5.02
G_LEGACY,CHANGE_POINT,SHORT,sym_funding,hot,HOLDOUT,215,3.58,0.419,-0.1293,0.94199,-415.1,-6.92,0.957,-0.852,-1036.6,0.893,3.2
G_LEGACY,OI_COVER,LONG,sym_funding,hot,TRAIN,8,0.04,0.5,0.2862,0.27398,168.5,0.92,1.256,-0.714,-334.8,1.0,0.04
G_LEGACY,OI_COVER,LONG,sym_funding,hot,VALID,1,0.01,1.0,0.1533,1.0,3.5,0.04,0.501,-0.289,0.0,1.0,0.01
G_LEGACY,OI_COVER,LONG,sym_funding,hot,TEST,4,0.04,0.25,-0.4714,1.0,-115.1,-1.25,0.665,-1.517,-158.5,1.0,0.04
G_LEGACY,OI_COVER,LONG,sym_oi,up,TRAIN,12,0.07,0.75,0.4734,0.05268,794.8,4.32,1.07,-0.496,-99.8,1.0,0.07
G_LEGACY,OI_COVER,LONG,sym_oi,up,VALID,6,0.07,0.333,-0.125,0.60321,-89.2,-1.0,0.75,-0.782,-153.0,1.0,0.07
G_LEGACY,OI_COVER,LONG,sym_oi,up,TEST,10,0.11,0.4,-0.4683,0.84538,-241.0,-2.62,0.691,-0.81,-247.7,1.0,0.11
G_LEGACY,OI_COVER,LONG,sym_oi,up,HOLDOUT,5,0.08,0.4,0.1769,0.38045,61.9,1.03,0.928,-0.696,-409.2,1.0,0.08
G_LEGACY,CAPITULATION_REV,LONG,sym_oi,up,TRAIN,66,0.36,0.47,0.018,0.44683,879.6,4.78,0.779,-0.74,-659.7,1.0,0.36
G_LEGACY,CAPITULATION_REV,LONG,sym_oi,up,VALID,47,0.53,0.362,-0.1992,0.91095,-506.0,-5.69,0.726,-0.897,-1022.5,1.0,0.53
G_LEGACY,CAPITULATION_REV,LONG,sym_oi,up,TEST,49,0.53,0.388,-0.2186,0.95834,-460.1,-5.0,0.743,-0.79,-1138.2,1.0,0.53
G_LEGACY,CAPITULATION_REV,LONG,sym_oi,up,HOLDOUT,32,0.53,0.375,-0.0709,0.65229,-193.7,-3.23,0.835,-1.026,-271.5,0.938,0.5
G_LEGACY,CAPITULATION_REV,SHORT,sym_funding,neg,TRAIN,945,5.14,0.43,-0.1221,0.97044,-2164.6,-11.76,0.873,-0.87,-2792.1,0.77,3.96
G_LEGACY,CAPITULATION_REV,SHORT,sym_funding,neg,VALID,495,5.56,0.42,-0.1582,0.93645,-919.0,-10.33,0.922,-0.885,-1859.6,0.762,4.24
G_LEGACY,CAPITULATION_REV,SHORT,sym_funding,neg,TEST,351,3.82,0.453,-0.098,0.84,-680.3,-7.39,0.887,-0.855,-809.1,0.872,3.33
G_LEGACY,CAPITULATION_REV,SHORT,sym_funding,neg,HOLDOUT,79,1.32,0.405,-0.1887,0.89332,-271.6,-4.53,0.915,-0.94,-420.3,0.886,1.17
G_LEGACY,OI_COVER,LONG,sym_funding,base,TRAIN,65,0.35,0.508,-0.0341,0.59377,747.0,4.06,0.813,-0.695,-165.2,0.892,0.32
G_LEGACY,OI_COVER,LONG,sym_funding,base,VALID,19,0.21,0.368,-0.2839,0.83013,-172.7,-1.94,0.814,-0.873,-193.2,0.947,0.2
G_LEGACY,OI_COVER,LONG,sym_funding,base,TEST,18,0.2,0.389,-0.378,0.94235,-253.8,-2.76,0.649,-0.819,-262.0,1.0,0.2
G_LEGACY,OI_COVER,LONG,sym_funding,base,HOLDOUT,8,0.13,0.625,0.2106,0.34465,111.4,1.86,0.88,-0.743,-36.5,1.0,0.13
G_LEGACY,FUNDING_SQUEEZE,SHORT,ALL,ALL,TRAIN,470,2.55,0.394,-0.1566,0.99712,-1644.1,-8.94,0.859,-0.955,-2070.6,0.798,2.04
G_LEGACY,FUNDING_SQUEEZE,SHORT,ALL,ALL,VALID,353,3.97,0.408,-0.1227,0.97232,-1638.8,-18.41,0.975,-0.974,-2199.7,0.839,3.33
G_LEGACY,FUNDING_SQUEEZE,SHORT,ALL,ALL,TEST,228,2.48,0.443,-0.0563,0.7534,161.9,1.76,0.959,-0.88,-710.3,0.794,1.97
G_LEGACY,FUNDING_SQUEEZE,SHORT,ALL,ALL,HOLDOUT,75,1.25,0.453,-0.0822,0.73652,-326.7,-5.44,0.989,-0.854,-540.8,0.813,1.02
G_LEGACY,FUNDING_SQUEEZE,SHORT,sym_funding,hot,TRAIN,470,2.55,0.394,-0.1566,0.99712,-1644.1,-8.94,0.859,-0.955,-2070.6,0.798,2.04
G_LEGACY,FUNDING_SQUEEZE,SHORT,sym_funding,hot,VALID,353,3.97,0.408,-0.1227,0.97232,-1638.8,-18.41,0.975,-0.974,-2199.7,0.839,3.33
G_LEGACY,FUNDING_SQUEEZE,SHORT,sym_funding,hot,TEST,228,2.48,0.443,-0.0563,0.7534,161.9,1.76,0.959,-0.88,-710.3,0.794,1.97
G_LEGACY,FUNDING_SQUEEZE,SHORT,sym_funding,hot,HOLDOUT,75,1.25,0.453,-0.0822,0.73652,-326.7,-5.44,0.989,-0.854,-540.8,0.813,1.02
G_LEGACY,FUNDING_SQUEEZE,SHORT,sym_oi,flat,TRAIN,300,1.63,0.39,-0.1848,0.99428,-780.4,-4.24,0.878,-0.862,-963.9,0.823,1.34
G_LEGACY,FUNDING_SQUEEZE,SHORT,sym_oi,flat,VALID,215,2.42,0.405,-0.1136,0.91717,-993.1,-11.16,1.052,-1.063,-1151.6,0.847,2.04
G_LEGACY,FUNDING_SQUEEZE,SHORT,sym_oi,flat,TEST,138,1.5,0.449,-0.0555,0.69928,270.3,2.94,0.977,-0.851,-425.5,0.848,1.27
G_LEGACY,FUNDING_SQUEEZE,SHORT,sym_oi,flat,HOLDOUT,56,0.93,0.482,-0.0462,0.61751,75.3,1.26,1.002,-0.831,-264.8,0.786,0.73
G_LEGACY,CAPITULATION_REV,LONG,sym_funding,neg,TRAIN,677,3.68,0.346,-0.3471,0.99874,-2341.4,-12.73,0.747,-1.118,-3020.5,0.524,1.93
G_LEGACY,CAPITULATION_REV,LONG,sym_funding,neg,VALID,447,5.02,0.535,0.1985,0.23484,3315.2,37.25,1.119,-0.666,-1982.8,0.389,1.96
G_LEGACY,CAPITULATION_REV,LONG,sym_funding,neg,TEST,278,3.02,0.493,-0.0202,0.56967,-255.9,-2.78,0.953,-0.761,-783.7,0.579,1.75
G_LEGACY,CAPITULATION_REV,LONG,sym_funding,neg,HOLDOUT,82,1.37,0.61,0.178,0.06985,397.6,6.63,0.939,-0.662,-155.6,0.768,1.05
G_LEGACY,OI_BUILD_BRK,SHORT,sym_funding,neg,TRAIN,152,0.83,0.428,-0.1096,0.87981,-622.8,-3.38,0.857,-0.791,-1186.9,0.961,0.79
G_LEGACY,OI_BUILD_BRK,SHORT,sym_funding,neg,VALID,112,1.26,0.411,-0.3302,0.97465,-379.8,-4.27,0.769,-0.784,-647.0,0.929,1.17
G_LEGACY,OI_BUILD_BRK,SHORT,sym_funding,neg,TEST,70,0.76,0.529,-0.3935,0.80629,300.6,3.27,0.869,-0.643,-195.4,0.929,0.71
G_LEGACY,OI_BUILD_BRK,SHORT,sym_funding,neg,HOLDOUT,10,0.17,0.6,0.098,0.36929,192.8,3.21,0.713,-0.593,-65.7,1.0,0.17
G_LEGACY,OI_BUILD_BRK,SHORT,sym_oi,up,TRAIN,192,1.04,0.479,-0.0035,0.517,-350.0,-1.9,0.839,-0.716,-1123.8,0.932,0.97
G_LEGACY,OI_BUILD_BRK,SHORT,sym_oi,up,VALID,121,1.36,0.479,-0.288,0.93816,1236.0,13.89,0.812,-0.732,-422.4,0.959,1.3
G_LEGACY,OI_BUILD_BRK,SHORT,sym_oi,up,TEST,92,1.0,0.457,-0.3939,0.97783,-307.4,-3.34,0.765,-0.831,-495.3,0.913,0.91
G_LEGACY,OI_BUILD_BRK,SHORT,sym_oi,up,HOLDOUT,47,0.78,0.383,-0.4975,0.96202,-58.3,-0.97,0.681,-0.867,-190.0,0.957,0.75
G_LEGACY,MTF_BRK,SHORT,sym_oi,up,TRAIN,383,2.08,0.418,-0.0919,0.91048,-989.5,-5.38,0.983,-0.879,-1253.1,0.804,1.67
G_LEGACY,MTF_BRK,SHORT,sym_oi,up,VALID,223,2.51,0.43,-0.1996,0.94828,929.2,10.44,0.992,-0.851,-388.2,0.803,2.01
G_LEGACY,MTF_BRK,SHORT,sym_oi,up,TEST,133,1.45,0.481,-0.1535,0.8462,767.1,8.34,1.068,-0.811,-253.8,0.88,1.27
G_LEGACY,MTF_BRK,SHORT,sym_oi,up,HOLDOUT,88,1.47,0.42,-0.2393,0.97089,-356.7,-5.94,0.96,-0.868,-361.2,0.795,1.17
G_LEGACY,SWEEP_RECLAIM,LONG,sym_oi,up,TRAIN,300,1.63,0.423,-0.111,0.9371,-546.8,-2.97,0.849,-0.809,-940.4,0.813,1.33
G_LEGACY,SWEEP_RECLAIM,LONG,sym_oi,up,VALID,156,1.75,0.423,-0.1783,0.95576,-982.2,-11.04,0.93,-0.838,-1125.2,0.872,1.53
G_LEGACY,SWEEP_RECLAIM,LONG,sym_oi,up,TEST,101,1.1,0.406,-0.2962,0.98123,-808.8,-8.79,0.837,-0.9,-983.0,0.832,0.91
G_LEGACY,SWEEP_RECLAIM,LONG,sym_oi,up,HOLDOUT,74,1.23,0.405,-0.1108,0.85918,-233.0,-3.88,0.932,-0.696,-504.2,0.703,0.87
G_LEGACY,BRK_24H,SHORT,sym_oi,up,TRAIN,222,1.21,0.437,-0.0152,0.56776,-49.6,-0.27,1.018,-0.862,-797.3,0.829,1.0
G_LEGACY,BRK_24H,SHORT,sym_oi,up,VALID,145,1.63,0.469,0.0073,0.47526,1387.5,15.59,1.026,-0.822,-334.1,0.8,1.3
G_LEGACY,BRK_24H,SHORT,sym_oi,up,TEST,80,0.87,0.5,-0.2237,0.8533,619.2,6.73,1.066,-0.982,-191.6,0.912,0.79
G_LEGACY,BRK_24H,SHORT,sym_oi,up,HOLDOUT,56,0.93,0.411,-0.3671,0.96039,-235.8,-3.93,0.877,-0.891,-260.2,0.714,0.67
G_LEGACY,OI_BUILD_BRK,LONG,sym_oi,down,TRAIN,583,3.17,0.413,-0.0752,0.91986,-36.3,-0.2,0.913,-0.825,-1478.1,0.772,2.45
G_LEGACY,OI_BUILD_BRK,LONG,sym_oi,down,VALID,281,3.16,0.463,0.0331,0.36026,358.9,4.03,0.986,-0.794,-1358.3,0.829,2.62
G_LEGACY,OI_BUILD_BRK,LONG,sym_oi,down,TEST,285,3.1,0.393,-0.0993,0.86156,-414.1,-4.5,0.886,-0.844,-2156.2,0.768,2.38
G_LEGACY,OI_BUILD_BRK,LONG,sym_oi,down,HOLDOUT,174,2.9,0.339,-0.2301,0.99278,-955.9,-15.93,0.913,-0.918,-1383.5,0.868,2.52
G_LEGACY,FUNDING_SQUEEZE,SHORT,sym_oi,up,TRAIN,101,0.55,0.426,-0.0679,0.73529,-202.7,-1.1,0.83,-0.804,-1482.0,0.822,0.45
G_LEGACY,FUNDING_SQUEEZE,SHORT,sym_oi,up,VALID,75,0.84,0.427,-0.1555,0.90679,-843.0,-9.47,0.749,-0.797,-1217.5,0.893,0.75
G_LEGACY,FUNDING_SQUEEZE,SHORT,sym_oi,up,TEST,50,0.54,0.46,0.0269,0.43855,261.4,2.84,0.981,-0.883,-470.1,0.84,0.46
G_LEGACY,FUNDING_SQUEEZE,SHORT,sym_oi,up,HOLDOUT,14,0.23,0.357,-0.1525,0.67089,-176.8,-2.95,1.053,-0.961,-302.0,1.0,0.23
G_LEGACY,OI_BUILD_BRK,SHORT,sym_funding,hot,TRAIN,31,0.17,0.419,-0.2739,0.96615,-502.6,-2.73,0.678,-0.794,-657.0,0.968,0.16
G_LEGACY,OI_BUILD_BRK,SHORT,sym_funding,hot,VALID,12,0.13,0.583,0.2341,0.24413,674.5,7.58,1.458,-4.232,-291.3,1.0,0.13
G_LEGACY,OI_BUILD_BRK,SHORT,sym_funding,hot,TEST,7,0.08,0.286,-0.4591,0.90843,-141.0,-1.53,0.911,-1.4,-205.0,0.857,0.07
G_LEGACY,OI_BUILD_BRK,SHORT,sym_funding,hot,HOLDOUT,3,0.05,0.0,-1.0484,1.0,-165.5,-2.76,0.554,-1.276,-165.5,1.0,0.05
G_LEGACY,OI_PRICE,SHORT,sym_oi,up,TRAIN,170,0.92,0.5,0.0043,0.47621,-86.5,-0.47,0.867,-0.722,-769.9,0.982,0.91
G_LEGACY,OI_PRICE,SHORT,sym_oi,up,VALID,87,0.98,0.598,-0.0064,0.51963,1022.3,11.49,0.859,-0.707,-272.4,0.989,0.97
G_LEGACY,OI_PRICE,SHORT,sym_oi,up,TEST,68,0.74,0.515,-0.1659,0.84438,60.6,0.66,0.856,-0.839,-362.6,1.0,0.74
G_LEGACY,OI_PRICE,SHORT,sym_oi,up,HOLDOUT,31,0.52,0.387,-0.1139,0.71221,-76.5,-1.27,0.765,-0.893,-216.4,0.968,0.5
G_LEGACY,SQUEEZE_EXP,SHORT,mkt_trend,side,TRAIN,10998,59.77,0.443,-0.1222,0.99094,-7884.8,-42.85,1.008,-0.847,-15414.0,0.237,14.15
G_LEGACY,SQUEEZE_EXP,SHORT,mkt_trend,side,VALID,5462,61.37,0.479,-0.0552,0.79123,-680.2,-7.64,1.044,-0.807,-6272.4,0.241,14.81
G_LEGACY,SQUEEZE_EXP,SHORT,mkt_trend,side,TEST,6911,75.12,0.393,-0.3182,1.0,-14562.5,-158.29,0.956,-0.886,-15589.1,0.232,17.41
G_LEGACY,SQUEEZE_EXP,SHORT,mkt_trend,side,HOLDOUT,5674,94.57,0.41,-0.2736,1.0,-11532.9,-192.21,0.999,-0.856,-11971.3,0.22,20.78
G_LEGACY,SQUEEZE_EXP,SHORT,breadth,hi,TRAIN,8945,48.61,0.44,-0.1153,0.98635,-9967.2,-54.17,1.006,-0.845,-13374.5,0.295,14.34
G_LEGACY,SQUEEZE_EXP,SHORT,breadth,hi,VALID,4782,53.73,0.447,-0.1241,0.96423,-4385.3,-49.27,0.985,-0.855,-6277.4,0.294,15.79
G_LEGACY,SQUEEZE_EXP,SHORT,breadth,hi,TEST,4507,48.99,0.425,-0.232,1.0,-5834.0,-63.41,0.97,-0.847,-6435.3,0.329,16.13
G_LEGACY,SQUEEZE_EXP,SHORT,breadth,hi,HOLDOUT,3973,66.22,0.434,-0.2104,0.99996,-6453.7,-107.56,0.987,-0.846,-8030.5,0.281,18.6
G_LEGACY,SQUEEZE_EXP,SHORT,mkt_funding,base,TRAIN,18411,100.06,0.42,-0.1642,0.99997,-31315.7,-170.19,0.981,-0.861,-35766.3,0.227,22.71
G_LEGACY,SQUEEZE_EXP,SHORT,mkt_funding,base,VALID,9507,106.82,0.47,-0.0607,0.88295,-1236.8,-13.9,1.028,-0.828,-8554.0,0.225,24.06
G_LEGACY,SQUEEZE_EXP,SHORT,mkt_funding,base,TEST,11803,128.29,0.389,-0.2992,1.0,-29924.7,-325.27,0.948,-0.883,-30877.5,0.219,28.13
G_LEGACY,SQUEEZE_EXP,SHORT,mkt_funding,base,HOLDOUT,4034,67.23,0.423,-0.2622,1.0,-7467.2,-124.45,0.976,-0.856,-7970.8,0.231,15.55
G_LEGACY,SQUEEZE_EXP,SHORT,mkt_oi,flat,TRAIN,17786,96.66,0.425,-0.1529,0.99986,-26375.9,-143.35,0.991,-0.859,-32717.3,0.228,22.08
G_LEGACY,SQUEEZE_EXP,SHORT,mkt_oi,flat,VALID,8890,99.89,0.449,-0.1154,0.98356,-7601.1,-85.41,1.011,-0.846,-12938.2,0.224,22.38
G_LEGACY,SQUEEZE_EXP,SHORT,mkt_oi,flat,TEST,10588,115.09,0.387,-0.3126,1.0,-26951.7,-292.95,0.946,-0.887,-28287.0,0.223,25.67
G_LEGACY,SQUEEZE_EXP,SHORT,mkt_oi,flat,HOLDOUT,6976,116.27,0.406,-0.2869,1.0,-16332.9,-272.22,0.987,-0.857,-16771.3,0.224,26.07
G_LEGACY,ANY,SHORT,mkt_trend,side,TRAIN,98610,535.92,0.438,-0.1273,1.0,-111811.2,-607.67,0.96,-0.819,-120281.6,0.034,18.17
G_LEGACY,ANY,SHORT,mkt_trend,side,VALID,48420,544.04,0.423,-0.1768,1.0,-97650.7,-1097.2,0.936,-0.837,-103998.9,0.033,17.81
G_LEGACY,ANY,SHORT,mkt_trend,side,TEST,56282,611.76,0.427,-0.2011,1.0,-93403.9,-1015.26,0.962,-0.84,-94528.4,0.032,19.59
G_LEGACY,ANY,SHORT,mkt_trend,side,HOLDOUT,45318,755.3,0.413,-0.2456,1.0,-99201.0,-1653.35,0.944,-0.84,-101895.1,0.031,23.77
G_LEGACY,ANY,SHORT,breadth,hi,TRAIN,74983,407.52,0.443,-0.1154,1.0,-101537.9,-551.84,0.951,-0.82,-104954.0,0.049,20.01
G_LEGACY,ANY,SHORT,breadth,hi,VALID,37071,416.53,0.415,-0.1922,1.0,-80839.6,-908.31,0.913,-0.848,-91267.6,0.048,19.81
G_LEGACY,ANY,SHORT,breadth,hi,TEST,39278,426.93,0.445,-0.14,1.0,-45202.9,-491.34,0.973,-0.823,-45870.3,0.048,20.28
G_LEGACY,ANY,SHORT,breadth,hi,HOLDOUT,29768,496.13,0.408,-0.2405,1.0,-81487.3,-1358.12,0.931,-0.852,-84737.9,0.045,22.47
G_LEGACY,ANY,SHORT,mkt_funding,base,TRAIN,168329,914.83,0.435,-0.1283,1.0,-266666.5,-1449.27,0.958,-0.821,-272498.6,0.031,28.75
G_LEGACY,ANY,SHORT,mkt_funding,base,VALID,80149,900.55,0.439,-0.1366,1.0,-104864.3,-1178.25,0.947,-0.831,-137271.0,0.031,28.27
G_LEGACY,ANY,SHORT,mkt_funding,base,TEST,98776,1073.65,0.436,-0.1555,1.0,-135042.4,-1467.85,0.97,-0.829,-136504.2,0.03,31.71
G_LEGACY,ANY,SHORT,mkt_funding,base,HOLDOUT,33304,555.07,0.401,-0.2762,1.0,-88436.7,-1473.95,0.926,-0.85,-90792.6,0.03,16.9
G_LEGACY,ANY,SHORT,mkt_oi,flat,TRAIN,160029,869.72,0.432,-0.1365,1.0,-262385.8,-1426.01,0.954,-0.824,-269820.8,0.032,28.02
G_LEGACY,ANY,SHORT,mkt_oi,flat,VALID,74008,831.55,0.419,-0.1848,1.0,-159020.4,-1786.75,0.928,-0.847,-173050.1,0.032,26.4
G_LEGACY,ANY,SHORT,mkt_oi,flat,TEST,87275,948.64,0.429,-0.1758,1.0,-146794.4,-1595.59,0.965,-0.837,-148842.9,0.031,29.34
G_LEGACY,ANY,SHORT,mkt_oi,flat,HOLDOUT,57829,963.82,0.41,-0.2408,1.0,-134474.4,-2241.24,0.947,-0.84,-138605.9,0.031,29.4
G_LEGACY,ACCEL,SHORT,mkt_trend,side,TRAIN,11667,63.41,0.466,-0.0442,0.78257,-4156.3,-22.59,1.029,-0.793,-11014.6,0.215,13.6
G_LEGACY,ACCEL,SHORT,mkt_trend,side,VALID,5873,65.99,0.414,-0.1887,0.99283,-17876.3,-200.86,0.922,-0.829,-19047.3,0.214,14.12
G_LEGACY,ACCEL,SHORT,mkt_trend,side,TEST,6823,74.16,0.448,-0.1168,0.98263,-5055.5,-54.95,1.011,-0.807,-7143.0,0.208,15.41
G_LEGACY,ACCEL,SHORT,mkt_trend,side,HOLDOUT,5532,92.2,0.421,-0.194,0.99982,-11381.4,-189.69,0.958,-0.815,-13780.2,0.212,19.58
G_LEGACY,ACCEL,SHORT,breadth,hi,TRAIN,7742,42.08,0.442,-0.0879,0.9201,-11466.1,-62.32,0.94,-0.813,-14551.8,0.312,13.15
G_LEGACY,ACCEL,SHORT,breadth,hi,VALID,4741,53.27,0.416,-0.1792,0.99415,-11197.3,-125.81,0.91,-0.837,-15686.1,0.263,14.01
G_LEGACY,ACCEL,SHORT,breadth,hi,TEST,4299,46.73,0.44,-0.12,0.98589,-3750.5,-40.77,0.948,-0.801,-5932.5,0.319,14.9
G_LEGACY,ACCEL,SHORT,breadth,hi,HOLDOUT,3820,63.67,0.406,-0.2299,0.9995,-12855.6,-214.26,0.899,-0.844,-13108.3,0.264,16.8
G_LEGACY,ACCEL,SHORT,mkt_funding,base,TRAIN,19486,105.9,0.442,-0.0863,0.97463,-26392.1,-143.44,1.022,-0.814,-26846.7,0.206,21.82
G_LEGACY,ACCEL,SHORT,mkt_funding,base,VALID,9269,104.15,0.45,-0.0917,0.93264,-7843.9,-88.13,0.96,-0.807,-15877.1,0.21,21.91
G_LEGACY,ACCEL,SHORT,mkt_funding,base,TEST,12389,134.66,0.418,-0.1685,0.99992,-22383.3,-243.3,0.973,-0.831,-23768.5,0.19,25.58
G_LEGACY,ACCEL,SHORT,mkt_funding,base,HOLDOUT,3864,64.4,0.401,-0.2457,1.0,-10505.0,-175.08,0.95,-0.834,-11618.6,0.217,13.95
G_LEGACY,ACCEL,SHORT,mkt_oi,flat,TRAIN,18481,100.44,0.442,-0.09,0.9741,-28074.8,-152.58,0.995,-0.811,-28074.8,0.21,21.11
G_LEGACY,ACCEL,SHORT,mkt_oi,flat,VALID,9004,101.17,0.412,-0.1919,0.99889,-25633.3,-288.01,0.921,-0.831,-27629.4,0.203,20.51
G_LEGACY,ACCEL,SHORT,mkt_oi,flat,TEST,10901,118.49,0.416,-0.1775,0.99986,-19985.6,-217.23,0.972,-0.837,-23603.7,0.196,23.28
G_LEGACY,ACCEL,SHORT,mkt_oi,flat,HOLDOUT,6986,116.43,0.412,-0.2236,0.99999,-17751.5,-295.86,0.944,-0.828,-21465.9,0.207,24.07
G_LEGACY,VOL_PRICE,SHORT,mkt_trend,side,TRAIN,16411,89.19,0.455,-0.0597,0.91665,-8794.9,-47.8,1.033,-0.817,-12236.4,0.182,16.21
G_LEGACY,VOL_PRICE,SHORT,mkt_trend,side,VALID,7873,88.46,0.423,-0.1628,0.99781,-17313.4,-194.53,0.951,-0.841,-18414.0,0.182,16.08
G_LEGACY,VOL_PRICE,SHORT,mkt_trend,side,TEST,9756,106.04,0.414,-0.1928,0.99999,-18683.7,-203.08,0.97,-0.842,-19338.0,0.169,17.95
G_LEGACY,VOL_PRICE,SHORT,mkt_trend,side,HOLDOUT,7811,130.18,0.432,-0.1819,1.0,-14653.8,-244.23,0.999,-0.83,-15477.4,0.17,22.12
G_LEGACY,VOL_PRICE,SHORT,breadth,hi,TRAIN,10702,58.16,0.443,-0.0887,0.97918,-15983.4,-86.87,0.961,-0.83,-19281.8,0.29,16.86
G_LEGACY,VOL_PRICE,SHORT,breadth,hi,VALID,5742,64.52,0.398,-0.2152,1.0,-16014.0,-179.93,0.907,-0.864,-18270.9,0.267,17.22
G_LEGACY,VOL_PRICE,SHORT,breadth,hi,TEST,6003,65.25,0.429,-0.156,0.99993,-5247.6,-57.04,0.947,-0.832,-6124.4,0.274,17.87
G_LEGACY,VOL_PRICE,SHORT,breadth,hi,HOLDOUT,5116,85.27,0.407,-0.235,0.99999,-16468.1,-274.47,0.93,-0.855,-16769.2,0.233,19.88
G_LEGACY,VOL_PRICE,SHORT,mkt_funding,base,TRAIN,27368,148.74,0.44,-0.0854,0.99524,-34456.5,-187.26,1.025,-0.828,-36219.4,0.177,26.29
G_LEGACY,VOL_PRICE,SHORT,mkt_funding,base,VALID,12484,140.27,0.44,-0.1164,0.99618,-18444.2,-207.24,0.96,-0.828,-21091.1,0.184,25.79
G_LEGACY,VOL_PRICE,SHORT,mkt_funding,base,TEST,17080,185.65,0.406,-0.1981,1.0,-37500.3,-407.61,0.959,-0.851,-38154.7,0.16,29.68
G_LEGACY,VOL_PRICE,SHORT,mkt_funding,base,HOLDOUT,5763,96.05,0.401,-0.2602,1.0,-17773.1,-296.22,0.943,-0.857,-17854.8,0.167,16.0
G_LEGACY,VOL_PRICE,SHORT,mkt_oi,flat,TRAIN,26006,141.34,0.438,-0.0941,0.99672,-37595.5,-204.32,1.001,-0.826,-37902.5,0.181,25.65
G_LEGACY,VOL_PRICE,SHORT,mkt_oi,flat,VALID,11876,133.44,0.417,-0.1763,0.99996,-30809.4,-346.17,0.939,-0.845,-31699.2,0.18,23.98
G_LEGACY,VOL_PRICE,SHORT,mkt_oi,flat,TEST,15094,164.07,0.399,-0.2122,1.0,-35885.7,-390.06,0.954,-0.855,-36638.1,0.165,27.04
G_LEGACY,VOL_PRICE,SHORT,mkt_oi,flat,HOLDOUT,9958,165.97,0.419,-0.209,1.0,-24258.9,-404.32,0.977,-0.838,-25569.6,0.165,27.38
G_LEGACY,SQUEEZE_EXP,LONG,mkt_trend,side,TRAIN,11131,60.49,0.391,-0.2324,1.0,-30089.0,-163.53,0.943,-0.873,-31543.6,0.26,15.71
G_LEGACY,SQUEEZE_EXP,LONG,mkt_trend,side,VALID,5349,60.1,0.384,-0.2578,0.99999,-13372.3,-150.25,0.93,-0.883,-14932.7,0.274,16.48
G_LEGACY,SQUEEZE_EXP,LONG,mkt_trend,side,TEST,7052,76.65,0.412,-0.2495,1.0,-10869.9,-118.15,0.981,-0.845,-11181.0,0.248,19.0
G_LEGACY,SQUEEZE_EXP,LONG,mkt_trend,side,HOLDOUT,5631,93.85,0.411,-0.2314,1.0,-10932.7,-182.21,0.982,-0.86,-12161.4,0.244,22.92
G_LEGACY,SQUEEZE_EXP,LONG,breadth,hi,TRAIN,8562,46.53,0.416,-0.1674,0.99968,-11866.0,-64.49,0.986,-0.846,-12027.9,0.336,15.64
G_LEGACY,SQUEEZE_EXP,LONG,breadth,hi,VALID,4668,52.45,0.4,-0.2029,0.99986,-10447.9,-117.39,0.979,-0.858,-11544.8,0.32,16.81
G_LEGACY,SQUEEZE_EXP,LONG,breadth,hi,TEST,4531,49.25,0.409,-0.2529,1.0,-8380.2,-91.09,0.985,-0.846,-8952.7,0.357,17.59
G_LEGACY,SQUEEZE_EXP,LONG,breadth,hi,HOLDOUT,3881,64.68,0.395,-0.2757,1.0,-8961.8,-149.36,0.969,-0.878,-9116.7,0.313,20.23
G_LEGACY,SQUEEZE_EXP,LONG,mkt_funding,base,TRAIN,18668,101.46,0.423,-0.1562,0.99999,-26776.0,-145.52,0.974,-0.849,-30576.5,0.249,25.23
G_LEGACY,SQUEEZE_EXP,LONG,mkt_funding,base,VALID,9648,108.4,0.384,-0.2446,1.0,-26835.5,-301.52,0.938,-0.878,-27143.6,0.241,26.17
G_LEGACY,SQUEEZE_EXP,LONG,mkt_funding,base,TEST,11994,130.37,0.432,-0.17,0.99997,-9037.2,-98.23,0.992,-0.829,-9348.4,0.236,30.79
G_LEGACY,SQUEEZE_EXP,LONG,mkt_funding,base,HOLDOUT,4163,69.38,0.413,-0.2204,1.0,-6186.2,-103.1,1.001,-0.842,-6342.2,0.247,17.15
G_LEGACY,SQUEEZE_EXP,LONG,mkt_oi,flat,TRAIN,17789,96.68,0.419,-0.1634,0.99999,-27590.0,-149.95,0.98,-0.854,-31826.4,0.253,24.43
G_LEGACY,SQUEEZE_EXP,LONG,mkt_oi,flat,VALID,9021,101.36,0.396,-0.2152,1.0,-22246.8,-249.96,0.955,-0.868,-22476.5,0.243,24.67
G_LEGACY,SQUEEZE_EXP,LONG,mkt_oi,flat,TEST,10701,116.32,0.436,-0.1635,0.99982,-6550.0,-71.2,0.999,-0.826,-7117.4,0.241,28.05
G_LEGACY,SQUEEZE_EXP,LONG,mkt_oi,flat,HOLDOUT,7045,117.42,0.414,-0.2289,1.0,-11400.4,-190.01,0.982,-0.858,-12028.7,0.247,28.97
G_LEGACY,VOL_PRICE,LONG,mkt_trend,side,TRAIN,13548,73.63,0.41,-0.1608,0.99999,-25921.7,-140.88,0.999,-0.842,-27544.1,0.255,18.75
G_LEGACY,VOL_PRICE,LONG,mkt_trend,side,VALID,6523,73.29,0.459,-0.0426,0.77774,147.2,1.65,1.019,-0.817,-6931.3,0.254,18.58
G_LEGACY,VOL_PRICE,LONG,mkt_trend,side,TEST,8484,92.22,0.396,-0.21,1.0,-15808.5,-171.83,0.969,-0.848,-16659.2,0.235,21.65
G_LEGACY,VOL_PRICE,LONG,mkt_trend,side,HOLDOUT,6433,107.22,0.411,-0.1962,1.0,-11210.4,-186.84,0.992,-0.86,-11819.0,0.253,27.1
G_LEGACY,VOL_PRICE,LONG,breadth,hi,TRAIN,11741,63.81,0.42,-0.1297,0.99987,-15823.0,-85.99,0.989,-0.824,-16807.2,0.289,18.47
G_LEGACY,VOL_PRICE,LONG,breadth,hi,VALID,6411,72.03,0.444,-0.0561,0.86175,-5047.3,-56.71,1.033,-0.819,-6201.4,0.261,18.78
G_LEGACY,VOL_PRICE,LONG,breadth,hi,TEST,6753,73.4,0.386,-0.2276,1.0,-18023.4,-195.91,0.948,-0.862,-18101.9,0.281,20.64
G_LEGACY,VOL_PRICE,LONG,breadth,hi,HOLDOUT,5157,85.95,0.415,-0.1671,0.99972,-10142.9,-169.05,1.033,-0.877,-10240.0,0.271,23.25
G_LEGACY,VOL_PRICE,LONG,mkt_funding,base,TRAIN,22794,123.88,0.41,-0.1586,1.0,-35719.7,-194.13,0.983,-0.86,-36865.4,0.246,30.43
G_LEGACY,VOL_PRICE,LONG,mkt_funding,base,VALID,11292,126.88,0.41,-0.1444,0.99976,-25127.3,-282.33,0.987,-0.847,-26419.7,0.238,30.24
G_LEGACY,VOL_PRICE,LONG,mkt_funding,base,TEST,14368,156.17,0.39,-0.2138,1.0,-31015.6,-337.13,0.95,-0.856,-32574.4,0.226,35.35
G_LEGACY,VOL_PRICE,LONG,mkt_funding,base,HOLDOUT,4713,78.55,0.433,-0.1436,0.99917,-6036.7,-100.61,1.043,-0.851,-7381.4,0.244,19.2
G_LEGACY,VOL_PRICE,LONG,mkt_oi,flat,TRAIN,21461,116.64,0.415,-0.1465,1.0,-33956.0,-184.54,0.994,-0.844,-35099.8,0.248,28.92
G_LEGACY,VOL_PRICE,LONG,mkt_oi,flat,VALID,10705,120.28,0.422,-0.1248,0.99924,-17543.3,-197.12,0.99,-0.841,-19543.5,0.232,27.9
G_LEGACY,VOL_PRICE,LONG,mkt_oi,flat,TEST,12789,139.01,0.391,-0.215,1.0,-27614.0,-300.15,0.95,-0.854,-28529.3,0.23,31.99
G_LEGACY,VOL_PRICE,LONG,mkt_oi,flat,HOLDOUT,7976,132.93,0.411,-0.1862,1.0,-12861.3,-214.35,0.995,-0.865,-13469.9,0.252,33.47
G_LEGACY,ANY,LONG,mkt_trend,side,TRAIN,97584,530.35,0.406,-0.2003,1.0,-212254.9,-1153.56,0.919,-0.836,-217271.0,0.036,19.07
G_LEGACY,ANY,LONG,mkt_trend,side,VALID,46128,518.29,0.423,-0.1624,1.0,-59825.1,-672.19,0.953,-0.832,-74418.4,0.035,18.34
G_LEGACY,ANY,LONG,mkt_trend,side,TEST,54202,589.15,0.412,-0.2054,1.0,-90505.2,-983.75,0.953,-0.837,-94963.1,0.035,20.78
G_LEGACY,ANY,LONG,mkt_trend,side,HOLDOUT,43717,728.62,0.407,-0.2294,1.0,-78726.2,-1312.1,0.946,-0.848,-86626.9,0.034,24.58
G_LEGACY,ANY,LONG,breadth,hi,TRAIN,93257,506.83,0.4,-0.2056,1.0,-219129.4,-1190.92,0.906,-0.826,-221523.2,0.041,20.84
G_LEGACY,ANY,LONG,breadth,hi,VALID,45503,511.27,0.412,-0.1673,1.0,-73901.6,-830.36,0.94,-0.826,-78663.9,0.038,19.55
G_LEGACY,ANY,LONG,breadth,hi,TEST,46653,507.1,0.388,-0.2431,1.0,-119573.9,-1299.72,0.914,-0.843,-121373.9,0.041,20.73
G_LEGACY,ANY,LONG,breadth,hi,HOLDOUT,34898,581.63,0.424,-0.1691,1.0,-40834.3,-680.57,0.982,-0.834,-46522.3,0.039,22.65
G_LEGACY,ANY,LONG,mkt_funding,base,TRAIN,163919,890.86,0.404,-0.2011,1.0,-351543.1,-1910.56,0.906,-0.843,-355849.7,0.035,30.92
G_LEGACY,ANY,LONG,mkt_funding,base,VALID,76597,860.64,0.398,-0.2057,1.0,-186586.5,-2096.48,0.929,-0.842,-190171.8,0.033,28.66
G_LEGACY,ANY,LONG,mkt_funding,base,TEST,94505,1027.23,0.402,-0.2102,1.0,-193172.2,-2099.7,0.932,-0.843,-196586.8,0.033,33.84
G_LEGACY,ANY,LONG,mkt_funding,base,HOLDOUT,32403,540.05,0.42,-0.1907,1.0,-41137.5,-685.62,0.971,-0.836,-43969.8,0.034,18.2
G_LEGACY,ANY,LONG,mkt_oi,flat,TRAIN,155297,844.01,0.405,-0.1972,1.0,-330048.5,-1793.74,0.91,-0.839,-334355.1,0.035,29.93
G_LEGACY,ANY,LONG,mkt_oi,flat,VALID,72210,811.35,0.417,-0.1659,1.0,-120147.6,-1349.97,0.946,-0.831,-126155.2,0.033,26.91
G_LEGACY,ANY,LONG,mkt_oi,flat,TEST,84240,915.65,0.406,-0.2042,1.0,-161578.6,-1756.29,0.937,-0.841,-166601.0,0.034,30.77
G_LEGACY,ANY,LONG,mkt_oi,flat,HOLDOUT,55539,925.65,0.413,-0.2064,1.0,-88601.3,-1476.69,0.952,-0.844,-95505.5,0.033,30.32
G_LEGACY,SWEEP_RECLAIM,SHORT,mkt_trend,side,TRAIN,15771,85.71,0.45,-0.1065,0.99911,-15080.3,-81.96,0.95,-0.847,-16861.0,0.183,15.68
G_LEGACY,SWEEP_RECLAIM,SHORT,mkt_trend,side,VALID,7513,84.42,0.393,-0.2503,1.0,-26844.0,-301.62,0.869,-0.873,-27771.9,0.2,16.87
G_LEGACY,SWEEP_RECLAIM,SHORT,mkt_trend,side,TEST,8788,95.52,0.446,-0.1437,0.99999,-13455.2,-146.25,0.946,-0.849,-14363.6,0.198,18.91
G_LEGACY,SWEEP_RECLAIM,SHORT,mkt_trend,side,HOLDOUT,7469,124.48,0.408,-0.2287,1.0,-22314.2,-371.9,0.901,-0.878,-23285.9,0.187,23.23
G_LEGACY,SWEEP_RECLAIM,SHORT,breadth,hi,TRAIN,20512,111.48,0.462,-0.077,0.99241,-21706.9,-117.97,0.934,-0.801,-24764.9,0.151,16.79
G_LEGACY,SWEEP_RECLAIM,SHORT,breadth,hi,VALID,9951,111.81,0.423,-0.1746,0.99996,-22953.5,-257.9,0.899,-0.844,-25724.3,0.16,17.88
G_LEGACY,SWEEP_RECLAIM,SHORT,breadth,hi,TEST,9487,103.12,0.457,-0.1099,0.9994,-10807.1,-117.47,0.952,-0.828,-11037.0,0.183,18.9
G_LEGACY,SWEEP_RECLAIM,SHORT,breadth,hi,HOLDOUT,8589,143.15,0.405,-0.2198,1.0,-23907.1,-398.45,0.916,-0.877,-25038.8,0.156,22.27
G_LEGACY,SWEEP_RECLAIM,SHORT,mkt_funding,base,TRAIN,26942,146.42,0.455,-0.0904,0.99969,-32906.0,-178.84,0.941,-0.828,-34659.3,0.176,25.77
G_LEGACY,SWEEP_RECLAIM,SHORT,mkt_funding,base,VALID,12988,145.93,0.423,-0.1764,1.0,-27939.4,-313.93,0.906,-0.853,-32793.0,0.183,26.78
G_LEGACY,SWEEP_RECLAIM,SHORT,mkt_funding,base,TEST,14652,159.26,0.456,-0.1082,0.99997,-17155.2,-186.47,0.953,-0.834,-17755.7,0.189,30.16
G_LEGACY,SWEEP_RECLAIM,SHORT,mkt_funding,base,HOLDOUT,5665,94.42,0.408,-0.2353,1.0,-16176.4,-269.61,0.922,-0.889,-19924.6,0.18,17.03
G_LEGACY,SWEEP_RECLAIM,SHORT,mkt_oi,flat,TRAIN,23847,129.6,0.454,-0.0975,0.99976,-33173.0,-180.29,0.939,-0.834,-35346.8,0.188,24.42
G_LEGACY,SWEEP_RECLAIM,SHORT,mkt_oi,flat,VALID,11255,126.46,0.419,-0.1868,1.0,-27105.6,-304.56,0.904,-0.852,-31544.2,0.193,24.4
G_LEGACY,SWEEP_RECLAIM,SHORT,mkt_oi,flat,TEST,12857,139.75,0.453,-0.1167,0.99998,-16853.2,-183.19,0.948,-0.837,-17532.0,0.197,27.53
G_LEGACY,SWEEP_RECLAIM,SHORT,mkt_oi,flat,HOLDOUT,9547,159.12,0.419,-0.1845,1.0,-22449.6,-374.16,0.937,-0.865,-23799.0,0.182,28.9
G_LEGACY,CHANGE_POINT,SHORT,mkt_trend,side,TRAIN,8259,44.89,0.453,-0.0709,0.86567,-6026.0,-32.75,0.96,-0.788,-13564.6,0.261,11.72
G_LEGACY,CHANGE_POINT,SHORT,mkt_trend,side,VALID,3805,42.75,0.439,-0.1245,0.93862,-8039.7,-90.33,0.934,-0.798,-8216.6,0.295,12.61
G_LEGACY,CHANGE_POINT,SHORT,mkt_trend,side,TEST,4714,51.24,0.462,-0.092,0.94346,-2933.6,-31.89,0.989,-0.793,-4654.4,0.286,14.63
G_LEGACY,CHANGE_POINT,SHORT,mkt_trend,side,HOLDOUT,4107,68.45,0.432,-0.1679,0.99988,-7790.4,-129.84,0.929,-0.789,-8088.0,0.258,17.68
G_LEGACY,CHANGE_POINT,SHORT,breadth,hi,TRAIN,7332,39.85,0.449,-0.0732,0.88813,-7279.8,-39.56,0.912,-0.785,-13319.9,0.3,11.93
G_LEGACY,CHANGE_POINT,SHORT,breadth,hi,VALID,4021,45.18,0.436,-0.1334,0.97927,-7879.1,-88.53,0.888,-0.784,-11576.5,0.283,12.76
G_LEGACY,CHANGE_POINT,SHORT,breadth,hi,TEST,3669,39.88,0.463,-0.0853,0.96649,-2449.5,-26.62,0.929,-0.768,-4458.4,0.343,13.67
G_LEGACY,CHANGE_POINT,SHORT,breadth,hi,HOLDOUT,3410,56.83,0.417,-0.2049,0.99841,-10924.4,-182.07,0.86,-0.819,-11941.8,0.275,15.63
G_LEGACY,CHANGE_POINT,SHORT,mkt_funding,base,TRAIN,13338,72.49,0.467,-0.0223,0.67831,1028.1,5.59,1.006,-0.777,-14909.9,0.26,18.88
G_LEGACY,CHANGE_POINT,SHORT,mkt_funding,base,VALID,6597,74.12,0.447,-0.1092,0.96444,-7655.7,-86.02,0.915,-0.79,-13631.7,0.264,19.54
G_LEGACY,CHANGE_POINT,SHORT,mkt_funding,base,TEST,8389,91.18,0.442,-0.1211,0.99832,-11969.0,-130.1,0.961,-0.801,-13635.1,0.259,23.58
G_LEGACY,CHANGE_POINT,SHORT,mkt_funding,base,HOLDOUT,2991,49.85,0.412,-0.2013,0.99952,-9157.1,-152.62,0.915,-0.808,-10047.2,0.254,12.65
G_LEGACY,CHANGE_POINT,SHORT,mkt_oi,flat,TRAIN,12520,68.04,0.465,-0.0292,0.72137,-4315.3,-23.45,0.986,-0.777,-14344.2,0.27,18.39
G_LEGACY,CHANGE_POINT,SHORT,mkt_oi,flat,VALID,6194,69.6,0.421,-0.1686,0.99698,-15267.2,-171.54,0.904,-0.807,-15682.3,0.262,18.24
G_LEGACY,CHANGE_POINT,SHORT,mkt_oi,flat,TEST,7399,80.42,0.444,-0.1167,0.99668,-8841.8,-96.11,0.97,-0.801,-11555.2,0.266,21.42
G_LEGACY,CHANGE_POINT,SHORT,mkt_oi,flat,HOLDOUT,5137,85.62,0.423,-0.1922,1.0,-12505.3,-208.42,0.914,-0.797,-13040.2,0.256,21.9
G_LEGACY,PULLBACK_CONT,LONG,mkt_trend,side,TRAIN,31914,173.45,0.405,-0.2031,1.0,-69778.5,-379.23,0.929,-0.832,-74828.6,0.088,15.33
G_LEGACY,PULLBACK_CONT,LONG,mkt_trend,side,VALID,14834,166.67,0.429,-0.1381,0.99959,-16015.0,-179.94,0.96,-0.808,-24448.0,0.093,15.56
G_LEGACY,PULLBACK_CONT,LONG,mkt_trend,side,TEST,17824,193.74,0.414,-0.191,1.0,-29390.2,-319.46,0.946,-0.826,-31642.9,0.093,17.97
G_LEGACY,PULLBACK_CONT,LONG,mkt_trend,side,HOLDOUT,14354,239.23,0.408,-0.2161,1.0,-22684.4,-378.07,0.933,-0.83,-30995.4,0.09,21.48
G_LEGACY,PULLBACK_CONT,LONG,breadth,hi,TRAIN,34095,185.3,0.397,-0.216,1.0,-89456.5,-486.18,0.901,-0.829,-91398.4,0.091,16.78
G_LEGACY,PULLBACK_CONT,LONG,breadth,hi,VALID,16380,184.04,0.411,-0.1724,1.0,-26523.7,-298.02,0.924,-0.811,-29726.6,0.091,16.72
G_LEGACY,PULLBACK_CONT,LONG,breadth,hi,TEST,16800,182.61,0.389,-0.2406,1.0,-42882.5,-466.11,0.898,-0.837,-45017.4,0.097,17.73
G_LEGACY,PULLBACK_CONT,LONG,breadth,hi,HOLDOUT,12635,210.58,0.432,-0.149,0.99977,-12448.9,-207.48,0.954,-0.813,-16522.5,0.088,18.63
G_LEGACY,PULLBACK_CONT,LONG,mkt_funding,base,TRAIN,53422,290.34,0.392,-0.2299,1.0,-138094.6,-750.51,0.902,-0.842,-142220.6,0.086,24.86
G_LEGACY,PULLBACK_CONT,LONG,mkt_funding,base,VALID,25917,291.2,0.404,-0.1868,1.0,-51426.6,-577.83,0.925,-0.818,-51632.6,0.085,24.76
G_LEGACY,PULLBACK_CONT,LONG,mkt_funding,base,TEST,30371,330.12,0.392,-0.2307,1.0,-70658.0,-768.02,0.912,-0.84,-73849.8,0.087,28.66
G_LEGACY,PULLBACK_CONT,LONG,mkt_funding,base,HOLDOUT,10658,177.63,0.4,-0.2359,1.0,-17930.7,-298.84,0.935,-0.829,-18861.2,0.089,15.77
G_LEGACY,PULLBACK_CONT,LONG,mkt_oi,flat,TRAIN,48386,262.97,0.391,-0.2332,1.0,-124526.9,-676.78,0.907,-0.84,-129020.1,0.09,23.55
G_LEGACY,PULLBACK_CONT,LONG,mkt_oi,flat,VALID,23303,261.83,0.424,-0.1446,0.99999,-29989.0,-336.96,0.947,-0.804,-36276.3,0.088,23.1
G_LEGACY,PULLBACK_CONT,LONG,mkt_oi,flat,TEST,27050,294.02,0.395,-0.2253,1.0,-59669.1,-648.58,0.915,-0.837,-63160.8,0.089,26.09
G_LEGACY,PULLBACK_CONT,LONG,mkt_oi,flat,HOLDOUT,18524,308.73,0.414,-0.1946,1.0,-24984.4,-416.41,0.934,-0.822,-35195.8,0.087,26.93
G_LEGACY,OI_PRICE,LONG,mkt_trend,side,TRAIN,10028,54.5,0.402,-0.1133,0.99999,-19721.6,-107.18,0.96,-0.833,-20662.6,0.317,17.27
G_LEGACY,OI_PRICE,LONG,mkt_trend,side,VALID,4507,50.64,0.446,-0.0101,0.59071,-100.3,-1.13,1.008,-0.806,-6772.1,0.345,17.46
G_LEGACY,OI_PRICE,LONG,mkt_trend,side,TEST,5483,59.6,0.399,-0.1218,1.0,-7966.2,-86.59,0.955,-0.833,-11598.0,0.326,19.41
G_LEGACY,OI_PRICE,LONG,mkt_trend,side,HOLDOUT,4662,77.7,0.42,-0.0711,0.992,-3308.3,-55.14,0.985,-0.834,-5219.1,0.305,23.67
G_LEGACY,OI_PRICE,LONG,breadth,hi,TRAIN,10531,57.23,0.411,-0.0953,0.99825,-15816.8,-85.96,0.94,-0.807,-18515.9,0.313,17.94
G_LEGACY,OI_PRICE,LONG,breadth,hi,VALID,5290,59.44,0.395,-0.1413,0.99924,-16413.5,-184.42,0.925,-0.842,-16791.0,0.31,18.44
G_LEGACY,OI_PRICE,LONG,breadth,hi,TEST,5192,56.43,0.388,-0.1485,1.0,-12856.8,-139.75,0.933,-0.842,-14811.9,0.341,19.23
G_LEGACY,OI_PRICE,LONG,breadth,hi,HOLDOUT,4727,78.78,0.42,-0.0755,0.97835,-4769.7,-79.5,0.982,-0.869,-8560.8,0.278,21.87
G_LEGACY,OI_PRICE,LONG,mkt_funding,base,TRAIN,18511,100.6,0.412,-0.0973,0.99991,-19594.0,-106.49,0.939,-0.82,-31614.2,0.283,28.46
G_LEGACY,OI_PRICE,LONG,mkt_funding,base,VALID,8396,94.34,0.405,-0.1103,0.99966,-21071.8,-236.76,0.959,-0.835,-22937.9,0.3,28.34
G_LEGACY,OI_PRICE,LONG,mkt_funding,base,TEST,10942,118.93,0.39,-0.1445,1.0,-27948.8,-303.79,0.916,-0.828,-31217.7,0.268,31.9
G_LEGACY,OI_PRICE,LONG,mkt_funding,base,HOLDOUT,3588,59.8,0.43,-0.048,0.87579,-3280.0,-54.67,1.0,-0.861,-7327.2,0.297,17.73
G_LEGACY,OI_PRICE,LONG,mkt_oi,flat,TRAIN,17242,93.71,0.41,-0.0979,0.99985,-29822.9,-162.08,0.945,-0.82,-32839.7,0.29,27.2
G_LEGACY,OI_PRICE,LONG,mkt_oi,flat,VALID,7510,84.38,0.409,-0.1073,0.99922,-16555.7,-186.02,0.953,-0.834,-18173.2,0.308,25.96
G_LEGACY,OI_PRICE,LONG,mkt_oi,flat,TEST,9485,103.1,0.395,-0.1283,1.0,-19610.8,-213.16,0.926,-0.822,-22903.2,0.281,28.98
G_LEGACY,OI_PRICE,LONG,mkt_oi,flat,HOLDOUT,6524,108.73,0.418,-0.0781,0.9986,-7147.5,-119.13,0.972,-0.853,-8966.4,0.281,30.58
G_LEGACY,TREND_TRANS,SHORT,mkt_trend,side,TRAIN,13348,72.54,0.429,-0.1458,0.99987,-20219.3,-109.89,0.932,-0.81,-20464.0,0.189,13.68
G_LEGACY,TREND_TRANS,SHORT,mkt_trend,side,VALID,6470,72.7,0.429,-0.1546,0.99848,-11703.9,-131.5,0.943,-0.813,-13448.5,0.2,14.51
G_LEGACY,TREND_TRANS,SHORT,mkt_trend,side,TEST,7751,84.25,0.426,-0.2203,1.0,-12050.8,-130.99,0.947,-0.829,-12788.2,0.195,16.46
G_LEGACY,TREND_TRANS,SHORT,mkt_trend,side,HOLDOUT,6228,103.8,0.402,-0.2707,1.0,-14230.7,-237.18,0.93,-0.823,-15090.9,0.19,19.75
G_LEGACY,TREND_TRANS,SHORT,breadth,hi,TRAIN,5298,28.79,0.435,-0.1474,1.0,-9382.0,-50.99,0.944,-0.813,-9771.0,0.451,12.97
G_LEGACY,TREND_TRANS,SHORT,breadth,hi,VALID,2786,31.3,0.41,-0.1917,0.99999,-6338.4,-71.22,0.9,-0.845,-7910.4,0.438,13.71
G_LEGACY,TREND_TRANS,SHORT,breadth,hi,TEST,3280,35.65,0.436,-0.1907,0.99996,-4117.6,-44.76,0.945,-0.835,-4603.5,0.422,15.04
G_LEGACY,TREND_TRANS,SHORT,breadth,hi,HOLDOUT,2350,39.17,0.409,-0.2522,1.0,-6454.5,-107.57,0.93,-0.832,-6872.1,0.424,16.62
G_LEGACY,TREND_TRANS,SHORT,mkt_funding,base,TRAIN,22868,124.28,0.442,-0.1128,0.99989,-30831.0,-167.56,0.959,-0.804,-31865.2,0.18,22.39
G_LEGACY,TREND_TRANS,SHORT,mkt_funding,base,VALID,11020,123.82,0.462,-0.072,0.96439,-7386.8,-83.0,0.974,-0.807,-13106.0,0.181,22.47
G_LEGACY,TREND_TRANS,SHORT,mkt_funding,base,TEST,13452,146.22,0.432,-0.1761,1.0,-21799.3,-236.95,0.953,-0.827,-22290.2,0.183,26.83
G_LEGACY,TREND_TRANS,SHORT,mkt_funding,base,HOLDOUT,4698,78.3,0.418,-0.251,1.0,-7562.3,-126.04,0.933,-0.805,-8146.7,0.186,14.6
G_LEGACY,TREND_TRANS,SHORT,mkt_oi,flat,TRAIN,21275,115.62,0.439,-0.1229,0.99996,-29401.5,-159.79,0.95,-0.806,-30215.3,0.185,21.35
G_LEGACY,TREND_TRANS,SHORT,mkt_oi,flat,VALID,9750,109.55,0.432,-0.1417,0.99963,-15373.6,-172.74,0.942,-0.827,-19605.1,0.188,20.64
G_LEGACY,TREND_TRANS,SHORT,mkt_oi,flat,TEST,11975,130.16,0.425,-0.1977,1.0,-22763.7,-247.43,0.947,-0.834,-23851.4,0.188,24.46
G_LEGACY,TREND_TRANS,SHORT,mkt_oi,flat,HOLDOUT,8018,133.63,0.401,-0.2721,1.0,-18715.1,-311.92,0.928,-0.823,-19741.4,0.183,24.5
G_LEGACY,BRK_4H,LONG,mkt_trend,side,TRAIN,42819,232.71,0.402,-0.2075,1.0,-90510.3,-491.9,0.953,-0.836,-90666.2,0.087,20.32
G_LEGACY,BRK_4H,LONG,mkt_trend,side,VALID,19946,224.11,0.421,-0.1614,0.99987,-22126.6,-248.61,0.985,-0.843,-31358.9,0.091,20.43
G_LEGACY,BRK_4H,LONG,mkt_trend,side,TEST,24335,264.51,0.395,-0.2545,1.0,-48794.0,-530.37,0.969,-0.848,-49716.2,0.087,22.95
G_LEGACY,BRK_4H,LONG,mkt_trend,side,HOLDOUT,19949,332.48,0.394,-0.2656,1.0,-41154.4,-685.91,0.968,-0.851,-42620.7,0.084,27.77
G_LEGACY,BRK_4H,LONG,breadth,hi,TRAIN,49974,271.6,0.397,-0.2129,1.0,-118550.6,-644.3,0.912,-0.83,-118688.9,0.075,20.4
G_LEGACY,BRK_4H,LONG,breadth,hi,VALID,23324,262.07,0.404,-0.1834,0.99999,-42611.6,-478.78,0.956,-0.846,-47306.6,0.079,20.58
G_LEGACY,BRK_4H,LONG,breadth,hi,TEST,23861,259.36,0.382,-0.258,1.0,-64831.7,-704.69,0.933,-0.852,-65388.2,0.083,21.47
G_LEGACY,BRK_4H,LONG,breadth,hi,HOLDOUT,18646,310.77,0.418,-0.1857,0.99999,-22818.9,-380.31,1.006,-0.847,-27697.5,0.077,23.87
G_LEGACY,BRK_4H,LONG,mkt_funding,base,TRAIN,71589,389.07,0.393,-0.2265,1.0,-176380.7,-958.59,0.921,-0.843,-176593.1,0.085,32.95
G_LEGACY,BRK_4H,LONG,mkt_funding,base,VALID,32975,370.51,0.389,-0.226,1.0,-82377.0,-925.58,0.952,-0.862,-85206.7,0.089,32.96
G_LEGACY,BRK_4H,LONG,mkt_funding,base,TEST,41483,450.9,0.384,-0.2596,1.0,-105118.8,-1142.6,0.939,-0.852,-106041.0,0.083,37.38
G_LEGACY,BRK_4H,LONG,mkt_funding,base,HOLDOUT,15449,257.48,0.417,-0.1961,0.99998,-19954.0,-332.57,1.009,-0.841,-21082.8,0.079,20.45
G_LEGACY,BRK_4H,LONG,mkt_oi,flat,TRAIN,67541,367.07,0.396,-0.2191,1.0,-154786.0,-841.23,0.928,-0.84,-154911.8,0.086,31.55
G_LEGACY,BRK_4H,LONG,mkt_oi,flat,VALID,31270,351.35,0.403,-0.1955,1.0,-62267.1,-699.63,0.964,-0.853,-64222.2,0.087,30.62
G_LEGACY,BRK_4H,LONG,mkt_oi,flat,TEST,37123,403.51,0.387,-0.256,1.0,-89007.4,-967.47,0.943,-0.849,-89721.8,0.084,33.95
G_LEGACY,BRK_4H,LONG,mkt_oi,flat,HOLDOUT,25412,423.53,0.397,-0.2477,1.0,-50829.0,-847.15,0.973,-0.855,-52325.5,0.082,34.9
G_LEGACY,BRK_24H,LONG,mkt_trend,side,TRAIN,13967,75.91,0.393,-0.2125,1.0,-35030.1,-190.38,0.945,-0.839,-37394.6,0.218,16.58
G_LEGACY,BRK_24H,LONG,mkt_trend,side,VALID,6847,76.93,0.46,-0.0288,0.68452,2079.7,23.37,1.044,-0.799,-6781.8,0.23,17.7
G_LEGACY,BRK_24H,LONG,mkt_trend,side,TEST,7916,86.04,0.384,-0.2607,1.0,-19411.3,-210.99,0.96,-0.861,-19412.8,0.233,20.05
G_LEGACY,BRK_24H,LONG,mkt_trend,side,HOLDOUT,6733,112.22,0.413,-0.1608,0.99952,-7457.8,-124.3,1.0,-0.84,-10265.9,0.228,25.53
G_LEGACY,BRK_24H,LONG,breadth,hi,TRAIN,18352,99.74,0.39,-0.2128,1.0,-43891.4,-238.54,0.898,-0.823,-44151.0,0.174,17.38
G_LEGACY,BRK_24H,LONG,breadth,hi,VALID,9045,101.63,0.406,-0.1521,0.9979,-16751.5,-188.22,0.957,-0.834,-18110.7,0.18,18.28
G_LEGACY,BRK_24H,LONG,breadth,hi,TEST,8483,92.21,0.374,-0.2637,1.0,-25929.6,-281.84,0.934,-0.862,-26182.3,0.207,19.08
G_LEGACY,BRK_24H,LONG,breadth,hi,HOLDOUT,7853,130.88,0.423,-0.1283,0.99095,-7904.0,-131.73,1.006,-0.856,-14455.6,0.174,22.83
G_LEGACY,BRK_24H,LONG,mkt_funding,base,TRAIN,23961,130.22,0.39,-0.2144,1.0,-57101.9,-310.34,0.921,-0.837,-57879.9,0.208,27.03
G_LEGACY,BRK_24H,LONG,mkt_funding,base,VALID,11796,132.54,0.409,-0.1407,0.99955,-22492.6,-252.73,0.986,-0.837,-22681.9,0.213,28.29
G_LEGACY,BRK_24H,LONG,mkt_funding,base,TEST,13057,141.92,0.379,-0.2498,1.0,-34820.7,-378.49,0.944,-0.861,-34822.2,0.229,32.45
G_LEGACY,BRK_24H,LONG,mkt_funding,base,HOLDOUT,5294,88.23,0.428,-0.1294,0.97672,-3005.1,-50.08,1.037,-0.864,-8598.1,0.214,18.85
G_LEGACY,BRK_24H,LONG,mkt_oi,flat,TRAIN,21224,115.35,0.393,-0.2099,1.0,-45923.1,-249.58,0.929,-0.838,-47207.9,0.221,25.54
G_LEGACY,BRK_24H,LONG,mkt_oi,flat,VALID,10317,115.92,0.416,-0.1331,0.99901,-16557.3,-186.04,0.985,-0.835,-16989.6,0.224,25.99
G_LEGACY,BRK_24H,LONG,mkt_oi,flat,TEST,11487,124.86,0.381,-0.2474,1.0,-29508.8,-320.75,0.947,-0.859,-29613.1,0.236,29.42
G_LEGACY,BRK_24H,LONG,mkt_oi,flat,HOLDOUT,8587,143.12,0.403,-0.1837,0.99999,-13788.9,-229.81,0.99,-0.87,-14410.0,0.22,31.5
G_LEGACY,MTF_BRK,LONG,mkt_trend,side,TRAIN,19632,106.7,0.391,-0.2276,1.0,-48603.3,-264.15,0.95,-0.844,-48860.8,0.164,17.53
G_LEGACY,MTF_BRK,LONG,mkt_trend,side,VALID,9517,106.93,0.45,-0.0716,0.90102,-2963.7,-33.3,1.032,-0.814,-10731.3,0.174,18.58
G_LEGACY,MTF_BRK,LONG,mkt_trend,side,TEST,11377,123.66,0.395,-0.2418,1.0,-23009.7,-250.11,0.982,-0.85,-23542.0,0.172,21.28
G_LEGACY,MTF_BRK,LONG,mkt_trend,side,HOLDOUT,9475,157.92,0.411,-0.1993,1.0,-12678.2,-211.3,0.991,-0.843,-14959.4,0.164,25.88
G_LEGACY,MTF_BRK,LONG,breadth,hi,TRAIN,24684,134.15,0.387,-0.2249,1.0,-66082.2,-359.14,0.906,-0.834,-66326.1,0.136,18.24
G_LEGACY,MTF_BRK,LONG,breadth,hi,VALID,12312,138.34,0.405,-0.165,0.9996,-23976.2,-269.4,0.957,-0.837,-25922.4,0.138,19.08
G_LEGACY,MTF_BRK,LONG,breadth,hi,TEST,11779,128.03,0.382,-0.2495,1.0,-32599.5,-354.34,0.949,-0.858,-33261.7,0.158,20.25
G_LEGACY,MTF_BRK,LONG,breadth,hi,HOLDOUT,10515,175.25,0.428,-0.1339,0.99587,-9411.9,-156.86,1.01,-0.848,-18077.4,0.132,23.12
G_LEGACY,MTF_BRK,LONG,mkt_funding,base,TRAIN,33177,180.31,0.387,-0.2307,1.0,-86554.3,-470.4,0.926,-0.846,-86739.1,0.161,29.1
G_LEGACY,MTF_BRK,LONG,mkt_funding,base,VALID,16497,185.36,0.404,-0.1689,0.99999,-34975.6,-392.98,0.976,-0.845,-35596.4,0.16,29.69
G_LEGACY,MTF_BRK,LONG,mkt_funding,base,TEST,18751,203.82,0.386,-0.2458,1.0,-44320.2,-481.74,0.96,-0.856,-44852.5,0.167,34.01
G_LEGACY,MTF_BRK,LONG,mkt_funding,base,HOLDOUT,7479,124.65,0.433,-0.1383,0.98739,-4690.6,-78.18,1.036,-0.848,-12860.2,0.154,19.22
G_LEGACY,MTF_BRK,LONG,mkt_oi,flat,TRAIN,29614,160.95,0.388,-0.2326,1.0,-74827.4,-406.67,0.93,-0.847,-74854.7,0.172,27.72
G_LEGACY,MTF_BRK,LONG,mkt_oi,flat,VALID,14668,164.81,0.417,-0.1418,0.99979,-23276.0,-261.53,0.984,-0.835,-24250.7,0.168,27.65
G_LEGACY,MTF_BRK,LONG,mkt_oi,flat,TEST,16592,180.35,0.387,-0.2466,1.0,-37750.8,-410.33,0.962,-0.853,-38083.8,0.171,30.77
G_LEGACY,MTF_BRK,LONG,mkt_oi,flat,HOLDOUT,12271,204.52,0.403,-0.21,1.0,-21002.7,-350.05,0.984,-0.863,-21390.1,0.159,32.42
G_LEGACY,OI_BUILD_BRK,LONG,mkt_trend,side,TRAIN,6830,37.12,0.414,-0.0934,0.99787,-12116.1,-65.85,0.98,-0.833,-16011.0,0.431,16.0
G_LEGACY,OI_BUILD_BRK,LONG,mkt_trend,side,VALID,3262,36.65,0.457,0.0259,0.29484,1163.8,13.08,1.059,-0.816,-3272.2,0.451,16.53
G_LEGACY,OI_BUILD_BRK,LONG,mkt_trend,side,TEST,3751,40.77,0.395,-0.1389,1.0,-7174.3,-77.98,0.957,-0.87,-8061.1,0.451,18.38
G_LEGACY,OI_BUILD_BRK,LONG,mkt_trend,side,HOLDOUT,3348,55.8,0.419,-0.064,0.97137,-3037.4,-50.62,1.008,-0.861,-5366.6,0.429,23.95
G_LEGACY,OI_BUILD_BRK,LONG,breadth,hi,TRAIN,9115,49.54,0.422,-0.0806,0.98981,-12538.7,-68.15,0.939,-0.805,-16032.1,0.353,17.47
G_LEGACY,OI_BUILD_BRK,LONG,breadth,hi,VALID,4430,49.78,0.43,-0.0495,0.84491,-5786.2,-65.01,0.985,-0.823,-9307.9,0.349,17.35
G_LEGACY,OI_BUILD_BRK,LONG,breadth,hi,TEST,4400,47.83,0.375,-0.1839,1.0,-14660.2,-159.35,0.913,-0.871,-16296.2,0.392,18.74
G_LEGACY,OI_BUILD_BRK,LONG,breadth,hi,HOLDOUT,4104,68.4,0.417,-0.0805,0.97173,-4925.2,-82.09,0.994,-0.893,-7153.2,0.318,21.73
G_LEGACY,OI_BUILD_BRK,LONG,mkt_funding,base,TRAIN,12339,67.06,0.414,-0.0882,0.99923,-21802.4,-118.49,0.963,-0.825,-26581.7,0.395,26.49
G_LEGACY,OI_BUILD_BRK,LONG,mkt_funding,base,VALID,5849,65.72,0.405,-0.0913,0.99788,-15801.2,-177.54,0.991,-0.853,-16708.7,0.413,27.11
G_LEGACY,OI_BUILD_BRK,LONG,mkt_funding,base,TEST,6958,75.63,0.386,-0.1507,1.0,-18293.3,-198.84,0.933,-0.869,-19292.8,0.398,30.09
G_LEGACY,OI_BUILD_BRK,LONG,mkt_funding,base,HOLDOUT,2644,44.07,0.429,-0.0309,0.72415,-2625.1,-43.75,1.038,-0.909,-6356.0,0.386,17.0
G_LEGACY,OI_BUILD_BRK,LONG,mkt_oi,flat,TRAIN,11280,61.3,0.416,-0.0816,0.99836,-17534.2,-95.29,0.972,-0.828,-21261.6,0.41,25.12
G_LEGACY,OI_BUILD_BRK,LONG,mkt_oi,flat,VALID,5094,57.24,0.406,-0.0951,0.99723,-11958.7,-134.37,0.984,-0.852,-12533.8,0.424,24.25
G_LEGACY,OI_BUILD_BRK,LONG,mkt_oi,flat,TEST,6081,66.1,0.391,-0.1385,1.0,-14077.0,-153.01,0.938,-0.864,-15221.0,0.411,27.2
G_LEGACY,OI_BUILD_BRK,LONG,mkt_oi,flat,HOLDOUT,4665,77.75,0.401,-0.1038,0.99935,-9436.3,-157.27,0.984,-0.896,-10499.0,0.386,29.98
G_LEGACY,PULLBACK_CONT,SHORT,mkt_trend,side,TRAIN,31685,172.2,0.43,-0.136,0.99993,-43964.9,-238.94,0.956,-0.828,-49738.0,0.093,16.02
G_LEGACY,PULLBACK_CONT,SHORT,mkt_trend,side,VALID,16481,185.18,0.426,-0.1655,0.99991,-29538.7,-331.9,0.957,-0.826,-31925.2,0.086,15.99
G_LEGACY,PULLBACK_CONT,SHORT,mkt_trend,side,TEST,18872,205.13,0.432,-0.1782,0.99999,-24821.2,-269.8,0.984,-0.838,-26457.0,0.09,18.49
G_LEGACY,PULLBACK_CONT,SHORT,mkt_trend,side,HOLDOUT,15361,256.02,0.413,-0.2345,1.0,-24725.2,-412.09,0.962,-0.84,-26895.5,0.086,21.98
G_LEGACY,PULLBACK_CONT,SHORT,breadth,hi,TRAIN,22013,119.64,0.434,-0.1256,0.99992,-30380.4,-165.11,0.968,-0.825,-33996.0,0.146,17.41
G_LEGACY,PULLBACK_CONT,SHORT,breadth,hi,VALID,10793,121.27,0.412,-0.1979,1.0,-22570.1,-253.6,0.948,-0.855,-28156.9,0.15,18.18
G_LEGACY,PULLBACK_CONT,SHORT,breadth,hi,TEST,11990,130.33,0.459,-0.0933,0.98913,-5586.8,-60.73,1.031,-0.813,-9907.0,0.144,18.75
G_LEGACY,PULLBACK_CONT,SHORT,breadth,hi,HOLDOUT,8162,136.03,0.405,-0.2512,1.0,-16873.4,-281.22,0.963,-0.85,-18115.3,0.147,19.93
G_LEGACY,PULLBACK_CONT,SHORT,mkt_funding,base,TRAIN,54429,295.81,0.426,-0.1388,1.0,-94255.7,-512.26,0.957,-0.821,-98200.8,0.087,25.77
G_LEGACY,PULLBACK_CONT,SHORT,mkt_funding,base,VALID,25515,286.69,0.435,-0.1459,0.99998,-33099.1,-371.9,0.962,-0.835,-47435.3,0.088,25.09
G_LEGACY,PULLBACK_CONT,SHORT,mkt_funding,base,TEST,33463,363.73,0.452,-0.1081,0.99959,-18838.2,-204.76,1.003,-0.816,-37563.6,0.081,29.51
G_LEGACY,PULLBACK_CONT,SHORT,mkt_funding,base,HOLDOUT,10924,182.07,0.393,-0.2856,1.0,-24849.6,-414.16,0.928,-0.855,-25741.8,0.089,16.18
G_LEGACY,PULLBACK_CONT,SHORT,mkt_oi,flat,TRAIN,54117,294.11,0.427,-0.1414,1.0,-90794.9,-493.45,0.961,-0.821,-99152.0,0.085,24.96
G_LEGACY,PULLBACK_CONT,SHORT,mkt_oi,flat,VALID,25205,283.2,0.414,-0.1981,1.0,-54571.4,-613.16,0.939,-0.852,-62582.5,0.083,23.57
G_LEGACY,PULLBACK_CONT,SHORT,mkt_oi,flat,TEST,29713,322.97,0.44,-0.1376,0.99999,-34747.5,-377.69,0.993,-0.829,-37138.6,0.084,27.02
G_LEGACY,PULLBACK_CONT,SHORT,mkt_oi,flat,HOLDOUT,19414,323.57,0.414,-0.2213,1.0,-33409.3,-556.82,0.961,-0.838,-35766.0,0.085,27.37
G_LEGACY,BRK_4H,SHORT,mkt_trend,side,TRAIN,43753,237.79,0.439,-0.1265,0.99962,-40527.1,-220.26,0.988,-0.817,-44428.1,0.069,16.38
G_LEGACY,BRK_4H,SHORT,mkt_trend,side,VALID,21109,237.18,0.419,-0.1934,0.99997,-41435.8,-465.57,0.951,-0.852,-44964.6,0.072,17.02
G_LEGACY,BRK_4H,SHORT,mkt_trend,side,TEST,23852,259.26,0.412,-0.2452,1.0,-45493.0,-494.49,0.984,-0.848,-45725.8,0.073,18.95
G_LEGACY,BRK_4H,SHORT,mkt_trend,side,HOLDOUT,18495,308.25,0.409,-0.2759,1.0,-43775.5,-729.59,0.968,-0.842,-45038.2,0.072,22.23
G_LEGACY,BRK_4H,SHORT,breadth,hi,TRAIN,24795,134.76,0.428,-0.1566,1.0,-42774.3,-232.47,0.973,-0.85,-42809.1,0.134,18.05
G_LEGACY,BRK_4H,SHORT,breadth,hi,VALID,12387,139.18,0.396,-0.2439,1.0,-32698.7,-367.4,0.917,-0.877,-36113.3,0.132,18.39
G_LEGACY,BRK_4H,SHORT,breadth,hi,TEST,13675,148.64,0.412,-0.226,1.0,-26855.8,-291.91,0.973,-0.848,-27224.1,0.132,19.63
G_LEGACY,BRK_4H,SHORT,breadth,hi,HOLDOUT,9497,158.28,0.416,-0.2492,1.0,-26274.6,-437.91,0.961,-0.843,-27087.4,0.132,20.85
G_LEGACY,BRK_4H,SHORT,mkt_funding,base,TRAIN,75457,410.09,0.431,-0.1402,1.0,-115058.5,-625.32,0.985,-0.831,-117281.4,0.064,26.35
G_LEGACY,BRK_4H,SHORT,mkt_funding,base,VALID,35010,393.37,0.438,-0.1406,0.99994,-43483.3,-488.58,0.966,-0.839,-55040.8,0.067,26.24
G_LEGACY,BRK_4H,SHORT,mkt_funding,base,TEST,42821,465.45,0.412,-0.2153,1.0,-85336.4,-927.57,0.977,-0.848,-85569.2,0.066,30.8
G_LEGACY,BRK_4H,SHORT,mkt_funding,base,HOLDOUT,13465,224.42,0.397,-0.3006,1.0,-38806.9,-646.78,0.951,-0.848,-40388.5,0.072,16.07
G_LEGACY,BRK_4H,SHORT,mkt_oi,flat,TRAIN,71786,390.14,0.427,-0.1489,1.0,-113969.2,-619.4,0.975,-0.832,-114290.7,0.065,25.41
G_LEGACY,BRK_4H,SHORT,mkt_oi,flat,VALID,31873,358.12,0.41,-0.2076,1.0,-77042.4,-865.65,0.937,-0.862,-79667.6,0.07,24.93
G_LEGACY,BRK_4H,SHORT,mkt_oi,flat,TEST,37799,410.86,0.406,-0.236,1.0,-84447.7,-917.91,0.973,-0.855,-84606.5,0.068,27.84
G_LEGACY,BRK_4H,SHORT,mkt_oi,flat,HOLDOUT,23635,393.92,0.398,-0.2875,1.0,-66390.0,-1106.5,0.964,-0.849,-67840.6,0.071,27.93
G_LEGACY,EARLY_BRK,SHORT,mkt_trend,side,TRAIN,25794,140.18,0.441,-0.1607,0.99991,-20115.9,-109.33,1.004,-0.823,-22526.8,0.105,14.67
G_LEGACY,EARLY_BRK,SHORT,mkt_trend,side,VALID,13250,148.88,0.42,-0.2256,0.99998,-23554.2,-264.65,0.964,-0.858,-26014.9,0.105,15.7
G_LEGACY,EARLY_BRK,SHORT,mkt_trend,side,TEST,16547,179.86,0.412,-0.286,1.0,-29221.7,-317.63,1.011,-0.855,-29425.4,0.098,17.67
G_LEGACY,EARLY_BRK,SHORT,mkt_trend,side,HOLDOUT,12393,206.55,0.408,-0.3312,1.0,-25179.9,-419.67,0.984,-0.843,-27912.6,0.102,21.13
G_LEGACY,EARLY_BRK,SHORT,breadth,hi,TRAIN,16756,91.07,0.438,-0.1567,0.99994,-16960.7,-92.18,0.992,-0.838,-16972.6,0.173,15.72
G_LEGACY,EARLY_BRK,SHORT,breadth,hi,VALID,8675,97.47,0.396,-0.2704,1.0,-20721.0,-232.82,0.93,-0.883,-22797.4,0.171,16.71
G_LEGACY,EARLY_BRK,SHORT,breadth,hi,TEST,9600,104.35,0.412,-0.261,1.0,-16098.1,-174.98,0.994,-0.853,-16195.7,0.17,17.71
G_LEGACY,EARLY_BRK,SHORT,breadth,hi,HOLDOUT,6553,109.22,0.417,-0.2961,1.0,-13977.0,-232.95,0.972,-0.837,-14497.1,0.172,18.75
G_LEGACY,EARLY_BRK,SHORT,mkt_funding,base,TRAIN,43673,237.35,0.437,-0.1608,1.0,-43905.3,-238.62,0.993,-0.831,-45941.5,0.101,24.0
G_LEGACY,EARLY_BRK,SHORT,mkt_funding,base,VALID,21700,243.82,0.434,-0.1805,0.99999,-29372.4,-330.03,0.98,-0.848,-35374.0,0.1,24.34
G_LEGACY,EARLY_BRK,SHORT,mkt_funding,base,TEST,26956,293.0,0.418,-0.2456,1.0,-45179.1,-491.08,1.005,-0.848,-45382.9,0.098,28.82
G_LEGACY,EARLY_BRK,SHORT,mkt_funding,base,HOLDOUT,9278,154.63,0.406,-0.3313,1.0,-19015.9,-316.93,0.982,-0.848,-20296.8,0.102,15.73
G_LEGACY,EARLY_BRK,SHORT,mkt_oi,flat,TRAIN,40898,222.27,0.433,-0.1724,1.0,-44584.4,-242.31,0.99,-0.835,-46158.4,0.104,23.02
G_LEGACY,EARLY_BRK,SHORT,mkt_oi,flat,VALID,19630,220.56,0.414,-0.2286,1.0,-38084.1,-427.91,0.961,-0.864,-41484.6,0.104,22.84
G_LEGACY,EARLY_BRK,SHORT,mkt_oi,flat,TEST,24414,265.37,0.415,-0.2576,1.0,-44299.5,-481.52,1.004,-0.852,-44412.3,0.099,26.23
G_LEGACY,EARLY_BRK,SHORT,mkt_oi,flat,HOLDOUT,15092,251.53,0.4,-0.3421,1.0,-35382.3,-589.7,0.983,-0.85,-38019.2,0.105,26.43
G_LEGACY,TREND_TRANS,LONG,mkt_trend,side,TRAIN,13046,70.9,0.409,-0.1916,1.0,-26985.1,-146.66,0.917,-0.816,-29072.0,0.19,13.47
G_LEGACY,TREND_TRANS,LONG,mkt_trend,side,VALID,6341,71.25,0.412,-0.1785,0.99989,-10975.5,-123.32,0.947,-0.828,-13611.9,0.206,14.65
G_LEGACY,TREND_TRANS,LONG,mkt_trend,side,TEST,7787,84.64,0.409,-0.213,1.0,-14220.3,-154.57,0.943,-0.83,-14677.0,0.202,17.07
G_LEGACY,TREND_TRANS,LONG,mkt_trend,side,HOLDOUT,6281,104.68,0.389,-0.3044,1.0,-15991.2,-266.52,0.942,-0.859,-19141.4,0.199,20.83
G_LEGACY,TREND_TRANS,LONG,breadth,hi,TRAIN,18559,100.86,0.408,-0.1909,1.0,-40901.2,-222.29,0.893,-0.811,-42130.5,0.156,15.72
G_LEGACY,TREND_TRANS,LONG,breadth,hi,VALID,8868,99.64,0.41,-0.1725,0.99995,-14445.7,-162.31,0.918,-0.816,-17215.3,0.165,16.48
G_LEGACY,TREND_TRANS,LONG,breadth,hi,TEST,9509,103.36,0.382,-0.2483,1.0,-26479.8,-287.82,0.891,-0.841,-27463.4,0.173,17.89
G_LEGACY,TREND_TRANS,LONG,breadth,hi,HOLDOUT,6256,104.27,0.4,-0.2482,1.0,-12096.5,-201.61,0.962,-0.854,-14794.5,0.185,19.28
G_LEGACY,TREND_TRANS,LONG,mkt_funding,base,TRAIN,21852,118.76,0.401,-0.213,1.0,-51353.1,-279.09,0.893,-0.824,-52565.1,0.189,22.45
G_LEGACY,TREND_TRANS,LONG,mkt_funding,base,VALID,10410,116.97,0.397,-0.2088,1.0,-23552.3,-264.63,0.922,-0.834,-25944.7,0.195,22.87
G_LEGACY,TREND_TRANS,LONG,mkt_funding,base,TEST,13501,146.75,0.388,-0.2421,1.0,-34848.0,-378.78,0.906,-0.844,-35269.7,0.185,27.12
G_LEGACY,TREND_TRANS,LONG,mkt_funding,base,HOLDOUT,4725,78.75,0.399,-0.2549,1.0,-10330.0,-172.17,0.969,-0.838,-10347.5,0.193,15.18
G_LEGACY,TREND_TRANS,LONG,mkt_oi,flat,TRAIN,21079,114.56,0.405,-0.2036,1.0,-45906.1,-249.49,0.898,-0.825,-47650.8,0.189,21.61
G_LEGACY,TREND_TRANS,LONG,mkt_oi,flat,VALID,10098,113.46,0.413,-0.1753,0.99999,-17206.2,-193.33,0.929,-0.82,-20911.9,0.19,21.52
G_LEGACY,TREND_TRANS,LONG,mkt_oi,flat,TEST,12020,130.65,0.392,-0.2356,1.0,-28994.1,-315.15,0.911,-0.841,-30010.9,0.19,24.83
G_LEGACY,TREND_TRANS,LONG,mkt_oi,flat,HOLDOUT,7825,130.42,0.39,-0.2856,1.0,-19990.1,-333.17,0.944,-0.849,-22512.8,0.196,25.53
G_LEGACY,CHANGE_POINT,LONG,mkt_trend,side,TRAIN,8499,46.19,0.404,-0.1624,0.99938,-19312.2,-104.96,0.915,-0.824,-20166.6,0.303,13.97
G_LEGACY,CHANGE_POINT,LONG,mkt_trend,side,VALID,3653,41.04,0.464,-0.0203,0.60214,3746.4,42.09,0.996,-0.797,-4382.6,0.357,14.65
G_LEGACY,CHANGE_POINT,LONG,mkt_trend,side,TEST,4567,49.64,0.387,-0.2434,0.99998,-8813.5,-95.8,0.938,-0.836,-11280.8,0.351,17.42
G_LEGACY,CHANGE_POINT,LONG,mkt_trend,side,HOLDOUT,3991,66.52,0.405,-0.2082,0.99997,-8754.9,-145.92,0.917,-0.848,-10346.1,0.33,21.97
G_LEGACY,CHANGE_POINT,LONG,breadth,hi,TRAIN,5590,30.38,0.427,-0.0974,0.94431,-8109.2,-44.07,0.967,-0.798,-9578.2,0.4,12.16
G_LEGACY,CHANGE_POINT,LONG,breadth,hi,VALID,2821,31.7,0.426,-0.1222,0.95773,-3071.4,-34.51,0.957,-0.849,-4532.6,0.433,13.72
G_LEGACY,CHANGE_POINT,LONG,breadth,hi,TEST,2678,29.11,0.381,-0.249,0.99985,-5615.3,-61.04,0.963,-0.864,-7265.0,0.508,14.79
G_LEGACY,CHANGE_POINT,LONG,breadth,hi,HOLDOUT,2323,38.72,0.4,-0.1882,0.99365,-7686.5,-128.11,1.004,-0.879,-8195.4,0.467,18.08
G_LEGACY,CHANGE_POINT,LONG,mkt_funding,base,TRAIN,14398,78.25,0.417,-0.144,0.99969,-29564.0,-160.67,0.915,-0.822,-31511.8,0.291,22.79
G_LEGACY,CHANGE_POINT,LONG,mkt_funding,base,VALID,5971,67.09,0.402,-0.1632,0.99589,-11958.1,-134.36,0.946,-0.84,-14690.2,0.352,23.62
G_LEGACY,CHANGE_POINT,LONG,mkt_funding,base,TEST,8116,88.22,0.389,-0.2206,1.0,-17220.1,-187.17,0.913,-0.828,-20032.0,0.322,28.41
G_LEGACY,CHANGE_POINT,LONG,mkt_funding,base,HOLDOUT,2795,46.58,0.455,-0.0926,0.92363,-717.0,-11.95,1.009,-0.805,-3060.1,0.35,16.28
G_LEGACY,CHANGE_POINT,LONG,mkt_oi,flat,TRAIN,13965,75.9,0.417,-0.1368,0.99926,-33017.2,-179.44,0.916,-0.809,-35723.3,0.286,21.71
G_LEGACY,CHANGE_POINT,LONG,mkt_oi,flat,VALID,6046,67.93,0.412,-0.1493,0.99441,-11555.2,-129.83,0.943,-0.837,-14818.7,0.32,21.72
G_LEGACY,CHANGE_POINT,LONG,mkt_oi,flat,TEST,7275,79.08,0.389,-0.2225,1.0,-15702.4,-170.68,0.911,-0.831,-18070.9,0.323,25.52
G_LEGACY,CHANGE_POINT,LONG,mkt_oi,flat,HOLDOUT,4881,81.35,0.419,-0.1701,0.99996,-6447.8,-107.46,0.939,-0.842,-8678.5,0.341,27.72
G_LEGACY,OI_COVER,SHORT,mkt_trend,side,TRAIN,10051,54.62,0.455,-0.0368,0.78394,-4712.8,-25.61,0.927,-0.772,-12495.8,0.22,12.01
G_LEGACY,OI_COVER,SHORT,mkt_trend,side,VALID,4228,47.51,0.45,-0.0694,0.88137,-7149.4,-80.33,0.898,-0.775,-7356.1,0.269,12.76
G_LEGACY,OI_COVER,SHORT,mkt_trend,side,TEST,5059,54.99,0.44,-0.0886,0.97104,-8407.9,-91.39,0.909,-0.776,-9250.7,0.252,13.86
G_LEGACY,OI_COVER,SHORT,mkt_trend,side,HOLDOUT,4330,72.17,0.414,-0.1726,1.0,-15382.8,-256.38,0.835,-0.799,-15953.5,0.228,16.47
G_LEGACY,OI_COVER,SHORT,breadth,hi,TRAIN,7026,38.18,0.446,-0.0666,0.91517,-14952.7,-81.26,0.868,-0.796,-19403.5,0.324,12.36
G_LEGACY,OI_COVER,SHORT,breadth,hi,VALID,3321,37.31,0.432,-0.122,0.98544,-7577.9,-85.14,0.814,-0.772,-10151.2,0.349,13.01
G_LEGACY,OI_COVER,SHORT,breadth,hi,TEST,3483,37.86,0.425,-0.1204,0.99582,-10864.1,-118.09,0.844,-0.774,-11991.2,0.368,13.92
G_LEGACY,OI_COVER,SHORT,breadth,hi,HOLDOUT,3030,50.5,0.411,-0.175,1.0,-13882.2,-231.37,0.814,-0.803,-15111.1,0.29,14.63
G_LEGACY,OI_COVER,SHORT,mkt_funding,base,TRAIN,18761,101.96,0.447,-0.0465,0.90294,-29296.8,-159.22,0.958,-0.782,-29982.2,0.194,19.76
G_LEGACY,OI_COVER,SHORT,mkt_funding,base,VALID,7685,86.35,0.465,-0.0379,0.81166,-1575.8,-17.71,0.896,-0.763,-7952.4,0.224,19.38
G_LEGACY,OI_COVER,SHORT,mkt_funding,base,TEST,10481,113.92,0.416,-0.1332,0.99973,-24670.3,-268.16,0.899,-0.802,-25491.9,0.202,23.02
G_LEGACY,OI_COVER,SHORT,mkt_funding,base,HOLDOUT,3039,50.65,0.401,-0.1985,1.0,-12209.6,-203.49,0.812,-0.789,-13000.8,0.235,11.88
G_LEGACY,OI_COVER,SHORT,mkt_oi,flat,TRAIN,17376,94.43,0.452,-0.038,0.84184,-21512.6,-116.92,0.949,-0.777,-22010.6,0.203,19.17
G_LEGACY,OI_COVER,SHORT,mkt_oi,flat,VALID,6652,74.74,0.421,-0.1378,0.99875,-18194.7,-204.44,0.847,-0.799,-18502.2,0.246,18.4
G_LEGACY,OI_COVER,SHORT,mkt_oi,flat,TEST,9079,98.68,0.405,-0.1599,0.99999,-27780.8,-301.97,0.88,-0.81,-28853.7,0.212,20.92
G_LEGACY,OI_COVER,SHORT,mkt_oi,flat,HOLDOUT,6164,102.73,0.4,-0.2015,1.0,-26404.3,-440.07,0.815,-0.803,-26975.0,0.198,20.33
G_LEGACY,EARLY_BRK,LONG,mkt_trend,side,TRAIN,26661,144.9,0.401,-0.2534,1.0,-56228.0,-305.59,0.961,-0.842,-56228.0,0.119,17.28
G_LEGACY,EARLY_BRK,LONG,mkt_trend,side,VALID,12216,137.26,0.408,-0.247,1.0,-18526.2,-208.16,0.965,-0.862,-21262.4,0.13,17.9
G_LEGACY,EARLY_BRK,LONG,mkt_trend,side,TEST,16037,174.32,0.394,-0.3128,1.0,-30806.9,-334.86,0.981,-0.847,-31668.1,0.121,21.13
G_LEGACY,EARLY_BRK,LONG,mkt_trend,side,HOLDOUT,12971,216.18,0.384,-0.3571,1.0,-30966.6,-516.11,0.962,-0.857,-31698.6,0.118,25.43
G_LEGACY,EARLY_BRK,LONG,breadth,hi,TRAIN,27298,148.36,0.396,-0.2589,1.0,-64576.8,-350.96,0.926,-0.841,-64855.5,0.115,17.12
G_LEGACY,EARLY_BRK,LONG,breadth,hi,VALID,12349,138.75,0.387,-0.2774,1.0,-27376.0,-307.6,0.949,-0.874,-27721.2,0.127,17.57
G_LEGACY,EARLY_BRK,LONG,breadth,hi,TEST,13713,149.05,0.389,-0.2997,1.0,-30561.2,-332.19,0.96,-0.851,-31527.7,0.131,19.59
G_LEGACY,EARLY_BRK,LONG,breadth,hi,HOLDOUT,9629,160.48,0.402,-0.3202,1.0,-17444.5,-290.74,1.002,-0.846,-17826.1,0.136,21.82
G_LEGACY,EARLY_BRK,LONG,mkt_funding,base,TRAIN,42663,231.86,0.389,-0.2792,1.0,-105848.7,-575.26,0.924,-0.853,-105848.7,0.119,27.67
G_LEGACY,EARLY_BRK,LONG,mkt_funding,base,VALID,19295,216.8,0.381,-0.2964,1.0,-46735.6,-525.12,0.938,-0.876,-47142.5,0.132,28.54
G_LEGACY,EARLY_BRK,LONG,mkt_funding,base,TEST,26001,282.62,0.387,-0.3066,1.0,-58411.2,-634.9,0.956,-0.849,-58895.0,0.12,33.92
G_LEGACY,EARLY_BRK,LONG,mkt_funding,base,HOLDOUT,9494,158.23,0.396,-0.3224,1.0,-18318.6,-305.31,0.99,-0.841,-18835.0,0.118,18.67
G_LEGACY,EARLY_BRK,LONG,mkt_oi,flat,TRAIN,41733,226.81,0.393,-0.2684,1.0,-98237.4,-533.9,0.93,-0.848,-98237.4,0.117,26.47
G_LEGACY,EARLY_BRK,LONG,mkt_oi,flat,VALID,18987,213.34,0.399,-0.253,1.0,-36182.5,-406.55,0.956,-0.866,-37161.8,0.125,26.61
G_LEGACY,EARLY_BRK,LONG,mkt_oi,flat,TEST,23526,255.72,0.389,-0.306,1.0,-51399.5,-558.69,0.959,-0.848,-52472.6,0.121,30.87
G_LEGACY,EARLY_BRK,LONG,mkt_oi,flat,HOLDOUT,15563,259.38,0.388,-0.3451,1.0,-34917.2,-581.95,0.968,-0.854,-35679.6,0.119,30.88
G_LEGACY,BRK_4H,SHORT,breadth,lo,TRAIN,56358,306.29,0.423,-0.1495,1.0,-97181.8,-528.16,0.98,-0.828,-100619.6,0.065,19.76
G_LEGACY,BRK_4H,SHORT,breadth,lo,VALID,29096,326.92,0.44,-0.1302,0.99944,-38994.0,-438.13,0.968,-0.835,-49674.5,0.066,21.42
G_LEGACY,BRK_4H,SHORT,breadth,lo,TEST,29172,317.09,0.413,-0.2106,1.0,-58993.1,-641.23,0.978,-0.848,-59099.1,0.07,22.34
G_LEGACY,BRK_4H,SHORT,breadth,lo,HOLDOUT,16358,272.63,0.381,-0.3195,1.0,-51658.5,-860.97,0.949,-0.86,-52873.3,0.078,21.23
G_LEGACY,ANY,SHORT,breadth,lo,TRAIN,107223,582.73,0.422,-0.1516,1.0,-214816.8,-1167.48,0.956,-0.826,-217043.0,0.038,21.88
G_LEGACY,ANY,SHORT,breadth,lo,VALID,58181,653.72,0.443,-0.1192,0.99989,-70525.6,-792.42,0.958,-0.825,-102103.2,0.035,23.07
G_LEGACY,ANY,SHORT,breadth,lo,TEST,59619,648.03,0.429,-0.1669,1.0,-92120.0,-1001.3,0.967,-0.834,-94957.0,0.037,23.68
G_LEGACY,ANY,SHORT,breadth,lo,HOLDOUT,35611,593.52,0.396,-0.2691,1.0,-96775.6,-1612.93,0.937,-0.846,-99798.3,0.039,23.0
G_LEGACY,EARLY_BRK,SHORT,breadth,lo,TRAIN,28446,154.6,0.427,-0.1866,1.0,-37199.9,-202.17,0.981,-0.836,-39703.3,0.114,17.7
G_LEGACY,EARLY_BRK,SHORT,breadth,lo,VALID,16151,181.47,0.447,-0.1503,0.99932,-19015.6,-213.66,0.997,-0.833,-20424.9,0.109,19.85
G_LEGACY,EARLY_BRK,SHORT,breadth,lo,TEST,17359,188.68,0.422,-0.2369,1.0,-29069.0,-315.97,1.011,-0.846,-29175.2,0.109,20.53
G_LEGACY,EARLY_BRK,SHORT,breadth,lo,HOLDOUT,9818,163.63,0.382,-0.3816,1.0,-26953.4,-449.22,0.974,-0.867,-29278.9,0.121,19.77
G_LEGACY,OI_PRICE,LONG,breadth,lo,TRAIN,9742,52.95,0.41,-0.1026,0.99926,-8593.5,-46.7,0.929,-0.834,-25195.5,0.375,19.87
G_LEGACY,OI_PRICE,LONG,breadth,lo,VALID,4889,54.93,0.433,-0.0616,0.91375,-6365.4,-71.52,0.967,-0.809,-10749.3,0.401,22.02
G_LEGACY,OI_PRICE,LONG,breadth,lo,TEST,5767,62.68,0.391,-0.1396,0.99999,-15043.1,-163.51,0.902,-0.815,-17617.1,0.355,22.24
G_LEGACY,OI_PRICE,LONG,breadth,lo,HOLDOUT,3385,56.42,0.422,-0.0589,0.95135,-4617.5,-76.96,0.965,-0.829,-6008.2,0.378,21.35
G_LEGACY,TREND_TRANS,SHORT,breadth,lo,TRAIN,18811,102.23,0.437,-0.1189,0.99961,-27139.9,-147.5,0.952,-0.808,-29330.3,0.172,17.57
G_LEGACY,TREND_TRANS,SHORT,breadth,lo,VALID,9756,109.62,0.461,-0.0682,0.94021,-8372.8,-94.08,0.971,-0.803,-12646.9,0.173,18.96
G_LEGACY,TREND_TRANS,SHORT,breadth,lo,TEST,10202,110.89,0.429,-0.1733,0.99999,-18245.4,-198.32,0.954,-0.825,-18761.3,0.179,19.89
G_LEGACY,TREND_TRANS,SHORT,breadth,lo,HOLDOUT,6481,108.02,0.391,-0.2944,1.0,-16683.6,-278.06,0.909,-0.828,-17612.1,0.178,19.25
G_LEGACY,PULLBACK_CONT,LONG,breadth,lo,TRAIN,22752,123.65,0.394,-0.2238,1.0,-53267.3,-289.5,0.916,-0.856,-57253.7,0.161,19.85
G_LEGACY,PULLBACK_CONT,LONG,breadth,lo,VALID,13203,148.35,0.41,-0.1658,1.0,-24595.3,-276.35,0.931,-0.814,-24930.5,0.146,21.65
G_LEGACY,PULLBACK_CONT,LONG,breadth,lo,TEST,13575,147.55,0.397,-0.2182,1.0,-27724.7,-301.36,0.93,-0.843,-28794.8,0.145,21.46
G_LEGACY,PULLBACK_CONT,LONG,breadth,lo,HOLDOUT,9019,150.32,0.414,-0.1821,1.0,-10672.6,-177.88,0.938,-0.832,-15386.8,0.141,21.25
G_LEGACY,ANY,LONG,breadth,lo,TRAIN,84783,460.78,0.413,-0.1795,1.0,-154042.1,-837.19,0.911,-0.859,-159505.7,0.052,24.16
G_LEGACY,ANY,LONG,breadth,lo,VALID,46602,523.62,0.41,-0.1845,1.0,-103740.9,-1165.63,0.93,-0.84,-105599.0,0.048,25.06
G_LEGACY,ANY,LONG,breadth,lo,TEST,48002,521.76,0.417,-0.1762,1.0,-72326.7,-786.16,0.949,-0.842,-74797.3,0.048,25.07
G_LEGACY,ANY,LONG,breadth,lo,HOLDOUT,28825,480.42,0.419,-0.1853,1.0,-42885.0,-714.75,0.941,-0.85,-46586.5,0.05,24.17
G_LEGACY,TREND_TRANS,LONG,breadth,lo,TRAIN,5504,29.91,0.39,-0.2429,1.0,-14816.3,-80.52,0.915,-0.867,-15093.6,0.499,14.93
G_LEGACY,TREND_TRANS,LONG,breadth,lo,VALID,3668,41.21,0.407,-0.1937,0.99999,-7471.7,-83.95,0.931,-0.838,-8034.1,0.423,17.44
G_LEGACY,TREND_TRANS,LONG,breadth,lo,TEST,3995,43.42,0.403,-0.2273,1.0,-8464.4,-92.0,0.943,-0.85,-8989.3,0.426,18.51
G_LEGACY,TREND_TRANS,LONG,breadth,lo,HOLDOUT,2571,42.85,0.398,-0.2696,1.0,-7378.0,-122.97,0.942,-0.859,-7638.6,0.418,17.92
G_LEGACY,SWEEP_RECLAIM,SHORT,breadth,lo,TRAIN,7478,40.64,0.43,-0.1434,1.0,-17433.2,-94.75,0.948,-0.909,-17813.4,0.422,17.13
G_LEGACY,SWEEP_RECLAIM,SHORT,breadth,lo,VALID,4460,50.11,0.417,-0.1867,1.0,-10674.1,-119.93,0.91,-0.873,-13320.2,0.412,20.63
G_LEGACY,SWEEP_RECLAIM,SHORT,breadth,lo,TEST,5172,56.22,0.456,-0.1059,0.99919,-6534.5,-71.03,0.954,-0.844,-7217.8,0.371,20.86
G_LEGACY,SWEEP_RECLAIM,SHORT,breadth,lo,HOLDOUT,3442,57.37,0.403,-0.2092,1.0,-12283.5,-204.72,0.922,-0.883,-13004.5,0.356,20.43
G_LEGACY,ACCEL,SHORT,breadth,lo,TRAIN,13024,70.78,0.432,-0.1108,0.97459,-23434.1,-127.36,1.045,-0.823,-24515.3,0.209,14.82
G_LEGACY,ACCEL,SHORT,breadth,lo,VALID,6908,77.62,0.431,-0.1268,0.95099,-13764.5,-154.66,0.941,-0.822,-18425.3,0.228,17.7
G_LEGACY,ACCEL,SHORT,breadth,lo,TEST,8095,87.99,0.407,-0.1948,0.99913,-18844.4,-204.83,0.985,-0.848,-20201.5,0.208,18.29
G_LEGACY,ACCEL,SHORT,breadth,lo,HOLDOUT,4141,69.02,0.4,-0.2497,0.99977,-11773.4,-196.22,0.952,-0.829,-15527.4,0.239,16.5
G_LEGACY,BRK_4H,LONG,breadth,lo,TRAIN,28160,153.04,0.391,-0.2297,1.0,-68252.3,-370.94,0.944,-0.863,-69149.1,0.164,25.04
G_LEGACY,BRK_4H,LONG,breadth,lo,VALID,16160,181.57,0.398,-0.2084,1.0,-35909.5,-403.48,0.965,-0.86,-36003.9,0.154,27.92
G_LEGACY,BRK_4H,LONG,breadth,lo,TEST,17702,192.41,0.388,-0.2582,1.0,-39704.6,-431.57,0.949,-0.85,-40310.5,0.144,27.66
G_LEGACY,BRK_4H,LONG,breadth,lo,HOLDOUT,11307,188.45,0.395,-0.2381,1.0,-24063.6,-401.06,0.955,-0.855,-25116.6,0.139,26.2
G_LEGACY,BRK_24H,LONG,breadth,lo,TRAIN,6568,35.7,0.392,-0.2095,1.0,-13433.1,-73.01,0.989,-0.877,-15243.0,0.48,17.14
G_LEGACY,BRK_24H,LONG,breadth,lo,VALID,4099,46.06,0.425,-0.1038,0.99113,-7183.1,-80.71,1.039,-0.841,-8149.3,0.462,21.26
G_LEGACY,BRK_24H,LONG,breadth,lo,TEST,4579,49.77,0.387,-0.2242,1.0,-8970.3,-97.5,0.961,-0.859,-9131.5,0.437,21.75
G_LEGACY,BRK_24H,LONG,breadth,lo,HOLDOUT,3023,50.38,0.417,-0.1337,0.99768,-2958.2,-49.3,1.013,-0.85,-3664.8,0.443,22.32
G_LEGACY,MTF_BRK,LONG,breadth,lo,TRAIN,10018,54.45,0.39,-0.2347,1.0,-22140.5,-120.33,0.976,-0.876,-22141.1,0.369,20.07
G_LEGACY,MTF_BRK,LONG,breadth,lo,VALID,6279,70.55,0.419,-0.1365,0.99987,-11549.5,-129.77,1.017,-0.843,-11744.3,0.335,23.64
G_LEGACY,MTF_BRK,LONG,breadth,lo,TEST,6978,75.85,0.393,-0.2396,1.0,-11790.2,-128.15,0.979,-0.851,-12115.7,0.316,23.96
G_LEGACY,MTF_BRK,LONG,breadth,lo,HOLDOUT,4652,77.53,0.412,-0.1831,0.99994,-7116.3,-118.6,0.996,-0.851,-7306.0,0.305,23.65
G_LEGACY,OI_BUILD_BRK,LONG,breadth,lo,TRAIN,4379,23.8,0.401,-0.0989,0.9999,-9810.2,-53.32,1.005,-0.867,-11555.2,0.707,16.83
G_LEGACY,OI_BUILD_BRK,LONG,breadth,lo,VALID,2551,28.66,0.407,-0.081,0.99792,-6239.4,-70.11,1.018,-0.873,-7123.8,0.684,19.62
G_LEGACY,OI_BUILD_BRK,LONG,breadth,lo,TEST,2569,27.92,0.404,-0.094,0.99988,-3756.9,-40.84,0.968,-0.866,-4365.5,0.671,18.73
G_LEGACY,OI_BUILD_BRK,LONG,breadth,lo,HOLDOUT,1863,31.05,0.418,-0.0381,0.83574,-2606.2,-43.44,1.015,-0.858,-3578.3,0.633,19.67
G_LEGACY,VOL_PRICE,LONG,breadth,lo,TRAIN,12665,68.83,0.407,-0.1635,0.99989,-18395.9,-99.98,0.987,-0.89,-25377.0,0.306,21.05
G_LEGACY,VOL_PRICE,LONG,breadth,lo,VALID,7383,82.96,0.416,-0.1453,0.99385,-10510.5,-118.1,0.961,-0.845,-14964.6,0.287,23.79
G_LEGACY,VOL_PRICE,LONG,breadth,lo,TEST,7643,83.08,0.396,-0.1987,1.0,-12627.5,-137.26,0.952,-0.849,-15826.8,0.296,24.57
G_LEGACY,VOL_PRICE,LONG,breadth,lo,HOLDOUT,3963,66.05,0.425,-0.1459,0.99975,-3429.0,-57.15,0.981,-0.847,-4533.4,0.358,23.63
G_LEGACY,ACCEL,LONG,mkt_trend,side,TRAIN,12947,70.36,0.417,-0.1323,0.99935,-19405.9,-105.47,0.988,-0.836,-23859.8,0.258,18.18
G_LEGACY,ACCEL,LONG,mkt_trend,side,VALID,6363,71.49,0.467,-0.0204,0.61877,2807.9,31.55,1.021,-0.803,-5923.5,0.256,18.31
G_LEGACY,ACCEL,LONG,mkt_trend,side,TEST,7705,83.75,0.394,-0.2278,1.0,-12124.3,-131.79,0.98,-0.847,-13353.6,0.253,21.18
G_LEGACY,ACCEL,LONG,mkt_trend,side,HOLDOUT,6635,110.58,0.4,-0.2341,1.0,-13295.6,-221.59,0.957,-0.852,-14396.3,0.231,25.57
G_LEGACY,ACCEL,LONG,breadth,lo,TRAIN,13387,72.76,0.403,-0.1706,0.99983,-14720.0,-80.0,0.942,-0.865,-33279.0,0.275,20.04
G_LEGACY,ACCEL,LONG,breadth,lo,VALID,7339,82.46,0.436,-0.1019,0.95209,-9266.6,-104.12,0.972,-0.821,-13508.4,0.274,22.63
G_LEGACY,ACCEL,LONG,breadth,lo,TEST,7662,83.28,0.401,-0.1939,0.99997,-9966.7,-108.33,0.935,-0.824,-12500.9,0.28,23.35
G_LEGACY,ACCEL,LONG,breadth,lo,HOLDOUT,4482,74.7,0.401,-0.2144,0.99999,-7502.7,-125.04,0.927,-0.841,-8274.3,0.298,22.25
G_LEGACY,ACCEL,LONG,mkt_funding,base,TRAIN,22398,121.73,0.416,-0.1408,0.99998,-21102.6,-114.69,0.961,-0.839,-36642.2,0.24,29.21
G_LEGACY,ACCEL,LONG,mkt_funding,base,VALID,10725,120.51,0.407,-0.1535,0.99931,-24144.3,-271.28,0.973,-0.841,-26365.5,0.247,29.75
G_LEGACY,ACCEL,LONG,mkt_funding,base,TEST,13389,145.53,0.396,-0.2093,1.0,-23221.5,-252.41,0.949,-0.837,-25571.1,0.236,34.37
G_LEGACY,ACCEL,LONG,mkt_funding,base,HOLDOUT,4927,82.12,0.431,-0.1465,0.99865,-5089.2,-84.82,1.011,-0.837,-7715.8,0.229,18.78
G_LEGACY,ACCEL,LONG,mkt_oi,flat,TRAIN,21264,115.57,0.421,-0.1304,0.9999,-36203.7,-196.76,0.966,-0.828,-39924.4,0.242,27.97
G_LEGACY,ACCEL,LONG,mkt_oi,flat,VALID,10758,120.88,0.422,-0.1284,0.99674,-17795.9,-199.95,0.971,-0.834,-20224.9,0.229,27.64
G_LEGACY,ACCEL,LONG,mkt_oi,flat,TEST,12028,130.74,0.399,-0.206,1.0,-19900.6,-216.31,0.948,-0.835,-20552.2,0.238,31.12
G_LEGACY,ACCEL,LONG,mkt_oi,flat,HOLDOUT,8057,134.28,0.402,-0.2258,1.0,-14488.0,-241.47,0.96,-0.86,-15588.7,0.24,32.18
G_LEGACY,CHANGE_POINT,LONG,breadth,lo,TRAIN,10318,56.08,0.411,-0.1592,0.99917,-25999.7,-141.3,0.88,-0.826,-29379.7,0.268,15.01
G_LEGACY,CHANGE_POINT,LONG,breadth,lo,VALID,4797,53.9,0.45,-0.0809,0.85643,-404.6,-4.55,0.953,-0.79,-6732.4,0.327,17.61
G_LEGACY,CHANGE_POINT,LONG,breadth,lo,TEST,5444,59.17,0.393,-0.2065,0.99997,-11675.9,-126.91,0.889,-0.811,-14067.3,0.314,18.58
G_LEGACY,CHANGE_POINT,LONG,breadth,lo,HOLDOUT,3186,53.1,0.433,-0.1421,0.98917,-1394.6,-23.24,0.914,-0.817,-3888.1,0.343,18.23
G_LEGACY,PULLBACK_CONT,SHORT,breadth,lo,TRAIN,38771,210.71,0.419,-0.1541,1.0,-78164.5,-424.81,0.948,-0.82,-81892.0,0.092,19.35
G_LEGACY,PULLBACK_CONT,SHORT,breadth,lo,VALID,21229,238.53,0.439,-0.1192,0.99802,-23889.2,-268.42,0.964,-0.819,-42696.8,0.087,20.67
G_LEGACY,PULLBACK_CONT,SHORT,breadth,lo,TEST,21531,234.03,0.447,-0.1183,0.99891,-14214.9,-154.51,0.986,-0.819,-31515.8,0.095,22.23
G_LEGACY,PULLBACK_CONT,SHORT,breadth,lo,HOLDOUT,12979,216.32,0.407,-0.2299,1.0,-26681.0,-444.68,0.951,-0.84,-28053.9,0.097,20.97
G_LEGACY,SQUEEZE_EXP,LONG,breadth,lo,TRAIN,11688,63.52,0.422,-0.1557,0.99928,-19205.4,-104.38,0.965,-0.853,-24540.2,0.275,17.47
G_LEGACY,SQUEEZE_EXP,LONG,breadth,lo,VALID,6584,73.98,0.391,-0.226,0.99998,-16027.5,-180.08,0.937,-0.876,-16513.6,0.273,20.18
G_LEGACY,SQUEEZE_EXP,LONG,breadth,lo,TEST,7470,81.2,0.446,-0.1193,0.98185,-607.4,-6.6,0.996,-0.819,-4702.6,0.262,21.26
G_LEGACY,SQUEEZE_EXP,LONG,breadth,lo,HOLDOUT,4015,66.92,0.439,-0.1429,0.99691,-3285.5,-54.76,1.004,-0.836,-5298.1,0.307,20.53
G_LEGACY,MTF_BRK,SHORT,mkt_trend,side,TRAIN,21907,119.06,0.44,-0.0996,0.98238,-19428.8,-105.59,1.018,-0.815,-24890.9,0.125,14.91
G_LEGACY,MTF_BRK,SHORT,mkt_trend,side,VALID,10913,122.62,0.417,-0.1933,0.99957,-22559.9,-253.48,0.986,-0.862,-23204.5,0.133,16.27
G_LEGACY,MTF_BRK,SHORT,mkt_trend,side,TEST,11486,124.85,0.408,-0.2314,1.0,-22237.5,-241.71,1.02,-0.856,-22374.9,0.145,18.16
G_LEGACY,MTF_BRK,SHORT,mkt_trend,side,HOLDOUT,9007,150.12,0.398,-0.2802,1.0,-19835.2,-330.59,0.993,-0.868,-20292.9,0.148,22.27
G_LEGACY,MTF_BRK,SHORT,breadth,lo,TRAIN,31356,170.41,0.41,-0.1625,0.99998,-69341.7,-376.86,0.996,-0.835,-70766.7,0.106,18.0
G_LEGACY,MTF_BRK,SHORT,breadth,lo,VALID,16153,181.49,0.419,-0.1695,0.99969,-28416.9,-319.29,0.968,-0.854,-38836.1,0.113,20.45
G_LEGACY,MTF_BRK,SHORT,breadth,lo,TEST,15754,171.24,0.39,-0.2411,1.0,-39744.1,-432.0,0.982,-0.869,-39782.1,0.122,20.86
G_LEGACY,MTF_BRK,SHORT,breadth,lo,HOLDOUT,8629,143.82,0.378,-0.3034,1.0,-25419.7,-423.66,0.973,-0.871,-25718.0,0.138,19.82
G_LEGACY,MTF_BRK,SHORT,mkt_funding,base,TRAIN,36587,198.84,0.412,-0.1649,1.0,-78234.7,-425.19,1.001,-0.844,-80351.3,0.122,24.35
G_LEGACY,MTF_BRK,SHORT,mkt_funding,base,VALID,16507,185.47,0.422,-0.1721,0.9999,-25048.3,-281.44,0.978,-0.855,-31620.7,0.135,25.08
G_LEGACY,MTF_BRK,SHORT,mkt_funding,base,TEST,21366,232.24,0.401,-0.2184,1.0,-45981.1,-499.79,1.002,-0.861,-46118.4,0.128,29.74
G_LEGACY,MTF_BRK,SHORT,mkt_funding,base,HOLDOUT,6304,105.07,0.376,-0.3223,1.0,-18366.0,-306.1,0.967,-0.872,-18903.7,0.152,15.93
G_LEGACY,MTF_BRK,SHORT,mkt_oi,flat,TRAIN,36688,199.39,0.411,-0.1673,1.0,-78698.5,-427.71,0.985,-0.84,-78781.3,0.118,23.52
G_LEGACY,MTF_BRK,SHORT,mkt_oi,flat,VALID,16381,184.06,0.396,-0.2382,1.0,-46100.4,-517.98,0.945,-0.874,-46701.6,0.13,23.88
G_LEGACY,MTF_BRK,SHORT,mkt_oi,flat,TEST,18736,203.65,0.394,-0.2423,1.0,-44205.8,-480.5,0.997,-0.869,-44388.8,0.133,27.18
G_LEGACY,MTF_BRK,SHORT,mkt_oi,flat,HOLDOUT,11517,191.95,0.392,-0.2823,1.0,-29175.0,-486.25,0.995,-0.869,-29632.6,0.141,27.03
G_LEGACY,SQUEEZE_EXP,SHORT,breadth,lo,TRAIN,10974,59.64,0.4,-0.2065,0.99991,-24957.0,-135.64,0.958,-0.882,-28282.6,0.264,15.72
G_LEGACY,SQUEEZE_EXP,SHORT,breadth,lo,VALID,6392,71.82,0.455,-0.0917,0.93987,-5361.9,-60.25,1.021,-0.832,-9209.6,0.255,18.34
G_LEGACY,SQUEEZE_EXP,SHORT,breadth,lo,TEST,7300,79.35,0.366,-0.3407,1.0,-24138.9,-262.38,0.934,-0.905,-24669.5,0.246,19.51
G_LEGACY,SQUEEZE_EXP,SHORT,breadth,lo,HOLDOUT,3873,64.55,0.376,-0.3521,1.0,-12857.3,-214.29,0.984,-0.874,-13098.2,0.291,18.8
G_LEGACY,BRK_24H,SHORT,mkt_trend,side,TRAIN,15285,83.07,0.435,-0.1056,0.97445,-16562.1,-90.01,1.0,-0.815,-20337.4,0.154,12.77
G_LEGACY,BRK_24H,SHORT,mkt_trend,side,VALID,7745,87.02,0.421,-0.1651,0.99371,-15294.6,-171.85,0.975,-0.844,-16047.0,0.164,14.24
G_LEGACY,BRK_24H,SHORT,mkt_trend,side,TEST,7254,78.85,0.403,-0.2288,0.99996,-15497.5,-168.45,0.994,-0.849,-15949.3,0.194,15.33
G_LEGACY,BRK_24H,SHORT,mkt_trend,side,HOLDOUT,5802,96.7,0.399,-0.2461,1.0,-12843.4,-214.06,0.996,-0.859,-13399.6,0.194,18.8
G_LEGACY,BRK_24H,SHORT,breadth,lo,TRAIN,23532,127.89,0.415,-0.142,0.9994,-50043.8,-271.98,1.005,-0.825,-50872.4,0.124,15.92
G_LEGACY,BRK_24H,SHORT,breadth,lo,VALID,12108,136.04,0.418,-0.1604,0.99821,-22911.8,-257.44,0.947,-0.842,-30836.7,0.133,18.1
G_LEGACY,BRK_24H,SHORT,breadth,lo,TEST,10700,116.3,0.381,-0.2534,1.0,-31191.0,-339.03,0.965,-0.876,-31537.3,0.159,18.43
G_LEGACY,BRK_24H,SHORT,breadth,lo,HOLDOUT,5621,93.68,0.381,-0.2833,1.0,-17096.8,-284.95,0.974,-0.865,-17510.7,0.177,16.55
G_LEGACY,BRK_24H,SHORT,mkt_funding,base,TRAIN,25515,138.67,0.414,-0.1519,0.99994,-57119.1,-310.43,1.004,-0.836,-58775.6,0.149,20.63
G_LEGACY,BRK_24H,SHORT,mkt_funding,base,VALID,11326,127.26,0.427,-0.1441,0.9968,-16336.7,-183.56,0.964,-0.838,-22161.6,0.173,22.02
G_LEGACY,BRK_24H,SHORT,mkt_funding,base,TEST,13419,145.86,0.388,-0.2438,1.0,-35506.4,-385.94,0.975,-0.87,-35958.1,0.174,25.39
G_LEGACY,BRK_24H,SHORT,mkt_funding,base,HOLDOUT,3640,60.67,0.373,-0.318,1.0,-10700.3,-178.34,0.966,-0.87,-11555.4,0.221,13.38
G_LEGACY,BRK_24H,SHORT,mkt_oi,flat,TRAIN,25845,140.46,0.413,-0.1536,0.99993,-57750.6,-313.86,0.978,-0.831,-58022.3,0.143,20.13
G_LEGACY,BRK_24H,SHORT,mkt_oi,flat,VALID,11623,130.6,0.398,-0.2184,0.99998,-34643.4,-389.25,0.929,-0.861,-35035.0,0.162,21.19
G_LEGACY,BRK_24H,SHORT,mkt_oi,flat,TEST,12022,130.67,0.377,-0.2728,1.0,-35450.3,-385.33,0.965,-0.879,-35833.7,0.175,22.89
G_LEGACY,BRK_24H,SHORT,mkt_oi,flat,HOLDOUT,7061,117.68,0.386,-0.2767,1.0,-20133.7,-335.56,0.981,-0.867,-20689.9,0.194,22.83
G_LEGACY,OI_COVER,SHORT,breadth,lo,TRAIN,13206,71.77,0.442,-0.0514,0.87403,-22279.3,-121.08,0.993,-0.781,-24300.4,0.208,14.94
G_LEGACY,OI_COVER,SHORT,breadth,lo,VALID,6106,68.61,0.448,-0.0637,0.86503,-2884.9,-32.42,0.918,-0.792,-10301.7,0.234,16.06
G_LEGACY,OI_COVER,SHORT,breadth,lo,TEST,7017,76.27,0.41,-0.1415,0.99673,-14309.8,-155.54,0.926,-0.816,-16293.0,0.214,16.35
G_LEGACY,OI_COVER,SHORT,breadth,lo,HOLDOUT,4077,67.95,0.383,-0.2399,1.0,-20171.4,-336.19,0.8,-0.811,-20866.7,0.219,14.87
G_LEGACY,EARLY_BRK,LONG,breadth,lo,TRAIN,19274,104.75,0.384,-0.2879,1.0,-49229.5,-267.55,0.927,-0.867,-50089.9,0.196,20.57
G_LEGACY,EARLY_BRK,LONG,breadth,lo,VALID,10641,119.56,0.398,-0.2529,1.0,-20508.8,-230.44,0.949,-0.862,-20574.5,0.197,23.51
G_LEGACY,EARLY_BRK,LONG,breadth,lo,TEST,12342,134.15,0.387,-0.3103,1.0,-27299.8,-296.74,0.953,-0.845,-27931.1,0.184,24.67
G_LEGACY,EARLY_BRK,LONG,breadth,lo,HOLDOUT,7498,124.97,0.384,-0.3253,1.0,-17710.1,-295.17,0.942,-0.862,-18299.6,0.186,23.23
G_LEGACY,SWEEP_RECLAIM,LONG,mkt_trend,side,TRAIN,17194,93.45,0.402,-0.2205,1.0,-47218.1,-256.62,0.862,-0.88,-48154.3,0.139,13.01
G_LEGACY,SWEEP_RECLAIM,LONG,mkt_trend,side,VALID,8103,91.04,0.419,-0.1944,0.99954,-12953.7,-145.55,0.914,-0.865,-15538.4,0.165,14.99
G_LEGACY,SWEEP_RECLAIM,LONG,mkt_trend,side,TEST,8304,90.26,0.444,-0.1377,0.99636,-9308.8,-101.18,0.95,-0.869,-11986.5,0.184,16.62
G_LEGACY,SWEEP_RECLAIM,LONG,mkt_trend,side,HOLDOUT,6527,108.78,0.425,-0.183,0.99999,-12417.2,-206.95,0.935,-0.908,-14246.9,0.185,20.1
G_LEGACY,SWEEP_RECLAIM,LONG,breadth,lo,TRAIN,26361,143.27,0.435,-0.1332,0.99988,-37253.9,-202.47,0.898,-0.877,-38871.6,0.122,17.51
G_LEGACY,SWEEP_RECLAIM,LONG,breadth,lo,VALID,13177,148.06,0.422,-0.17,0.99974,-28572.2,-321.04,0.922,-0.848,-37507.6,0.131,19.44
G_LEGACY,SWEEP_RECLAIM,LONG,breadth,lo,TEST,11829,128.58,0.459,-0.0751,0.94369,-4901.3,-53.27,0.976,-0.871,-12538.0,0.156,20.08
G_LEGACY,SWEEP_RECLAIM,LONG,breadth,lo,HOLDOUT,6358,105.97,0.442,-0.1387,0.99834,-7260.6,-121.01,0.936,-0.901,-8888.2,0.176,18.62
G_LEGACY,SWEEP_RECLAIM,LONG,mkt_funding,base,TRAIN,28657,155.74,0.427,-0.1507,1.0,-45717.8,-248.47,0.905,-0.88,-46743.1,0.14,21.84
G_LEGACY,SWEEP_RECLAIM,LONG,mkt_funding,base,VALID,12435,139.72,0.405,-0.2022,0.99999,-33355.8,-374.78,0.915,-0.859,-37447.5,0.166,23.12
G_LEGACY,SWEEP_RECLAIM,LONG,mkt_funding,base,TEST,14899,161.95,0.451,-0.0987,0.99297,-10460.4,-113.7,0.971,-0.873,-15150.6,0.17,27.61
G_LEGACY,SWEEP_RECLAIM,LONG,mkt_funding,base,HOLDOUT,4258,70.97,0.453,-0.1118,0.98439,-3699.9,-61.67,0.953,-0.866,-5374.7,0.2,14.2
G_LEGACY,SWEEP_RECLAIM,LONG,mkt_oi,flat,TRAIN,28920,157.17,0.425,-0.1549,1.0,-51734.1,-281.16,0.893,-0.873,-52825.4,0.134,21.12
G_LEGACY,SWEEP_RECLAIM,LONG,mkt_oi,flat,VALID,12503,140.48,0.432,-0.1404,0.99868,-13031.0,-146.42,0.945,-0.843,-18209.8,0.158,22.25
G_LEGACY,SWEEP_RECLAIM,LONG,mkt_oi,flat,TEST,13291,144.47,0.455,-0.0927,0.98871,-8784.3,-95.48,0.978,-0.874,-11975.1,0.173,25.0
G_LEGACY,SWEEP_RECLAIM,LONG,mkt_oi,flat,HOLDOUT,8224,137.07,0.437,-0.1407,0.9998,-11194.3,-186.57,0.952,-0.891,-12862.6,0.179,24.57
G_LEGACY,VOL_PRICE,SHORT,breadth,lo,TRAIN,18540,100.76,0.432,-0.1022,0.99204,-28806.1,-156.55,1.045,-0.832,-30398.0,0.187,18.85
G_LEGACY,VOL_PRICE,SHORT,breadth,lo,VALID,9459,106.28,0.442,-0.1105,0.97891,-18221.7,-204.74,0.967,-0.829,-18699.2,0.195,20.69
G_LEGACY,VOL_PRICE,SHORT,breadth,lo,TEST,11098,120.63,0.393,-0.222,0.99999,-32653.7,-354.93,0.964,-0.861,-32856.9,0.178,21.49
G_LEGACY,VOL_PRICE,SHORT,breadth,lo,HOLDOUT,6026,100.43,0.416,-0.206,1.0,-15139.3,-252.32,0.993,-0.835,-16643.2,0.2,20.12
G_LEGACY,ACCEL,LONG,breadth,hi,TRAIN,10953,59.53,0.427,-0.1088,0.99348,-12993.3,-70.62,0.978,-0.809,-18138.2,0.288,17.13
G_LEGACY,ACCEL,LONG,breadth,hi,VALID,6186,69.51,0.417,-0.1311,0.98086,-10629.5,-119.43,0.979,-0.837,-12482.9,0.268,18.62
G_LEGACY,ACCEL,LONG,breadth,hi,TEST,5735,62.34,0.389,-0.2289,1.0,-13161.0,-143.05,0.967,-0.855,-13494.0,0.321,20.0
G_LEGACY,ACCEL,LONG,breadth,hi,HOLDOUT,4935,82.25,0.413,-0.1855,0.99966,-8946.6,-149.11,1.011,-0.874,-10304.0,0.277,22.78
G_LEGACY,FUNDING_SQUEEZE,LONG,mkt_trend,side,TRAIN,1924,10.46,0.407,-0.1004,0.98774,-2712.8,-14.74,0.992,-0.837,-3559.5,0.662,6.92
G_LEGACY,FUNDING_SQUEEZE,LONG,mkt_trend,side,VALID,1310,14.72,0.417,-0.1156,0.98834,-629.5,-7.07,0.989,-0.861,-2409.6,0.6,8.83
G_LEGACY,FUNDING_SQUEEZE,LONG,mkt_trend,side,TEST,465,5.05,0.398,-0.1722,0.99687,-1088.5,-11.83,1.022,-0.839,-1150.1,0.77,3.89
G_LEGACY,FUNDING_SQUEEZE,LONG,mkt_trend,side,HOLDOUT,235,3.92,0.374,-0.1702,0.9765,-491.5,-8.19,0.944,-0.887,-838.6,0.77,3.02
G_LEGACY,FUNDING_SQUEEZE,LONG,breadth,hi,TRAIN,2313,12.57,0.422,-0.0786,0.98065,-1309.2,-7.12,0.948,-0.806,-3156.3,0.618,7.77
G_LEGACY,FUNDING_SQUEEZE,LONG,breadth,hi,VALID,1417,15.92,0.394,-0.1433,0.99729,-3000.4,-33.71,0.942,-0.851,-4180.8,0.596,9.49
G_LEGACY,FUNDING_SQUEEZE,LONG,breadth,hi,TEST,483,5.25,0.395,-0.1604,0.98666,-1117.4,-12.15,0.986,-0.852,-1143.5,0.737,3.87
G_LEGACY,FUNDING_SQUEEZE,LONG,breadth,hi,HOLDOUT,154,2.57,0.435,-0.056,0.72087,244.4,4.07,0.969,-0.91,-501.3,0.838,2.15
G_LEGACY,FUNDING_SQUEEZE,LONG,mkt_funding,base,TRAIN,3244,17.63,0.402,-0.1155,0.99998,-5313.2,-28.88,0.957,-0.836,-7132.4,0.659,11.62
G_LEGACY,FUNDING_SQUEEZE,LONG,mkt_funding,base,VALID,1850,20.79,0.377,-0.2091,1.0,-6333.7,-71.17,0.926,-0.873,-6644.6,0.66,13.72
G_LEGACY,FUNDING_SQUEEZE,LONG,mkt_funding,base,TEST,944,10.26,0.411,-0.1203,0.99402,-697.6,-7.58,0.987,-0.859,-2030.6,0.725,7.43
G_LEGACY,FUNDING_SQUEEZE,LONG,mkt_funding,base,HOLDOUT,293,4.88,0.379,-0.1669,0.98711,-655.4,-10.92,0.935,-0.912,-1002.6,0.775,3.78
G_LEGACY,FUNDING_SQUEEZE,LONG,mkt_oi,flat,TRAIN,3310,17.99,0.414,-0.0859,0.99627,-2977.1,-16.18,0.977,-0.826,-4727.2,0.639,11.5
G_LEGACY,FUNDING_SQUEEZE,LONG,mkt_oi,flat,VALID,2063,23.18,0.391,-0.1642,0.99997,-4591.2,-51.59,0.959,-0.868,-4929.2,0.59,13.69
G_LEGACY,FUNDING_SQUEEZE,LONG,mkt_oi,flat,TEST,823,8.95,0.413,-0.1186,0.99034,-527.9,-5.74,0.988,-0.847,-2466.2,0.744,6.65
G_LEGACY,FUNDING_SQUEEZE,LONG,mkt_oi,flat,HOLDOUT,266,4.43,0.361,-0.2114,0.99639,-738.7,-12.31,0.906,-0.892,-1085.8,0.771,3.42
G_LEGACY,BASELINE,LONG,mkt_trend,side,TRAIN,35085,190.68,0.404,-0.212,1.0,-81239.6,-441.52,0.89,-0.828,-86740.4,0.033,6.22
G_LEGACY,BASELINE,LONG,mkt_trend,side,VALID,18130,203.71,0.423,-0.1569,0.99789,-22249.5,-249.99,0.923,-0.805,-31462.2,0.03,6.2
G_LEGACY,BASELINE,LONG,mkt_trend,side,TEST,20592,223.83,0.439,-0.1355,0.99763,-15731.0,-170.99,0.984,-0.799,-23381.1,0.03,6.78
G_LEGACY,BASELINE,LONG,mkt_trend,side,HOLDOUT,16278,271.3,0.411,-0.2211,1.0,-28436.3,-473.94,0.933,-0.815,-29461.1,0.03,8.27
G_LEGACY,BASELINE,LONG,breadth,hi,TRAIN,30051,163.32,0.407,-0.1994,1.0,-60676.1,-329.76,0.908,-0.825,-61401.1,0.032,5.3
G_LEGACY,BASELINE,LONG,breadth,hi,VALID,14059,157.97,0.434,-0.1175,0.97158,-8040.4,-90.34,0.945,-0.795,-15767.5,0.03,4.81
G_LEGACY,BASELINE,LONG,breadth,hi,TEST,15972,173.61,0.395,-0.2171,0.99997,-38345.3,-416.8,0.9,-0.831,-42704.8,0.03,5.26
G_LEGACY,BASELINE,LONG,breadth,hi,HOLDOUT,11758,195.97,0.431,-0.1494,0.99117,-10515.1,-175.25,0.968,-0.792,-16218.6,0.03,5.93
G_LEGACY,BASELINE,LONG,mkt_funding,base,TRAIN,59099,321.19,0.396,-0.2323,1.0,-148143.2,-805.13,0.878,-0.84,-154661.5,0.033,10.46
G_LEGACY,BASELINE,LONG,mkt_funding,base,VALID,29043,326.33,0.42,-0.1641,0.99994,-48474.9,-544.66,0.934,-0.811,-50981.2,0.03,9.93
G_LEGACY,BASELINE,LONG,mkt_funding,base,TEST,35904,390.26,0.408,-0.199,1.0,-67631.2,-735.12,0.923,-0.832,-75595.7,0.03,11.83
G_LEGACY,BASELINE,LONG,mkt_funding,base,HOLDOUT,12408,206.8,0.435,-0.149,0.99366,-11044.8,-184.08,0.968,-0.8,-14245.3,0.03,6.27
G_LEGACY,BASELINE,LONG,mkt_oi,flat,TRAIN,56857,309.01,0.406,-0.2081,1.0,-122211.9,-664.19,0.887,-0.834,-130745.4,0.032,10.02
G_LEGACY,BASELINE,LONG,mkt_oi,flat,VALID,26666,299.62,0.43,-0.1406,0.99889,-27865.2,-313.09,0.941,-0.809,-32200.5,0.03,9.12
G_LEGACY,BASELINE,LONG,mkt_oi,flat,TEST,31284,340.04,0.41,-0.1943,1.0,-51943.2,-564.6,0.93,-0.83,-59638.4,0.03,10.3
G_LEGACY,BASELINE,LONG,mkt_oi,flat,HOLDOUT,21067,351.12,0.418,-0.1891,0.99998,-31956.8,-532.61,0.945,-0.802,-33863.9,0.03,10.67
G_LEGACY,BASELINE,SHORT,mkt_trend,side,TRAIN,35085,190.68,0.448,-0.1121,0.99603,-33917.4,-184.33,0.944,-0.803,-38172.4,0.033,6.22
G_LEGACY,BASELINE,SHORT,mkt_trend,side,VALID,18130,203.71,0.423,-0.1857,0.99967,-40928.5,-459.87,0.899,-0.822,-42652.6,0.03,6.2
G_LEGACY,BASELINE,SHORT,mkt_trend,side,TEST,20592,223.83,0.402,-0.2792,1.0,-53400.8,-580.44,0.872,-0.861,-53951.0,0.03,6.78
G_LEGACY,BASELINE,SHORT,mkt_trend,side,HOLDOUT,16272,271.2,0.422,-0.2428,1.0,-37720.5,-628.68,0.896,-0.829,-39191.2,0.03,8.27
G_LEGACY,BASELINE,SHORT,breadth,hi,TRAIN,30051,163.32,0.432,-0.1429,0.99935,-53140.3,-288.81,0.931,-0.822,-58871.5,0.032,5.3
G_LEGACY,BASELINE,SHORT,breadth,hi,VALID,14059,157.97,0.416,-0.2055,0.99965,-41942.6,-471.27,0.88,-0.842,-45884.8,0.03,4.81
G_LEGACY,BASELINE,SHORT,breadth,hi,TEST,15972,173.61,0.455,-0.1247,0.98741,-14977.0,-162.79,0.933,-0.803,-17710.1,0.03,5.26
G_LEGACY,BASELINE,SHORT,breadth,hi,HOLDOUT,11751,195.85,0.413,-0.2565,0.99998,-31137.8,-518.96,0.877,-0.842,-34881.4,0.03,5.93
G_LEGACY,BASELINE,SHORT,mkt_funding,base,TRAIN,59099,321.19,0.449,-0.0956,0.99849,-63793.2,-346.7,0.955,-0.799,-67746.1,0.033,10.46
G_LEGACY,BASELINE,SHORT,mkt_funding,base,VALID,29043,326.33,0.429,-0.1622,0.9999,-53485.2,-600.96,0.903,-0.836,-60838.8,0.03,9.93
G_LEGACY,BASELINE,SHORT,mkt_funding,base,TEST,35904,390.26,0.437,-0.1615,0.99998,-53034.7,-576.46,0.928,-0.821,-53584.9,0.03,11.83
G_LEGACY,BASELINE,SHORT,mkt_funding,base,HOLDOUT,12408,206.8,0.406,-0.2839,1.0,-33614.3,-560.24,0.884,-0.848,-33656.4,0.03,6.27
G_LEGACY,BASELINE,SHORT,mkt_oi,flat,TRAIN,56857,309.01,0.44,-0.1194,0.99984,-83500.7,-453.81,0.941,-0.803,-84339.8,0.032,10.02
G_LEGACY,BASELINE,SHORT,mkt_oi,flat,VALID,26666,299.62,0.417,-0.1908,0.99998,-66360.1,-745.62,0.901,-0.842,-74743.1,0.03,9.12
G_LEGACY,BASELINE,SHORT,mkt_oi,flat,TEST,31284,340.04,0.433,-0.1758,0.99999,-56431.7,-613.39,0.925,-0.827,-56509.2,0.03,10.3
G_LEGACY,BASELINE,SHORT,mkt_oi,flat,HOLDOUT,21061,351.02,0.42,-0.2381,1.0,-49536.0,-825.6,0.886,-0.833,-51261.9,0.03,10.67
G_LEGACY,SWEEP_RECLAIM,SHORT,sym_oi,down,TRAIN,162,0.88,0.414,-0.1232,0.88531,-1037.9,-5.64,0.945,-1.214,-1203.8,0.895,0.79
G_LEGACY,SWEEP_RECLAIM,SHORT,sym_oi,down,VALID,87,0.98,0.333,-0.3299,0.9928,-986.0,-11.08,0.817,-0.962,-1171.6,0.92,0.9
G_LEGACY,SWEEP_RECLAIM,SHORT,sym_oi,down,TEST,27,0.29,0.37,-0.2925,0.91819,-348.3,-3.79,0.824,-0.901,-348.3,0.852,0.25
G_LEGACY,SWEEP_RECLAIM,SHORT,sym_oi,down,HOLDOUT,22,0.37,0.545,0.0423,0.44775,-117.5,-1.96,1.205,-0.854,-146.8,0.955,0.35
G_LEGACY,MTF_BRK,SHORT,breadth,hi,TRAIN,9231,50.17,0.41,-0.1842,1.0,-20458.0,-111.19,0.998,-0.867,-20644.6,0.305,15.28
G_LEGACY,MTF_BRK,SHORT,breadth,hi,VALID,4837,54.35,0.388,-0.2634,1.0,-13511.9,-151.82,0.956,-0.894,-14517.1,0.307,16.67
G_LEGACY,MTF_BRK,SHORT,breadth,hi,TEST,5635,61.25,0.432,-0.1573,0.99827,-6701.1,-72.84,1.057,-0.84,-7165.7,0.281,17.24
G_LEGACY,MTF_BRK,SHORT,breadth,hi,HOLDOUT,3559,59.32,0.412,-0.2609,1.0,-7527.3,-125.45,1.013,-0.875,-7986.5,0.308,18.28
G_LEGACY,BRK_24H,SHORT,breadth,hi,TRAIN,4552,24.74,0.391,-0.2212,1.0,-14734.9,-80.08,0.95,-0.889,-14803.8,0.449,11.1
G_LEGACY,BRK_24H,SHORT,breadth,hi,VALID,2781,31.25,0.364,-0.2959,1.0,-10284.7,-115.56,0.92,-0.903,-10983.1,0.43,13.43
G_LEGACY,BRK_24H,SHORT,breadth,hi,TEST,2742,29.8,0.413,-0.2111,0.99996,-4790.5,-52.07,1.008,-0.85,-5419.6,0.442,13.17
G_LEGACY,BRK_24H,SHORT,breadth,hi,HOLDOUT,1790,29.83,0.39,-0.2805,1.0,-5104.1,-85.07,0.969,-0.883,-5355.5,0.453,13.52
G_LEGACY,CAPITULATION_REV,SHORT,mkt_trend,side,TRAIN,1927,10.47,0.459,-0.0481,0.78299,-2044.2,-11.11,0.959,-0.906,-3698.0,0.617,6.46
G_LEGACY,CAPITULATION_REV,SHORT,mkt_trend,side,VALID,650,7.3,0.385,-0.218,0.99824,-2023.8,-22.74,0.875,-0.951,-2298.4,0.791,5.78
G_LEGACY,CAPITULATION_REV,SHORT,mkt_trend,side,TEST,897,9.75,0.415,-0.1518,0.9967,-3225.7,-35.06,0.924,-0.873,-3414.1,0.808,7.88
G_LEGACY,CAPITULATION_REV,SHORT,mkt_trend,side,HOLDOUT,868,14.47,0.412,-0.1474,0.9794,-2431.4,-40.52,0.939,-0.889,-2871.2,0.804,11.63
G_LEGACY,CAPITULATION_REV,SHORT,breadth,hi,TRAIN,2067,11.23,0.438,-0.0881,0.90459,-4099.8,-22.28,0.899,-0.877,-5998.8,0.608,6.83
G_LEGACY,CAPITULATION_REV,SHORT,breadth,hi,VALID,838,9.42,0.427,-0.1408,0.93488,-1574.0,-17.69,0.908,-0.895,-3156.6,0.668,6.29
G_LEGACY,CAPITULATION_REV,SHORT,breadth,hi,TEST,889,9.66,0.393,-0.2051,0.99835,-3135.1,-34.08,0.904,-0.912,-3216.9,0.76,7.35
G_LEGACY,CAPITULATION_REV,SHORT,breadth,hi,HOLDOUT,921,15.35,0.423,-0.1356,0.93068,-760.4,-12.67,0.947,-0.929,-1903.0,0.672,10.32
G_LEGACY,CAPITULATION_REV,SHORT,mkt_funding,base,TRAIN,3013,16.38,0.437,-0.0924,0.95644,-7091.3,-38.54,0.915,-0.901,-8326.3,0.643,10.52
G_LEGACY,CAPITULATION_REV,SHORT,mkt_funding,base,VALID,1257,14.12,0.406,-0.1782,0.99965,-3950.5,-44.39,0.913,-0.928,-4511.8,0.707,9.99
G_LEGACY,CAPITULATION_REV,SHORT,mkt_funding,base,TEST,1525,16.58,0.435,-0.1225,0.98622,-4971.3,-54.04,0.927,-0.868,-5159.7,0.763,12.64
G_LEGACY,CAPITULATION_REV,SHORT,mkt_funding,base,HOLDOUT,665,11.08,0.408,-0.2035,0.98719,-910.4,-15.17,0.914,-0.966,-1577.8,0.726,8.05
G_LEGACY,CAPITULATION_REV,SHORT,mkt_oi,flat,TRAIN,2830,15.38,0.427,-0.122,0.97945,-8326.7,-45.25,0.901,-0.911,-9414.4,0.638,9.81
G_LEGACY,CAPITULATION_REV,SHORT,mkt_oi,flat,VALID,1134,12.74,0.427,-0.1284,0.96487,-2340.6,-26.3,0.931,-0.894,-3848.0,0.68,8.66
G_LEGACY,CAPITULATION_REV,SHORT,mkt_oi,flat,TEST,1348,14.65,0.425,-0.1452,0.99094,-4512.8,-49.05,0.913,-0.864,-4661.9,0.763,11.17
G_LEGACY,CAPITULATION_REV,SHORT,mkt_oi,flat,HOLDOUT,1013,16.88,0.45,-0.0621,0.88542,-254.3,-4.24,0.986,-0.862,-1415.0,0.829,14.0
G_LEGACY,OI_PRICE,SHORT,mkt_trend,side,TRAIN,233,1.27,0.485,0.0294,0.36033,256.0,1.39,0.994,-1.127,-1114.1,0.974,1.23
G_LEGACY,OI_PRICE,SHORT,mkt_trend,side,VALID,106,1.19,0.462,-0.2222,0.97437,223.8,2.51,0.831,-0.776,-283.3,0.981,1.17
G_LEGACY,OI_PRICE,SHORT,mkt_trend,side,TEST,87,0.95,0.483,-0.4385,0.87435,160.3,1.74,0.98,-0.799,-297.9,1.0,0.95
G_LEGACY,OI_PRICE,SHORT,mkt_trend,side,HOLDOUT,64,1.07,0.469,0.029,0.41885,-18.4,-0.31,0.962,-0.791,-315.2,0.984,1.05
G_LEGACY,OI_PRICE,SHORT,breadth,hi,TRAIN,139,0.76,0.46,-0.0808,0.81437,-104.4,-0.57,0.905,-0.777,-890.8,1.0,0.76
G_LEGACY,OI_PRICE,SHORT,breadth,hi,VALID,70,0.79,0.557,-0.0075,0.52115,602.7,6.77,0.901,-0.703,-322.6,0.986,0.78
G_LEGACY,OI_PRICE,SHORT,breadth,hi,TEST,72,0.78,0.514,-0.4323,0.83512,526.5,5.72,0.972,-0.727,-243.7,1.0,0.78
G_LEGACY,OI_PRICE,SHORT,breadth,hi,HOLDOUT,32,0.53,0.406,-0.0643,0.61163,188.1,3.14,0.955,-0.81,-74.8,1.0,0.53
G_LEGACY,OI_PRICE,SHORT,mkt_funding,base,TRAIN,415,2.26,0.453,-0.062,0.86766,-757.5,-4.12,0.911,-0.988,-1923.7,0.976,2.2
G_LEGACY,OI_PRICE,SHORT,mkt_funding,base,VALID,162,1.82,0.537,-0.0385,0.65286,1320.7,14.84,0.918,-0.755,-581.9,0.981,1.79
G_LEGACY,OI_PRICE,SHORT,mkt_funding,base,TEST,181,1.97,0.497,-0.2231,0.87859,538.4,5.85,0.976,-0.787,-351.0,0.989,1.95
G_LEGACY,OI_PRICE,SHORT,mkt_funding,base,HOLDOUT,54,0.9,0.463,-0.0225,0.54881,69.9,1.16,0.945,-0.833,-211.1,0.981,0.88
G_LEGACY,OI_PRICE,SHORT,mkt_oi,flat,TRAIN,397,2.16,0.469,-0.0285,0.68828,140.2,0.76,0.948,-0.991,-1247.4,0.97,2.09
G_LEGACY,OI_PRICE,SHORT,mkt_oi,flat,VALID,150,1.69,0.52,-0.0868,0.80061,1391.3,15.63,0.889,-0.726,-173.3,0.987,1.66
G_LEGACY,OI_PRICE,SHORT,mkt_oi,flat,TEST,160,1.74,0.494,-0.2384,0.8674,428.2,4.65,1.0,-0.796,-344.6,0.988,1.72
G_LEGACY,OI_PRICE,SHORT,mkt_oi,flat,HOLDOUT,74,1.23,0.473,0.0239,0.43324,32.9,0.55,0.953,-0.805,-231.6,0.986,1.22
G_LEGACY,SWEEP_RECLAIM,LONG,breadth,hi,TRAIN,5127,27.86,0.396,-0.213,1.0,-12438.2,-67.6,0.926,-0.885,-13409.6,0.418,11.65
G_LEGACY,SWEEP_RECLAIM,LONG,breadth,hi,VALID,2968,33.35,0.422,-0.1458,0.98233,-3463.6,-38.92,0.947,-0.867,-5206.7,0.421,14.06
G_LEGACY,SWEEP_RECLAIM,LONG,breadth,hi,TEST,3112,33.83,0.426,-0.1817,0.99989,-5137.9,-55.85,0.954,-0.875,-6645.3,0.418,14.14
G_LEGACY,SWEEP_RECLAIM,LONG,breadth,hi,HOLDOUT,2297,38.28,0.433,-0.1179,0.97521,-3613.4,-60.22,0.999,-0.853,-4648.5,0.39,14.92
G_LEGACY,CHANGE_POINT,SHORT,breadth,lo,TRAIN,6880,37.39,0.474,0.0036,0.47912,3119.1,16.95,1.079,-0.775,-6214.0,0.332,12.43
G_LEGACY,CHANGE_POINT,SHORT,breadth,lo,VALID,3962,44.52,0.427,-0.144,0.94439,-11894.0,-133.64,0.912,-0.827,-12858.8,0.335,14.92
G_LEGACY,CHANGE_POINT,SHORT,breadth,lo,TEST,4722,51.33,0.425,-0.1492,0.98942,-9640.2,-104.78,0.985,-0.826,-10903.7,0.309,15.85
G_LEGACY,CHANGE_POINT,SHORT,breadth,lo,HOLDOUT,2656,44.27,0.389,-0.2644,1.0,-9944.9,-165.75,0.912,-0.815,-10190.2,0.337,14.92
G_LEGACY,FUNDING_SQUEEZE,LONG,breadth,lo,TRAIN,1636,8.89,0.384,-0.1444,0.99995,-4626.0,-25.14,0.962,-0.86,-6116.9,0.807,7.17
G_LEGACY,FUNDING_SQUEEZE,LONG,breadth,lo,VALID,1142,12.83,0.394,-0.1783,0.99986,-2700.7,-30.35,0.963,-0.872,-3019.5,0.767,9.84
G_LEGACY,FUNDING_SQUEEZE,LONG,breadth,lo,TEST,464,5.04,0.429,-0.0757,0.8906,420.6,4.57,0.987,-0.865,-1432.0,0.858,4.33
G_LEGACY,FUNDING_SQUEEZE,LONG,breadth,lo,HOLDOUT,139,2.32,0.317,-0.2897,0.99603,-899.9,-15.0,0.897,-0.914,-1091.5,0.878,2.03
G_LEGACY,CAPITULATION_REV,SHORT,breadth,lo,TRAIN,1134,6.16,0.419,-0.1377,0.94658,-4527.7,-24.61,0.926,-0.948,-6589.6,0.77,4.74
G_LEGACY,CAPITULATION_REV,SHORT,breadth,lo,VALID,610,6.85,0.41,-0.1528,0.98639,-2566.6,-28.84,0.95,-0.942,-2764.1,0.815,5.58
G_LEGACY,CAPITULATION_REV,SHORT,breadth,lo,TEST,637,6.92,0.496,-0.0059,0.53208,-1791.8,-19.48,0.96,-0.806,-2005.0,0.837,5.79
G_LEGACY,CAPITULATION_REV,SHORT,breadth,lo,HOLDOUT,408,6.8,0.422,-0.1119,0.95405,-1145.8,-19.1,0.957,-0.89,-1798.5,0.968,6.58
G_LEGACY,BASELINE,LONG,breadth,lo,TRAIN,34883,189.58,0.4,-0.2249,1.0,-87647.5,-476.35,0.859,-0.843,-96486.4,0.032,6.15
G_LEGACY,BASELINE,LONG,breadth,lo,VALID,20624,231.73,0.412,-0.1882,0.99979,-44654.5,-501.74,0.911,-0.824,-47530.1,0.03,7.06
G_LEGACY,BASELINE,LONG,breadth,lo,TEST,20064,218.09,0.421,-0.1791,0.99972,-27579.6,-299.78,0.943,-0.83,-33065.0,0.03,6.61
G_LEGACY,BASELINE,LONG,breadth,lo,HOLDOUT,11968,199.47,0.426,-0.1636,0.99614,-17000.1,-283.34,0.949,-0.805,-18927.4,0.03,6.07
G_LEGACY,BASELINE,SHORT,breadth,lo,TRAIN,34883,189.58,0.451,-0.0808,0.97115,-35623.1,-193.6,0.959,-0.782,-35785.6,0.032,6.15
G_LEGACY,BASELINE,SHORT,breadth,lo,VALID,20624,231.73,0.439,-0.1224,0.98819,-26104.6,-293.31,0.923,-0.816,-35430.9,0.03,7.06
G_LEGACY,BASELINE,SHORT,breadth,lo,TEST,20064,218.09,0.421,-0.1949,0.99981,-40213.1,-437.1,0.922,-0.837,-40290.6,0.03,6.61
G_LEGACY,BASELINE,SHORT,breadth,lo,HOLDOUT,11969,199.48,0.409,-0.2501,0.99998,-32060.5,-534.34,0.875,-0.84,-32663.8,0.03,6.07
G_LEGACY,OI_PRICE,SHORT,breadth,lo,TRAIN,313,1.7,0.463,-0.0289,0.66996,-622.7,-3.38,0.93,-1.053,-1356.5,0.971,1.65
G_LEGACY,OI_PRICE,SHORT,breadth,lo,VALID,135,1.52,0.481,-0.1325,0.88302,505.0,5.67,0.894,-0.798,-371.9,0.993,1.51
G_LEGACY,OI_PRICE,SHORT,breadth,lo,TEST,109,1.18,0.486,-0.0849,0.7442,12.0,0.13,0.978,-0.827,-469.1,1.0,1.18
G_LEGACY,OI_PRICE,SHORT,breadth,lo,HOLDOUT,54,0.9,0.5,0.0279,0.43469,-159.6,-2.66,0.914,-0.809,-366.9,0.963,0.87
G_LEGACY,CAPITULATION_REV,LONG,mkt_trend,side,TRAIN,1350,7.34,0.351,-0.3493,0.99884,-7049.6,-38.31,0.746,-0.924,-7886.4,0.368,2.7
G_LEGACY,CAPITULATION_REV,LONG,mkt_trend,side,VALID,386,4.34,0.562,0.1952,0.12509,912.4,10.25,1.114,-0.729,-937.2,0.549,2.38
G_LEGACY,CAPITULATION_REV,LONG,mkt_trend,side,TEST,513,5.58,0.474,-0.1005,0.78915,566.6,6.16,0.954,-0.82,-1337.2,0.499,2.78
G_LEGACY,CAPITULATION_REV,LONG,mkt_trend,side,HOLDOUT,515,8.58,0.524,0.0353,0.33162,848.7,14.15,0.918,-0.733,-453.3,0.489,4.2
G_LEGACY,CAPITULATION_REV,LONG,breadth,lo,TRAIN,1894,10.29,0.316,-0.4182,1.0,-10901.2,-59.25,0.702,-1.168,-11673.8,0.35,3.6
G_LEGACY,CAPITULATION_REV,LONG,breadth,lo,VALID,759,8.53,0.468,0.0137,0.47848,2544.4,28.59,1.007,-0.741,-3693.1,0.389,3.31
G_LEGACY,CAPITULATION_REV,LONG,breadth,lo,TEST,842,9.15,0.542,0.0722,0.25447,2525.3,27.45,1.022,-0.732,-1466.4,0.399,3.65
G_LEGACY,CAPITULATION_REV,LONG,breadth,lo,HOLDOUT,536,8.93,0.494,-0.028,0.61233,-429.4,-7.16,0.881,-0.737,-1172.1,0.397,3.55
G_LEGACY,CAPITULATION_REV,LONG,mkt_funding,base,TRAIN,1981,10.77,0.31,-0.4219,1.0,-12072.6,-65.61,0.71,-1.166,-12405.5,0.393,4.23
G_LEGACY,CAPITULATION_REV,LONG,mkt_funding,base,VALID,710,7.98,0.356,-0.2567,0.92972,-7270.3,-81.69,0.917,-0.839,-7317.8,0.494,3.94
G_LEGACY,CAPITULATION_REV,LONG,mkt_funding,base,TEST,1063,11.55,0.498,-0.0054,0.52063,1272.8,13.83,0.984,-0.765,-2263.7,0.439,5.08
G_LEGACY,CAPITULATION_REV,LONG,mkt_funding,base,HOLDOUT,401,6.68,0.524,0.0605,0.27903,-322.3,-5.37,0.854,-0.719,-1518.9,0.426,2.85
G_LEGACY,CAPITULATION_REV,LONG,mkt_oi,flat,TRAIN,2076,11.28,0.333,-0.3699,0.99997,-11528.3,-62.65,0.733,-0.993,-12459.3,0.375,4.23
G_LEGACY,CAPITULATION_REV,LONG,mkt_oi,flat,VALID,696,7.82,0.478,0.016,0.46275,-920.6,-10.34,1.027,-0.763,-2691.2,0.457,3.57
G_LEGACY,CAPITULATION_REV,LONG,mkt_oi,flat,TEST,917,9.97,0.469,-0.0984,0.87018,-1196.2,-13.0,0.933,-0.793,-2436.9,0.453,4.51
G_LEGACY,CAPITULATION_REV,LONG,mkt_oi,flat,HOLDOUT,661,11.02,0.463,-0.0632,0.77197,-1302.7,-21.71,0.868,-0.754,-1681.7,0.434,4.78
G_LEGACY,OI_COVER,LONG,mkt_trend,side,TRAIN,55,0.3,0.491,-0.0307,0.57249,521.3,2.83,0.913,-0.82,-211.2,1.0,0.3
G_LEGACY,OI_COVER,LONG,mkt_trend,side,VALID,15,0.17,0.667,0.2808,0.19171,38.5,0.43,1.067,-0.692,-73.4,0.933,0.16
G_LEGACY,OI_COVER,LONG,mkt_trend,side,TEST,22,0.24,0.364,-0.46,0.92915,-75.9,-0.83,0.822,-0.959,-323.6,1.0,0.24
G_LEGACY,OI_COVER,LONG,mkt_trend,side,HOLDOUT,11,0.18,0.364,-0.216,0.76437,-55.2,-0.92,0.802,-0.768,-409.2,1.0,0.18
G_LEGACY,OI_COVER,LONG,breadth,hi,TRAIN,59,0.32,0.441,-0.034,0.58603,190.7,1.04,0.876,-0.759,-324.7,1.0,0.32
G_LEGACY,OI_COVER,LONG,breadth,hi,VALID,20,0.22,0.6,0.212,0.21061,-104.0,-1.17,1.022,-0.679,-256.9,0.95,0.21
G_LEGACY,OI_COVER,LONG,breadth,hi,TEST,21,0.23,0.286,-0.5606,0.96547,1.5,0.02,0.78,-0.989,-227.6,1.0,0.23
G_LEGACY,OI_COVER,LONG,breadth,hi,HOLDOUT,9,0.15,0.444,-0.0772,0.56687,401.9,6.7,0.847,-0.693,-57.9,1.0,0.15
G_LEGACY,OI_COVER,LONG,mkt_funding,base,TRAIN,100,0.54,0.45,-0.0692,0.73389,677.8,3.68,0.794,-0.734,-524.4,0.88,0.48
G_LEGACY,OI_COVER,LONG,mkt_funding,base,VALID,26,0.29,0.423,-0.1727,0.78283,-197.7,-2.22,0.823,-0.754,-282.3,1.0,0.29
G_LEGACY,OI_COVER,LONG,mkt_funding,base,TEST,38,0.41,0.368,-0.4233,0.981,-245.6,-2.67,0.782,-0.923,-493.2,1.0,0.41
G_LEGACY,OI_COVER,LONG,mkt_funding,base,HOLDOUT,12,0.2,0.5,0.0702,0.42292,57.4,0.96,0.867,-0.763,-114.0,1.0,0.2
G_LEGACY,OI_COVER,LONG,mkt_oi,flat,TRAIN,70,0.38,0.429,-0.1625,0.88636,32.5,0.18,0.811,-0.814,-379.5,1.0,0.38
G_LEGACY,OI_COVER,LONG,mkt_oi,flat,VALID,22,0.25,0.591,0.1343,0.30078,-70.8,-0.8,1.001,-0.683,-255.8,0.955,0.24
G_LEGACY,OI_COVER,LONG,mkt_oi,flat,TEST,32,0.35,0.406,-0.3366,0.92664,-86.6,-0.94,0.879,-0.845,-336.9,1.0,0.35
G_LEGACY,OI_COVER,LONG,mkt_oi,flat,HOLDOUT,16,0.27,0.5,0.1754,0.25273,-140.1,-2.34,0.883,-0.707,-609.6,1.0,0.27
G_LEGACY,CAPITULATION_REV,LONG,breadth,hi,TRAIN,393,2.14,0.394,-0.1628,0.81096,-1423.2,-7.73,0.856,-0.871,-3009.2,0.529,1.13
G_LEGACY,CAPITULATION_REV,LONG,breadth,hi,VALID,247,2.78,0.506,0.092,0.36458,-457.8,-5.14,1.02,-0.733,-1023.4,0.559,1.55
G_LEGACY,CAPITULATION_REV,LONG,breadth,hi,TEST,237,2.58,0.371,-0.2337,0.82952,-1026.2,-11.15,0.861,-0.878,-1630.5,0.599,1.54
G_LEGACY,CAPITULATION_REV,LONG,breadth,hi,HOLDOUT,156,2.6,0.327,-0.2489,0.99235,-1229.8,-20.5,0.789,-0.824,-1525.0,0.66,1.72
G_LEGACY,FUNDING_SQUEEZE,SHORT,mkt_trend,side,TRAIN,207,1.12,0.396,-0.1678,0.97233,-174.1,-0.95,0.88,-1.085,-674.9,0.826,0.93
G_LEGACY,FUNDING_SQUEEZE,SHORT,mkt_trend,side,VALID,172,1.93,0.43,-0.0679,0.76142,37.1,0.42,1.048,-0.865,-698.3,0.843,1.63
G_LEGACY,FUNDING_SQUEEZE,SHORT,mkt_trend,side,TEST,130,1.41,0.446,-0.0463,0.66774,196.2,2.13,0.947,-0.877,-497.6,0.831,1.17
G_LEGACY,FUNDING_SQUEEZE,SHORT,mkt_trend,side,HOLDOUT,61,1.02,0.443,-0.1085,0.77127,-170.9,-2.85,0.945,-0.865,-477.2,0.787,0.8
G_LEGACY,FUNDING_SQUEEZE,SHORT,breadth,hi,TRAIN,196,1.07,0.398,-0.1523,0.9721,-249.7,-1.36,0.829,-0.838,-1055.4,0.872,0.93
G_LEGACY,FUNDING_SQUEEZE,SHORT,breadth,hi,VALID,143,1.61,0.364,-0.2014,0.98535,-1346.2,-15.13,0.96,-1.185,-1776.3,0.902,1.45
G_LEGACY,FUNDING_SQUEEZE,SHORT,breadth,hi,TEST,108,1.17,0.481,0.0059,0.48198,-126.5,-1.37,1.042,-0.805,-495.6,0.843,0.99
G_LEGACY,FUNDING_SQUEEZE,SHORT,breadth,hi,HOLDOUT,41,0.68,0.561,0.1582,0.16575,155.8,2.6,1.139,-0.747,-168.1,0.878,0.6
G_LEGACY,FUNDING_SQUEEZE,SHORT,mkt_funding,base,TRAIN,438,2.38,0.4,-0.1503,0.99479,-1425.3,-7.75,0.867,-0.965,-1894.0,0.797,1.9
G_LEGACY,FUNDING_SQUEEZE,SHORT,mkt_funding,base,VALID,316,3.55,0.405,-0.1236,0.9671,-1252.7,-14.07,0.953,-0.98,-2207.3,0.839,2.98
G_LEGACY,FUNDING_SQUEEZE,SHORT,mkt_funding,base,TEST,228,2.48,0.443,-0.0563,0.7534,161.9,1.76,0.959,-0.88,-710.3,0.794,1.97
G_LEGACY,FUNDING_SQUEEZE,SHORT,mkt_funding,base,HOLDOUT,75,1.25,0.453,-0.0822,0.73652,-326.7,-5.44,0.989,-0.854,-540.8,0.813,1.02
G_LEGACY,FUNDING_SQUEEZE,SHORT,mkt_oi,flat,TRAIN,393,2.14,0.402,-0.1542,0.99408,-1033.1,-5.61,0.871,-0.979,-1405.7,0.796,1.7
G_LEGACY,FUNDING_SQUEEZE,SHORT,mkt_oi,flat,VALID,263,2.96,0.418,-0.1089,0.93066,-160.4,-1.8,1.019,-1.018,-1267.0,0.84,2.48
G_LEGACY,FUNDING_SQUEEZE,SHORT,mkt_oi,flat,TEST,182,1.98,0.423,-0.1243,0.91899,-223.7,-2.43,0.903,-0.88,-818.1,0.802,1.59
G_LEGACY,FUNDING_SQUEEZE,SHORT,mkt_oi,flat,HOLDOUT,73,1.22,0.438,-0.1236,0.83028,-366.7,-6.11,0.956,-0.867,-580.8,0.822,1.0
G_LEGACY,OI_BUILD_BRK,SHORT,mkt_trend,side,TRAIN,190,1.03,0.395,-0.1747,0.97639,-1794.0,-9.75,0.877,-0.833,-2044.2,0.942,0.97
G_LEGACY,OI_BUILD_BRK,SHORT,mkt_trend,side,VALID,101,1.13,0.446,-0.1412,0.81355,-206.0,-2.31,0.838,-0.725,-521.4,0.941,1.07
G_LEGACY,OI_BUILD_BRK,SHORT,mkt_trend,side,TEST,94,1.02,0.436,-0.7158,0.97057,42.0,0.46,0.789,-0.802,-374.1,0.936,0.96
G_LEGACY,OI_BUILD_BRK,SHORT,mkt_trend,side,HOLDOUT,44,0.73,0.364,-0.5925,0.97964,-278.8,-4.65,0.772,-1.16,-509.1,0.955,0.7
G_LEGACY,OI_BUILD_BRK,SHORT,breadth,hi,TRAIN,135,0.73,0.474,-0.0147,0.56107,-180.0,-0.98,0.906,-0.733,-730.6,0.97,0.71
G_LEGACY,OI_BUILD_BRK,SHORT,breadth,hi,VALID,83,0.93,0.422,-0.2754,0.96068,-29.6,-0.33,0.811,-1.273,-626.3,0.988,0.92
G_LEGACY,OI_BUILD_BRK,SHORT,breadth,hi,TEST,56,0.61,0.518,-0.7768,0.8975,-9.5,-0.1,0.855,-0.805,-213.8,0.982,0.6
G_LEGACY,OI_BUILD_BRK,SHORT,breadth,hi,HOLDOUT,31,0.52,0.484,-0.5067,0.89127,-166.1,-2.77,0.885,-1.199,-265.4,0.968,0.5
G_LEGACY,OI_BUILD_BRK,SHORT,mkt_funding,base,TRAIN,343,1.86,0.423,-0.1293,0.97723,-2192.3,-11.91,0.881,-0.8,-2629.1,0.942,1.76
G_LEGACY,OI_BUILD_BRK,SHORT,mkt_funding,base,VALID,166,1.87,0.44,-0.2344,0.97321,943.3,10.6,0.818,-0.998,-618.1,0.952,1.78
G_LEGACY,OI_BUILD_BRK,SHORT,mkt_funding,base,TEST,148,1.61,0.466,-0.4182,0.9535,-27.9,-0.3,0.871,-0.804,-478.3,0.932,1.5
G_LEGACY,OI_BUILD_BRK,SHORT,mkt_funding,base,HOLDOUT,36,0.6,0.417,-0.4949,0.90966,-116.7,-1.94,0.831,-0.896,-304.4,1.0,0.6
G_LEGACY,OI_BUILD_BRK,SHORT,mkt_oi,flat,TRAIN,316,1.72,0.424,-0.1174,0.96315,-1592.4,-8.65,0.863,-0.805,-1918.5,0.934,1.6
G_LEGACY,OI_BUILD_BRK,SHORT,mkt_oi,flat,VALID,170,1.91,0.412,-0.3392,0.99101,42.8,0.48,0.791,-1.03,-811.9,0.947,1.81
G_LEGACY,OI_BUILD_BRK,SHORT,mkt_oi,flat,TEST,137,1.49,0.467,-0.4596,0.95719,-55.1,-0.6,0.854,-0.817,-508.3,0.942,1.4
G_LEGACY,OI_BUILD_BRK,SHORT,mkt_oi,flat,HOLDOUT,55,0.92,0.382,-0.4569,0.96498,-271.9,-4.53,0.792,-0.872,-405.3,1.0,0.92
G_LEGACY,FUNDING_SQUEEZE,SHORT,breadth,lo,TRAIN,270,1.47,0.396,-0.1479,0.97511,-1329.3,-7.22,0.887,-1.039,-2039.0,0.848,1.24
G_LEGACY,FUNDING_SQUEEZE,SHORT,breadth,lo,VALID,210,2.36,0.438,-0.0691,0.80078,-292.6,-3.29,0.986,-0.83,-1016.1,0.886,2.09
G_LEGACY,FUNDING_SQUEEZE,SHORT,breadth,lo,TEST,120,1.3,0.408,-0.1122,0.8638,288.3,3.13,0.885,-0.947,-466.3,0.867,1.13
G_LEGACY,FUNDING_SQUEEZE,SHORT,breadth,lo,HOLDOUT,34,0.57,0.324,-0.372,0.97342,-482.4,-8.04,0.808,-0.982,-589.3,0.912,0.52
G_LEGACY,OI_COVER,LONG,breadth,lo,TRAIN,46,0.25,0.478,-0.0782,0.70317,594.5,3.23,0.69,-0.683,-162.9,0.739,0.18
G_LEGACY,OI_COVER,LONG,breadth,lo,VALID,21,0.24,0.286,-0.4623,0.9709,-483.0,-5.43,0.639,-0.9,-503.4,1.0,0.24
G_LEGACY,OI_COVER,LONG,breadth,lo,TEST,17,0.18,0.471,-0.2536,0.82428,-247.1,-2.69,0.784,-0.842,-268.2,1.0,0.18
G_LEGACY,OI_COVER,LONG,breadth,lo,HOLDOUT,11,0.18,0.455,0.1289,0.34668,-511.4,-8.52,0.863,-0.82,-565.5,1.0,0.18
G_LEGACY,BRK_4H,SHORT,mkt_oi,up,TRAIN,5498,29.88,0.467,-0.0376,0.65503,-3494.7,-18.99,1.045,-0.789,-13014.1,0.085,2.54
G_LEGACY,BRK_4H,SHORT,mkt_oi,up,VALID,5081,57.09,0.525,0.0572,0.25746,3162.5,35.53,1.031,-0.749,-4849.3,0.073,4.16
G_LEGACY,BRK_4H,SHORT,mkt_oi,up,TEST,2542,27.63,0.453,-0.1196,0.86617,-896.2,-9.74,0.976,-0.813,-3523.4,0.092,2.55
G_LEGACY,BRK_4H,SHORT,mkt_oi,up,HOLDOUT,1437,23.95,0.371,-0.2792,0.98853,-6505.8,-108.43,0.88,-0.883,-7158.6,0.106,2.55
G_LEGACY,ANY,SHORT,mkt_oi,up,TRAIN,13112,71.26,0.469,-0.0324,0.69653,-8651.1,-47.02,0.99,-0.775,-23679.0,0.039,2.79
G_LEGACY,ANY,SHORT,mkt_oi,up,VALID,11546,129.73,0.513,0.0394,0.28079,5904.1,66.34,1.007,-0.763,-14317.9,0.03,3.93
G_LEGACY,ANY,SHORT,mkt_oi,up,TEST,6667,72.47,0.469,-0.0875,0.85909,-2393.7,-26.02,0.982,-0.798,-8464.0,0.036,2.62
G_LEGACY,ANY,SHORT,mkt_oi,up,HOLDOUT,5307,88.45,0.353,-0.3248,0.99995,-29107.3,-485.12,0.87,-0.911,-30137.7,0.036,3.22
G_LEGACY,EARLY_BRK,SHORT,mkt_oi,up,TRAIN,3502,19.03,0.456,-0.0796,0.78072,-3090.2,-16.79,1.003,-0.792,-7378.0,0.116,2.2
G_LEGACY,EARLY_BRK,SHORT,mkt_oi,up,VALID,3493,39.25,0.535,0.071,0.24813,3806.1,42.76,1.069,-0.748,-3889.4,0.094,3.71
G_LEGACY,EARLY_BRK,SHORT,mkt_oi,up,TEST,1881,20.45,0.436,-0.1808,0.9394,-1779.1,-19.34,0.966,-0.829,-3050.6,0.12,2.46
G_LEGACY,EARLY_BRK,SHORT,mkt_oi,up,HOLDOUT,949,15.82,0.355,-0.3419,0.99489,-3910.0,-65.17,0.876,-0.897,-4074.3,0.155,2.45
G_LEGACY,TREND_TRANS,SHORT,mkt_oi,up,TRAIN,1772,9.63,0.44,-0.0922,0.78202,-2678.7,-14.56,1.008,-0.795,-6006.8,0.233,2.24
G_LEGACY,TREND_TRANS,SHORT,mkt_oi,up,VALID,1634,18.36,0.535,0.102,0.12281,1548.1,17.39,1.027,-0.743,-2291.4,0.184,3.37
G_LEGACY,TREND_TRANS,SHORT,mkt_oi,up,TEST,859,9.34,0.453,-0.0998,0.74006,-207.5,-2.25,0.972,-0.81,-1948.9,0.242,2.26
G_LEGACY,TREND_TRANS,SHORT,mkt_oi,up,HOLDOUT,525,8.75,0.328,-0.3826,0.99702,-3614.3,-60.24,0.816,-0.914,-3714.1,0.269,2.35
G_LEGACY,SQUEEZE_EXP,LONG,mkt_oi,up,TRAIN,1256,6.83,0.383,-0.22,0.96828,-3561.3,-19.35,0.93,-0.864,-4425.6,0.334,2.28
G_LEGACY,SQUEEZE_EXP,LONG,mkt_oi,up,VALID,1229,13.81,0.369,-0.2901,0.99094,-3087.8,-34.69,0.941,-0.884,-4886.0,0.272,3.75
G_LEGACY,SQUEEZE_EXP,LONG,mkt_oi,up,TEST,811,8.82,0.404,-0.1922,0.97203,-1209.8,-13.15,0.975,-0.835,-1523.1,0.305,2.68
G_LEGACY,SQUEEZE_EXP,LONG,mkt_oi,up,HOLDOUT,610,10.17,0.451,-0.028,0.58743,-555.1,-9.25,1.025,-0.856,-2150.9,0.302,3.07
G_LEGACY,PULLBACK_CONT,LONG,mkt_oi,up,TRAIN,5524,30.02,0.406,-0.1804,0.99424,-14197.6,-77.16,0.871,-0.847,-14481.0,0.086,2.59
G_LEGACY,PULLBACK_CONT,LONG,mkt_oi,up,VALID,4063,45.65,0.345,-0.3063,0.99994,-17610.7,-197.87,0.836,-0.857,-18006.8,0.089,4.06
G_LEGACY,PULLBACK_CONT,LONG,mkt_oi,up,TEST,2476,26.91,0.392,-0.2233,0.99573,-6034.0,-65.59,0.914,-0.844,-7260.9,0.095,2.54
G_LEGACY,PULLBACK_CONT,LONG,mkt_oi,up,HOLDOUT,2426,40.43,0.492,0.051,0.33864,2801.2,46.69,1.024,-0.824,-7596.9,0.066,2.65
G_LEGACY,ANY,LONG,mkt_oi,up,TRAIN,12755,69.32,0.381,-0.2331,0.99998,-39947.4,-217.11,0.866,-0.869,-40161.0,0.045,3.09
G_LEGACY,ANY,LONG,mkt_oi,up,VALID,9854,110.72,0.344,-0.3146,1.0,-39854.9,-447.81,0.858,-0.875,-40550.3,0.04,4.48
G_LEGACY,ANY,LONG,mkt_oi,up,TEST,6293,68.4,0.387,-0.2318,0.99994,-15604.0,-169.61,0.921,-0.844,-16403.9,0.042,2.89
G_LEGACY,ANY,LONG,mkt_oi,up,HOLDOUT,5798,96.63,0.485,0.0455,0.3343,5845.7,97.43,1.047,-0.839,-15581.1,0.034,3.25
G_LEGACY,ACCEL,LONG,mkt_oi,up,TRAIN,1445,7.85,0.329,-0.3149,0.99999,-7256.8,-39.44,0.875,-0.901,-7351.1,0.345,2.71
G_LEGACY,ACCEL,LONG,mkt_oi,up,VALID,1064,11.96,0.374,-0.2209,0.99995,-3084.4,-34.66,0.966,-0.884,-3579.0,0.389,4.65
G_LEGACY,ACCEL,LONG,mkt_oi,up,TEST,906,9.85,0.374,-0.2458,0.99993,-2239.9,-24.35,0.959,-0.878,-2966.9,0.322,3.17
G_LEGACY,ACCEL,LONG,mkt_oi,up,HOLDOUT,1104,18.4,0.459,0.0087,0.46363,-620.6,-10.34,1.079,-0.824,-3250.8,0.195,3.58
G_LEGACY,CHANGE_POINT,LONG,mkt_oi,up,TRAIN,753,4.09,0.349,-0.2564,0.99977,-3277.8,-17.81,0.906,-0.874,-3295.4,0.499,2.04
G_LEGACY,CHANGE_POINT,LONG,mkt_oi,up,VALID,493,5.54,0.353,-0.2425,0.99959,-832.7,-9.36,0.902,-0.908,-1129.6,0.604,3.35
G_LEGACY,CHANGE_POINT,LONG,mkt_oi,up,TEST,467,5.08,0.396,-0.2022,0.99788,-175.3,-1.91,0.943,-0.866,-676.1,0.522,2.65
G_LEGACY,CHANGE_POINT,LONG,mkt_oi,up,HOLDOUT,509,8.48,0.444,-0.0484,0.6066,-1726.9,-28.78,1.126,-0.833,-2697.9,0.356,3.02
G_LEGACY,PULLBACK_CONT,SHORT,mkt_oi,up,TRAIN,2611,14.19,0.47,-0.0143,0.55298,-1224.2,-6.65,1.008,-0.779,-4619.7,0.168,2.39
G_LEGACY,PULLBACK_CONT,SHORT,mkt_oi,up,VALID,2915,32.75,0.528,0.0977,0.19417,728.6,8.19,1.072,-0.747,-4624.8,0.114,3.74
G_LEGACY,PULLBACK_CONT,SHORT,mkt_oi,up,TEST,1804,19.61,0.49,-0.0496,0.64229,1942.3,21.11,1.047,-0.766,-2248.4,0.131,2.58
G_LEGACY,PULLBACK_CONT,SHORT,mkt_oi,up,HOLDOUT,843,14.05,0.391,-0.255,0.99921,-3431.5,-57.19,1.073,-0.894,-3761.0,0.197,2.77
G_LEGACY,OI_COVER,SHORT,mkt_oi,up,TRAIN,1597,8.68,0.425,-0.1157,0.92686,-6120.2,-33.26,0.862,-0.8,-8289.5,0.223,1.93
G_LEGACY,OI_COVER,SHORT,mkt_oi,up,VALID,1346,15.12,0.53,0.0874,0.208,2154.6,24.21,0.948,-0.711,-1598.2,0.199,3.01
G_LEGACY,OI_COVER,SHORT,mkt_oi,up,TEST,591,6.42,0.426,-0.1521,0.89342,-1392.1,-15.13,0.843,-0.781,-2510.5,0.299,1.92
G_LEGACY,OI_COVER,SHORT,mkt_oi,up,HOLDOUT,669,11.15,0.35,-0.2827,0.99518,-5624.0,-93.73,0.755,-0.836,-5805.6,0.191,2.13
G_LEGACY,BRK_24H,SHORT,mkt_oi,up,TRAIN,739,4.02,0.486,0.0431,0.40949,-322.7,-1.75,1.364,-0.792,-2278.6,0.352,1.41
G_LEGACY,BRK_24H,SHORT,mkt_oi,up,VALID,988,11.1,0.548,0.1418,0.14575,990.8,11.13,1.097,-0.734,-1347.3,0.259,2.88
G_LEGACY,BRK_24H,SHORT,mkt_oi,up,TEST,449,4.88,0.494,0.0068,0.48731,-103.9,-1.13,1.058,-0.801,-989.2,0.356,1.74
G_LEGACY,BRK_24H,SHORT,mkt_oi,up,HOLDOUT,173,2.88,0.387,-0.1924,0.92687,-604.1,-10.07,1.002,-0.864,-717.5,0.468,1.35
G_LEGACY,ACCEL,SHORT,mkt_oi,up,TRAIN,1460,7.93,0.373,-0.2379,0.98781,-5756.6,-31.29,0.886,-0.872,-6662.9,0.25,1.98
G_LEGACY,ACCEL,SHORT,mkt_oi,up,VALID,1249,14.03,0.52,0.1026,0.21406,1714.3,19.26,1.011,-0.782,-1320.6,0.227,3.19
G_LEGACY,ACCEL,SHORT,mkt_oi,up,TEST,768,8.35,0.444,-0.1502,0.8858,-1014.7,-11.03,0.957,-0.804,-2393.3,0.232,1.93
G_LEGACY,ACCEL,SHORT,mkt_oi,up,HOLDOUT,800,13.33,0.349,-0.3161,0.97268,-4785.5,-79.76,0.835,-0.871,-4809.2,0.181,2.42
G_LEGACY,VOL_PRICE,SHORT,mkt_oi,up,TRAIN,2106,11.45,0.451,-0.0492,0.69021,-1492.7,-8.11,1.035,-0.81,-6486.1,0.204,2.33
G_LEGACY,VOL_PRICE,SHORT,mkt_oi,up,VALID,1679,18.87,0.518,0.0804,0.21783,1762.2,19.8,1.021,-0.772,-2112.7,0.204,3.85
G_LEGACY,VOL_PRICE,SHORT,mkt_oi,up,TEST,1198,13.02,0.429,-0.1823,0.98097,-1698.0,-18.46,0.931,-0.841,-2801.4,0.192,2.5
G_LEGACY,VOL_PRICE,SHORT,mkt_oi,up,HOLDOUT,995,16.58,0.362,-0.283,0.98079,-5313.7,-88.56,0.875,-0.888,-5473.9,0.17,2.82
G_LEGACY,BRK_4H,LONG,mkt_oi,up,TRAIN,6031,32.78,0.37,-0.2528,1.0,-20495.3,-111.39,0.879,-0.854,-20495.3,0.094,3.07
G_LEGACY,BRK_4H,LONG,mkt_oi,up,VALID,4295,48.26,0.342,-0.3154,1.0,-18778.3,-210.99,0.904,-0.894,-18947.7,0.105,5.04
G_LEGACY,BRK_4H,LONG,mkt_oi,up,TEST,2891,31.42,0.387,-0.2221,0.99975,-7462.5,-81.11,0.968,-0.851,-7958.5,0.106,3.33
G_LEGACY,BRK_4H,LONG,mkt_oi,up,HOLDOUT,3171,52.85,0.49,0.0653,0.28211,4587.7,76.46,1.083,-0.826,-7649.2,0.068,3.58
G_LEGACY,EARLY_BRK,LONG,mkt_oi,up,TRAIN,2119,11.52,0.361,-0.3346,0.99995,-7452.1,-40.5,0.905,-0.901,-7912.4,0.205,2.36
G_LEGACY,EARLY_BRK,LONG,mkt_oi,up,VALID,1850,20.79,0.342,-0.3775,1.0,-6077.6,-68.29,0.916,-0.901,-6186.3,0.197,4.09
G_LEGACY,EARLY_BRK,LONG,mkt_oi,up,TEST,1619,17.6,0.416,-0.2032,0.99717,-2205.7,-23.97,1.013,-0.826,-2513.9,0.159,2.8
G_LEGACY,EARLY_BRK,LONG,mkt_oi,up,HOLDOUT,713,11.88,0.418,-0.189,0.88364,-1062.6,-17.71,1.042,-0.949,-2974.5,0.254,3.02
G_LEGACY,TREND_TRANS,LONG,mkt_oi,up,TRAIN,1349,7.33,0.349,-0.3306,0.99989,-5912.8,-32.13,0.827,-0.859,-5920.7,0.26,1.91
G_LEGACY,TREND_TRANS,LONG,mkt_oi,up,VALID,1058,11.89,0.325,-0.3579,0.99999,-4945.4,-55.57,0.841,-0.906,-4980.6,0.309,3.67
G_LEGACY,TREND_TRANS,LONG,mkt_oi,up,TEST,953,10.36,0.422,-0.1417,0.95106,-1165.4,-12.67,0.949,-0.815,-1362.6,0.218,2.26
G_LEGACY,TREND_TRANS,LONG,mkt_oi,up,HOLDOUT,563,9.38,0.449,-0.0302,0.59161,-79.1,-1.32,1.053,-1.025,-1833.2,0.304,2.85
G_LEGACY,SWEEP_RECLAIM,SHORT,mkt_oi,up,TRAIN,3585,19.48,0.463,-0.0508,0.78697,-3224.9,-17.53,0.936,-0.772,-6903.0,0.132,2.57
G_LEGACY,SWEEP_RECLAIM,SHORT,mkt_oi,up,VALID,2429,27.29,0.465,-0.0687,0.82401,-775.3,-8.71,0.943,-0.822,-4641.0,0.146,3.99
G_LEGACY,SWEEP_RECLAIM,SHORT,mkt_oi,up,TEST,1522,16.54,0.472,-0.0781,0.8392,-1059.9,-11.52,0.971,-0.818,-2263.7,0.179,2.96
G_LEGACY,SWEEP_RECLAIM,SHORT,mkt_oi,up,HOLDOUT,2161,36.02,0.346,-0.3415,0.99944,-11682.9,-194.71,0.844,-0.932,-13137.3,0.087,3.13
G_LEGACY,MTF_BRK,LONG,mkt_oi,up,TRAIN,4276,23.24,0.376,-0.2351,0.99998,-12921.2,-70.22,0.88,-0.839,-12921.2,0.123,2.85
G_LEGACY,MTF_BRK,LONG,mkt_oi,up,VALID,2908,32.67,0.346,-0.296,0.99997,-13354.7,-150.05,0.912,-0.887,-13535.6,0.144,4.71
G_LEGACY,MTF_BRK,LONG,mkt_oi,up,TEST,1824,19.83,0.379,-0.2378,0.99976,-5998.0,-65.2,0.95,-0.864,-6334.6,0.164,3.25
G_LEGACY,MTF_BRK,LONG,mkt_oi,up,HOLDOUT,2465,41.08,0.514,0.1341,0.13043,5061.0,84.35,1.107,-0.782,-5721.1,0.087,3.57
G_LEGACY,VOL_PRICE,LONG,mkt_oi,up,TRAIN,1800,9.78,0.374,-0.2345,0.99222,-4571.5,-24.85,0.896,-0.886,-4934.7,0.297,2.91
G_LEGACY,VOL_PRICE,LONG,mkt_oi,up,VALID,1403,15.76,0.368,-0.2346,0.99771,-4444.3,-49.94,0.953,-0.888,-4495.2,0.274,4.31
G_LEGACY,VOL_PRICE,LONG,mkt_oi,up,TEST,1073,11.66,0.366,-0.2614,1.0,-3708.5,-40.31,0.925,-0.892,-4252.2,0.272,3.17
G_LEGACY,VOL_PRICE,LONG,mkt_oi,up,HOLDOUT,988,16.47,0.492,0.0928,0.2051,137.4,2.29,1.164,-0.834,-2810.0,0.205,3.38
G_LEGACY,BRK_24H,LONG,mkt_oi,up,TRAIN,3156,17.15,0.363,-0.2598,0.99999,-11091.7,-60.28,0.852,-0.833,-11102.0,0.154,2.65
G_LEGACY,BRK_24H,LONG,mkt_oi,up,VALID,2141,24.06,0.349,-0.275,0.99986,-9618.5,-108.07,0.914,-0.879,-10116.1,0.181,4.36
G_LEGACY,BRK_24H,LONG,mkt_oi,up,TEST,1346,14.63,0.359,-0.283,0.99996,-5457.0,-59.31,0.919,-0.876,-5741.9,0.211,3.09
G_LEGACY,BRK_24H,LONG,mkt_oi,up,HOLDOUT,1978,32.97,0.506,0.1033,0.17851,3592.5,59.87,1.089,-0.784,-4000.8,0.111,3.65
G_LEGACY,OI_BUILD_BRK,LONG,mkt_oi,up,TRAIN,1472,8.0,0.397,-0.1452,0.99068,-3076.3,-16.72,0.871,-0.802,-4827.3,0.317,2.53
G_LEGACY,OI_BUILD_BRK,LONG,mkt_oi,up,VALID,1063,11.94,0.385,-0.1576,0.99424,-5133.8,-57.68,0.955,-0.883,-5224.1,0.357,4.26
G_LEGACY,OI_BUILD_BRK,LONG,mkt_oi,up,TEST,578,6.28,0.356,-0.2241,0.99977,-2475.0,-26.9,0.948,-0.906,-2809.8,0.458,2.88
G_LEGACY,OI_BUILD_BRK,LONG,mkt_oi,up,HOLDOUT,1000,16.67,0.485,0.0839,0.18254,2328.4,38.81,1.068,-0.821,-1764.6,0.204,3.4
G_LEGACY,CAPITULATION_REV,SHORT,mkt_oi,up,TRAIN,280,1.52,0.471,0.0454,0.30681,579.7,3.15,0.96,-0.839,-718.6,0.732,1.11
G_LEGACY,CAPITULATION_REV,SHORT,mkt_oi,up,VALID,155,1.74,0.426,-0.1144,0.90063,-742.7,-8.34,0.983,-0.973,-990.8,0.884,1.54
G_LEGACY,CAPITULATION_REV,SHORT,mkt_oi,up,TEST,144,1.57,0.528,0.0923,0.1635,-377.2,-4.1,1.06,-0.911,-544.9,0.764,1.2
G_LEGACY,CAPITULATION_REV,SHORT,mkt_oi,up,HOLDOUT,279,4.65,0.337,-0.3368,0.97471,-1037.4,-17.29,0.815,-1.108,-1682.4,0.409,1.9
G_LEGACY,OI_PRICE,LONG,mkt_oi,up,TRAIN,1656,9.0,0.377,-0.1726,0.99954,-3519.4,-19.13,0.888,-0.836,-3801.0,0.3,2.7
G_LEGACY,OI_PRICE,LONG,mkt_oi,up,VALID,1254,14.09,0.376,-0.1736,0.99957,-4703.6,-52.85,0.939,-0.862,-5110.1,0.313,4.42
G_LEGACY,OI_PRICE,LONG,mkt_oi,up,TEST,763,8.29,0.375,-0.1874,0.99968,-2751.6,-29.91,0.935,-0.86,-3597.7,0.329,2.73
G_LEGACY,OI_PRICE,LONG,mkt_oi,up,HOLDOUT,1206,20.1,0.452,0.0072,0.46516,55.4,0.92,1.019,-0.846,-2953.5,0.17,3.42
G_LEGACY,BRK_4H,LONG,mkt_trend,bull,TRAIN,13967,75.91,0.375,-0.2662,1.0,-39990.0,-217.34,0.909,-0.87,-39990.0,0.086,6.57
G_LEGACY,BRK_4H,LONG,mkt_trend,bull,VALID,10725,120.51,0.353,-0.3102,1.0,-40805.6,-458.49,0.912,-0.891,-40885.4,0.091,10.93
G_LEGACY,BRK_4H,LONG,mkt_trend,bull,TEST,6674,72.54,0.393,-0.2396,0.99999,-17943.2,-195.03,0.962,-0.861,-19198.0,0.097,7.07
G_LEGACY,BRK_4H,LONG,mkt_trend,bull,HOLDOUT,9454,157.57,0.446,-0.0736,0.86257,-4653.6,-77.56,1.03,-0.845,-19981.3,0.067,10.63
G_LEGACY,ANY,LONG,mkt_trend,bull,TRAIN,29497,160.31,0.389,-0.2383,1.0,-76604.8,-416.33,0.903,-0.869,-76615.4,0.04,6.36
G_LEGACY,ANY,LONG,mkt_trend,bull,VALID,24047,270.19,0.384,-0.2343,1.0,-65229.4,-732.91,0.909,-0.853,-65563.9,0.036,9.65
G_LEGACY,ANY,LONG,mkt_trend,bull,TEST,14794,160.8,0.403,-0.198,0.99999,-37588.6,-408.57,0.942,-0.838,-42295.9,0.036,5.74
G_LEGACY,ANY,LONG,mkt_trend,bull,HOLDOUT,18590,309.83,0.454,-0.0544,0.84435,-6211.2,-103.52,1.002,-0.824,-33224.9,0.031,9.62
G_LEGACY,BRK_24H,LONG,mkt_trend,bull,TRAIN,5275,28.67,0.368,-0.2697,1.0,-15653.0,-85.07,0.893,-0.871,-15761.3,0.195,5.6
G_LEGACY,BRK_24H,LONG,mkt_trend,bull,VALID,4239,47.63,0.362,-0.2521,1.0,-17193.0,-193.18,0.924,-0.879,-17681.4,0.2,9.53
G_LEGACY,BRK_24H,LONG,mkt_trend,bull,TEST,2556,27.78,0.4,-0.1848,0.99986,-6397.8,-69.54,0.98,-0.854,-6605.5,0.214,5.95
G_LEGACY,BRK_24H,LONG,mkt_trend,bull,HOLDOUT,4048,67.47,0.435,-0.0799,0.83939,-3417.8,-56.96,1.021,-0.878,-14054.0,0.148,10.02
G_LEGACY,MTF_BRK,LONG,mkt_trend,bull,TRAIN,7174,38.99,0.377,-0.258,1.0,-21052.8,-114.42,0.915,-0.872,-21077.5,0.156,6.08
G_LEGACY,MTF_BRK,LONG,mkt_trend,bull,VALID,5915,66.46,0.356,-0.2834,1.0,-24652.8,-277.0,0.915,-0.886,-25033.7,0.152,10.11
G_LEGACY,MTF_BRK,LONG,mkt_trend,bull,TEST,3667,39.86,0.388,-0.2471,1.0,-11130.7,-120.99,0.971,-0.861,-11416.3,0.16,6.36
G_LEGACY,MTF_BRK,LONG,mkt_trend,bull,HOLDOUT,5575,92.92,0.443,-0.0655,0.80288,-4104.4,-68.41,1.029,-0.86,-18562.8,0.112,10.45
G_LEGACY,EARLY_BRK,LONG,mkt_trend,bull,TRAIN,8065,43.83,0.374,-0.3143,1.0,-21243.9,-115.46,0.913,-0.876,-21312.7,0.128,5.6
G_LEGACY,EARLY_BRK,LONG,mkt_trend,bull,VALID,6052,68.0,0.345,-0.3794,1.0,-19371.5,-217.66,0.907,-0.903,-19463.4,0.141,9.6
G_LEGACY,EARLY_BRK,LONG,mkt_trend,bull,TEST,4043,43.95,0.409,-0.2615,0.99988,-8142.1,-88.5,0.986,-0.85,-9105.5,0.141,6.21
G_LEGACY,EARLY_BRK,LONG,mkt_trend,bull,HOLDOUT,3774,62.9,0.435,-0.1966,0.98705,-2938.7,-48.98,1.033,-0.835,-5560.6,0.14,8.82
G_LEGACY,VOL_PRICE,LONG,mkt_trend,bull,TRAIN,4048,22.0,0.372,-0.2507,1.0,-13297.6,-72.27,0.922,-0.894,-13349.4,0.276,6.07
G_LEGACY,VOL_PRICE,LONG,mkt_trend,bull,VALID,3724,41.84,0.406,-0.1577,0.99802,-7495.4,-84.22,0.992,-0.862,-7534.1,0.242,10.13
G_LEGACY,VOL_PRICE,LONG,mkt_trend,bull,TEST,2366,25.72,0.374,-0.2592,1.0,-7205.9,-78.32,0.929,-0.889,-8238.2,0.238,6.13
G_LEGACY,VOL_PRICE,LONG,mkt_trend,bull,HOLDOUT,2471,41.18,0.431,-0.0813,0.89773,-3318.8,-55.31,1.056,-0.877,-6437.7,0.248,10.22
G_LEGACY,PULLBACK_CONT,SHORT,mkt_trend,bull,TRAIN,10107,54.93,0.43,-0.1508,0.99478,-15321.1,-83.27,0.956,-0.822,-18117.6,0.094,5.15
G_LEGACY,PULLBACK_CONT,SHORT,mkt_trend,bull,VALID,7470,83.93,0.435,-0.1464,0.98725,-14092.6,-158.34,0.98,-0.827,-16705.3,0.098,8.25
G_LEGACY,PULLBACK_CONT,SHORT,mkt_trend,bull,TEST,4722,51.33,0.431,-0.1526,0.98989,-7196.4,-78.22,0.965,-0.836,-10513.9,0.099,5.08
G_LEGACY,PULLBACK_CONT,SHORT,mkt_trend,bull,HOLDOUT,5015,83.58,0.382,-0.2577,0.99863,-16764.4,-279.41,0.937,-0.857,-17947.9,0.103,8.58
G_LEGACY,ANY,SHORT,mkt_trend,bull,TRAIN,31178,169.45,0.44,-0.1233,0.99858,-48157.8,-261.73,0.965,-0.823,-58980.0,0.035,5.87
G_LEGACY,ANY,SHORT,mkt_trend,bull,VALID,25092,281.93,0.446,-0.1253,0.99648,-33540.7,-376.86,0.95,-0.817,-42701.9,0.033,9.34
G_LEGACY,ANY,SHORT,mkt_trend,bull,TEST,15273,166.01,0.432,-0.146,0.999,-22308.4,-242.48,0.938,-0.831,-28014.2,0.033,5.43
G_LEGACY,ANY,SHORT,mkt_trend,bull,HOLDOUT,18282,304.7,0.377,-0.2755,1.0,-71329.0,-1188.82,0.908,-0.862,-73732.8,0.032,9.67
G_LEGACY,TREND_TRANS,SHORT,mkt_trend,bull,TRAIN,3982,21.64,0.449,-0.0965,0.92213,-5936.7,-32.26,1.012,-0.816,-9856.8,0.211,4.56
G_LEGACY,TREND_TRANS,SHORT,mkt_trend,bull,VALID,3254,36.56,0.475,-0.056,0.80831,-1345.2,-15.11,0.954,-0.786,-3904.2,0.197,7.19
G_LEGACY,TREND_TRANS,SHORT,mkt_trend,bull,TEST,2126,23.11,0.447,-0.113,0.93249,-3155.1,-34.3,0.933,-0.8,-5014.3,0.191,4.41
G_LEGACY,TREND_TRANS,SHORT,mkt_trend,bull,HOLDOUT,2356,39.27,0.402,-0.2618,0.99833,-6303.9,-105.07,0.887,-0.813,-6555.4,0.19,7.47
G_LEGACY,TREND_TRANS,LONG,mkt_trend,bull,TRAIN,4123,22.41,0.391,-0.2421,0.99986,-10619.9,-57.72,0.912,-0.861,-10619.9,0.214,4.8
G_LEGACY,TREND_TRANS,LONG,mkt_trend,bull,VALID,3199,35.94,0.39,-0.2184,0.99996,-7823.5,-87.9,0.921,-0.852,-7886.3,0.218,7.82
G_LEGACY,TREND_TRANS,LONG,mkt_trend,bull,TEST,2024,22.0,0.42,-0.1434,0.95948,-3313.0,-36.01,0.955,-0.819,-4408.0,0.209,4.61
G_LEGACY,TREND_TRANS,LONG,mkt_trend,bull,HOLDOUT,2350,39.17,0.437,-0.0993,0.91138,-2621.7,-43.7,1.007,-0.843,-4408.1,0.206,8.08
G_LEGACY,BRK_4H,SHORT,mkt_trend,bull,TRAIN,12899,70.1,0.438,-0.1286,0.9896,-20852.8,-113.33,1.0,-0.835,-28517.0,0.074,5.18
G_LEGACY,BRK_4H,SHORT,mkt_trend,bull,VALID,10469,117.63,0.445,-0.1338,0.98335,-12792.9,-143.74,0.961,-0.808,-15619.0,0.074,8.75
G_LEGACY,BRK_4H,SHORT,mkt_trend,bull,TEST,6096,66.26,0.407,-0.2077,0.99899,-13791.6,-149.91,0.909,-0.844,-15558.4,0.079,5.24
G_LEGACY,BRK_4H,SHORT,mkt_trend,bull,HOLDOUT,6549,109.15,0.358,-0.3348,1.0,-30581.1,-509.68,0.911,-0.874,-31403.6,0.08,8.68
G_LEGACY,OI_BUILD_BRK,LONG,mkt_trend,bull,TRAIN,2391,12.99,0.399,-0.1338,0.99726,-6359.3,-34.56,0.947,-0.861,-7657.7,0.416,5.41
G_LEGACY,OI_BUILD_BRK,LONG,mkt_trend,bull,VALID,2195,24.66,0.371,-0.1784,1.0,-10695.2,-120.17,0.942,-0.888,-10830.2,0.392,9.67
G_LEGACY,OI_BUILD_BRK,LONG,mkt_trend,bull,TEST,1246,13.54,0.392,-0.1287,0.99648,-4037.2,-43.88,0.976,-0.875,-4458.5,0.408,5.52
G_LEGACY,OI_BUILD_BRK,LONG,mkt_trend,bull,HOLDOUT,2525,42.08,0.414,-0.0736,0.89253,-4950.9,-82.52,0.992,-0.911,-10643.1,0.23,9.7
G_LEGACY,SQUEEZE_EXP,SHORT,mkt_trend,bull,TRAIN,3402,18.49,0.449,-0.0878,0.80202,-3529.7,-19.18,1.06,-0.832,-7734.2,0.251,4.64
G_LEGACY,SQUEEZE_EXP,SHORT,mkt_trend,bull,VALID,2805,31.52,0.435,-0.1419,0.96782,-4169.0,-46.84,0.977,-0.853,-4665.2,0.252,7.93
G_LEGACY,SQUEEZE_EXP,SHORT,mkt_trend,bull,TEST,1799,19.55,0.432,-0.155,0.97507,-1151.4,-12.52,0.981,-0.842,-2805.2,0.235,4.6
G_LEGACY,SQUEEZE_EXP,SHORT,mkt_trend,bull,HOLDOUT,2020,33.67,0.402,-0.2818,0.99999,-6642.8,-110.71,0.946,-0.86,-7184.3,0.241,8.1
G_LEGACY,SQUEEZE_EXP,SHORT,mkt_oi,up,TRAIN,1208,6.57,0.422,-0.1493,0.87686,-3077.9,-16.73,0.936,-0.884,-4316.5,0.309,2.03
G_LEGACY,SQUEEZE_EXP,SHORT,mkt_oi,up,VALID,1312,14.74,0.492,0.017,0.44839,-787.9,-8.85,1.018,-0.821,-3148.8,0.235,3.46
G_LEGACY,SQUEEZE_EXP,SHORT,mkt_oi,up,TEST,741,8.05,0.401,-0.2401,0.97118,-1732.4,-18.83,0.919,-0.876,-1889.3,0.279,2.25
G_LEGACY,SQUEEZE_EXP,SHORT,mkt_oi,up,HOLDOUT,646,10.77,0.429,-0.1452,0.87254,-1272.1,-21.2,1.056,-0.861,-1888.7,0.252,2.72
G_LEGACY,CHANGE_POINT,SHORT,mkt_trend,bull,TRAIN,2517,13.68,0.509,0.0905,0.1811,1849.4,10.05,1.047,-0.741,-3375.2,0.278,3.8
G_LEGACY,CHANGE_POINT,SHORT,mkt_trend,bull,VALID,2378,26.72,0.479,-0.0415,0.68078,-1097.7,-12.33,0.944,-0.761,-4569.5,0.241,6.43
G_LEGACY,CHANGE_POINT,SHORT,mkt_trend,bull,TEST,1422,15.46,0.418,-0.1688,0.98255,-2786.8,-30.29,0.883,-0.794,-3624.2,0.269,4.16
G_LEGACY,CHANGE_POINT,SHORT,mkt_trend,bull,HOLDOUT,1883,31.38,0.348,-0.3682,0.99997,-12580.8,-209.68,0.783,-0.875,-12809.7,0.207,6.48
G_LEGACY,CHANGE_POINT,SHORT,mkt_oi,up,TRAIN,1164,6.33,0.458,-0.0506,0.70179,-1062.4,-5.77,0.893,-0.759,-3802.1,0.268,1.7
G_LEGACY,CHANGE_POINT,SHORT,mkt_oi,up,VALID,990,11.12,0.525,0.0638,0.30863,815.2,9.16,0.943,-0.728,-1002.8,0.261,2.9
G_LEGACY,CHANGE_POINT,SHORT,mkt_oi,up,TEST,619,6.73,0.447,-0.1564,0.84041,-1034.5,-11.24,0.891,-0.801,-2276.0,0.281,1.89
G_LEGACY,CHANGE_POINT,SHORT,mkt_oi,up,HOLDOUT,782,13.03,0.316,-0.4135,0.99538,-6372.6,-106.21,0.74,-0.919,-6849.4,0.176,2.3
G_LEGACY,SWEEP_RECLAIM,SHORT,mkt_trend,bull,TRAIN,5742,31.21,0.45,-0.1034,0.97234,-7270.5,-39.51,0.945,-0.823,-8934.6,0.175,5.45
G_LEGACY,SWEEP_RECLAIM,SHORT,mkt_trend,bull,VALID,4686,52.65,0.442,-0.1225,0.9853,-6725.1,-75.56,0.938,-0.846,-10858.6,0.174,9.18
G_LEGACY,SWEEP_RECLAIM,SHORT,mkt_trend,bull,TEST,2851,30.99,0.445,-0.1214,0.98297,-2645.5,-28.76,0.949,-0.856,-4269.4,0.178,5.51
G_LEGACY,SWEEP_RECLAIM,SHORT,mkt_trend,bull,HOLDOUT,4455,74.25,0.401,-0.1946,0.9978,-13285.4,-221.42,0.946,-0.877,-15851.9,0.124,9.22
G_LEGACY,PULLBACK_CONT,LONG,mkt_trend,bull,TRAIN,9984,54.26,0.393,-0.2304,0.99999,-25490.7,-138.54,0.914,-0.852,-25822.0,0.093,5.02
G_LEGACY,PULLBACK_CONT,LONG,mkt_trend,bull,VALID,8624,96.9,0.392,-0.2088,0.99995,-20957.9,-235.48,0.905,-0.826,-21566.1,0.088,8.52
G_LEGACY,PULLBACK_CONT,LONG,mkt_trend,bull,TEST,5561,60.45,0.388,-0.2241,0.99972,-17560.5,-190.87,0.91,-0.838,-21083.4,0.082,4.97
G_LEGACY,PULLBACK_CONT,LONG,mkt_trend,bull,HOLDOUT,6983,116.38,0.46,-0.0479,0.77698,-1179.1,-19.65,0.979,-0.801,-13643.6,0.072,8.43
G_LEGACY,OI_COVER,SHORT,mkt_trend,bull,TRAIN,3319,18.04,0.474,0.0237,0.38637,-2927.5,-15.91,1.046,-0.734,-6431.8,0.224,4.05
G_LEGACY,OI_COVER,SHORT,mkt_trend,bull,VALID,2652,29.8,0.481,-0.0125,0.56939,557.7,6.27,0.89,-0.731,-4546.0,0.215,6.4
G_LEGACY,OI_COVER,SHORT,mkt_trend,bull,TEST,1564,17.0,0.423,-0.1278,0.98529,-2300.0,-25.0,0.832,-0.772,-3789.3,0.228,3.87
G_LEGACY,OI_COVER,SHORT,mkt_trend,bull,HOLDOUT,2629,43.82,0.368,-0.2682,1.0,-16754.2,-279.24,0.761,-0.816,-17176.8,0.151,6.6
G_LEGACY,ACCEL,LONG,mkt_trend,bull,TRAIN,3594,19.53,0.359,-0.2646,1.0,-14001.3,-76.09,0.895,-0.882,-14156.7,0.284,5.55
G_LEGACY,ACCEL,LONG,mkt_trend,bull,VALID,3227,36.26,0.408,-0.1459,0.99623,-6063.0,-68.12,0.999,-0.859,-6351.9,0.285,10.35
G_LEGACY,ACCEL,LONG,mkt_trend,bull,TEST,1978,21.5,0.381,-0.2446,0.99984,-5140.9,-55.88,0.926,-0.87,-6686.6,0.287,6.16
G_LEGACY,ACCEL,LONG,mkt_trend,bull,HOLDOUT,2539,42.32,0.415,-0.1352,0.99082,-4518.1,-75.3,0.998,-0.881,-7124.4,0.24,10.15
G_LEGACY,OI_PRICE,LONG,mkt_trend,bull,TRAIN,3162,17.18,0.396,-0.1283,0.99986,-6506.4,-35.36,0.942,-0.853,-7240.2,0.337,5.79
G_LEGACY,OI_PRICE,LONG,mkt_trend,bull,VALID,2908,32.67,0.392,-0.1417,0.99999,-9022.5,-101.38,0.945,-0.85,-9263.4,0.306,10.0
G_LEGACY,OI_PRICE,LONG,mkt_trend,bull,TEST,1735,18.86,0.386,-0.1515,0.99956,-6366.8,-69.2,0.934,-0.851,-7459.4,0.303,5.71
G_LEGACY,OI_PRICE,LONG,mkt_trend,bull,HOLDOUT,3269,54.48,0.419,-0.0726,0.92135,-6811.7,-113.53,0.956,-0.881,-11867.8,0.183,9.98
G_LEGACY,VOL_PRICE,SHORT,mkt_trend,bull,TRAIN,5034,27.36,0.458,-0.0437,0.72596,-4490.8,-24.41,1.046,-0.796,-9149.6,0.195,5.33
G_LEGACY,VOL_PRICE,SHORT,mkt_trend,bull,VALID,4112,46.2,0.459,-0.0696,0.84121,-2155.3,-24.22,0.983,-0.804,-4745.6,0.188,8.7
G_LEGACY,VOL_PRICE,SHORT,mkt_trend,bull,TEST,2670,29.02,0.409,-0.1923,0.99903,-2596.0,-28.22,0.912,-0.852,-5996.0,0.178,5.17
G_LEGACY,VOL_PRICE,SHORT,mkt_trend,bull,HOLDOUT,3135,52.25,0.37,-0.293,0.99999,-15425.1,-257.09,0.884,-0.87,-15948.4,0.16,8.38
G_LEGACY,ACCEL,SHORT,mkt_trend,bull,TRAIN,3488,18.96,0.446,-0.0796,0.78318,-6080.7,-33.05,0.987,-0.803,-7921.0,0.228,4.32
G_LEGACY,ACCEL,SHORT,mkt_trend,bull,VALID,3149,35.38,0.47,-0.0433,0.66858,-90.1,-1.01,0.975,-0.784,-3800.1,0.209,7.4
G_LEGACY,ACCEL,SHORT,mkt_trend,bull,TEST,1976,21.48,0.423,-0.1416,0.97776,-1528.0,-16.61,0.931,-0.8,-2865.3,0.207,4.45
G_LEGACY,ACCEL,SHORT,mkt_trend,bull,HOLDOUT,2306,38.43,0.366,-0.3348,0.99992,-12041.2,-200.69,0.852,-0.88,-13387.8,0.182,7.0
G_LEGACY,EARLY_BRK,SHORT,mkt_trend,bull,TRAIN,8222,44.68,0.447,-0.1381,0.98436,-7685.4,-41.77,1.001,-0.836,-11516.5,0.11,4.92
G_LEGACY,EARLY_BRK,SHORT,mkt_trend,bull,VALID,6829,76.73,0.443,-0.1658,0.98621,-8775.3,-98.6,0.989,-0.817,-11018.5,0.104,7.99
G_LEGACY,EARLY_BRK,SHORT,mkt_trend,bull,TEST,3899,42.38,0.416,-0.2153,0.99593,-7412.6,-80.57,0.929,-0.833,-7739.4,0.116,4.92
G_LEGACY,EARLY_BRK,SHORT,mkt_trend,bull,HOLDOUT,3524,58.73,0.354,-0.4103,1.0,-14537.6,-242.29,0.924,-0.886,-15014.3,0.135,7.95
G_LEGACY,SWEEP_RECLAIM,LONG,mkt_trend,bull,TRAIN,4209,22.88,0.419,-0.1952,0.9978,-9137.3,-49.66,0.885,-0.945,-9824.3,0.192,4.39
G_LEGACY,SWEEP_RECLAIM,LONG,mkt_trend,bull,VALID,3555,39.94,0.416,-0.1942,0.99311,-6840.4,-76.86,0.893,-0.85,-8207.7,0.186,7.42
G_LEGACY,SWEEP_RECLAIM,LONG,mkt_trend,bull,TEST,1816,19.74,0.46,-0.0597,0.80661,-2200.0,-23.91,0.996,-0.824,-4589.6,0.207,4.09
G_LEGACY,SWEEP_RECLAIM,LONG,mkt_trend,bull,HOLDOUT,1716,28.6,0.469,-0.0193,0.58616,-48.3,-0.8,0.964,-0.839,-3099.6,0.21,6.02
G_LEGACY,BRK_24H,SHORT,mkt_trend,bull,TRAIN,3703,20.12,0.429,-0.0992,0.87234,-5341.1,-29.03,1.087,-0.808,-8849.1,0.194,3.91
G_LEGACY,BRK_24H,SHORT,mkt_trend,bull,VALID,3153,35.43,0.415,-0.194,0.98898,-5706.4,-64.12,0.924,-0.821,-6347.2,0.196,6.96
G_LEGACY,BRK_24H,SHORT,mkt_trend,bull,TEST,1670,18.15,0.357,-0.3281,0.99998,-4784.5,-52.01,0.851,-0.904,-7140.1,0.214,3.88
G_LEGACY,BRK_24H,SHORT,mkt_trend,bull,HOLDOUT,1299,21.65,0.355,-0.3479,0.99996,-6614.2,-110.24,0.909,-0.873,-6822.6,0.246,5.33
G_LEGACY,MTF_BRK,SHORT,mkt_trend,bull,TRAIN,5513,29.96,0.42,-0.1534,0.98734,-9074.7,-49.32,1.037,-0.827,-12723.3,0.159,4.76
G_LEGACY,MTF_BRK,SHORT,mkt_trend,bull,VALID,4342,48.79,0.419,-0.1972,0.99444,-6193.6,-69.59,0.953,-0.828,-7054.0,0.166,8.09
G_LEGACY,MTF_BRK,SHORT,mkt_trend,bull,TEST,2594,28.2,0.377,-0.2688,0.99968,-6342.2,-68.94,0.892,-0.875,-9052.7,0.164,4.63
G_LEGACY,MTF_BRK,SHORT,mkt_trend,bull,HOLDOUT,2696,44.93,0.371,-0.2994,0.99908,-10268.0,-171.13,0.969,-0.868,-10615.0,0.159,7.17
G_LEGACY,SQUEEZE_EXP,LONG,mkt_trend,bull,TRAIN,3297,17.92,0.378,-0.295,0.9999,-8942.0,-48.6,0.888,-0.909,-9094.1,0.281,5.03
G_LEGACY,SQUEEZE_EXP,LONG,mkt_trend,bull,VALID,2739,30.78,0.421,-0.1487,0.98127,-3415.8,-38.38,1.005,-0.848,-5064.4,0.289,8.9
G_LEGACY,SQUEEZE_EXP,LONG,mkt_trend,bull,TEST,1730,18.8,0.394,-0.2473,0.99982,-4419.8,-48.04,0.951,-0.87,-5424.0,0.29,5.45
G_LEGACY,SQUEEZE_EXP,LONG,mkt_trend,bull,HOLDOUT,2052,34.2,0.422,-0.1858,0.98857,-1962.3,-32.7,0.978,-0.855,-5027.7,0.267,9.13
G_LEGACY,CHANGE_POINT,LONG,mkt_trend,bull,TRAIN,2116,11.5,0.402,-0.169,0.99226,-6199.6,-33.69,0.898,-0.821,-7009.6,0.38,4.38
G_LEGACY,CHANGE_POINT,LONG,mkt_trend,bull,VALID,1603,18.01,0.417,-0.1439,0.99167,-2518.0,-28.29,0.976,-0.851,-2622.6,0.436,7.85
G_LEGACY,CHANGE_POINT,LONG,mkt_trend,bull,TEST,1033,11.23,0.366,-0.2639,1.0,-2734.1,-29.72,0.903,-0.887,-3770.7,0.453,5.09
G_LEGACY,CHANGE_POINT,LONG,mkt_trend,bull,HOLDOUT,1330,22.17,0.431,-0.0976,0.88266,-1644.9,-27.41,1.009,-0.842,-3438.0,0.381,8.45
G_LEGACY,BASELINE,LONG,mkt_trend,bull,TRAIN,11403,61.97,0.415,-0.1898,0.99614,-22476.2,-122.15,0.92,-0.847,-25275.1,0.033,2.02
G_LEGACY,BASELINE,LONG,mkt_trend,bull,VALID,8815,99.04,0.401,-0.2132,0.99805,-21684.3,-243.64,0.899,-0.839,-22332.9,0.03,3.01
G_LEGACY,BASELINE,LONG,mkt_trend,bull,TEST,5544,60.26,0.381,-0.2718,0.99739,-19846.7,-215.72,0.864,-0.867,-24641.7,0.03,1.83
G_LEGACY,BASELINE,LONG,mkt_trend,bull,HOLDOUT,6778,112.97,0.46,-0.0327,0.63272,-578.4,-9.64,1.002,-0.762,-8524.3,0.03,3.4
G_LEGACY,BASELINE,SHORT,mkt_trend,bull,TRAIN,11403,61.97,0.429,-0.1432,0.97353,-17421.2,-94.68,0.956,-0.829,-26024.4,0.033,2.02
G_LEGACY,BASELINE,SHORT,mkt_trend,bull,VALID,8815,99.04,0.451,-0.1101,0.9246,-8429.3,-94.71,0.939,-0.809,-13366.3,0.03,3.01
G_LEGACY,BASELINE,SHORT,mkt_trend,bull,TEST,5544,60.26,0.476,-0.0294,0.6159,1082.2,11.76,0.987,-0.784,-9648.5,0.03,1.83
G_LEGACY,BASELINE,SHORT,mkt_trend,bull,HOLDOUT,6778,112.97,0.396,-0.2543,0.99755,-21148.6,-352.48,0.838,-0.857,-24548.3,0.03,3.4
G_LEGACY,OI_PRICE,SHORT,mkt_trend,bull,TRAIN,73,0.4,0.521,0.0139,0.4548,-99.8,-0.54,0.945,-0.712,-369.1,0.986,0.39
G_LEGACY,OI_PRICE,SHORT,mkt_trend,bull,VALID,48,0.54,0.521,-0.016,0.53829,-4.0,-0.05,0.89,-0.798,-390.1,0.979,0.53
G_LEGACY,OI_PRICE,SHORT,mkt_trend,bull,TEST,34,0.37,0.471,-0.2614,0.94134,231.8,2.52,0.765,-0.837,-197.0,0.971,0.36
G_LEGACY,OI_PRICE,SHORT,mkt_trend,bull,HOLDOUT,20,0.33,0.45,-0.1883,0.69021,4.1,0.07,0.793,-0.894,-87.4,0.95,0.32
G_LEGACY,CAPITULATION_REV,SHORT,mkt_trend,bull,TRAIN,544,2.96,0.45,-0.0456,0.69466,-1182.2,-6.43,0.962,-0.859,-1583.1,0.757,2.24
G_LEGACY,CAPITULATION_REV,SHORT,mkt_trend,bull,VALID,493,5.54,0.408,-0.1871,0.99081,-1796.2,-20.18,0.926,-0.928,-2138.2,0.692,3.83
G_LEGACY,CAPITULATION_REV,SHORT,mkt_trend,bull,TEST,308,3.35,0.396,-0.1983,0.95066,-1252.7,-13.62,0.941,-0.963,-1637.0,0.731,2.45
G_LEGACY,CAPITULATION_REV,SHORT,mkt_trend,bull,HOLDOUT,448,7.47,0.446,-0.085,0.73788,390.6,6.51,0.968,-0.97,-1283.7,0.589,4.4
G_LEGACY,MTF_BRK,SHORT,mkt_oi,up,TRAIN,1345,7.31,0.52,0.1198,0.20599,1948.8,10.59,1.286,-0.75,-2872.7,0.271,1.98
G_LEGACY,MTF_BRK,SHORT,mkt_oi,up,VALID,1493,16.78,0.524,0.0886,0.23523,1047.6,11.77,1.086,-0.754,-2037.2,0.213,3.57
G_LEGACY,MTF_BRK,SHORT,mkt_oi,up,TEST,897,9.75,0.472,-0.0673,0.63535,26.1,0.28,1.029,-0.816,-1545.9,0.225,2.2
G_LEGACY,MTF_BRK,SHORT,mkt_oi,up,HOLDOUT,259,4.32,0.382,-0.2225,0.95742,-954.8,-15.91,1.007,-0.891,-1247.2,0.436,1.88
G_LEGACY,SWEEP_RECLAIM,LONG,mkt_oi,up,TRAIN,879,4.78,0.334,-0.3425,0.9878,-3585.6,-19.49,0.849,-1.144,-5004.7,0.323,1.54
G_LEGACY,SWEEP_RECLAIM,LONG,mkt_oi,up,VALID,1029,11.56,0.336,-0.3741,0.99962,-3130.5,-35.17,0.818,-0.895,-3564.5,0.272,3.15
G_LEGACY,SWEEP_RECLAIM,LONG,mkt_oi,up,TEST,558,6.07,0.358,-0.3486,0.99024,-2399.3,-26.08,0.849,-0.898,-2524.4,0.339,2.05
G_LEGACY,SWEEP_RECLAIM,LONG,mkt_oi,up,HOLDOUT,200,3.33,0.35,-0.3394,0.95962,-838.5,-13.97,0.885,-1.006,-1071.4,0.485,1.62
G_LEGACY,BASELINE,LONG,mkt_oi,up,TRAIN,4647,25.26,0.323,-0.3612,0.99986,-22770.3,-123.75,0.807,-0.913,-24492.0,0.033,0.83
G_LEGACY,BASELINE,LONG,mkt_oi,up,VALID,4077,45.81,0.342,-0.3079,0.99594,-15807.8,-177.62,0.832,-0.842,-16260.0,0.03,1.39
G_LEGACY,BASELINE,LONG,mkt_oi,up,TEST,2772,30.13,0.448,-0.0968,0.78097,-2410.3,-26.2,0.99,-0.822,-6359.3,0.03,0.91
G_LEGACY,BASELINE,LONG,mkt_oi,up,HOLDOUT,1859,30.98,0.56,0.2358,0.07746,6732.8,112.21,1.161,-0.765,-2564.7,0.03,0.93
G_LEGACY,BASELINE,SHORT,mkt_oi,up,TRAIN,4647,25.26,0.505,0.0449,0.33625,4372.2,23.76,1.076,-0.766,-6035.4,0.033,0.83
G_LEGACY,BASELINE,SHORT,mkt_oi,up,VALID,4077,45.81,0.532,0.0579,0.30365,4243.5,47.68,0.963,-0.736,-5945.2,0.03,1.39
G_LEGACY,BASELINE,SHORT,mkt_oi,up,TEST,2772,30.13,0.394,-0.2701,0.97624,-6291.0,-68.38,0.895,-0.865,-7399.4,0.03,0.91
G_LEGACY,BASELINE,SHORT,mkt_oi,up,HOLDOUT,1859,30.98,0.293,-0.4738,0.99887,-13066.3,-217.77,0.756,-0.959,-13976.1,0.03,0.93
G_LEGACY,FUNDING_SQUEEZE,LONG,mkt_trend,bull,TRAIN,559,3.04,0.397,-0.1333,0.98948,-887.8,-4.83,0.94,-0.848,-1559.3,0.716,2.17
G_LEGACY,FUNDING_SQUEEZE,LONG,mkt_trend,bull,VALID,519,5.83,0.324,-0.3286,1.0,-3345.5,-37.59,0.837,-0.89,-3345.5,0.705,4.11
G_LEGACY,FUNDING_SQUEEZE,LONG,mkt_trend,bull,TEST,120,1.3,0.475,0.0188,0.44287,4.4,0.05,1.039,-0.836,-954.7,0.775,1.01
G_LEGACY,FUNDING_SQUEEZE,LONG,mkt_trend,bull,HOLDOUT,57,0.95,0.386,-0.1818,0.87472,-197.1,-3.28,0.885,-1.026,-382.6,0.789,0.75
G_LEGACY,FUNDING_SQUEEZE,LONG,mkt_oi,up,TRAIN,283,1.54,0.353,-0.2163,0.99665,-1486.1,-8.08,0.847,-0.863,-1800.5,0.686,1.05
G_LEGACY,FUNDING_SQUEEZE,LONG,mkt_oi,up,VALID,207,2.33,0.343,-0.2776,0.99867,-1388.7,-15.6,0.901,-0.875,-1404.7,0.705,1.64
G_LEGACY,FUNDING_SQUEEZE,LONG,mkt_oi,up,TEST,50,0.54,0.4,-0.0821,0.69006,-127.5,-1.39,1.071,-0.858,-239.5,0.78,0.42
G_LEGACY,FUNDING_SQUEEZE,LONG,mkt_oi,up,HOLDOUT,21,0.35,0.571,0.3183,0.11501,108.8,1.81,1.22,-1.19,-85.7,0.857,0.3
G_LEGACY,OI_BUILD_BRK,SHORT,mkt_trend,bull,TRAIN,65,0.35,0.492,0.0149,0.45564,-83.4,-0.45,0.949,-0.734,-334.3,0.908,0.32
G_LEGACY,OI_BUILD_BRK,SHORT,mkt_trend,bull,VALID,47,0.53,0.447,-0.1194,0.75596,505.9,5.68,0.829,-1.651,-179.1,1.0,0.53
G_LEGACY,OI_BUILD_BRK,SHORT,mkt_trend,bull,TEST,18,0.2,0.5,-0.0202,0.52641,-47.3,-0.51,0.855,-0.916,-178.3,0.889,0.17
G_LEGACY,OI_BUILD_BRK,SHORT,mkt_trend,bull,HOLDOUT,23,0.38,0.435,-0.0766,0.62344,-23.1,-0.39,0.741,-0.744,-130.9,1.0,0.38
G_LEGACY,OI_BUILD_BRK,SHORT,breadth,lo,TRAIN,244,1.33,0.385,-0.1881,0.99442,-1711.0,-9.3,0.874,-0.841,-1793.5,0.93,1.23
G_LEGACY,OI_BUILD_BRK,SHORT,breadth,lo,VALID,134,1.51,0.433,-0.2684,0.95472,236.0,2.65,0.83,-0.793,-501.3,0.948,1.43
G_LEGACY,OI_BUILD_BRK,SHORT,breadth,lo,TEST,92,1.0,0.435,-0.1999,0.92487,-18.4,-0.2,0.88,-0.804,-405.7,0.946,0.95
G_LEGACY,OI_BUILD_BRK,SHORT,breadth,lo,HOLDOUT,37,0.62,0.297,-0.3575,0.97312,-163.2,-2.72,0.659,-0.87,-474.6,0.973,0.6
G_LEGACY,OI_BUILD_BRK,SHORT,mkt_oi,up,TRAIN,34,0.18,0.559,0.1538,0.22503,355.7,1.93,1.073,-0.698,-192.0,0.912,0.17
G_LEGACY,OI_BUILD_BRK,SHORT,mkt_oi,up,VALID,22,0.25,0.455,-0.0716,0.63151,137.6,1.55,0.829,-0.908,-169.2,1.0,0.25
G_LEGACY,OI_BUILD_BRK,SHORT,mkt_oi,up,TEST,3,0.03,0.0,-0.5474,1.0,-56.7,-0.62,0.845,-0.74,-56.7,1.0,0.03
G_LEGACY,OI_BUILD_BRK,SHORT,mkt_oi,up,HOLDOUT,7,0.12,0.571,0.0364,0.45124,9.9,0.17,0.735,-0.818,-34.7,0.714,0.08
G_LEGACY,FUNDING_SQUEEZE,SHORT,mkt_trend,bull,TRAIN,122,0.66,0.41,-0.1049,0.83421,-563.5,-3.06,0.814,-0.851,-815.6,0.811,0.54
G_LEGACY,FUNDING_SQUEEZE,SHORT,mkt_trend,bull,VALID,141,1.58,0.355,-0.2251,0.98908,-1939.3,-21.79,0.917,-1.145,-2181.4,0.851,1.35
G_LEGACY,FUNDING_SQUEEZE,SHORT,mkt_trend,bull,TEST,58,0.63,0.414,-0.1204,0.75377,-285.5,-3.1,0.999,-0.878,-523.0,0.741,0.47
G_LEGACY,FUNDING_SQUEEZE,SHORT,mkt_trend,bull,HOLDOUT,13,0.22,0.538,0.1138,0.34858,-63.6,-1.06,1.179,-0.781,-208.2,0.923,0.2
G_LEGACY,FUNDING_SQUEEZE,SHORT,mkt_oi,up,TRAIN,45,0.24,0.422,-0.0455,0.58434,83.0,0.45,0.914,-0.791,-184.2,0.867,0.21
G_LEGACY,FUNDING_SQUEEZE,SHORT,mkt_oi,up,VALID,46,0.52,0.283,-0.3974,0.99684,-1223.5,-13.75,0.722,-0.92,-1223.5,0.783,0.4
G_LEGACY,FUNDING_SQUEEZE,SHORT,mkt_oi,up,TEST,32,0.35,0.531,0.263,0.131,461.0,5.01,1.248,-0.889,-154.2,0.719,0.25
G_LEGACY,FUNDING_SQUEEZE,SHORT,mkt_oi,up,HOLDOUT,2,0.03,1.0,1.4285,1.0,40.1,0.67,2.201,-0.355,0.0,1.0,0.03
G_LEGACY,OI_PRICE,SHORT,mkt_oi,up,TRAIN,32,0.17,0.438,-0.1411,0.78187,-471.3,-2.56,0.706,-0.795,-662.0,1.0,0.17
G_LEGACY,OI_PRICE,SHORT,mkt_oi,up,VALID,25,0.28,0.4,-0.3026,0.86304,-390.9,-4.39,0.799,-1.062,-418.3,1.0,0.28
G_LEGACY,OI_PRICE,SHORT,mkt_oi,up,TEST,13,0.14,0.385,-0.4852,0.93801,-2.4,-0.03,0.625,-0.776,-45.8,1.0,0.14
G_LEGACY,OI_PRICE,SHORT,mkt_oi,up,HOLDOUT,9,0.15,0.444,-0.0745,0.55599,1.3,0.02,0.938,-0.911,-74.8,0.889,0.13
G_LEGACY,CAPITULATION_REV,LONG,mkt_trend,bull,TRAIN,246,1.34,0.24,-0.6015,0.99952,-2028.0,-11.02,0.515,-1.522,-2202.5,0.48,0.64
G_LEGACY,CAPITULATION_REV,LONG,mkt_trend,bull,VALID,217,2.44,0.332,-0.2907,0.96712,-1424.9,-16.01,0.748,-0.845,-1635.3,0.535,1.3
G_LEGACY,CAPITULATION_REV,LONG,mkt_trend,bull,TEST,78,0.85,0.397,-0.1685,0.94425,-545.4,-5.93,0.787,-0.884,-744.4,0.859,0.73
G_LEGACY,CAPITULATION_REV,LONG,mkt_trend,bull,HOLDOUT,165,2.75,0.23,-0.4669,1.0,-2757.8,-45.96,0.658,-0.837,-2779.0,0.303,0.83
G_LEGACY,CAPITULATION_REV,LONG,mkt_oi,up,TRAIN,36,0.2,0.472,-0.0261,0.54576,388.0,2.11,0.995,-0.883,-286.4,0.75,0.15
G_LEGACY,CAPITULATION_REV,LONG,mkt_oi,up,VALID,55,0.62,0.291,-0.3962,0.97543,-498.9,-5.61,0.738,-0.953,-652.1,0.891,0.55
G_LEGACY,CAPITULATION_REV,LONG,mkt_oi,up,TEST,35,0.38,0.686,0.4867,0.01487,597.4,6.49,1.227,-0.689,-183.1,0.629,0.24
G_LEGACY,CAPITULATION_REV,LONG,mkt_oi,up,HOLDOUT,23,0.38,0.217,-0.6267,0.99775,-595.5,-9.93,0.641,-0.928,-595.5,0.783,0.3
G_LEGACY,TREND_TRANS,LONG,sym_vol,lo,TRAIN,12858,69.88,0.401,-0.2293,1.0,-29553.0,-160.61,0.914,-0.834,-30483.0,0.261,18.22
G_LEGACY,TREND_TRANS,LONG,sym_vol,lo,VALID,7432,83.51,0.395,-0.2367,1.0,-15133.1,-170.03,0.927,-0.845,-15160.5,0.258,21.54
G_LEGACY,TREND_TRANS,LONG,sym_vol,lo,TEST,7658,83.24,0.398,-0.2553,1.0,-16348.3,-177.7,0.941,-0.843,-16707.9,0.271,22.55
G_LEGACY,TREND_TRANS,LONG,sym_vol,lo,HOLDOUT,4196,69.93,0.394,-0.3576,1.0,-8766.2,-146.1,0.969,-0.849,-9842.5,0.327,22.85
G_LEGACY,ANY,LONG,sym_vol,lo,TRAIN,93536,508.35,0.402,-0.2236,1.0,-204643.4,-1112.19,0.929,-0.852,-205175.5,0.062,31.47
G_LEGACY,ANY,LONG,sym_vol,lo,VALID,52410,588.88,0.411,-0.2088,1.0,-82589.6,-927.97,0.949,-0.848,-84438.5,0.057,33.57
G_LEGACY,ANY,LONG,sym_vol,lo,TEST,52435,569.95,0.406,-0.2403,1.0,-97460.8,-1059.36,0.958,-0.852,-97916.1,0.058,33.09
G_LEGACY,ANY,LONG,sym_vol,lo,HOLDOUT,28132,468.87,0.404,-0.2934,1.0,-49554.2,-825.9,0.965,-0.863,-50972.5,0.074,34.88
G_LEGACY,PULLBACK_CONT,SHORT,sym_vol,lo,TRAIN,32783,178.17,0.423,-0.1658,1.0,-56094.0,-304.86,0.965,-0.835,-58912.7,0.129,23.05
G_LEGACY,PULLBACK_CONT,SHORT,sym_vol,lo,VALID,19035,213.88,0.415,-0.2017,1.0,-39487.3,-443.68,0.966,-0.851,-39791.2,0.123,26.39
G_LEGACY,PULLBACK_CONT,SHORT,sym_vol,lo,TEST,19241,209.14,0.431,-0.1871,1.0,-27148.9,-295.1,0.998,-0.846,-28738.4,0.13,27.12
G_LEGACY,PULLBACK_CONT,SHORT,sym_vol,lo,HOLDOUT,9910,165.17,0.402,-0.2944,1.0,-18303.4,-305.06,0.977,-0.851,-20121.4,0.166,27.4
G_LEGACY,ANY,SHORT,sym_vol,lo,TRAIN,96309,523.42,0.43,-0.159,1.0,-139708.0,-759.28,0.971,-0.837,-144663.0,0.057,29.78
G_LEGACY,ANY,SHORT,sym_vol,lo,VALID,54225,609.27,0.423,-0.1869,1.0,-102961.7,-1156.87,0.958,-0.849,-107161.3,0.053,32.4
G_LEGACY,ANY,SHORT,sym_vol,lo,TEST,54906,596.8,0.426,-0.2134,1.0,-87226.1,-948.11,0.985,-0.851,-88893.5,0.053,31.78
G_LEGACY,ANY,SHORT,sym_vol,lo,HOLDOUT,28833,480.55,0.41,-0.3016,1.0,-53391.3,-889.86,0.979,-0.852,-58075.9,0.068,32.72
G_LEGACY,SQUEEZE_EXP,LONG,sym_vol,hi,TRAIN,9023,49.04,0.428,-0.1014,0.97962,-10938.7,-59.45,0.96,-0.825,-14055.6,0.371,18.2
G_LEGACY,SQUEEZE_EXP,LONG,sym_vol,hi,VALID,4552,51.15,0.398,-0.1644,0.99823,-12722.1,-142.95,0.938,-0.848,-13034.9,0.415,21.22
G_LEGACY,SQUEEZE_EXP,LONG,sym_vol,hi,TEST,4612,50.13,0.446,-0.0604,0.8271,-1698.4,-18.46,0.98,-0.801,-5072.2,0.427,21.41
G_LEGACY,SQUEEZE_EXP,LONG,sym_vol,hi,HOLDOUT,4075,67.92,0.418,-0.1345,0.9992,-6755.8,-112.6,0.959,-0.853,-8517.6,0.399,27.08
G_LEGACY,ANY,LONG,sym_vol,hi,TRAIN,78909,428.85,0.41,-0.1607,1.0,-154262.3,-838.38,0.882,-0.831,-157859.4,0.069,29.58
G_LEGACY,ANY,LONG,sym_vol,hi,VALID,39543,444.3,0.411,-0.1308,0.99999,-94196.5,-1058.39,0.916,-0.814,-96256.4,0.07,31.11
G_LEGACY,ANY,LONG,sym_vol,hi,TEST,42220,458.91,0.399,-0.1706,1.0,-94439.8,-1026.52,0.899,-0.831,-101475.5,0.069,31.79
G_LEGACY,ANY,LONG,sym_vol,hi,HOLDOUT,35421,590.35,0.436,-0.0839,0.99792,-33450.8,-557.51,0.962,-0.824,-49157.6,0.056,32.78
G_LEGACY,PULLBACK_CONT,LONG,sym_vol,hi,TRAIN,25097,136.4,0.396,-0.1911,1.0,-66122.9,-359.36,0.877,-0.826,-67017.0,0.158,21.61
G_LEGACY,PULLBACK_CONT,LONG,sym_vol,hi,VALID,13758,154.58,0.407,-0.1375,0.99991,-26795.6,-301.07,0.897,-0.793,-27401.3,0.156,24.12
G_LEGACY,PULLBACK_CONT,LONG,sym_vol,hi,TEST,13611,147.95,0.379,-0.2185,1.0,-37916.3,-412.13,0.864,-0.838,-42587.1,0.168,24.88
G_LEGACY,PULLBACK_CONT,LONG,sym_vol,hi,HOLDOUT,12640,210.67,0.447,-0.0597,0.94422,-5607.2,-93.45,0.952,-0.801,-17189.6,0.128,26.92
G_LEGACY,BRK_4H,LONG,sym_vol,hi,TRAIN,34544,187.74,0.401,-0.1779,1.0,-77734.2,-422.47,0.901,-0.828,-79632.9,0.154,28.89
G_LEGACY,BRK_4H,LONG,sym_vol,hi,VALID,16864,189.48,0.402,-0.141,0.99989,-40499.5,-455.05,0.952,-0.839,-41578.7,0.175,33.16
G_LEGACY,BRK_4H,LONG,sym_vol,hi,TEST,18388,199.87,0.382,-0.2056,1.0,-52042.0,-565.67,0.909,-0.845,-52745.7,0.164,32.72
G_LEGACY,BRK_4H,LONG,sym_vol,hi,HOLDOUT,17119,285.32,0.419,-0.1158,0.99853,-21595.6,-359.93,0.983,-0.849,-29903.9,0.126,36.0
G_LEGACY,OI_BUILD_BRK,LONG,sym_vol,hi,TRAIN,8231,44.73,0.422,-0.065,0.97354,-8225.4,-44.7,0.96,-0.807,-15516.7,0.471,21.05
G_LEGACY,OI_BUILD_BRK,LONG,sym_vol,hi,VALID,4625,51.97,0.413,-0.0675,0.96336,-10974.0,-123.3,0.987,-0.844,-13601.0,0.478,24.84
G_LEGACY,OI_BUILD_BRK,LONG,sym_vol,hi,TEST,4643,50.47,0.386,-0.138,1.0,-11833.7,-128.63,0.918,-0.863,-13827.2,0.474,23.92
G_LEGACY,OI_BUILD_BRK,LONG,sym_vol,hi,HOLDOUT,4679,77.98,0.42,-0.0541,0.94011,-4962.2,-82.7,1.0,-0.886,-6155.8,0.383,29.85
G_LEGACY,EARLY_BRK,LONG,sym_vol,hi,TRAIN,16783,91.21,0.388,-0.2513,1.0,-46378.3,-252.06,0.881,-0.849,-46378.3,0.214,19.52
G_LEGACY,EARLY_BRK,LONG,sym_vol,hi,VALID,6895,77.47,0.395,-0.1941,0.99999,-15200.4,-170.79,0.939,-0.844,-15386.4,0.301,23.28
G_LEGACY,EARLY_BRK,LONG,sym_vol,hi,TEST,8992,97.74,0.385,-0.2462,1.0,-22867.4,-248.56,0.914,-0.835,-23458.5,0.248,24.23
G_LEGACY,EARLY_BRK,LONG,sym_vol,hi,HOLDOUT,7634,127.23,0.402,-0.2131,1.0,-15216.9,-253.62,0.96,-0.846,-15882.8,0.223,28.37
G_LEGACY,PULLBACK_CONT,SHORT,sym_vol,hi,TRAIN,26660,144.89,0.427,-0.1138,0.99978,-50451.9,-274.19,0.946,-0.805,-55079.5,0.151,21.83
G_LEGACY,PULLBACK_CONT,SHORT,sym_vol,hi,VALID,12927,145.25,0.452,-0.0613,0.91435,-7650.8,-85.96,0.946,-0.801,-30675.7,0.169,24.51
G_LEGACY,PULLBACK_CONT,SHORT,sym_vol,hi,TEST,14280,155.22,0.478,-0.0045,0.54056,7347.3,79.86,1.007,-0.777,-16476.7,0.166,25.77
G_LEGACY,PULLBACK_CONT,SHORT,sym_vol,hi,HOLDOUT,11186,186.43,0.41,-0.1888,1.0,-24731.9,-412.2,0.937,-0.837,-25276.0,0.149,27.72
G_LEGACY,ANY,SHORT,sym_vol,hi,TRAIN,80604,438.07,0.432,-0.1107,1.0,-167034.9,-907.8,0.934,-0.808,-168602.4,0.064,27.86
G_LEGACY,ANY,SHORT,sym_vol,hi,VALID,40848,458.97,0.443,-0.0932,0.99958,-48604.2,-546.11,0.917,-0.814,-85912.3,0.064,29.36
G_LEGACY,ANY,SHORT,sym_vol,hi,TEST,43991,478.16,0.447,-0.0848,0.9988,-50096.8,-544.53,0.951,-0.803,-56791.1,0.061,29.35
G_LEGACY,ANY,SHORT,sym_vol,hi,HOLDOUT,36367,606.12,0.395,-0.221,1.0,-123191.3,-2053.19,0.898,-0.845,-124066.5,0.052,31.28
G_LEGACY,OI_PRICE,LONG,sym_vol,hi,TRAIN,11583,62.95,0.419,-0.0763,0.9892,-3712.7,-20.18,0.916,-0.803,-26448.7,0.377,23.73
G_LEGACY,OI_PRICE,LONG,sym_vol,hi,VALID,6451,72.48,0.399,-0.1281,0.99983,-20390.7,-229.11,0.908,-0.826,-21186.1,0.374,27.13
G_LEGACY,OI_PRICE,LONG,sym_vol,hi,TEST,7070,76.85,0.388,-0.1373,1.0,-20422.9,-221.99,0.894,-0.815,-25487.7,0.347,26.7
G_LEGACY,OI_PRICE,LONG,sym_vol,hi,HOLDOUT,6035,100.58,0.425,-0.0528,0.96128,-5278.9,-87.98,0.967,-0.85,-8782.3,0.301,30.3
G_LEGACY,PULLBACK_CONT,LONG,sym_vol,lo,TRAIN,29654,161.16,0.389,-0.2576,1.0,-75765.9,-411.77,0.926,-0.856,-76436.1,0.133,21.46
G_LEGACY,PULLBACK_CONT,LONG,sym_vol,lo,VALID,15773,177.22,0.413,-0.1973,1.0,-24296.2,-272.99,0.953,-0.829,-25361.1,0.141,24.92
G_LEGACY,PULLBACK_CONT,LONG,sym_vol,lo,TEST,16764,182.22,0.403,-0.2404,1.0,-32690.9,-355.34,0.952,-0.841,-32858.8,0.136,24.79
G_LEGACY,PULLBACK_CONT,LONG,sym_vol,lo,HOLDOUT,8966,149.43,0.393,-0.308,1.0,-17064.3,-284.41,0.941,-0.849,-19415.6,0.178,26.67
G_LEGACY,SWEEP_RECLAIM,LONG,sym_vol,lo,TRAIN,17209,93.53,0.422,-0.1713,1.0,-31975.5,-173.78,0.91,-0.881,-32631.4,0.198,18.48
G_LEGACY,SWEEP_RECLAIM,LONG,sym_vol,lo,VALID,10290,115.62,0.422,-0.1879,0.99996,-13026.4,-146.36,0.932,-0.862,-16671.3,0.193,22.31
G_LEGACY,SWEEP_RECLAIM,LONG,sym_vol,lo,TEST,8527,92.68,0.449,-0.1239,0.99857,-7149.1,-77.71,0.989,-0.894,-8726.5,0.25,23.22
G_LEGACY,SWEEP_RECLAIM,LONG,sym_vol,lo,HOLDOUT,4472,74.53,0.419,-0.2268,1.0,-7220.3,-120.34,0.946,-0.952,-7405.0,0.296,22.08
G_LEGACY,ACCEL,LONG,sym_vol,hi,TRAIN,10435,56.71,0.414,-0.1236,0.9958,-3872.3,-21.05,0.923,-0.833,-26048.7,0.365,20.69
G_LEGACY,ACCEL,LONG,sym_vol,hi,VALID,5631,63.27,0.402,-0.1482,0.99124,-15737.0,-176.82,0.916,-0.833,-18028.3,0.385,24.34
G_LEGACY,ACCEL,LONG,sym_vol,hi,TEST,5291,57.51,0.41,-0.1279,0.99804,-5193.2,-56.45,0.943,-0.816,-9641.4,0.424,24.39
G_LEGACY,ACCEL,LONG,sym_vol,hi,HOLDOUT,4859,80.98,0.401,-0.1409,0.99991,-7891.0,-131.52,0.953,-0.869,-9515.3,0.376,30.42
G_LEGACY,SWEEP_RECLAIM,SHORT,sym_vol,hi,TRAIN,11840,64.35,0.453,-0.0773,0.99136,-26586.0,-144.49,0.895,-0.83,-27328.5,0.301,19.4
G_LEGACY,SWEEP_RECLAIM,SHORT,sym_vol,hi,VALID,6601,74.17,0.44,-0.1113,0.99917,-12699.8,-142.69,0.9,-0.833,-15594.3,0.328,24.34
G_LEGACY,SWEEP_RECLAIM,SHORT,sym_vol,hi,TEST,6463,70.25,0.469,-0.0367,0.86473,-6740.4,-73.27,0.955,-0.8,-7319.0,0.335,23.5
G_LEGACY,SWEEP_RECLAIM,SHORT,sym_vol,hi,HOLDOUT,7385,123.08,0.397,-0.1981,1.0,-26686.3,-444.77,0.918,-0.872,-27877.8,0.234,28.75
G_LEGACY,TREND_TRANS,SHORT,sym_vol,lo,TRAIN,12849,69.83,0.433,-0.1435,0.99995,-16182.0,-87.95,0.973,-0.817,-17318.9,0.263,18.37
G_LEGACY,TREND_TRANS,SHORT,sym_vol,lo,VALID,6953,78.12,0.445,-0.1226,0.99579,-8824.2,-99.15,0.978,-0.828,-10647.0,0.268,20.96
G_LEGACY,TREND_TRANS,SHORT,sym_vol,lo,TEST,7330,79.67,0.434,-0.2032,1.0,-9851.4,-107.08,0.993,-0.834,-9944.4,0.28,22.29
G_LEGACY,TREND_TRANS,SHORT,sym_vol,lo,HOLDOUT,3957,65.95,0.396,-0.3565,1.0,-8233.1,-137.22,0.968,-0.842,-9131.1,0.346,22.85
G_LEGACY,BRK_4H,LONG,sym_vol,lo,TRAIN,41075,223.23,0.392,-0.2504,1.0,-96524.0,-524.59,0.943,-0.852,-97011.3,0.13,29.02
G_LEGACY,BRK_4H,LONG,sym_vol,lo,VALID,22553,253.4,0.402,-0.2304,1.0,-37444.3,-420.72,0.966,-0.861,-38598.7,0.127,32.27
G_LEGACY,BRK_4H,LONG,sym_vol,lo,TEST,23175,251.9,0.387,-0.2997,1.0,-52494.3,-570.59,0.963,-0.856,-52998.7,0.132,33.18
G_LEGACY,BRK_4H,LONG,sym_vol,lo,HOLDOUT,12757,212.62,0.397,-0.3262,1.0,-24855.3,-414.26,0.992,-0.851,-25435.1,0.161,34.33
G_LEGACY,FUNDING_SQUEEZE,LONG,sym_vol,hi,TRAIN,2493,13.55,0.406,-0.0836,0.98569,-2920.3,-15.87,0.93,-0.819,-4677.0,0.65,8.81
G_LEGACY,FUNDING_SQUEEZE,LONG,sym_vol,hi,VALID,1346,15.12,0.374,-0.1728,0.99971,-4718.9,-53.02,0.909,-0.869,-5593.7,0.705,10.66
G_LEGACY,FUNDING_SQUEEZE,LONG,sym_vol,hi,TEST,689,7.49,0.415,-0.0689,0.89828,-467.1,-5.08,0.987,-0.856,-1919.5,0.721,5.4
G_LEGACY,FUNDING_SQUEEZE,LONG,sym_vol,hi,HOLDOUT,153,2.55,0.359,-0.156,0.93404,-995.4,-16.59,0.938,-0.86,-1310.8,0.83,2.12
G_LEGACY,TREND_TRANS,LONG,sym_vol,hi,TRAIN,10569,57.44,0.41,-0.1628,1.0,-23057.5,-125.31,0.881,-0.81,-25813.0,0.292,16.79
G_LEGACY,TREND_TRANS,LONG,sym_vol,hi,VALID,5085,57.13,0.43,-0.0926,0.97127,-6770.8,-76.08,0.914,-0.789,-8612.3,0.355,20.29
G_LEGACY,TREND_TRANS,LONG,sym_vol,hi,TEST,5846,63.54,0.376,-0.2247,1.0,-18595.9,-202.13,0.86,-0.845,-19594.2,0.322,20.48
G_LEGACY,TREND_TRANS,LONG,sym_vol,hi,HOLDOUT,4604,76.73,0.404,-0.161,0.99996,-10481.8,-174.7,0.945,-0.862,-11920.9,0.319,24.45
G_LEGACY,EARLY_BRK,LONG,sym_vol,lo,TRAIN,28814,156.6,0.392,-0.2844,1.0,-65761.4,-357.4,0.95,-0.854,-65958.0,0.156,24.42
G_LEGACY,EARLY_BRK,LONG,sym_vol,lo,VALID,16053,180.37,0.391,-0.294,1.0,-32465.2,-364.78,0.953,-0.878,-32545.5,0.161,29.0
G_LEGACY,EARLY_BRK,LONG,sym_vol,lo,TEST,17063,185.47,0.39,-0.3355,1.0,-34993.6,-380.37,0.979,-0.855,-35352.5,0.163,30.3
G_LEGACY,EARLY_BRK,LONG,sym_vol,lo,HOLDOUT,9488,158.13,0.387,-0.411,1.0,-20144.9,-335.75,0.988,-0.858,-20445.0,0.193,30.52
G_LEGACY,BRK_24H,LONG,sym_vol,hi,TRAIN,10447,56.78,0.406,-0.1434,0.99992,-15390.9,-83.65,0.92,-0.807,-18300.6,0.328,18.62
G_LEGACY,BRK_24H,LONG,sym_vol,hi,VALID,5868,65.93,0.4,-0.1185,0.99929,-16161.0,-181.58,0.958,-0.838,-16942.1,0.365,24.06
G_LEGACY,BRK_24H,LONG,sym_vol,hi,TEST,5646,61.37,0.377,-0.1875,1.0,-15708.2,-170.74,0.924,-0.86,-16602.8,0.38,23.34
G_LEGACY,BRK_24H,LONG,sym_vol,hi,HOLDOUT,6590,109.83,0.428,-0.0753,0.93339,-4447.5,-74.13,1.0,-0.865,-11816.6,0.268,29.47
G_LEGACY,CHANGE_POINT,SHORT,sym_vol,hi,TRAIN,5822,31.64,0.453,-0.0519,0.82058,-4968.8,-27.0,0.945,-0.774,-9778.7,0.445,14.09
G_LEGACY,CHANGE_POINT,SHORT,sym_vol,hi,VALID,3520,39.55,0.428,-0.1236,0.95558,-11531.0,-129.56,0.835,-0.802,-13921.5,0.433,17.11
G_LEGACY,CHANGE_POINT,SHORT,sym_vol,hi,TEST,3729,40.53,0.441,-0.0886,0.96963,-6491.6,-70.56,0.922,-0.782,-8010.9,0.427,17.3
G_LEGACY,CHANGE_POINT,SHORT,sym_vol,hi,HOLDOUT,3401,56.68,0.414,-0.1785,0.99969,-13518.6,-225.31,0.837,-0.805,-13851.5,0.351,19.92
G_LEGACY,BRK_4H,SHORT,sym_vol,lo,TRAIN,42725,232.2,0.426,-0.1738,1.0,-62151.2,-337.78,0.991,-0.847,-66542.2,0.109,25.35
G_LEGACY,BRK_4H,SHORT,sym_vol,lo,VALID,23923,268.8,0.425,-0.191,1.0,-40827.8,-458.74,0.979,-0.856,-43348.3,0.105,28.18
G_LEGACY,BRK_4H,SHORT,sym_vol,lo,TEST,23341,253.71,0.411,-0.2614,1.0,-43192.9,-469.49,1.009,-0.859,-43363.4,0.112,28.33
G_LEGACY,BRK_4H,SHORT,sym_vol,lo,HOLDOUT,11968,199.47,0.414,-0.3221,1.0,-23393.8,-389.9,1.024,-0.847,-26483.4,0.144,28.78
G_LEGACY,MTF_BRK,SHORT,sym_vol,lo,TRAIN,21768,118.3,0.414,-0.1813,1.0,-40934.0,-222.47,1.003,-0.852,-45003.8,0.181,21.42
G_LEGACY,MTF_BRK,SHORT,sym_vol,lo,VALID,13253,148.91,0.412,-0.2211,1.0,-28598.1,-321.33,0.979,-0.864,-29719.0,0.164,24.44
G_LEGACY,MTF_BRK,SHORT,sym_vol,lo,TEST,12060,131.09,0.395,-0.2704,1.0,-26991.4,-293.39,1.023,-0.875,-27032.8,0.198,25.98
G_LEGACY,MTF_BRK,SHORT,sym_vol,lo,HOLDOUT,6032,100.53,0.4,-0.322,1.0,-13312.1,-221.87,1.046,-0.867,-14997.8,0.253,25.47
G_LEGACY,FUNDING_SQUEEZE,SHORT,sym_vol,lo,TRAIN,220,1.2,0.405,-0.1599,0.96256,-133.3,-0.72,0.928,-1.092,-503.3,0.814,0.97
G_LEGACY,FUNDING_SQUEEZE,SHORT,sym_vol,lo,VALID,146,1.64,0.397,-0.1056,0.8244,-159.1,-1.79,1.085,-0.905,-684.1,0.863,1.42
G_LEGACY,FUNDING_SQUEEZE,SHORT,sym_vol,lo,TEST,91,0.99,0.462,-0.0525,0.64526,91.4,0.99,1.013,-0.836,-190.3,0.835,0.83
G_LEGACY,FUNDING_SQUEEZE,SHORT,sym_vol,lo,HOLDOUT,29,0.48,0.517,0.0303,0.44557,-6.2,-0.1,0.978,-0.804,-203.6,0.724,0.35
G_LEGACY,MTF_BRK,LONG,sym_vol,hi,TRAIN,14597,79.33,0.397,-0.1708,1.0,-31266.6,-169.93,0.912,-0.827,-33054.1,0.287,22.75
G_LEGACY,MTF_BRK,LONG,sym_vol,hi,VALID,8530,95.84,0.396,-0.1426,0.99999,-23663.0,-265.88,0.957,-0.842,-24450.4,0.29,27.8
G_LEGACY,MTF_BRK,LONG,sym_vol,hi,TEST,8222,89.37,0.382,-0.1868,1.0,-20363.7,-221.34,0.932,-0.857,-21248.2,0.306,27.33
G_LEGACY,MTF_BRK,LONG,sym_vol,hi,HOLDOUT,9239,153.98,0.431,-0.0799,0.95938,-7425.6,-123.76,0.998,-0.856,-18262.9,0.21,32.32
G_LEGACY,BRK_4H,SHORT,sym_vol,hi,TRAIN,36104,196.22,0.424,-0.1272,0.99984,-72520.5,-394.13,0.964,-0.822,-72817.5,0.118,23.21
G_LEGACY,BRK_4H,SHORT,sym_vol,hi,VALID,17491,196.53,0.43,-0.1236,0.99966,-30640.7,-344.28,0.917,-0.836,-42204.7,0.136,26.64
G_LEGACY,BRK_4H,SHORT,sym_vol,hi,TEST,19506,212.02,0.414,-0.1606,0.99999,-42655.9,-463.65,0.937,-0.835,-42924.4,0.129,27.26
G_LEGACY,BRK_4H,SHORT,sym_vol,hi,HOLDOUT,13810,230.17,0.376,-0.2707,1.0,-54340.7,-905.68,0.892,-0.86,-54501.7,0.123,28.2
G_LEGACY,BRK_24H,SHORT,sym_vol,hi,TRAIN,11977,65.09,0.4,-0.1582,0.99835,-35951.3,-195.39,0.984,-0.83,-37057.1,0.209,13.63
G_LEGACY,BRK_24H,SHORT,sym_vol,hi,VALID,5194,58.36,0.408,-0.1373,0.97226,-9804.3,-110.16,0.92,-0.859,-18182.8,0.289,16.85
G_LEGACY,BRK_24H,SHORT,sym_vol,hi,TEST,5693,61.88,0.398,-0.1749,0.99665,-15116.4,-164.31,0.961,-0.848,-15539.4,0.27,16.72
G_LEGACY,BRK_24H,SHORT,sym_vol,hi,HOLDOUT,3499,58.32,0.368,-0.2742,1.0,-12674.5,-211.24,0.887,-0.882,-12796.0,0.303,17.68
G_LEGACY,MTF_BRK,SHORT,sym_vol,hi,TRAIN,17804,96.76,0.401,-0.1597,0.99961,-48087.4,-261.34,0.987,-0.835,-49415.0,0.188,18.2
G_LEGACY,MTF_BRK,SHORT,sym_vol,hi,VALID,7701,86.53,0.413,-0.1354,0.99073,-13037.6,-146.49,0.943,-0.861,-24006.3,0.25,21.63
G_LEGACY,MTF_BRK,SHORT,sym_vol,hi,TEST,9329,101.4,0.409,-0.1526,0.99702,-19453.7,-211.45,0.974,-0.844,-19726.3,0.22,22.28
G_LEGACY,MTF_BRK,SHORT,sym_vol,hi,HOLDOUT,6117,101.95,0.376,-0.2625,1.0,-19602.8,-326.71,0.925,-0.878,-19627.5,0.226,23.02
G_LEGACY,CHANGE_POINT,LONG,sym_vol,hi,TRAIN,6842,37.18,0.397,-0.1646,0.99846,-19957.8,-108.47,0.865,-0.821,-23122.9,0.377,14.03
G_LEGACY,CHANGE_POINT,LONG,sym_vol,hi,VALID,3163,35.54,0.438,-0.0941,0.89319,-973.7,-10.94,0.922,-0.8,-5181.2,0.484,17.19
G_LEGACY,CHANGE_POINT,LONG,sym_vol,hi,TEST,3458,37.59,0.391,-0.1794,0.99996,-6660.5,-72.4,0.882,-0.812,-11074.0,0.46,17.27
G_LEGACY,CHANGE_POINT,LONG,sym_vol,hi,HOLDOUT,2776,46.27,0.411,-0.1378,0.99871,-4690.0,-78.17,0.908,-0.861,-5683.7,0.502,23.22
G_LEGACY,VOL_PRICE,LONG,sym_vol,hi,TRAIN,9789,53.2,0.424,-0.0864,0.97884,-5446.0,-29.6,0.996,-0.851,-14600.5,0.415,22.08
G_LEGACY,VOL_PRICE,LONG,sym_vol,hi,VALID,5811,65.29,0.419,-0.0823,0.91465,-7723.9,-86.79,0.974,-0.828,-14716.4,0.389,25.37
G_LEGACY,VOL_PRICE,LONG,sym_vol,hi,TEST,5773,62.75,0.403,-0.1368,0.99996,-9498.5,-103.24,0.943,-0.833,-12004.0,0.432,27.11
G_LEGACY,VOL_PRICE,LONG,sym_vol,hi,HOLDOUT,4842,80.7,0.421,-0.0933,0.99624,-6592.7,-109.88,0.996,-0.868,-7119.4,0.398,32.15
G_LEGACY,SWEEP_RECLAIM,LONG,sym_vol,hi,TRAIN,13506,73.4,0.435,-0.1182,0.99557,-16136.3,-87.7,0.893,-0.878,-20409.4,0.207,15.2
G_LEGACY,SWEEP_RECLAIM,LONG,sym_vol,hi,VALID,5837,65.58,0.421,-0.1257,0.97224,-18992.4,-213.4,0.918,-0.832,-26962.4,0.283,18.53
G_LEGACY,SWEEP_RECLAIM,LONG,sym_vol,hi,TEST,6414,69.72,0.455,-0.062,0.85931,-2890.1,-31.41,0.947,-0.843,-11597.8,0.266,18.53
G_LEGACY,SWEEP_RECLAIM,LONG,sym_vol,hi,HOLDOUT,4152,69.2,0.461,-0.0342,0.76173,-3948.8,-65.81,0.959,-0.82,-5926.8,0.281,19.43
G_LEGACY,VOL_PRICE,SHORT,sym_vol,hi,TRAIN,11474,62.36,0.412,-0.1329,0.99951,-34693.3,-188.55,0.961,-0.847,-35445.0,0.331,20.61
G_LEGACY,VOL_PRICE,SHORT,sym_vol,hi,VALID,6090,68.43,0.42,-0.1308,0.99683,-17286.8,-194.23,0.897,-0.846,-18267.1,0.349,23.89
G_LEGACY,VOL_PRICE,SHORT,sym_vol,hi,TEST,7362,80.02,0.414,-0.1389,0.99821,-16026.6,-174.2,0.93,-0.83,-17136.0,0.306,24.51
G_LEGACY,VOL_PRICE,SHORT,sym_vol,hi,HOLDOUT,6038,100.63,0.409,-0.1832,1.0,-21406.6,-356.78,0.911,-0.844,-21626.1,0.267,26.88
G_LEGACY,CAPITULATION_REV,SHORT,sym_vol,hi,TRAIN,1373,7.46,0.39,-0.1973,0.99811,-8529.4,-46.36,0.85,-0.952,-8539.8,0.761,5.68
G_LEGACY,CAPITULATION_REV,SHORT,sym_vol,hi,VALID,758,8.52,0.439,-0.0708,0.87396,-2064.5,-23.2,0.937,-0.907,-2552.0,0.83,7.07
G_LEGACY,CAPITULATION_REV,SHORT,sym_vol,hi,TEST,708,7.7,0.463,-0.0454,0.76443,-2867.1,-31.16,0.928,-0.856,-2986.4,0.85,6.54
G_LEGACY,CAPITULATION_REV,SHORT,sym_vol,hi,HOLDOUT,795,13.25,0.444,-0.0381,0.7201,-468.2,-7.8,0.997,-0.865,-1536.6,0.814,10.78
G_LEGACY,SQUEEZE_EXP,LONG,mkt_oi,down,TRAIN,1205,6.55,0.467,-0.0581,0.66818,79.9,0.43,0.93,-0.783,-3480.4,0.222,1.45
G_LEGACY,SQUEEZE_EXP,LONG,mkt_oi,down,VALID,1002,11.26,0.417,-0.1368,0.84227,-1140.8,-12.82,0.968,-0.857,-2009.2,0.288,3.25
G_LEGACY,SQUEEZE_EXP,LONG,mkt_oi,down,TEST,489,5.32,0.397,-0.2686,0.90471,-1227.9,-13.35,0.863,-0.886,-1940.7,0.282,1.5
G_LEGACY,SQUEEZE_EXP,LONG,mkt_oi,down,HOLDOUT,241,4.02,0.444,-0.0581,0.80904,-291.8,-4.86,1.033,-0.807,-482.5,0.34,1.37
G_LEGACY,BRK_24H,SHORT,mkt_oi,down,TRAIN,1500,8.15,0.345,-0.2743,0.9683,-6705.3,-36.44,1.126,-0.939,-8208.5,0.167,1.36
G_LEGACY,BRK_24H,SHORT,mkt_oi,down,VALID,2278,25.6,0.4,-0.1612,0.85265,456.1,5.12,0.939,-0.868,-11366.3,0.124,3.17
G_LEGACY,BRK_24H,SHORT,mkt_oi,down,TEST,971,10.55,0.459,-0.0147,0.52942,-427.4,-4.65,1.04,-0.796,-2462.3,0.164,1.73
G_LEGACY,BRK_24H,SHORT,mkt_oi,down,HOLDOUT,177,2.95,0.26,-0.6053,0.99914,-1463.0,-24.38,0.627,-0.961,-1463.0,0.333,0.98
G_LEGACY,SWEEP_RECLAIM,LONG,mkt_oi,down,TRAIN,1689,9.18,0.532,0.1053,0.15603,5627.6,30.58,1.099,-0.831,-3496.5,0.155,1.42
G_LEGACY,SWEEP_RECLAIM,LONG,mkt_oi,down,VALID,2613,29.36,0.405,-0.2035,0.94122,-15874.3,-178.36,0.886,-0.874,-20692.0,0.123,3.61
G_LEGACY,SWEEP_RECLAIM,LONG,mkt_oi,down,TEST,1092,11.87,0.466,-0.0257,0.54974,1144.4,12.44,0.947,-0.834,-3909.4,0.145,1.72
G_LEGACY,SWEEP_RECLAIM,LONG,mkt_oi,down,HOLDOUT,231,3.85,0.615,0.3154,0.09098,1158.8,19.31,1.033,-0.673,-792.2,0.238,0.92
G_LEGACY,ANY,LONG,mkt_oi,down,TRAIN,9988,54.28,0.447,-0.0788,0.91096,-3175.6,-17.26,0.937,-0.837,-17741.2,0.039,2.12
G_LEGACY,ANY,LONG,mkt_oi,down,VALID,10041,112.82,0.431,-0.1127,0.89656,-17640.0,-198.2,0.93,-0.808,-32113.0,0.039,4.35
G_LEGACY,ANY,LONG,mkt_oi,down,TEST,4122,44.8,0.364,-0.2759,0.99469,-14718.0,-159.98,0.847,-0.874,-18604.5,0.044,1.96
G_LEGACY,ANY,LONG,mkt_oi,down,HOLDOUT,2386,39.77,0.468,-0.0177,0.56423,-963.8,-16.06,1.015,-0.772,-4302.7,0.038,1.5
G_LEGACY,TREND_TRANS,LONG,mkt_oi,down,TRAIN,1635,8.89,0.429,-0.0878,0.81048,-3898.6,-21.19,0.961,-0.782,-5411.8,0.179,1.59
G_LEGACY,TREND_TRANS,LONG,mkt_oi,down,VALID,1380,15.51,0.441,-0.0658,0.7037,234.2,2.63,0.934,-0.775,-2640.9,0.193,2.99
G_LEGACY,TREND_TRANS,LONG,mkt_oi,down,TEST,531,5.77,0.237,-0.5679,1.0,-4784.8,-52.01,0.709,-0.966,-4828.1,0.234,1.35
G_LEGACY,TREND_TRANS,LONG,mkt_oi,down,HOLDOUT,439,7.32,0.492,0.0122,0.46768,594.6,9.91,1.053,-0.758,-1045.9,0.171,1.25
G_LEGACY,BRK_4H,SHORT,mkt_oi,down,TRAIN,3869,21.03,0.322,-0.3646,0.99958,-22492.2,-122.24,0.929,-0.951,-22627.8,0.094,1.97
G_LEGACY,BRK_4H,SHORT,mkt_oi,down,VALID,4529,50.89,0.436,-0.107,0.85588,2187.2,24.58,0.975,-0.86,-12592.6,0.075,3.81
G_LEGACY,BRK_4H,SHORT,mkt_oi,down,TEST,2506,27.24,0.463,-0.0044,0.51058,-504.9,-5.49,1.035,-0.788,-5505.4,0.069,1.88
G_LEGACY,BRK_4H,SHORT,mkt_oi,down,HOLDOUT,783,13.05,0.307,-0.5072,1.0,-5037.3,-83.96,0.78,-0.935,-5178.2,0.098,1.28
G_LEGACY,ANY,SHORT,mkt_oi,down,TRAIN,9065,49.27,0.351,-0.29,0.99992,-45317.9,-246.29,0.893,-0.894,-46331.7,0.043,2.13
G_LEGACY,ANY,SHORT,mkt_oi,down,VALID,9698,108.97,0.435,-0.0866,0.84362,1751.0,19.67,0.953,-0.822,-26108.6,0.038,4.12
G_LEGACY,ANY,SHORT,mkt_oi,down,TEST,4955,53.86,0.508,0.0951,0.21611,11865.1,128.97,1.043,-0.738,-8946.4,0.036,1.91
G_LEGACY,ANY,SHORT,mkt_oi,down,HOLDOUT,2243,37.38,0.305,-0.4881,0.99999,-14681.2,-244.69,0.745,-0.918,-15466.0,0.036,1.33
G_LEGACY,MTF_BRK,SHORT,mkt_oi,down,TRAIN,2554,13.88,0.332,-0.321,0.99544,-13050.1,-70.92,1.01,-0.933,-13211.9,0.123,1.7
G_LEGACY,MTF_BRK,SHORT,mkt_oi,down,VALID,3116,35.01,0.44,-0.0778,0.74421,3124.0,35.1,1.017,-0.859,-10419.9,0.106,3.7
G_LEGACY,MTF_BRK,SHORT,mkt_oi,down,TEST,1756,19.09,0.44,-0.0481,0.60538,-2265.4,-24.62,1.041,-0.806,-5783.5,0.096,1.84
G_LEGACY,MTF_BRK,SHORT,mkt_oi,down,HOLDOUT,412,6.87,0.279,-0.5762,0.99997,-2817.2,-46.95,0.692,-0.971,-2903.9,0.17,1.17
G_LEGACY,ACCEL,SHORT,mkt_oi,down,TRAIN,825,4.48,0.399,-0.1374,0.74831,-1068.8,-5.81,1.468,-0.91,-5209.9,0.269,1.21
G_LEGACY,ACCEL,SHORT,mkt_oi,down,VALID,1396,15.69,0.42,-0.0903,0.66706,-1042.9,-11.72,0.906,-0.854,-10487.2,0.186,2.92
G_LEGACY,ACCEL,SHORT,mkt_oi,down,TEST,725,7.88,0.419,-0.0589,0.64065,-1594.6,-17.33,0.997,-0.775,-3265.3,0.214,1.68
G_LEGACY,ACCEL,SHORT,mkt_oi,down,HOLDOUT,175,2.92,0.269,-0.5557,0.98098,-2091.9,-34.87,0.654,-1.007,-2143.8,0.314,0.92
G_LEGACY,ACCEL,SHORT,sym_vol,hi,TRAIN,8257,44.88,0.4,-0.1677,0.99932,-30347.6,-164.93,0.931,-0.833,-30382.8,0.359,16.1
G_LEGACY,ACCEL,SHORT,sym_vol,hi,VALID,4618,51.89,0.43,-0.1106,0.94733,-10109.5,-113.59,0.875,-0.827,-16296.3,0.376,19.52
G_LEGACY,ACCEL,SHORT,sym_vol,hi,TEST,5466,59.41,0.414,-0.1333,0.9915,-12178.9,-132.38,0.93,-0.816,-13497.9,0.331,19.67
G_LEGACY,ACCEL,SHORT,sym_vol,hi,HOLDOUT,4192,69.87,0.408,-0.1913,0.99995,-16152.9,-269.21,0.871,-0.828,-17702.0,0.318,22.25
G_LEGACY,PULLBACK_CONT,LONG,mkt_oi,down,TRAIN,2937,15.96,0.449,-0.0596,0.73212,-3999.2,-21.73,0.968,-0.82,-6547.3,0.113,1.8
G_LEGACY,PULLBACK_CONT,LONG,mkt_oi,down,VALID,2217,24.91,0.395,-0.1804,0.95654,-3519.3,-39.54,0.888,-0.813,-6521.7,0.134,3.33
G_LEGACY,PULLBACK_CONT,LONG,mkt_oi,down,TEST,849,9.23,0.3,-0.4214,0.99969,-4904.1,-53.31,0.812,-0.93,-5940.3,0.177,1.63
G_LEGACY,PULLBACK_CONT,LONG,mkt_oi,down,HOLDOUT,704,11.73,0.45,-0.0624,0.6642,-938.3,-15.64,1.023,-0.788,-1875.4,0.114,1.33
G_LEGACY,CAPITULATION_REV,SHORT,mkt_oi,down,TRAIN,91,0.49,0.44,-0.0616,0.67812,-880.4,-4.78,1.005,-0.804,-1220.5,0.89,0.44
G_LEGACY,CAPITULATION_REV,SHORT,mkt_oi,down,VALID,159,1.79,0.365,-0.3015,0.96312,-1057.3,-11.88,0.831,-1.005,-1185.3,0.818,1.46
G_LEGACY,CAPITULATION_REV,SHORT,mkt_oi,down,TEST,34,0.37,0.471,-0.1068,0.72987,-36.9,-0.4,0.928,-0.824,-137.0,0.912,0.34
G_LEGACY,CAPITULATION_REV,SHORT,mkt_oi,down,HOLDOUT,37,0.62,0.324,-0.3691,0.99427,-614.5,-10.24,0.981,-0.979,-714.5,0.757,0.47
G_LEGACY,SQUEEZE_EXP,SHORT,mkt_oi,down,TRAIN,925,5.03,0.292,-0.4303,0.99923,-5470.4,-29.73,0.827,-0.974,-5827.5,0.261,1.31
G_LEGACY,SQUEEZE_EXP,SHORT,mkt_oi,down,VALID,972,10.92,0.421,-0.1813,0.93902,-1358.2,-15.26,0.943,-0.827,-1657.5,0.277,3.02
G_LEGACY,SQUEEZE_EXP,SHORT,mkt_oi,down,TEST,478,5.2,0.412,-0.0949,0.69378,-1288.9,-14.01,1.029,-0.8,-1823.7,0.278,1.45
G_LEGACY,SQUEEZE_EXP,SHORT,mkt_oi,down,HOLDOUT,224,3.73,0.308,-0.4647,0.99835,-1705.9,-28.43,0.763,-0.943,-1768.0,0.308,1.15
G_LEGACY,SQUEEZE_EXP,SHORT,sym_vol,hi,TRAIN,8795,47.8,0.412,-0.1476,0.99665,-18535.1,-100.73,0.932,-0.853,-22492.5,0.345,16.49
G_LEGACY,SQUEEZE_EXP,SHORT,sym_vol,hi,VALID,4447,49.97,0.464,-0.0323,0.69137,-1614.7,-18.14,0.984,-0.826,-5279.0,0.401,20.03
G_LEGACY,SQUEEZE_EXP,SHORT,sym_vol,hi,TEST,4592,49.91,0.403,-0.1938,0.99986,-11221.1,-121.97,0.929,-0.857,-12977.6,0.418,20.88
G_LEGACY,SQUEEZE_EXP,SHORT,sym_vol,hi,HOLDOUT,3994,66.57,0.404,-0.1992,1.0,-11383.3,-189.72,0.937,-0.859,-11879.7,0.361,24.05
G_LEGACY,PULLBACK_CONT,SHORT,mkt_oi,down,TRAIN,4056,22.04,0.359,-0.258,0.99838,-16525.8,-89.81,0.846,-0.864,-17654.3,0.084,1.85
G_LEGACY,PULLBACK_CONT,SHORT,mkt_oi,down,VALID,3902,43.84,0.459,0.0106,0.46172,7383.4,82.96,0.998,-0.757,-9814.8,0.08,3.53
G_LEGACY,PULLBACK_CONT,SHORT,mkt_oi,down,TEST,2004,21.78,0.577,0.256,0.04368,13003.6,141.34,1.089,-0.678,-2447.6,0.077,1.67
G_LEGACY,PULLBACK_CONT,SHORT,mkt_oi,down,HOLDOUT,884,14.73,0.25,-0.5923,0.9999,-6713.5,-111.89,0.718,-0.937,-6725.3,0.093,1.37
G_LEGACY,CHANGE_POINT,SHORT,mkt_oi,down,TRAIN,528,2.87,0.384,-0.165,0.67284,1217.0,6.61,1.376,-0.902,-4287.8,0.354,1.02
G_LEGACY,CHANGE_POINT,SHORT,mkt_oi,down,VALID,799,8.98,0.401,-0.1579,0.72348,-5321.1,-59.79,0.82,-0.885,-8606.8,0.278,2.49
G_LEGACY,CHANGE_POINT,SHORT,mkt_oi,down,TEST,373,4.05,0.394,-0.153,0.72327,-2213.4,-24.06,0.881,-0.8,-3770.6,0.335,1.36
G_LEGACY,CHANGE_POINT,SHORT,mkt_oi,down,HOLDOUT,147,2.45,0.245,-0.6145,0.99068,-1991.4,-33.19,0.556,-0.983,-2010.7,0.327,0.8
G_LEGACY,EARLY_BRK,SHORT,mkt_oi,down,TRAIN,802,4.36,0.211,-0.7534,1.0,-6486.1,-35.25,0.673,-1.113,-6497.0,0.297,1.29
G_LEGACY,EARLY_BRK,SHORT,mkt_oi,down,VALID,1703,19.13,0.38,-0.3126,0.99834,-5458.5,-61.33,0.927,-0.904,-5772.4,0.151,2.89
G_LEGACY,EARLY_BRK,SHORT,mkt_oi,down,TEST,664,7.22,0.508,0.0159,0.47083,911.5,9.91,1.128,-0.744,-1676.5,0.215,1.55
G_LEGACY,EARLY_BRK,SHORT,mkt_oi,down,HOLDOUT,330,5.5,0.306,-0.6048,1.0,-1638.1,-27.3,0.811,-0.946,-1638.1,0.194,1.07
G_LEGACY,EARLY_BRK,SHORT,sym_vol,hi,TRAIN,15517,84.33,0.43,-0.1424,0.99984,-18866.8,-102.54,0.96,-0.829,-19081.0,0.218,18.39
G_LEGACY,EARLY_BRK,SHORT,sym_vol,hi,VALID,8328,93.57,0.43,-0.1493,0.99967,-14159.9,-159.1,0.931,-0.84,-15604.8,0.227,21.21
G_LEGACY,EARLY_BRK,SHORT,sym_vol,hi,TEST,9717,105.62,0.426,-0.1641,0.99994,-16802.2,-182.63,0.966,-0.83,-16855.6,0.221,23.36
G_LEGACY,EARLY_BRK,SHORT,sym_vol,hi,HOLDOUT,7112,118.53,0.367,-0.33,1.0,-25358.2,-422.64,0.902,-0.873,-25992.0,0.205,24.35
G_LEGACY,BRK_4H,LONG,mkt_oi,down,TRAIN,4562,24.79,0.403,-0.1727,0.98056,-11521.6,-62.62,0.918,-0.851,-13768.9,0.085,2.11
G_LEGACY,BRK_4H,LONG,mkt_oi,down,VALID,3919,44.03,0.454,-0.045,0.62294,2524.3,28.36,0.987,-0.794,-7148.3,0.103,4.54
G_LEGACY,BRK_4H,LONG,mkt_oi,down,TEST,1549,16.84,0.329,-0.3761,0.99906,-8066.5,-87.68,0.8,-0.896,-8346.8,0.11,1.86
G_LEGACY,BRK_4H,LONG,mkt_oi,down,HOLDOUT,1370,22.83,0.455,-0.0487,0.6478,-641.2,-10.69,1.022,-0.802,-2586.2,0.064,1.47
G_LEGACY,VOL_PRICE,LONG,mkt_oi,down,TRAIN,1145,6.22,0.448,-0.0238,0.56052,4308.7,23.42,1.018,-1.07,-4627.7,0.292,1.82
G_LEGACY,VOL_PRICE,LONG,mkt_oi,down,VALID,1686,18.94,0.522,0.1379,0.23702,6429.8,72.24,1.056,-0.736,-10598.3,0.225,4.26
G_LEGACY,VOL_PRICE,LONG,mkt_oi,down,TEST,534,5.8,0.433,-0.0478,0.59483,671.6,7.3,0.998,-0.81,-1980.9,0.32,1.86
G_LEGACY,VOL_PRICE,LONG,mkt_oi,down,HOLDOUT,156,2.6,0.353,-0.3017,0.99428,-848.0,-14.13,0.847,-1.009,-1006.2,0.526,1.37
G_LEGACY,MTF_BRK,LONG,mkt_oi,down,TRAIN,812,4.41,0.447,-0.0116,0.53582,-474.2,-2.58,1.031,-0.855,-2200.1,0.382,1.68
G_LEGACY,MTF_BRK,LONG,mkt_oi,down,VALID,1015,11.4,0.484,0.0518,0.3915,1104.9,12.42,1.067,-0.769,-2951.3,0.3,3.43
G_LEGACY,MTF_BRK,LONG,mkt_oi,down,TEST,341,3.71,0.37,-0.2492,0.99532,-640.9,-6.97,0.924,-0.921,-1378.4,0.405,1.5
G_LEGACY,MTF_BRK,LONG,mkt_oi,down,HOLDOUT,431,7.18,0.459,-0.0319,0.64674,-586.5,-9.77,1.048,-0.82,-1156.2,0.2,1.43
G_LEGACY,BRK_24H,LONG,mkt_oi,down,TRAIN,540,2.93,0.446,-0.0154,0.54462,-309.7,-1.68,1.06,-0.835,-1693.9,0.487,1.43
G_LEGACY,BRK_24H,LONG,mkt_oi,down,VALID,686,7.71,0.551,0.2345,0.12856,2241.1,25.18,1.162,-0.722,-1279.7,0.43,3.31
G_LEGACY,BRK_24H,LONG,mkt_oi,down,TEST,229,2.49,0.393,-0.1762,0.94384,65.8,0.72,0.943,-0.89,-894.4,0.485,1.21
G_LEGACY,BRK_24H,LONG,mkt_oi,down,HOLDOUT,311,5.18,0.412,-0.1246,0.91855,-665.8,-11.1,0.982,-0.859,-1274.4,0.289,1.5
G_LEGACY,ACCEL,LONG,mkt_oi,down,TRAIN,1631,8.86,0.399,-0.1522,0.81672,15747.3,85.58,0.938,-0.935,-6218.4,0.188,1.66
G_LEGACY,ACCEL,LONG,mkt_oi,down,VALID,1703,19.13,0.494,0.0337,0.43481,984.3,11.06,1.008,-0.756,-7810.3,0.2,3.82
G_LEGACY,ACCEL,LONG,mkt_oi,down,TEST,463,5.03,0.35,-0.2128,0.93512,-987.2,-10.73,0.944,-0.81,-2599.8,0.341,1.72
G_LEGACY,ACCEL,LONG,mkt_oi,down,HOLDOUT,256,4.27,0.352,-0.2611,0.99711,-1340.6,-22.34,0.838,-0.947,-1465.3,0.355,1.52
G_LEGACY,OI_PRICE,LONG,mkt_oi,down,TRAIN,1375,7.47,0.461,-0.0216,0.56884,8932.0,48.54,0.87,-0.801,-5513.7,0.247,1.85
G_LEGACY,OI_PRICE,LONG,mkt_oi,down,VALID,1415,15.9,0.466,-0.018,0.55475,-1519.7,-17.08,0.911,-0.753,-5796.4,0.248,3.94
G_LEGACY,OI_PRICE,LONG,mkt_oi,down,TEST,711,7.73,0.333,-0.3048,0.97941,-5537.5,-60.19,0.764,-0.862,-7026.4,0.235,1.82
G_LEGACY,OI_PRICE,LONG,mkt_oi,down,HOLDOUT,382,6.37,0.377,-0.1462,0.82521,-2295.2,-38.25,0.882,-0.86,-2972.3,0.23,1.47
G_LEGACY,OI_BUILD_BRK,LONG,mkt_oi,down,TRAIN,742,4.03,0.429,-0.0457,0.70887,-1738.4,-9.45,0.965,-0.822,-3105.1,0.439,1.77
G_LEGACY,OI_BUILD_BRK,LONG,mkt_oi,down,VALID,824,9.26,0.563,0.2744,0.01703,5066.8,56.93,1.135,-0.723,-1416.1,0.414,3.83
G_LEGACY,OI_BUILD_BRK,LONG,mkt_oi,down,TEST,310,3.37,0.339,-0.2555,0.99255,-1865.0,-20.27,0.808,-0.899,-2790.6,0.435,1.47
G_LEGACY,OI_BUILD_BRK,LONG,mkt_oi,down,HOLDOUT,302,5.03,0.444,-0.0043,0.51944,-423.5,-7.06,1.024,-0.867,-1090.3,0.298,1.5
G_LEGACY,EARLY_BRK,LONG,mkt_oi,down,TRAIN,2720,14.78,0.382,-0.2591,0.99718,-8116.7,-44.11,0.892,-0.877,-9144.2,0.119,1.77
G_LEGACY,EARLY_BRK,LONG,mkt_oi,down,VALID,2153,24.19,0.37,-0.2854,0.98591,-5624.7,-63.2,0.912,-0.86,-5756.6,0.148,3.58
G_LEGACY,EARLY_BRK,LONG,mkt_oi,down,TEST,910,9.89,0.326,-0.4527,0.99736,-4255.8,-46.26,0.788,-0.901,-4271.6,0.167,1.65
G_LEGACY,EARLY_BRK,LONG,mkt_oi,down,HOLDOUT,851,14.18,0.482,-0.0182,0.54327,825.3,13.75,1.054,-0.76,-1389.0,0.09,1.28
G_LEGACY,VOL_PRICE,SHORT,mkt_oi,down,TRAIN,1130,6.14,0.352,-0.2594,0.97652,-5701.3,-30.99,1.293,-0.991,-7266.7,0.259,1.59
G_LEGACY,VOL_PRICE,SHORT,mkt_oi,down,VALID,1646,18.49,0.392,-0.1959,0.88149,-5188.5,-58.3,0.903,-0.894,-10586.3,0.194,3.58
G_LEGACY,VOL_PRICE,SHORT,mkt_oi,down,TEST,809,8.79,0.476,0.0261,0.44126,-317.7,-3.45,1.068,-0.778,-2635.9,0.204,1.79
G_LEGACY,VOL_PRICE,SHORT,mkt_oi,down,HOLDOUT,189,3.15,0.323,-0.4273,0.9869,-2034.8,-33.91,0.724,-0.933,-2156.0,0.36,1.13
G_LEGACY,SWEEP_RECLAIM,SHORT,mkt_oi,down,TRAIN,558,3.03,0.384,-0.2577,0.99868,-2742.2,-14.9,0.884,-1.005,-2979.3,0.5,1.52
G_LEGACY,SWEEP_RECLAIM,SHORT,mkt_oi,down,VALID,727,8.17,0.309,-0.415,0.99797,-5746.7,-64.57,0.74,-0.974,-5838.2,0.399,3.26
G_LEGACY,SWEEP_RECLAIM,SHORT,mkt_oi,down,TEST,280,3.04,0.518,0.1,0.15645,571.6,6.21,1.072,-0.788,-605.7,0.411,1.25
G_LEGACY,SWEEP_RECLAIM,SHORT,mkt_oi,down,HOLDOUT,323,5.38,0.356,-0.3356,0.99966,-2058.1,-34.3,0.834,-0.909,-2181.0,0.229,1.23
G_LEGACY,OI_COVER,SHORT,mkt_oi,down,TRAIN,1259,6.84,0.346,-0.24,0.93008,-9599.2,-52.17,1.067,-0.888,-13000.0,0.199,1.36
G_LEGACY,OI_COVER,SHORT,mkt_oi,down,VALID,1429,16.06,0.46,0.0034,0.49162,5577.3,62.67,0.976,-0.789,-6466.7,0.175,2.81
G_LEGACY,OI_COVER,SHORT,mkt_oi,down,TEST,830,9.02,0.518,0.1554,0.19549,3999.1,43.47,1.138,-0.734,-3047.0,0.171,1.54
G_LEGACY,OI_COVER,SHORT,mkt_oi,down,HOLDOUT,274,4.57,0.387,-0.2828,0.97979,-2025.3,-33.76,0.733,-0.834,-2187.7,0.223,1.02
G_LEGACY,OI_COVER,SHORT,sym_vol,hi,TRAIN,11616,63.13,0.429,-0.0975,0.99301,-35387.3,-192.32,0.899,-0.788,-35573.6,0.274,17.32
G_LEGACY,OI_COVER,SHORT,sym_vol,hi,VALID,6077,68.28,0.446,-0.0763,0.94161,-3744.5,-42.07,0.855,-0.769,-11812.1,0.291,19.87
G_LEGACY,OI_COVER,SHORT,sym_vol,hi,TEST,7030,76.41,0.42,-0.1202,0.99689,-16977.5,-184.54,0.885,-0.788,-18890.5,0.263,20.11
G_LEGACY,OI_COVER,SHORT,sym_vol,hi,HOLDOUT,5433,90.55,0.394,-0.2121,1.0,-29488.5,-491.47,0.79,-0.8,-30068.0,0.233,21.08
G_LEGACY,BRK_24H,SHORT,sym_vol,lo,TRAIN,15403,83.71,0.419,-0.1537,0.99964,-27278.7,-148.25,1.006,-0.841,-31591.7,0.21,17.57
G_LEGACY,BRK_24H,SHORT,sym_vol,lo,VALID,9674,108.7,0.409,-0.2111,0.99991,-23144.7,-260.05,0.954,-0.851,-24025.2,0.193,21.0
G_LEGACY,BRK_24H,SHORT,sym_vol,lo,TEST,7749,84.23,0.38,-0.2961,1.0,-20865.2,-226.8,0.983,-0.887,-21004.3,0.249,20.95
G_LEGACY,BRK_24H,SHORT,sym_vol,lo,HOLDOUT,3882,64.7,0.397,-0.292,1.0,-9428.5,-157.14,1.05,-0.859,-11110.2,0.306,19.78
G_LEGACY,TREND_TRANS,SHORT,mkt_oi,down,TRAIN,1062,5.77,0.379,-0.2267,0.94804,-4441.6,-24.14,0.863,-0.894,-4723.3,0.278,1.6
G_LEGACY,TREND_TRANS,SHORT,mkt_oi,down,VALID,1158,13.01,0.48,0.0136,0.45977,-885.7,-9.95,0.967,-0.784,-2873.3,0.227,2.96
G_LEGACY,TREND_TRANS,SHORT,mkt_oi,down,TEST,648,7.04,0.519,0.092,0.2847,608.3,6.61,1.023,-0.729,-1545.7,0.213,1.5
G_LEGACY,TREND_TRANS,SHORT,mkt_oi,down,HOLDOUT,288,4.8,0.378,-0.411,0.96437,-808.6,-13.48,0.728,-0.841,-1529.5,0.215,1.03
G_LEGACY,TREND_TRANS,SHORT,sym_vol,hi,TRAIN,10523,57.19,0.444,-0.0973,0.99539,-16363.9,-88.93,0.93,-0.798,-17889.1,0.312,17.87
G_LEGACY,TREND_TRANS,SHORT,sym_vol,hi,VALID,5571,62.6,0.455,-0.0612,0.93034,-5932.9,-66.66,0.928,-0.793,-10518.7,0.323,20.19
G_LEGACY,TREND_TRANS,SHORT,sym_vol,hi,TEST,6152,66.87,0.427,-0.1469,0.99984,-12511.5,-135.99,0.903,-0.82,-13534.6,0.322,21.53
G_LEGACY,TREND_TRANS,SHORT,sym_vol,hi,HOLDOUT,4849,80.82,0.395,-0.2266,1.0,-15103.5,-251.73,0.871,-0.818,-15363.0,0.286,23.1
G_LEGACY,MTF_BRK,LONG,sym_vol,lo,TRAIN,18701,101.64,0.385,-0.2651,1.0,-47691.7,-259.19,0.941,-0.859,-48025.8,0.212,21.58
G_LEGACY,MTF_BRK,LONG,sym_vol,lo,VALID,10023,112.62,0.422,-0.1623,0.99972,-11552.5,-129.8,0.995,-0.836,-13526.5,0.231,26.0
G_LEGACY,MTF_BRK,LONG,sym_vol,lo,TEST,10535,114.51,0.39,-0.2918,1.0,-24026.1,-261.15,0.982,-0.854,-24347.6,0.235,26.87
G_LEGACY,MTF_BRK,LONG,sym_vol,lo,HOLDOUT,5896,98.27,0.411,-0.2569,0.99999,-8823.3,-147.06,1.018,-0.837,-10439.6,0.281,27.6
G_LEGACY,BRK_24H,LONG,sym_vol,lo,TRAIN,13498,73.36,0.382,-0.2592,1.0,-37136.5,-201.83,0.927,-0.859,-38121.1,0.263,19.3
G_LEGACY,BRK_24H,LONG,sym_vol,lo,VALID,7245,81.4,0.422,-0.1479,0.99821,-7629.6,-85.73,1.003,-0.833,-9850.5,0.28,22.78
G_LEGACY,BRK_24H,LONG,sym_vol,lo,TEST,7416,80.61,0.38,-0.2973,1.0,-19191.7,-208.61,0.959,-0.862,-19315.1,0.294,23.68
G_LEGACY,BRK_24H,LONG,sym_vol,lo,HOLDOUT,4260,71.0,0.412,-0.2121,0.99961,-5719.0,-95.32,1.022,-0.837,-7674.0,0.348,24.72
G_LEGACY,VOL_PRICE,LONG,sym_vol,lo,TRAIN,13893,75.51,0.407,-0.1882,1.0,-25144.9,-136.66,0.984,-0.863,-26386.9,0.327,24.71
G_LEGACY,VOL_PRICE,LONG,sym_vol,lo,VALID,7968,89.53,0.436,-0.1188,0.99711,-7740.1,-86.97,1.01,-0.837,-8906.6,0.315,28.21
G_LEGACY,VOL_PRICE,LONG,sym_vol,lo,TEST,8623,93.73,0.383,-0.2627,1.0,-21152.4,-229.92,0.955,-0.87,-21469.6,0.312,29.28
G_LEGACY,VOL_PRICE,LONG,sym_vol,lo,HOLDOUT,4253,70.88,0.416,-0.2324,1.0,-6865.1,-114.42,1.027,-0.86,-7270.3,0.404,28.65
G_LEGACY,OI_PRICE,LONG,sym_vol,lo,TRAIN,7644,41.54,0.406,-0.1174,0.99994,-14874.2,-80.84,0.969,-0.844,-16169.5,0.501,20.8
G_LEGACY,OI_PRICE,LONG,sym_vol,lo,VALID,3682,41.37,0.438,-0.0557,0.9167,-2012.3,-22.61,1.01,-0.823,-3375.1,0.543,22.47
G_LEGACY,OI_PRICE,LONG,sym_vol,lo,TEST,3889,42.27,0.394,-0.1556,1.0,-7477.0,-81.27,0.957,-0.85,-7810.8,0.554,23.43
G_LEGACY,OI_PRICE,LONG,sym_vol,lo,HOLDOUT,2017,33.62,0.408,-0.1152,0.99823,-3697.5,-61.62,1.001,-0.863,-4904.5,0.654,22.0
G_LEGACY,FUNDING_SQUEEZE,LONG,mkt_oi,down,TRAIN,356,1.93,0.379,-0.2043,0.96563,-1471.9,-8.0,0.818,-0.826,-2373.5,0.497,0.96
G_LEGACY,FUNDING_SQUEEZE,LONG,mkt_oi,down,VALID,289,3.25,0.457,-0.0361,0.58265,278.8,3.13,0.93,-0.799,-704.8,0.581,1.89
G_LEGACY,FUNDING_SQUEEZE,LONG,mkt_oi,down,TEST,74,0.8,0.405,-0.1475,0.76581,-41.4,-0.45,0.907,-0.979,-745.3,0.622,0.5
G_LEGACY,FUNDING_SQUEEZE,LONG,mkt_oi,down,HOLDOUT,6,0.1,0.5,0.1081,0.44178,-25.6,-0.43,1.204,-0.822,-51.6,1.0,0.1
G_LEGACY,CHANGE_POINT,LONG,mkt_oi,down,TRAIN,1190,6.47,0.452,-0.0704,0.64887,2186.1,11.88,0.857,-0.865,-4712.9,0.177,1.15
G_LEGACY,CHANGE_POINT,LONG,mkt_oi,down,VALID,1079,12.12,0.647,0.2684,0.02396,8911.9,100.13,1.043,-0.628,-1844.3,0.243,2.94
G_LEGACY,CHANGE_POINT,LONG,mkt_oi,down,TEST,380,4.13,0.384,-0.2049,0.92186,-1413.5,-15.36,0.924,-0.738,-2795.1,0.3,1.24
G_LEGACY,CHANGE_POINT,LONG,mkt_oi,down,HOLDOUT,119,1.98,0.319,-0.2952,0.97462,-906.4,-15.11,0.753,-0.941,-1217.7,0.479,0.95
G_LEGACY,SQUEEZE_EXP,SHORT,sym_vol,lo,TRAIN,10563,57.41,0.426,-0.1768,0.99995,-15165.2,-82.42,1.022,-0.877,-18542.9,0.322,18.47
G_LEGACY,SQUEEZE_EXP,SHORT,sym_vol,lo,VALID,6698,75.26,0.444,-0.1475,0.99755,-7986.4,-89.73,1.021,-0.852,-8644.5,0.304,22.9
G_LEGACY,SQUEEZE_EXP,SHORT,sym_vol,lo,TEST,7215,78.42,0.379,-0.3663,1.0,-18751.8,-203.82,0.96,-0.899,-18827.4,0.303,23.74
G_LEGACY,SQUEEZE_EXP,SHORT,sym_vol,lo,HOLDOUT,3841,64.02,0.406,-0.3658,1.0,-7878.1,-131.3,1.037,-0.86,-8009.5,0.376,24.08
G_LEGACY,BASELINE,LONG,mkt_oi,down,TRAIN,3430,18.64,0.453,-0.0958,0.77737,-3341.5,-18.16,0.896,-0.745,-12861.1,0.033,0.61
G_LEGACY,BASELINE,LONG,mkt_oi,down,VALID,3940,44.27,0.439,-0.1342,0.856,-9021.8,-101.37,0.913,-0.807,-13311.7,0.03,1.35
G_LEGACY,BASELINE,LONG,mkt_oi,down,TEST,1980,21.52,0.345,-0.3608,0.98543,-11571.4,-125.78,0.743,-0.842,-14025.6,0.03,0.65
G_LEGACY,BASELINE,LONG,mkt_oi,down,HOLDOUT,800,13.33,0.396,-0.2114,0.81464,-2291.2,-38.19,0.84,-0.779,-2706.9,0.03,0.4
G_LEGACY,BASELINE,LONG,sym_vol,hi,TRAIN,29385,159.7,0.409,-0.1811,1.0,-67148.6,-364.94,0.856,-0.816,-69015.3,0.07,11.19
G_LEGACY,BASELINE,LONG,sym_vol,hi,VALID,15261,171.47,0.423,-0.1181,0.99443,-24595.8,-276.36,0.905,-0.79,-26097.7,0.069,11.87
G_LEGACY,BASELINE,LONG,sym_vol,hi,TEST,16226,176.37,0.41,-0.1505,0.99938,-29921.1,-325.23,0.894,-0.809,-34772.1,0.067,11.87
G_LEGACY,BASELINE,LONG,sym_vol,hi,HOLDOUT,13295,221.58,0.443,-0.0684,0.918,-11152.0,-185.87,0.957,-0.774,-13922.5,0.054,12.0
G_LEGACY,BASELINE,SHORT,mkt_oi,down,TRAIN,3430,18.64,0.409,-0.1556,0.88404,-9634.9,-52.36,0.848,-0.805,-13982.4,0.033,0.61
G_LEGACY,BASELINE,SHORT,mkt_oi,down,VALID,3940,44.27,0.41,-0.1429,0.86032,-5930.6,-66.64,0.871,-0.813,-11591.2,0.03,1.35
G_LEGACY,BASELINE,SHORT,mkt_oi,down,TEST,1980,21.52,0.538,0.174,0.17149,7532.6,81.88,1.001,-0.677,-3498.9,0.03,0.65
G_LEGACY,BASELINE,SHORT,mkt_oi,down,HOLDOUT,800,13.33,0.44,-0.1407,0.67113,-596.0,-9.93,0.897,-0.782,-3535.6,0.03,0.4
G_LEGACY,BASELINE,SHORT,sym_vol,hi,TRAIN,29385,159.7,0.447,-0.076,0.97905,-43809.5,-238.1,0.925,-0.78,-49894.3,0.07,11.19
G_LEGACY,BASELINE,SHORT,sym_vol,hi,VALID,15261,171.47,0.438,-0.1115,0.9908,-28592.4,-321.26,0.876,-0.805,-38654.5,0.069,11.87
G_LEGACY,BASELINE,SHORT,sym_vol,hi,TEST,16226,176.37,0.453,-0.0797,0.94823,-20418.3,-221.94,0.91,-0.788,-22814.3,0.067,11.87
G_LEGACY,BASELINE,SHORT,sym_vol,hi,HOLDOUT,13285,221.42,0.41,-0.216,1.0,-43058.0,-717.63,0.842,-0.839,-44390.6,0.054,12.0
G_LEGACY,BASELINE,LONG,sym_vol,lo,TRAIN,33593,182.57,0.393,-0.2581,1.0,-83431.8,-453.43,0.893,-0.858,-83617.2,0.061,11.07
G_LEGACY,BASELINE,LONG,sym_vol,lo,VALID,19362,217.55,0.419,-0.1902,0.99997,-27832.1,-312.72,0.94,-0.83,-29451.0,0.054,11.79
G_LEGACY,BASELINE,LONG,sym_vol,lo,TEST,19810,215.33,0.409,-0.2331,1.0,-36003.8,-391.35,0.949,-0.848,-39419.1,0.054,11.63
G_LEGACY,BASELINE,LONG,sym_vol,lo,HOLDOUT,10371,172.85,0.41,-0.2689,1.0,-15830.9,-263.85,0.96,-0.829,-16251.1,0.069,11.97
G_LEGACY,BASELINE,SHORT,sym_vol,lo,TRAIN,33593,182.57,0.446,-0.1226,0.99926,-33930.7,-184.41,0.975,-0.811,-35441.1,0.061,11.07
G_LEGACY,BASELINE,SHORT,sym_vol,lo,VALID,19362,217.55,0.424,-0.1904,0.99997,-39455.9,-443.32,0.928,-0.843,-42737.7,0.054,11.79
G_LEGACY,BASELINE,SHORT,sym_vol,lo,TEST,19810,215.33,0.422,-0.2327,1.0,-34771.9,-377.96,0.94,-0.85,-34911.2,0.054,11.63
G_LEGACY,BASELINE,SHORT,sym_vol,lo,HOLDOUT,10375,172.92,0.412,-0.3034,1.0,-20397.3,-339.96,0.919,-0.844,-22524.9,0.069,12.0
G_LEGACY,EARLY_BRK,SHORT,sym_vol,lo,TRAIN,28656,155.74,0.434,-0.1877,1.0,-32406.7,-176.12,1.002,-0.84,-34859.0,0.138,21.45
G_LEGACY,EARLY_BRK,SHORT,sym_vol,lo,VALID,16457,184.91,0.429,-0.2097,1.0,-25401.5,-285.41,0.996,-0.856,-26959.8,0.138,25.6
G_LEGACY,EARLY_BRK,SHORT,sym_vol,lo,TEST,17242,187.41,0.414,-0.2914,1.0,-28364.9,-308.31,1.027,-0.858,-28515.3,0.138,25.88
G_LEGACY,EARLY_BRK,SHORT,sym_vol,lo,HOLDOUT,9253,154.22,0.418,-0.361,1.0,-15619.5,-260.33,1.029,-0.841,-17652.1,0.169,26.0
G_LEGACY,OI_COVER,SHORT,sym_vol,lo,TRAIN,7597,41.29,0.472,0.0236,0.31262,3624.0,19.7,1.041,-0.777,-4556.5,0.377,15.56
G_LEGACY,OI_COVER,SHORT,sym_vol,lo,VALID,3309,37.18,0.437,-0.0942,0.92795,-6528.5,-73.35,0.932,-0.812,-7796.6,0.433,16.1
G_LEGACY,OI_COVER,SHORT,sym_vol,lo,TEST,3470,37.72,0.405,-0.1636,0.99948,-8196.4,-89.09,0.925,-0.83,-8307.9,0.429,16.17
G_LEGACY,OI_COVER,SHORT,sym_vol,lo,HOLDOUT,1615,26.92,0.398,-0.2175,1.0,-4148.1,-69.13,0.855,-0.831,-4984.5,0.56,15.08
G_LEGACY,ACCEL,SHORT,sym_vol,lo,TRAIN,11982,65.12,0.458,-0.0604,0.87108,-5494.2,-29.86,1.057,-0.811,-9975.7,0.272,17.72
G_LEGACY,ACCEL,SHORT,sym_vol,lo,VALID,7005,78.71,0.421,-0.1717,0.99308,-14744.3,-165.67,0.964,-0.829,-16453.9,0.263,20.66
G_LEGACY,ACCEL,SHORT,sym_vol,lo,TEST,6928,75.3,0.421,-0.1969,0.99995,-10416.1,-113.22,1.006,-0.844,-11548.8,0.279,20.99
G_LEGACY,ACCEL,SHORT,sym_vol,lo,HOLDOUT,3759,62.65,0.397,-0.2959,0.99999,-8594.1,-143.23,0.989,-0.845,-10901.9,0.344,21.55
G_LEGACY,VOL_PRICE,SHORT,sym_vol,lo,TRAIN,16808,91.35,0.452,-0.0752,0.97222,-9981.3,-54.25,1.052,-0.823,-13095.4,0.256,23.39
G_LEGACY,VOL_PRICE,SHORT,sym_vol,lo,VALID,9085,102.08,0.429,-0.1617,0.99915,-16947.8,-190.42,0.976,-0.839,-17832.8,0.251,25.63
G_LEGACY,VOL_PRICE,SHORT,sym_vol,lo,TEST,9739,105.86,0.399,-0.2441,1.0,-21874.8,-237.77,0.978,-0.867,-22511.2,0.242,25.66
G_LEGACY,VOL_PRICE,SHORT,sym_vol,lo,HOLDOUT,5071,84.52,0.415,-0.2626,1.0,-9442.8,-157.38,1.028,-0.844,-10688.9,0.311,26.3
G_LEGACY,OI_PRICE,SHORT,mkt_oi,down,TRAIN,23,0.12,0.391,-0.1928,0.8824,-395.9,-2.15,0.775,-0.814,-472.3,1.0,0.12
G_LEGACY,OI_PRICE,SHORT,mkt_oi,down,VALID,30,0.34,0.533,0.0727,0.36153,107.3,1.21,1.015,-0.713,-205.5,0.967,0.33
G_LEGACY,OI_PRICE,SHORT,mkt_oi,down,TEST,8,0.09,0.75,0.5081,0.05603,112.6,1.22,1.055,-0.625,-20.8,1.0,0.09
G_LEGACY,OI_PRICE,SHORT,mkt_oi,down,HOLDOUT,3,0.05,0.333,-0.5506,1.0,-5.7,-0.09,0.309,-0.61,-6.3,1.0,0.05
G_LEGACY,OI_PRICE,SHORT,sym_vol,hi,TRAIN,264,1.43,0.455,-0.0766,0.88158,-522.1,-2.84,0.841,-0.758,-1513.7,0.97,1.39
G_LEGACY,OI_PRICE,SHORT,sym_vol,hi,VALID,138,1.55,0.601,0.1426,0.04719,1397.8,15.71,0.93,-0.699,-404.4,0.971,1.51
G_LEGACY,OI_PRICE,SHORT,sym_vol,hi,TEST,119,1.29,0.529,0.0298,0.3828,519.8,5.65,0.936,-0.757,-220.9,0.983,1.27
G_LEGACY,OI_PRICE,SHORT,sym_vol,hi,HOLDOUT,66,1.1,0.47,0.0503,0.36706,62.4,1.04,0.897,-0.785,-238.5,0.97,1.07
G_LEGACY,OI_BUILD_BRK,SHORT,mkt_oi,down,TRAIN,29,0.16,0.172,-0.5528,0.99734,-654.3,-3.56,0.91,-0.897,-667.7,1.0,0.16
G_LEGACY,OI_BUILD_BRK,SHORT,mkt_oi,down,VALID,25,0.28,0.52,0.0169,0.47175,25.9,0.29,1.035,-0.678,-284.9,0.88,0.25
G_LEGACY,OI_BUILD_BRK,SHORT,mkt_oi,down,TEST,8,0.09,0.625,0.3389,0.1964,84.0,0.91,1.157,-0.613,-92.7,1.0,0.09
G_LEGACY,OI_BUILD_BRK,SHORT,mkt_oi,down,HOLDOUT,6,0.1,0.167,-0.6763,0.88653,-67.4,-1.12,0.523,-2.61,-88.7,1.0,0.1
G_LEGACY,OI_BUILD_BRK,SHORT,sym_vol,hi,TRAIN,255,1.39,0.424,-0.1266,0.96249,-1936.7,-10.53,0.855,-0.775,-2024.3,0.941,1.3
G_LEGACY,OI_BUILD_BRK,SHORT,sym_vol,hi,VALID,152,1.71,0.474,-0.035,0.65199,521.9,5.86,0.81,-0.993,-884.3,0.967,1.65
G_LEGACY,OI_BUILD_BRK,SHORT,sym_vol,hi,TEST,114,1.24,0.43,-0.1442,0.93608,-164.7,-1.79,0.785,-0.792,-552.0,0.939,1.16
G_LEGACY,OI_BUILD_BRK,SHORT,sym_vol,hi,HOLDOUT,57,0.95,0.439,-0.1028,0.76314,-236.0,-3.93,0.773,-0.997,-405.3,0.965,0.92
G_LEGACY,OI_BUILD_BRK,LONG,sym_vol,lo,TRAIN,4415,23.99,0.412,-0.1069,0.99889,-8275.3,-44.97,0.97,-0.852,-9759.5,0.624,14.98
G_LEGACY,OI_BUILD_BRK,LONG,sym_vol,lo,VALID,2323,26.1,0.44,-0.0402,0.79074,-721.8,-8.11,1.021,-0.836,-1974.7,0.618,16.13
G_LEGACY,OI_BUILD_BRK,LONG,sym_vol,lo,TEST,2326,25.28,0.387,-0.1763,1.0,-6583.3,-71.56,0.962,-0.88,-6819.5,0.675,17.05
G_LEGACY,OI_BUILD_BRK,LONG,sym_vol,lo,HOLDOUT,1226,20.43,0.405,-0.1166,0.98238,-2435.1,-40.58,1.007,-0.868,-3211.0,0.708,14.47
G_LEGACY,ACCEL,LONG,sym_vol,lo,TRAIN,13176,71.61,0.417,-0.1524,0.99996,-20085.4,-109.16,0.986,-0.844,-24403.9,0.32,22.91
G_LEGACY,ACCEL,LONG,sym_vol,lo,VALID,7867,88.39,0.445,-0.0921,0.95907,-4187.5,-47.05,1.016,-0.824,-8343.6,0.301,26.57
G_LEGACY,ACCEL,LONG,sym_vol,lo,TEST,8106,88.11,0.386,-0.2618,1.0,-17934.5,-194.94,0.953,-0.851,-17945.3,0.322,28.36
G_LEGACY,ACCEL,LONG,sym_vol,lo,HOLDOUT,4543,75.72,0.414,-0.2627,1.0,-8610.1,-143.5,0.99,-0.847,-9185.3,0.362,27.4
G_LEGACY,CHANGE_POINT,LONG,sym_vol,lo,TRAIN,8550,46.47,0.436,-0.1042,0.98559,-11229.7,-61.03,0.953,-0.807,-14386.3,0.361,16.76
G_LEGACY,CHANGE_POINT,LONG,sym_vol,lo,VALID,4434,49.82,0.444,-0.0968,0.92505,-2553.5,-28.69,0.978,-0.818,-5901.7,0.382,19.06
G_LEGACY,CHANGE_POINT,LONG,sym_vol,lo,TEST,4664,50.7,0.388,-0.251,0.99999,-10630.7,-115.55,0.936,-0.841,-11409.5,0.427,21.66
G_LEGACY,CHANGE_POINT,LONG,sym_vol,lo,HOLDOUT,2725,45.42,0.427,-0.1867,0.99921,-4356.1,-72.6,0.997,-0.827,-5219.4,0.459,20.83
G_LEGACY,BRK_24H,LONG,sym_oi,down,TRAIN,112,0.61,0.402,-0.142,0.87387,-814.8,-4.43,0.85,-0.899,-946.5,0.893,0.54
G_LEGACY,BRK_24H,LONG,sym_oi,down,VALID,61,0.69,0.541,0.2152,0.11179,497.1,5.59,1.122,-0.769,-198.3,0.869,0.6
G_LEGACY,BRK_24H,LONG,sym_oi,down,TEST,25,0.27,0.28,-0.3313,0.90831,-49.3,-0.54,0.974,-0.843,-126.6,0.88,0.24
G_LEGACY,BRK_24H,LONG,sym_oi,down,HOLDOUT,16,0.27,0.125,-0.9329,0.99879,17.4,0.29,0.702,-1.138,-164.9,0.75,0.2
G_LEGACY,SQUEEZE_EXP,LONG,sym_vol,lo,TRAIN,10656,57.91,0.414,-0.2064,1.0,-18244.8,-99.16,0.989,-0.871,-19657.8,0.351,20.33
G_LEGACY,SQUEEZE_EXP,LONG,sym_vol,lo,VALID,6669,74.93,0.393,-0.2496,1.0,-13867.3,-155.81,0.965,-0.883,-13950.6,0.336,25.2
G_LEGACY,SQUEEZE_EXP,LONG,sym_vol,lo,TEST,7389,80.32,0.423,-0.238,1.0,-7289.2,-79.23,1.0,-0.846,-7567.0,0.317,25.5
G_LEGACY,SQUEEZE_EXP,LONG,sym_vol,lo,HOLDOUT,3807,63.45,0.417,-0.2874,1.0,-5305.6,-88.43,1.017,-0.86,-5397.2,0.398,25.27
G_LEGACY,CAPITULATION_REV,SHORT,sym_vol,lo,TRAIN,1721,9.35,0.462,-0.0392,0.71922,67.8,0.37,0.948,-0.863,-2193.8,0.634,5.93
G_LEGACY,CAPITULATION_REV,SHORT,sym_vol,lo,VALID,688,7.73,0.398,-0.2293,0.99758,-2044.6,-22.97,0.913,-0.923,-2819.7,0.721,5.57
G_LEGACY,CAPITULATION_REV,SHORT,sym_vol,lo,TEST,818,8.89,0.412,-0.1882,0.99455,-2059.8,-22.39,0.927,-0.877,-2307.3,0.809,7.2
G_LEGACY,CAPITULATION_REV,SHORT,sym_vol,lo,HOLDOUT,533,8.88,0.392,-0.263,0.99842,-1419.4,-23.66,0.882,-0.995,-1552.9,0.816,7.25
G_LEGACY,SWEEP_RECLAIM,SHORT,sym_vol,lo,TRAIN,15077,81.94,0.45,-0.1172,0.99986,-13087.2,-71.13,0.967,-0.833,-14931.2,0.233,19.1
G_LEGACY,SWEEP_RECLAIM,SHORT,sym_vol,lo,VALID,7776,87.37,0.405,-0.2341,1.0,-20905.1,-234.89,0.903,-0.87,-22486.1,0.264,23.03
G_LEGACY,SWEEP_RECLAIM,SHORT,sym_vol,lo,TEST,8196,89.09,0.446,-0.1651,1.0,-10601.2,-115.23,0.951,-0.86,-10893.9,0.268,23.9
G_LEGACY,SWEEP_RECLAIM,SHORT,sym_vol,lo,HOLDOUT,4614,76.9,0.416,-0.2473,1.0,-9180.6,-153.01,0.918,-0.889,-9652.5,0.323,24.82
G_LEGACY,CHANGE_POINT,SHORT,sym_vol,lo,TRAIN,7959,43.26,0.468,-0.0218,0.64146,902.8,4.91,1.029,-0.786,-8147.0,0.334,14.46
G_LEGACY,CHANGE_POINT,SHORT,sym_vol,lo,VALID,4446,49.96,0.434,-0.1509,0.98162,-8410.5,-94.5,0.951,-0.809,-9134.3,0.344,17.2
G_LEGACY,CHANGE_POINT,SHORT,sym_vol,lo,TEST,4662,50.67,0.442,-0.1474,0.99747,-5598.1,-60.85,0.991,-0.816,-6249.6,0.354,17.95
G_LEGACY,CHANGE_POINT,SHORT,sym_vol,lo,HOLDOUT,2655,44.25,0.392,-0.3003,1.0,-7410.9,-123.52,0.941,-0.834,-7679.9,0.413,18.27
G_LEGACY,FUNDING_SQUEEZE,SHORT,sym_vol,hi,TRAIN,179,0.97,0.402,-0.1126,0.91019,-191.1,-1.04,0.815,-0.812,-1168.5,0.81,0.79
G_LEGACY,FUNDING_SQUEEZE,SHORT,sym_vol,hi,VALID,207,2.33,0.415,-0.1348,0.96596,-1479.7,-16.63,0.898,-1.023,-2236.3,0.831,1.93
G_LEGACY,FUNDING_SQUEEZE,SHORT,sym_vol,hi,TEST,137,1.49,0.431,-0.0587,0.72364,70.4,0.77,0.923,-0.908,-615.9,0.774,1.15
G_LEGACY,FUNDING_SQUEEZE,SHORT,sym_vol,hi,HOLDOUT,46,0.77,0.413,-0.1531,0.80773,-320.5,-5.34,0.996,-0.885,-486.4,0.87,0.67
G_LEGACY,OI_BUILD_BRK,SHORT,sym_vol,lo,TRAIN,99,0.54,0.374,-0.1829,0.92464,-484.7,-2.63,0.954,-0.883,-779.8,0.919,0.49
G_LEGACY,OI_BUILD_BRK,SHORT,sym_vol,lo,VALID,46,0.52,0.435,-0.1235,0.71717,-137.3,-1.54,0.978,-0.867,-289.3,0.891,0.46
G_LEGACY,OI_BUILD_BRK,SHORT,sym_vol,lo,TEST,34,0.37,0.588,-1.3371,0.90115,136.8,1.49,1.158,-0.844,-49.6,0.941,0.35
G_LEGACY,OI_BUILD_BRK,SHORT,sym_vol,lo,HOLDOUT,11,0.18,0.091,-2.0979,0.98277,-93.3,-1.55,0.707,-1.139,-93.3,1.0,0.18
G_LEGACY,FUNDING_SQUEEZE,LONG,sym_vol,lo,TRAIN,1388,7.54,0.403,-0.1534,0.9999,-3152.5,-17.13,0.994,-0.849,-3463.4,0.738,5.57
G_LEGACY,FUNDING_SQUEEZE,LONG,sym_vol,lo,VALID,1204,13.53,0.418,-0.1408,0.99546,-820.5,-9.22,0.998,-0.85,-2083.9,0.66,8.93
G_LEGACY,FUNDING_SQUEEZE,LONG,sym_vol,lo,TEST,258,2.8,0.403,-0.2524,0.99715,-229.6,-2.5,0.986,-0.865,-569.9,0.756,2.12
G_LEGACY,FUNDING_SQUEEZE,LONG,sym_vol,lo,HOLDOUT,140,2.33,0.4,-0.1788,0.93454,340.0,5.67,0.932,-0.969,-426.6,0.764,1.78
G_LEGACY,OI_PRICE,SHORT,sym_vol,lo,TRAIN,163,0.89,0.509,0.0714,0.24118,430.0,2.34,1.079,-1.298,-358.4,0.988,0.88
G_LEGACY,OI_PRICE,SHORT,sym_vol,lo,VALID,59,0.66,0.339,-0.3374,0.97997,-259.1,-2.91,0.846,-0.87,-285.6,1.0,0.66
G_LEGACY,OI_PRICE,SHORT,sym_vol,lo,TEST,62,0.67,0.435,-0.7086,0.91155,18.7,0.2,1.053,-0.844,-240.6,1.0,0.67
G_LEGACY,OI_PRICE,SHORT,sym_vol,lo,HOLDOUT,19,0.32,0.421,-0.281,0.79819,-80.1,-1.34,0.997,-0.922,-125.3,1.0,0.32
G_LEGACY,CAPITULATION_REV,LONG,sym_vol,lo,TRAIN,1243,6.76,0.323,-0.4205,0.99996,-7907.0,-42.97,0.725,-1.068,-8363.9,0.451,3.05
G_LEGACY,CAPITULATION_REV,LONG,sym_vol,lo,VALID,536,6.02,0.498,0.0327,0.43024,404.6,4.55,1.04,-0.752,-1064.5,0.463,2.79
G_LEGACY,CAPITULATION_REV,LONG,sym_vol,lo,TEST,466,5.07,0.453,-0.1455,0.93017,-552.0,-6.0,0.954,-0.847,-1039.1,0.562,2.85
G_LEGACY,CAPITULATION_REV,LONG,sym_vol,lo,HOLDOUT,299,4.98,0.535,0.0582,0.28051,450.6,7.51,1.008,-0.766,-301.0,0.645,3.22
G_LEGACY,OI_COVER,LONG,mkt_trend,bull,TRAIN,14,0.08,0.214,-0.3278,0.89228,-135.8,-0.74,0.654,-0.804,-287.4,1.0,0.08
G_LEGACY,OI_COVER,LONG,mkt_trend,bull,VALID,9,0.1,0.222,-0.4787,0.90455,-193.8,-2.18,0.655,-0.898,-193.8,1.0,0.1
G_LEGACY,OI_COVER,LONG,mkt_trend,bull,TEST,5,0.05,0.4,-0.3245,0.71451,-79.0,-0.86,0.863,-0.988,-86.1,1.0,0.05
G_LEGACY,OI_COVER,LONG,mkt_trend,bull,HOLDOUT,8,0.13,0.5,0.2095,0.35039,-72.7,-1.21,0.84,-0.769,-203.9,1.0,0.13
G_LEGACY,OI_COVER,LONG,mkt_oi,up,TRAIN,14,0.08,0.571,0.4002,0.11689,365.7,1.99,0.961,-0.596,-68.1,1.0,0.08
G_LEGACY,OI_COVER,LONG,mkt_oi,up,VALID,5,0.06,0.2,-0.3843,0.78841,-86.2,-0.97,0.761,-0.808,-90.6,1.0,0.06
G_LEGACY,OI_COVER,LONG,mkt_oi,up,TEST,5,0.05,0.2,-0.8509,0.98292,-112.8,-1.23,0.222,-1.389,-112.8,1.0,0.05
G_LEGACY,OI_COVER,LONG,mkt_oi,up,HOLDOUT,4,0.07,0.25,-0.5209,1.0,30.6,0.51,0.75,-0.984,-36.5,1.0,0.07
G_LEGACY,OI_COVER,LONG,sym_oi,down,TRAIN,34,0.18,0.382,-0.2445,0.86106,-202.9,-1.1,0.533,-0.681,-718.9,0.647,0.12
G_LEGACY,OI_COVER,LONG,sym_oi,down,VALID,11,0.12,0.455,-0.2179,0.73644,-315.6,-3.55,0.631,-0.664,-315.6,0.909,0.11
G_LEGACY,OI_COVER,LONG,sym_oi,down,TEST,2,0.02,1.0,0.8467,1.0,117.2,1.27,2.434,-0.609,0.0,1.0,0.02
G_LEGACY,OI_COVER,LONG,sym_oi,down,HOLDOUT,4,0.07,0.25,-0.3657,1.0,-203.7,-3.39,0.358,-0.955,-203.9,1.0,0.07
G_LEGACY,OI_COVER,LONG,sym_vol,lo,TRAIN,39,0.21,0.333,-0.237,0.90164,-178.2,-0.97,0.851,-0.862,-326.5,1.0,0.21
G_LEGACY,OI_COVER,LONG,sym_vol,lo,VALID,6,0.07,0.5,-0.4152,0.79082,-21.2,-0.24,0.744,-1.018,-25.5,1.0,0.07
G_LEGACY,OI_COVER,LONG,sym_vol,lo,TEST,15,0.16,0.4,-0.4373,0.87743,-38.5,-0.42,0.917,-0.996,-80.4,1.0,0.16
G_LEGACY,OI_COVER,LONG,sym_vol,lo,HOLDOUT,3,0.05,0.667,0.4877,1.0,10.2,0.17,0.94,-0.589,-11.0,1.0,0.05
G_LEGACY,CAPITULATION_REV,LONG,sym_vol,hi,TRAIN,989,5.38,0.326,-0.3397,0.99892,-4363.1,-23.71,0.722,-1.197,-5426.3,0.393,2.11
G_LEGACY,CAPITULATION_REV,LONG,sym_vol,hi,VALID,468,5.26,0.453,0.0332,0.46313,1648.5,18.52,0.974,-0.724,-3836.5,0.468,2.46
G_LEGACY,CAPITULATION_REV,LONG,sym_vol,hi,TEST,613,6.66,0.543,0.1194,0.19461,2051.1,22.29,1.011,-0.701,-1353.7,0.458,3.05
G_LEGACY,CAPITULATION_REV,LONG,sym_vol,hi,HOLDOUT,393,6.55,0.397,-0.1813,0.96699,-2109.9,-35.16,0.748,-0.75,-2212.8,0.438,2.87
G_LEGACY,CAPITULATION_REV,SHORT,sym_oi,down,TRAIN,44,0.24,0.25,-0.4658,0.99429,-1447.1,-7.86,0.683,-0.915,-1620.6,0.909,0.22
G_LEGACY,CAPITULATION_REV,SHORT,sym_oi,down,VALID,18,0.2,0.222,-0.5375,0.99319,-611.5,-6.87,0.713,-1.016,-611.5,1.0,0.2
G_LEGACY,CAPITULATION_REV,SHORT,sym_oi,down,TEST,2,0.02,0.5,0.4853,1.0,73.3,0.8,1.405,-0.391,-82.2,1.0,0.02
G_LEGACY,CAPITULATION_REV,SHORT,sym_oi,down,HOLDOUT,5,0.08,0.4,-0.0488,0.52915,38.2,0.64,0.993,-0.812,-184.6,1.0,0.08
G_LEGACY,OI_COVER,LONG,sym_vol,hi,TRAIN,59,0.32,0.492,-0.0075,0.52255,617.9,3.36,0.744,-0.652,-505.0,0.797,0.26
G_LEGACY,OI_COVER,LONG,sym_vol,hi,VALID,31,0.35,0.387,-0.1445,0.75737,-580.4,-6.52,0.803,-0.775,-600.9,1.0,0.35
G_LEGACY,OI_COVER,LONG,sym_vol,hi,TEST,23,0.25,0.348,-0.4141,0.95645,-207.1,-2.25,0.694,-0.876,-436.3,1.0,0.25
G_LEGACY,OI_COVER,LONG,sym_vol,hi,HOLDOUT,17,0.28,0.412,-0.0435,0.55806,-119.7,-1.99,0.841,-0.793,-609.6,1.0,0.28
G_LEGACY,SQUEEZE_EXP,LONG,mkt_vol,lo,TRAIN,9077,49.33,0.407,-0.2154,1.0,-18931.5,-102.89,0.977,-0.881,-19427.6,0.272,13.4
G_LEGACY,SQUEEZE_EXP,LONG,mkt_vol,lo,VALID,6781,76.19,0.385,-0.2634,1.0,-16658.9,-187.18,0.936,-0.893,-17253.1,0.257,19.62
G_LEGACY,SQUEEZE_EXP,LONG,mkt_vol,lo,TEST,7253,78.84,0.421,-0.2337,1.0,-8897.1,-96.71,1.001,-0.845,-9225.1,0.244,19.26
G_LEGACY,SQUEEZE_EXP,LONG,mkt_vol,lo,HOLDOUT,4443,74.05,0.424,-0.2418,1.0,-5584.8,-93.08,1.019,-0.848,-7136.1,0.255,18.9
G_LEGACY,ANY,LONG,mkt_vol,lo,TRAIN,83088,451.57,0.406,-0.2035,1.0,-170398.5,-926.08,0.932,-0.848,-176497.5,0.035,15.92
G_LEGACY,ANY,LONG,mkt_vol,lo,VALID,55688,625.71,0.4,-0.2223,1.0,-112245.0,-1261.18,0.929,-0.855,-119553.3,0.034,21.57
G_LEGACY,ANY,LONG,mkt_vol,lo,TEST,53240,578.7,0.406,-0.2286,1.0,-98728.6,-1073.14,0.952,-0.853,-101253.9,0.036,20.83
G_LEGACY,ANY,LONG,mkt_vol,lo,HOLDOUT,33925,565.42,0.397,-0.2693,1.0,-71450.9,-1190.85,0.95,-0.858,-74179.2,0.036,20.18
G_LEGACY,SWEEP_RECLAIM,LONG,mkt_vol,lo,TRAIN,15780,85.76,0.429,-0.1544,0.99976,-23797.8,-129.34,0.918,-0.874,-26503.1,0.138,11.79
G_LEGACY,SWEEP_RECLAIM,LONG,mkt_vol,lo,VALID,11424,128.36,0.407,-0.2208,1.0,-23971.6,-269.34,0.907,-0.869,-26266.6,0.14,17.99
G_LEGACY,SWEEP_RECLAIM,LONG,mkt_vol,lo,TEST,8478,92.15,0.445,-0.1371,0.99696,-9392.4,-102.09,0.97,-0.893,-10555.6,0.175,16.16
G_LEGACY,SWEEP_RECLAIM,LONG,mkt_vol,lo,HOLDOUT,5268,87.8,0.424,-0.1853,0.99994,-10015.3,-166.92,0.939,-0.901,-11399.5,0.191,16.8
G_LEGACY,TREND_TRANS,LONG,mkt_vol,lo,TRAIN,11065,60.14,0.397,-0.2359,1.0,-27194.5,-147.8,0.917,-0.849,-28869.2,0.198,11.93
G_LEGACY,TREND_TRANS,LONG,mkt_vol,lo,VALID,7515,84.44,0.394,-0.2308,1.0,-15939.3,-179.09,0.936,-0.849,-16157.6,0.203,17.1
G_LEGACY,TREND_TRANS,LONG,mkt_vol,lo,TEST,7425,80.71,0.4,-0.2445,1.0,-14954.2,-162.55,0.946,-0.849,-15326.5,0.204,16.5
G_LEGACY,TREND_TRANS,LONG,mkt_vol,lo,HOLDOUT,4815,80.25,0.382,-0.3428,1.0,-13130.1,-218.84,0.955,-0.852,-13400.3,0.204,16.33
G_LEGACY,BRK_4H,LONG,mkt_vol,lo,TRAIN,36054,195.95,0.394,-0.2329,1.0,-86398.8,-469.56,0.952,-0.857,-87040.8,0.087,16.97
G_LEGACY,BRK_4H,LONG,mkt_vol,lo,VALID,23255,261.29,0.383,-0.2643,1.0,-55230.2,-620.56,0.946,-0.881,-58796.8,0.09,23.53
G_LEGACY,BRK_4H,LONG,mkt_vol,lo,TEST,23784,258.52,0.394,-0.2679,1.0,-48775.9,-530.17,0.969,-0.854,-49698.1,0.088,22.74
G_LEGACY,BRK_4H,LONG,mkt_vol,lo,HOLDOUT,15157,252.62,0.387,-0.3047,1.0,-35877.6,-597.96,0.98,-0.858,-37164.5,0.09,22.62
G_LEGACY,BRK_4H,SHORT,mkt_vol,lo,TRAIN,37120,201.74,0.416,-0.1917,1.0,-70429.8,-382.77,0.972,-0.847,-75452.7,0.069,13.82
G_LEGACY,BRK_4H,SHORT,mkt_vol,lo,VALID,26461,297.31,0.44,-0.1478,0.99964,-35088.9,-394.26,0.982,-0.834,-37977.0,0.066,19.49
G_LEGACY,BRK_4H,SHORT,mkt_vol,lo,TEST,23597,256.49,0.414,-0.2475,1.0,-44392.8,-482.53,0.995,-0.85,-45304.9,0.072,18.38
G_LEGACY,BRK_4H,SHORT,mkt_vol,lo,HOLDOUT,14990,249.83,0.414,-0.2785,1.0,-29301.3,-488.35,1.0,-0.842,-35412.3,0.07,17.52
G_LEGACY,ANY,SHORT,mkt_vol,lo,TRAIN,85257,463.35,0.423,-0.171,1.0,-153743.4,-835.56,0.958,-0.839,-159327.5,0.033,15.23
G_LEGACY,ANY,SHORT,mkt_vol,lo,VALID,58463,656.89,0.439,-0.1397,0.99999,-83283.8,-935.77,0.967,-0.829,-88924.3,0.031,20.35
G_LEGACY,ANY,SHORT,mkt_vol,lo,TEST,56072,609.48,0.427,-0.2013,1.0,-89622.1,-974.15,0.974,-0.843,-91889.5,0.032,19.26
G_LEGACY,ANY,SHORT,mkt_vol,lo,HOLDOUT,35818,596.97,0.416,-0.2548,1.0,-65610.6,-1093.51,0.968,-0.844,-77139.8,0.032,19.2
G_LEGACY,MTF_BRK,SHORT,mkt_vol,lo,TRAIN,18932,102.89,0.407,-0.1947,0.99999,-41469.2,-225.38,0.992,-0.858,-44591.8,0.127,13.11
G_LEGACY,MTF_BRK,SHORT,mkt_vol,lo,VALID,14556,163.55,0.427,-0.179,0.99982,-24034.9,-270.05,0.989,-0.845,-25769.7,0.115,18.76
G_LEGACY,MTF_BRK,SHORT,mkt_vol,lo,TEST,11528,125.3,0.393,-0.2728,1.0,-26018.4,-282.81,1.01,-0.871,-26294.1,0.139,17.39
G_LEGACY,MTF_BRK,SHORT,mkt_vol,lo,HOLDOUT,7138,118.97,0.399,-0.2996,1.0,-14218.0,-236.97,1.007,-0.868,-16615.3,0.147,17.52
G_LEGACY,OI_PRICE,LONG,mkt_vol,lo,TRAIN,8140,44.24,0.402,-0.1098,0.99998,-15187.0,-82.54,0.97,-0.848,-17803.1,0.331,14.65
G_LEGACY,OI_PRICE,LONG,mkt_vol,lo,VALID,5116,57.48,0.424,-0.0682,0.99029,-4026.6,-45.24,0.993,-0.832,-7620.7,0.355,20.42
G_LEGACY,OI_PRICE,LONG,mkt_vol,lo,TEST,5379,58.47,0.401,-0.1146,0.99999,-7642.7,-83.07,0.973,-0.837,-12407.3,0.325,19.02
G_LEGACY,OI_PRICE,LONG,mkt_vol,lo,HOLDOUT,3677,61.28,0.416,-0.0806,0.99031,-4956.8,-82.61,0.996,-0.844,-6505.0,0.311,19.05
G_LEGACY,EARLY_BRK,SHORT,mkt_vol,lo,TRAIN,23399,127.17,0.422,-0.2152,1.0,-32873.7,-178.66,0.987,-0.847,-37175.7,0.102,12.93
G_LEGACY,EARLY_BRK,SHORT,mkt_vol,lo,VALID,16346,183.66,0.44,-0.1812,0.99985,-20334.5,-228.48,1.007,-0.839,-22471.2,0.099,18.24
G_LEGACY,EARLY_BRK,SHORT,mkt_vol,lo,TEST,16470,179.02,0.42,-0.2751,1.0,-25369.2,-275.75,1.026,-0.85,-25983.4,0.098,17.52
G_LEGACY,EARLY_BRK,SHORT,mkt_vol,lo,HOLDOUT,10486,174.77,0.414,-0.3379,1.0,-18774.1,-312.9,1.014,-0.843,-21748.1,0.097,16.9
G_LEGACY,BRK_24H,SHORT,mkt_vol,lo,TRAIN,13936,75.74,0.411,-0.1658,0.99896,-30018.1,-163.14,1.0,-0.845,-34602.5,0.149,11.29
G_LEGACY,BRK_24H,SHORT,mkt_vol,lo,VALID,10793,121.27,0.422,-0.1738,0.9992,-19115.9,-214.79,0.957,-0.833,-20697.6,0.143,17.35
G_LEGACY,BRK_24H,SHORT,mkt_vol,lo,TEST,7597,82.58,0.384,-0.2888,1.0,-19139.9,-208.04,0.972,-0.878,-19738.1,0.181,14.91
G_LEGACY,BRK_24H,SHORT,mkt_vol,lo,HOLDOUT,4612,76.87,0.393,-0.2871,1.0,-10651.5,-177.52,0.995,-0.861,-12239.2,0.204,15.72
G_LEGACY,ACCEL,LONG,mkt_vol,lo,TRAIN,12605,68.51,0.407,-0.1684,0.99999,-25842.7,-140.45,0.963,-0.856,-28571.2,0.232,15.86
G_LEGACY,ACCEL,LONG,mkt_vol,lo,VALID,7996,89.84,0.431,-0.1115,0.98284,-6598.6,-74.14,0.998,-0.841,-10868.7,0.239,21.48
G_LEGACY,ACCEL,LONG,mkt_vol,lo,TEST,8193,89.05,0.393,-0.2282,1.0,-13214.9,-143.64,0.973,-0.849,-15907.0,0.241,21.47
G_LEGACY,ACCEL,LONG,mkt_vol,lo,HOLDOUT,5469,91.15,0.408,-0.2429,1.0,-9236.6,-153.94,0.993,-0.854,-10341.4,0.229,20.88
G_LEGACY,CHANGE_POINT,LONG,mkt_vol,lo,TRAIN,8014,43.55,0.419,-0.1311,0.99642,-14049.1,-76.35,0.925,-0.818,-15596.6,0.288,12.57
G_LEGACY,CHANGE_POINT,LONG,mkt_vol,lo,VALID,4556,51.19,0.433,-0.1075,0.95454,-2159.8,-24.27,0.968,-0.833,-4643.7,0.342,17.52
G_LEGACY,CHANGE_POINT,LONG,mkt_vol,lo,TEST,4895,53.21,0.378,-0.2584,1.0,-11392.1,-123.83,0.925,-0.845,-13777.8,0.34,18.09
G_LEGACY,CHANGE_POINT,LONG,mkt_vol,lo,HOLDOUT,3308,55.13,0.427,-0.1585,0.99514,-3406.2,-56.77,1.004,-0.833,-4656.6,0.335,18.48
G_LEGACY,OI_BUILD_BRK,LONG,mkt_vol,lo,TRAIN,5083,27.62,0.387,-0.1425,1.0,-16550.9,-89.95,0.973,-0.883,-16795.0,0.492,13.58
G_LEGACY,OI_BUILD_BRK,LONG,mkt_vol,lo,VALID,3585,40.28,0.412,-0.0808,0.98644,-6467.7,-72.67,1.007,-0.865,-7663.0,0.482,19.4
G_LEGACY,OI_BUILD_BRK,LONG,mkt_vol,lo,TEST,3629,39.45,0.4,-0.1255,1.0,-6998.7,-76.07,0.975,-0.867,-9055.3,0.445,17.55
G_LEGACY,OI_BUILD_BRK,LONG,mkt_vol,lo,HOLDOUT,2580,43.0,0.403,-0.1005,0.99725,-6809.2,-113.49,0.997,-0.877,-8129.4,0.442,19.0
G_LEGACY,VOL_PRICE,SHORT,mkt_vol,lo,TRAIN,15877,86.29,0.451,-0.073,0.9538,-13946.4,-75.8,1.04,-0.818,-19279.8,0.164,14.18
G_LEGACY,VOL_PRICE,SHORT,mkt_vol,lo,VALID,10261,115.29,0.447,-0.1087,0.98219,-13087.0,-147.05,0.991,-0.817,-14170.8,0.163,18.76
G_LEGACY,VOL_PRICE,SHORT,mkt_vol,lo,TEST,10390,112.93,0.402,-0.227,1.0,-21271.4,-231.21,0.963,-0.857,-21520.4,0.155,17.52
G_LEGACY,VOL_PRICE,SHORT,mkt_vol,lo,HOLDOUT,6526,108.77,0.43,-0.2085,0.99999,-10793.7,-179.89,0.991,-0.843,-13182.5,0.163,17.73
G_LEGACY,SWEEP_RECLAIM,SHORT,mkt_vol,lo,TRAIN,12765,69.38,0.448,-0.1212,0.99973,-14793.2,-80.4,0.969,-0.843,-17840.9,0.2,13.9
G_LEGACY,SWEEP_RECLAIM,SHORT,mkt_vol,lo,VALID,7901,88.78,0.41,-0.1999,1.0,-22930.6,-257.65,0.924,-0.867,-23587.5,0.219,19.4
G_LEGACY,SWEEP_RECLAIM,SHORT,mkt_vol,lo,TEST,8679,94.34,0.435,-0.1678,1.0,-14729.1,-160.1,0.947,-0.863,-15061.0,0.198,18.66
G_LEGACY,SWEEP_RECLAIM,SHORT,mkt_vol,lo,HOLDOUT,5605,93.42,0.417,-0.2137,1.0,-12228.9,-203.82,0.925,-0.892,-13748.2,0.198,18.45
G_LEGACY,ACCEL,SHORT,mkt_vol,lo,TRAIN,11563,62.84,0.46,-0.051,0.81072,-10816.2,-58.78,1.038,-0.804,-15981.7,0.187,11.72
G_LEGACY,ACCEL,SHORT,mkt_vol,lo,VALID,7975,89.61,0.444,-0.1173,0.95351,-13080.6,-146.97,0.979,-0.807,-15452.7,0.183,16.4
G_LEGACY,ACCEL,SHORT,mkt_vol,lo,TEST,7500,81.52,0.425,-0.1801,0.99952,-8133.1,-88.4,0.983,-0.831,-9689.4,0.189,15.4
G_LEGACY,ACCEL,SHORT,mkt_vol,lo,HOLDOUT,4849,80.82,0.42,-0.2176,0.99904,-7635.0,-127.25,0.968,-0.823,-11656.9,0.197,15.93
G_LEGACY,SQUEEZE_EXP,SHORT,mkt_vol,lo,TRAIN,9123,49.58,0.429,-0.1633,0.99977,-13857.4,-75.31,1.022,-0.875,-16717.8,0.248,12.28
G_LEGACY,SQUEEZE_EXP,SHORT,mkt_vol,lo,VALID,7047,79.18,0.448,-0.1343,0.99254,-7038.5,-79.08,1.019,-0.842,-10054.5,0.225,17.79
G_LEGACY,SQUEEZE_EXP,SHORT,mkt_vol,lo,TEST,7111,77.29,0.373,-0.3745,1.0,-20778.7,-225.86,0.935,-0.905,-21290.9,0.223,17.25
G_LEGACY,SQUEEZE_EXP,SHORT,mkt_vol,lo,HOLDOUT,4503,75.05,0.408,-0.3322,1.0,-9743.9,-162.4,0.987,-0.861,-10747.5,0.226,16.97
G_LEGACY,BRK_24H,LONG,mkt_vol,lo,TRAIN,11418,62.05,0.38,-0.2548,1.0,-31876.0,-173.24,0.941,-0.871,-32023.4,0.236,14.67
G_LEGACY,BRK_24H,LONG,mkt_vol,lo,VALID,7185,80.73,0.408,-0.1638,0.9998,-11929.7,-134.04,0.989,-0.86,-14683.8,0.257,20.76
G_LEGACY,BRK_24H,LONG,mkt_vol,lo,TEST,7913,86.01,0.391,-0.2503,1.0,-19133.2,-207.97,0.972,-0.86,-19302.4,0.23,19.8
G_LEGACY,BRK_24H,LONG,mkt_vol,lo,HOLDOUT,4996,83.27,0.405,-0.1945,0.99984,-7756.5,-129.28,1.017,-0.852,-9436.3,0.247,20.55
G_LEGACY,VOL_PRICE,LONG,mkt_vol,lo,TRAIN,12994,70.62,0.401,-0.1899,1.0,-27519.6,-149.56,0.967,-0.869,-28459.0,0.23,16.22
G_LEGACY,VOL_PRICE,LONG,mkt_vol,lo,VALID,8079,90.78,0.422,-0.1419,0.99961,-9426.8,-105.92,0.993,-0.854,-11012.3,0.243,22.06
G_LEGACY,VOL_PRICE,LONG,mkt_vol,lo,TEST,8748,95.09,0.393,-0.2236,1.0,-18398.1,-199.98,0.969,-0.862,-20166.7,0.225,21.42
G_LEGACY,VOL_PRICE,LONG,mkt_vol,lo,HOLDOUT,5309,88.48,0.419,-0.1935,1.0,-7415.4,-123.59,1.017,-0.852,-7958.1,0.243,21.47
G_LEGACY,MTF_BRK,LONG,mkt_vol,lo,TRAIN,16399,89.12,0.391,-0.2395,1.0,-40944.1,-222.52,0.953,-0.864,-41332.6,0.175,15.55
G_LEGACY,MTF_BRK,LONG,mkt_vol,lo,VALID,10174,114.31,0.4,-0.1992,1.0,-21393.4,-240.38,0.975,-0.866,-24281.4,0.189,21.55
G_LEGACY,MTF_BRK,LONG,mkt_vol,lo,TEST,11236,122.13,0.395,-0.2551,1.0,-24348.2,-264.65,0.987,-0.856,-25127.5,0.173,21.11
G_LEGACY,MTF_BRK,LONG,mkt_vol,lo,HOLDOUT,7100,118.33,0.4,-0.2413,1.0,-13428.9,-223.82,1.001,-0.857,-14171.1,0.176,20.88
G_LEGACY,FUNDING_SQUEEZE,SHORT,mkt_vol,lo,TRAIN,229,1.24,0.384,-0.2224,0.99731,-982.6,-5.34,0.824,-1.104,-1162.1,0.817,1.02
G_LEGACY,FUNDING_SQUEEZE,SHORT,mkt_vol,lo,VALID,226,2.54,0.403,-0.1215,0.9281,-1192.0,-13.39,1.016,-0.88,-1212.6,0.845,2.15
G_LEGACY,FUNDING_SQUEEZE,SHORT,mkt_vol,lo,TEST,138,1.5,0.457,-0.0525,0.6837,-251.1,-2.73,0.974,-0.874,-606.0,0.841,1.26
G_LEGACY,FUNDING_SQUEEZE,SHORT,mkt_vol,lo,HOLDOUT,55,0.92,0.418,-0.181,0.87676,-255.1,-4.25,0.933,-0.889,-441.5,0.8,0.73
G_LEGACY,PULLBACK_CONT,SHORT,mkt_vol,lo,TRAIN,29278,159.12,0.413,-0.1848,1.0,-58367.1,-317.21,0.954,-0.837,-59967.5,0.086,13.71
G_LEGACY,PULLBACK_CONT,SHORT,mkt_vol,lo,VALID,19999,224.71,0.437,-0.1422,0.99988,-27367.2,-307.5,0.981,-0.827,-29917.9,0.081,18.19
G_LEGACY,PULLBACK_CONT,SHORT,mkt_vol,lo,TEST,19130,207.93,0.428,-0.1905,1.0,-28657.7,-311.5,0.988,-0.84,-29744.0,0.085,17.77
G_LEGACY,PULLBACK_CONT,SHORT,mkt_vol,lo,HOLDOUT,11806,196.77,0.408,-0.2613,1.0,-19107.1,-318.45,0.968,-0.847,-22157.4,0.089,17.53
G_LEGACY,CHANGE_POINT,SHORT,mkt_vol,lo,TRAIN,7924,43.07,0.464,-0.0428,0.74747,-5747.7,-31.24,0.989,-0.799,-12394.4,0.245,10.55
G_LEGACY,CHANGE_POINT,SHORT,mkt_vol,lo,VALID,5179,58.19,0.457,-0.0895,0.89893,-6333.3,-71.16,0.969,-0.786,-7961.5,0.252,14.65
G_LEGACY,CHANGE_POINT,SHORT,mkt_vol,lo,TEST,5148,55.96,0.446,-0.1323,0.98952,-4801.3,-52.19,0.971,-0.807,-6117.1,0.262,14.65
G_LEGACY,CHANGE_POINT,SHORT,mkt_vol,lo,HOLDOUT,3392,56.53,0.424,-0.2051,1.0,-6442.9,-107.38,0.922,-0.799,-7598.6,0.257,14.55
G_LEGACY,OI_COVER,SHORT,mkt_vol,lo,TRAIN,8601,46.74,0.461,-0.0194,0.64504,-9293.6,-50.51,0.973,-0.768,-13868.6,0.216,10.1
G_LEGACY,OI_COVER,SHORT,mkt_vol,lo,VALID,5285,59.38,0.478,-0.0097,0.57292,-712.1,-8.0,0.937,-0.753,-3933.8,0.24,14.25
G_LEGACY,OI_COVER,SHORT,mkt_vol,lo,TEST,5067,55.08,0.429,-0.1192,0.99058,-6951.2,-75.56,0.889,-0.79,-7222.2,0.239,13.18
G_LEGACY,OI_COVER,SHORT,mkt_vol,lo,HOLDOUT,3440,57.33,0.432,-0.1363,0.99923,-5862.1,-97.7,0.864,-0.785,-9560.6,0.226,12.97
G_LEGACY,PULLBACK_CONT,LONG,mkt_vol,lo,TRAIN,26116,141.93,0.404,-0.2102,1.0,-54339.6,-295.32,0.934,-0.837,-56128.9,0.091,12.89
G_LEGACY,PULLBACK_CONT,LONG,mkt_vol,lo,VALID,16967,190.64,0.412,-0.1817,1.0,-26049.9,-292.7,0.933,-0.823,-29290.7,0.094,17.96
G_LEGACY,PULLBACK_CONT,LONG,mkt_vol,lo,TEST,17073,185.58,0.399,-0.2354,1.0,-35384.4,-384.61,0.938,-0.846,-38103.7,0.093,17.21
G_LEGACY,PULLBACK_CONT,LONG,mkt_vol,lo,HOLDOUT,11124,185.4,0.383,-0.2879,1.0,-25294.5,-421.58,0.919,-0.858,-27356.2,0.093,17.17
G_LEGACY,CAPITULATION_REV,LONG,mkt_vol,lo,TRAIN,1290,7.01,0.366,-0.3286,0.997,-5059.3,-27.5,0.778,-0.999,-5603.0,0.382,2.68
G_LEGACY,CAPITULATION_REV,LONG,mkt_vol,lo,VALID,618,6.94,0.43,-0.0955,0.7023,-1172.4,-13.17,0.988,-0.801,-1981.7,0.456,3.17
G_LEGACY,CAPITULATION_REV,LONG,mkt_vol,lo,TEST,479,5.21,0.468,-0.0771,0.74405,833.8,9.06,0.977,-0.803,-1162.6,0.543,2.83
G_LEGACY,CAPITULATION_REV,LONG,mkt_vol,lo,HOLDOUT,411,6.85,0.504,0.0196,0.43186,211.5,3.52,0.981,-0.79,-1173.8,0.523,3.58
G_LEGACY,EARLY_BRK,LONG,mkt_vol,lo,TRAIN,24110,131.03,0.396,-0.2663,1.0,-52454.7,-285.08,0.959,-0.854,-53581.0,0.114,14.96
G_LEGACY,EARLY_BRK,LONG,mkt_vol,lo,VALID,15149,170.21,0.374,-0.3351,1.0,-36055.7,-405.12,0.932,-0.892,-36883.3,0.122,20.74
G_LEGACY,EARLY_BRK,LONG,mkt_vol,lo,TEST,15989,173.79,0.399,-0.3165,1.0,-29375.3,-319.3,0.984,-0.849,-29856.0,0.122,21.18
G_LEGACY,EARLY_BRK,LONG,mkt_vol,lo,HOLDOUT,10084,168.07,0.38,-0.4016,1.0,-24248.6,-404.14,0.976,-0.863,-24650.7,0.121,20.27
G_LEGACY,TREND_TRANS,SHORT,mkt_vol,lo,TRAIN,11039,59.99,0.422,-0.1677,0.99998,-20462.1,-111.21,0.944,-0.818,-23494.9,0.192,11.55
G_LEGACY,TREND_TRANS,SHORT,mkt_vol,lo,VALID,7517,84.46,0.461,-0.079,0.94874,-4117.1,-46.26,0.986,-0.812,-6352.0,0.193,16.34
G_LEGACY,TREND_TRANS,SHORT,mkt_vol,lo,TEST,7493,81.45,0.446,-0.178,0.99998,-9809.1,-106.62,0.981,-0.823,-10062.6,0.195,15.88
G_LEGACY,TREND_TRANS,SHORT,mkt_vol,lo,HOLDOUT,5127,85.45,0.409,-0.2765,1.0,-9438.0,-157.3,0.971,-0.827,-11645.4,0.184,15.68
G_LEGACY,OI_BUILD_BRK,SHORT,mkt_vol,lo,TRAIN,157,0.85,0.427,-0.1031,0.86729,-413.8,-2.25,0.879,-0.792,-897.3,0.911,0.78
G_LEGACY,OI_BUILD_BRK,SHORT,mkt_vol,lo,VALID,128,1.44,0.445,-0.3325,0.96527,200.8,2.26,0.831,-0.756,-341.9,0.945,1.36
G_LEGACY,OI_BUILD_BRK,SHORT,mkt_vol,lo,TEST,83,0.9,0.494,-0.6153,0.92353,226.6,2.46,0.879,-0.733,-305.8,0.916,0.83
G_LEGACY,OI_BUILD_BRK,SHORT,mkt_vol,lo,HOLDOUT,36,0.6,0.306,-0.6877,0.97676,-257.3,-4.29,0.787,-0.933,-395.1,1.0,0.6
G_LEGACY,SQUEEZE_EXP,SHORT,mkt_trend,bear,TRAIN,5519,29.99,0.35,-0.2999,0.99999,-23509.7,-127.77,0.873,-0.924,-24078.6,0.221,6.62
G_LEGACY,SQUEEZE_EXP,SHORT,mkt_trend,bear,VALID,2907,32.66,0.415,-0.1653,0.95101,-4898.0,-55.03,0.961,-0.896,-8877.6,0.202,6.61
G_LEGACY,SQUEEZE_EXP,SHORT,mkt_trend,bear,TEST,3097,33.66,0.353,-0.3407,0.99999,-14259.0,-154.99,0.909,-0.9,-14968.4,0.223,7.5
G_LEGACY,SQUEEZE_EXP,SHORT,mkt_trend,bear,HOLDOUT,152,2.53,0.276,-0.5146,0.99978,-1135.2,-18.92,1.024,-0.995,-1159.5,0.355,0.9
G_LEGACY,SWEEP_RECLAIM,LONG,mkt_trend,bear,TRAIN,10085,54.81,0.477,0.0008,0.4947,6663.3,36.21,0.98,-0.848,-10068.0,0.129,7.08
G_LEGACY,SWEEP_RECLAIM,LONG,mkt_trend,bear,VALID,4487,50.42,0.431,-0.0907,0.83753,-12241.7,-137.55,0.977,-0.827,-25205.6,0.133,6.7
G_LEGACY,SWEEP_RECLAIM,LONG,mkt_trend,bear,TEST,4821,52.4,0.462,-0.042,0.70651,1469.6,15.97,0.998,-0.895,-7836.9,0.155,8.12
G_LEGACY,SWEEP_RECLAIM,LONG,mkt_trend,bear,HOLDOUT,412,6.87,0.551,0.1818,0.07418,1591.5,26.52,1.178,-0.778,-483.6,0.17,1.17
G_LEGACY,ANY,LONG,mkt_trend,bear,TRAIN,50959,276.95,0.416,-0.1534,1.0,-84311.8,-458.22,0.892,-0.836,-93622.3,0.035,9.7
G_LEGACY,ANY,LONG,mkt_trend,bear,VALID,21930,246.4,0.414,-0.1407,0.99533,-52588.0,-590.88,0.925,-0.813,-60275.5,0.035,8.7
G_LEGACY,ANY,LONG,mkt_trend,bear,TEST,25659,278.9,0.382,-0.2237,1.0,-63806.9,-693.55,0.881,-0.856,-64669.3,0.034,9.6
G_LEGACY,ANY,LONG,mkt_trend,bear,HOLDOUT,1416,23.6,0.419,-0.1431,0.8541,1218.1,20.3,0.971,-0.842,-4406.0,0.062,1.47
G_LEGACY,VOL_PRICE,LONG,mkt_trend,bear,TRAIN,6810,37.01,0.446,-0.0586,0.81483,5000.4,27.18,1.004,-0.868,-10128.4,0.24,8.9
G_LEGACY,VOL_PRICE,LONG,mkt_trend,bear,VALID,3547,39.85,0.396,-0.16,0.94142,-8209.6,-92.24,0.952,-0.83,-15043.0,0.209,8.31
G_LEGACY,VOL_PRICE,LONG,mkt_trend,bear,TEST,3546,38.54,0.39,-0.1863,0.99908,-7636.5,-83.01,0.918,-0.85,-11621.5,0.246,9.47
G_LEGACY,VOL_PRICE,LONG,mkt_trend,bear,HOLDOUT,216,3.6,0.514,0.1036,0.14921,957.3,15.95,1.037,-0.82,-1032.8,0.338,1.22
G_LEGACY,CAPITULATION_REV,LONG,mkt_trend,bear,TRAIN,691,3.76,0.318,-0.3423,0.99069,-3246.8,-17.65,0.771,-1.352,-3660.7,0.352,1.32
G_LEGACY,CAPITULATION_REV,LONG,mkt_trend,bear,VALID,403,4.53,0.474,0.0518,0.45393,2599.1,29.2,1.052,-0.692,-4080.4,0.273,1.24
G_LEGACY,CAPITULATION_REV,LONG,mkt_trend,bear,TEST,488,5.3,0.553,0.1436,0.20432,1478.0,16.06,1.053,-0.687,-1286.9,0.303,1.61
G_LEGACY,CAPITULATION_REV,LONG,mkt_trend,bear,HOLDOUT,12,0.2,0.667,0.4169,0.20309,249.8,4.16,1.153,-0.711,-42.9,1.0,0.2
G_LEGACY,OI_COVER,SHORT,mkt_trend,bear,TRAIN,6862,37.29,0.412,-0.1248,0.9767,-29591.7,-160.82,0.935,-0.831,-30122.2,0.171,6.39
G_LEGACY,OI_COVER,SHORT,mkt_trend,bear,VALID,2547,28.62,0.391,-0.1837,0.96195,-3871.1,-43.5,0.846,-0.857,-12193.0,0.202,5.78
G_LEGACY,OI_COVER,SHORT,mkt_trend,bear,TEST,3877,42.14,0.379,-0.1972,0.99372,-14466.0,-157.24,0.912,-0.849,-17275.4,0.164,6.89
G_LEGACY,OI_COVER,SHORT,mkt_trend,bear,HOLDOUT,148,2.47,0.324,-0.3782,0.99712,-1916.5,-31.94,0.757,-0.904,-1941.3,0.378,0.93
G_LEGACY,OI_PRICE,SHORT,mkt_trend,bear,TRAIN,146,0.79,0.397,-0.1928,0.99161,-883.3,-4.8,0.797,-0.842,-1204.6,0.966,0.77
G_LEGACY,OI_PRICE,SHORT,mkt_trend,bear,VALID,51,0.57,0.588,0.1158,0.28213,887.9,9.98,1.038,-0.711,-205.5,0.98,0.56
G_LEGACY,OI_PRICE,SHORT,mkt_trend,bear,TEST,60,0.65,0.533,0.1108,0.22224,146.4,1.59,1.089,-0.742,-138.7,1.0,0.65
G_LEGACY,OI_PRICE,SHORT,mkt_trend,bear,HOLDOUT,2,0.03,0.5,0.6788,1.0,42.9,0.71,1.24,-0.553,-3.4,1.0,0.03
G_LEGACY,OI_PRICE,SHORT,mkt_vol,lo,TRAIN,215,1.17,0.479,-0.017,0.58813,146.7,0.8,0.944,-0.792,-916.8,0.977,1.14
G_LEGACY,OI_PRICE,SHORT,mkt_vol,lo,VALID,133,1.49,0.511,-0.1367,0.89204,558.5,6.27,0.891,-0.756,-489.4,0.985,1.47
G_LEGACY,OI_PRICE,SHORT,mkt_vol,lo,TEST,91,0.99,0.495,-0.4286,0.8797,314.6,3.42,1.017,-0.764,-296.2,1.0,0.99
G_LEGACY,OI_PRICE,SHORT,mkt_vol,lo,HOLDOUT,47,0.78,0.468,-0.064,0.64503,-49.3,-0.82,0.916,-0.833,-291.5,1.0,0.78
G_LEGACY,BRK_24H,SHORT,mkt_trend,bear,TRAIN,9096,49.43,0.364,-0.2602,0.99995,-42875.5,-233.02,0.954,-0.882,-42936.2,0.131,6.46
G_LEGACY,BRK_24H,SHORT,mkt_trend,bear,VALID,3991,44.84,0.378,-0.2193,0.97939,-12195.5,-137.03,0.892,-0.898,-19912.7,0.14,6.26
G_LEGACY,BRK_24H,SHORT,mkt_trend,bear,TEST,4518,49.11,0.373,-0.2397,0.99607,-15699.6,-170.65,0.986,-0.893,-16458.5,0.149,7.29
G_LEGACY,BRK_24H,SHORT,mkt_trend,bear,HOLDOUT,310,5.17,0.203,-0.6924,1.0,-2743.1,-45.72,0.803,-1.056,-2749.5,0.216,1.12
G_LEGACY,MTF_BRK,SHORT,mkt_trend,bear,TRAIN,13167,71.56,0.356,-0.2863,1.0,-61296.2,-333.13,0.943,-0.895,-61419.5,0.107,7.67
G_LEGACY,MTF_BRK,SHORT,mkt_trend,bear,VALID,5735,64.44,0.397,-0.1824,0.98289,-13175.3,-148.04,0.936,-0.893,-23590.1,0.112,7.24
G_LEGACY,MTF_BRK,SHORT,mkt_trend,bear,TEST,7309,79.45,0.399,-0.1818,0.99064,-17865.4,-194.19,1.012,-0.864,-18523.0,0.103,8.22
G_LEGACY,MTF_BRK,SHORT,mkt_trend,bear,HOLDOUT,485,8.08,0.297,-0.4443,0.99999,-2843.8,-47.4,0.915,-0.977,-2844.5,0.128,1.03
G_LEGACY,TREND_TRANS,SHORT,mkt_trend,bear,TRAIN,6779,36.84,0.444,-0.1015,0.96538,-10365.8,-56.34,0.95,-0.803,-11802.3,0.189,6.96
G_LEGACY,TREND_TRANS,SHORT,mkt_trend,bear,VALID,2818,31.66,0.468,-0.0058,0.52875,-1662.1,-18.68,0.987,-0.842,-5724.6,0.191,6.04
G_LEGACY,TREND_TRANS,SHORT,mkt_trend,bear,TEST,3605,39.18,0.432,-0.1238,0.97245,-7156.9,-77.79,0.975,-0.841,-7715.2,0.192,7.52
G_LEGACY,TREND_TRANS,SHORT,mkt_trend,bear,HOLDOUT,247,4.12,0.17,-0.8009,1.0,-2603.4,-43.39,0.8,-1.138,-2619.1,0.223,0.92
G_LEGACY,ANY,SHORT,mkt_trend,bear,TRAIN,52418,284.88,0.412,-0.1622,1.0,-156385.8,-849.92,0.936,-0.832,-157150.0,0.032,9.01
G_LEGACY,ANY,SHORT,mkt_trend,bear,VALID,21740,244.27,0.436,-0.1085,0.98109,-20173.7,-226.67,0.939,-0.846,-58497.0,0.033,8.11
G_LEGACY,ANY,SHORT,mkt_trend,bear,TEST,27342,297.2,0.455,-0.0696,0.93816,-21610.7,-234.9,1.003,-0.806,-40174.7,0.03,8.84
G_LEGACY,ANY,SHORT,mkt_trend,bear,HOLDOUT,1779,29.65,0.358,-0.3237,0.99464,-7733.0,-128.88,0.948,-0.925,-7778.6,0.044,1.3
G_LEGACY,BRK_4H,SHORT,mkt_trend,bear,TRAIN,24501,133.16,0.392,-0.2088,0.99999,-78576.3,-427.05,0.948,-0.866,-78700.3,0.063,8.37
G_LEGACY,BRK_4H,SHORT,mkt_trend,bear,VALID,9905,111.29,0.424,-0.1339,0.98027,-17464.0,-196.23,0.948,-0.879,-28732.1,0.07,7.78
G_LEGACY,BRK_4H,SHORT,mkt_trend,bear,TEST,12899,140.21,0.415,-0.1643,0.99624,-26564.2,-288.74,0.995,-0.85,-27867.0,0.061,8.57
G_LEGACY,BRK_4H,SHORT,mkt_trend,bear,HOLDOUT,811,13.52,0.335,-0.3682,0.99961,-3576.5,-59.61,0.97,-0.965,-3589.8,0.075,1.02
G_LEGACY,EARLY_BRK,SHORT,mkt_trend,bear,TRAIN,11186,60.79,0.397,-0.2373,0.99997,-26359.3,-143.26,0.931,-0.871,-26403.7,0.114,6.95
G_LEGACY,EARLY_BRK,SHORT,mkt_trend,bear,VALID,4747,53.34,0.435,-0.137,0.96118,-7407.1,-83.23,0.98,-0.878,-8306.1,0.128,6.84
G_LEGACY,EARLY_BRK,SHORT,mkt_trend,bear,TEST,6513,70.79,0.435,-0.1606,0.99068,-8532.9,-92.75,1.034,-0.84,-9655.1,0.109,7.71
G_LEGACY,EARLY_BRK,SHORT,mkt_trend,bear,HOLDOUT,454,7.57,0.388,-0.3001,0.9919,-1212.9,-20.21,1.068,-0.923,-1445.5,0.106,0.8
G_LEGACY,CHANGE_POINT,SHORT,mkt_trend,bear,TRAIN,3436,18.67,0.447,-0.0449,0.69669,15.9,0.09,1.033,-0.791,-4561.3,0.299,5.59
G_LEGACY,CHANGE_POINT,SHORT,mkt_trend,bear,VALID,1800,20.22,0.352,-0.2972,0.98256,-10635.7,-119.5,0.772,-0.879,-13482.9,0.256,5.17
G_LEGACY,CHANGE_POINT,SHORT,mkt_trend,bear,TEST,2255,24.51,0.414,-0.1525,0.97203,-6369.2,-69.23,0.95,-0.823,-6848.9,0.255,6.24
G_LEGACY,CHANGE_POINT,SHORT,mkt_trend,bear,HOLDOUT,76,1.27,0.368,-0.2366,0.83801,-498.2,-8.3,0.824,-0.947,-663.6,0.618,0.78
G_LEGACY,VOL_PRICE,SHORT,mkt_trend,bear,TRAIN,7797,42.38,0.383,-0.2109,0.99975,-31503.8,-171.22,0.955,-0.883,-31607.5,0.191,8.1
G_LEGACY,VOL_PRICE,SHORT,mkt_trend,bear,VALID,3216,36.13,0.386,-0.2217,0.99177,-14767.0,-165.92,0.879,-0.892,-15407.5,0.204,7.37
G_LEGACY,VOL_PRICE,SHORT,mkt_trend,bear,TEST,4675,50.82,0.385,-0.215,0.9955,-16621.6,-180.67,0.959,-0.868,-17347.0,0.168,8.52
G_LEGACY,VOL_PRICE,SHORT,mkt_trend,bear,HOLDOUT,196,3.27,0.281,-0.5307,0.99958,-1528.5,-25.47,0.87,-1.007,-1596.4,0.342,1.12
G_LEGACY,SQUEEZE_EXP,LONG,mkt_trend,bear,TRAIN,5822,31.64,0.498,0.0527,0.23148,7959.6,43.26,1.081,-0.773,-7118.6,0.232,7.33
G_LEGACY,SQUEEZE_EXP,LONG,mkt_trend,bear,VALID,3164,35.55,0.39,-0.2049,0.99339,-9687.3,-108.85,0.953,-0.862,-10053.2,0.189,6.71
G_LEGACY,SQUEEZE_EXP,LONG,mkt_trend,bear,TEST,3219,34.99,0.497,0.0467,0.32467,6302.1,68.5,1.039,-0.772,-3528.9,0.228,7.97
G_LEGACY,SQUEEZE_EXP,LONG,mkt_trend,bear,HOLDOUT,213,3.55,0.545,0.1904,0.07251,647.7,10.79,1.201,-0.772,-345.1,0.352,1.25
G_LEGACY,BRK_4H,LONG,mkt_trend,bear,TRAIN,21348,116.02,0.392,-0.2109,1.0,-56302.6,-305.99,0.872,-0.835,-56525.1,0.087,10.08
G_LEGACY,BRK_4H,LONG,mkt_trend,bear,VALID,8813,99.02,0.417,-0.1245,0.95828,-15589.0,-175.16,0.961,-0.826,-17194.1,0.093,9.26
G_LEGACY,BRK_4H,LONG,mkt_trend,bear,TEST,10554,114.72,0.356,-0.278,1.0,-37799.2,-410.86,0.857,-0.853,-38021.1,0.086,9.88
G_LEGACY,BRK_4H,LONG,mkt_trend,bear,HOLDOUT,550,9.17,0.347,-0.2907,0.93119,-1074.5,-17.91,0.912,-0.878,-2798.3,0.151,1.38
G_LEGACY,TREND_TRANS,LONG,mkt_trend,bear,TRAIN,6894,37.47,0.4,-0.2007,0.99995,-18112.5,-98.44,0.854,-0.817,-19043.4,0.183,6.87
G_LEGACY,TREND_TRANS,LONG,mkt_trend,bear,VALID,2996,33.66,0.423,-0.1367,0.92766,-3118.4,-35.04,0.869,-0.778,-5389.9,0.185,6.21
G_LEGACY,TREND_TRANS,LONG,mkt_trend,bear,TEST,3693,40.14,0.326,-0.3574,1.0,-17411.0,-189.25,0.801,-0.887,-17432.9,0.176,7.07
G_LEGACY,TREND_TRANS,LONG,mkt_trend,bear,HOLDOUT,196,3.27,0.286,-0.513,0.99902,-861.6,-14.36,0.793,-0.922,-1069.4,0.26,0.85
G_LEGACY,OI_BUILD_BRK,LONG,mkt_trend,bear,TRAIN,4273,23.22,0.426,-0.0492,0.8087,-3873.4,-21.05,0.937,-0.793,-10705.2,0.345,8.01
G_LEGACY,OI_BUILD_BRK,LONG,mkt_trend,bear,VALID,1524,17.12,0.417,-0.078,0.80488,-2494.3,-28.03,0.945,-0.828,-4692.6,0.39,6.69
G_LEGACY,OI_BUILD_BRK,LONG,mkt_trend,bear,TEST,1972,21.43,0.367,-0.1874,0.99999,-7205.6,-78.32,0.859,-0.864,-8713.3,0.356,7.64
G_LEGACY,OI_BUILD_BRK,LONG,mkt_trend,bear,HOLDOUT,94,1.57,0.436,-0.014,0.53457,456.9,7.61,0.961,-0.86,-436.4,0.606,0.95
G_LEGACY,ACCEL,SHORT,mkt_trend,bear,TRAIN,5611,30.49,0.366,-0.2371,0.99782,-24663.1,-134.04,0.971,-0.884,-24673.0,0.211,6.43
G_LEGACY,ACCEL,SHORT,mkt_trend,bear,VALID,2627,29.52,0.395,-0.1831,0.91729,-6995.5,-78.6,0.887,-0.879,-12544.2,0.204,6.03
G_LEGACY,ACCEL,SHORT,mkt_trend,bear,TEST,3595,39.08,0.359,-0.2827,0.99751,-16011.4,-174.04,0.922,-0.895,-16517.2,0.189,7.4
G_LEGACY,ACCEL,SHORT,mkt_trend,bear,HOLDOUT,123,2.05,0.276,-0.5414,0.99975,-1206.4,-20.11,0.933,-0.949,-1312.7,0.415,0.85
G_LEGACY,OI_PRICE,LONG,mkt_trend,bear,TRAIN,7083,38.49,0.43,-0.0651,0.87393,1817.6,9.88,0.896,-0.787,-18282.9,0.223,8.6
G_LEGACY,OI_PRICE,LONG,mkt_trend,bear,VALID,2764,31.06,0.381,-0.2139,0.99827,-13656.2,-153.44,0.844,-0.834,-14341.8,0.243,7.55
G_LEGACY,OI_PRICE,LONG,mkt_trend,bear,TEST,3741,40.66,0.378,-0.1725,0.9993,-13566.9,-147.47,0.851,-0.809,-15236.2,0.211,8.6
G_LEGACY,OI_PRICE,LONG,mkt_trend,bear,HOLDOUT,181,3.02,0.47,0.0667,0.37022,732.7,12.21,1.044,-0.82,-1323.8,0.348,1.05
G_LEGACY,FUNDING_SQUEEZE,SHORT,mkt_trend,bear,TRAIN,137,0.74,0.387,-0.1626,0.9464,-841.4,-4.57,0.879,-0.85,-1288.0,0.788,0.59
G_LEGACY,FUNDING_SQUEEZE,SHORT,mkt_trend,bear,VALID,40,0.45,0.5,0.0026,0.49354,263.3,2.96,0.865,-0.84,-444.0,0.925,0.42
G_LEGACY,FUNDING_SQUEEZE,SHORT,mkt_trend,bear,TEST,40,0.43,0.475,0.0045,0.48971,251.2,2.73,0.94,-0.891,-469.6,0.8,0.35
G_LEGACY,FUNDING_SQUEEZE,SHORT,mkt_trend,bear,HOLDOUT,1,0.02,0.0,-1.0249,1.0,-92.2,-1.54,1.207,-1.072,-92.2,1.0,0.02
G_LEGACY,BRK_24H,LONG,mkt_trend,bear,TRAIN,5678,30.86,0.404,-0.157,0.99307,-6641.5,-36.09,0.892,-0.802,-13726.0,0.242,7.48
G_LEGACY,BRK_24H,LONG,mkt_trend,bear,VALID,2058,23.12,0.353,-0.2601,1.0,-8821.4,-99.12,0.897,-0.873,-9413.5,0.307,7.09
G_LEGACY,BRK_24H,LONG,mkt_trend,bear,TEST,2590,28.15,0.341,-0.2808,1.0,-9090.8,-98.81,0.857,-0.87,-9569.6,0.28,7.88
G_LEGACY,BRK_24H,LONG,mkt_trend,bear,HOLDOUT,95,1.58,0.432,-0.0657,0.60264,13.4,0.22,1.043,-0.865,-813.6,0.6,0.95
G_LEGACY,EARLY_BRK,LONG,mkt_trend,bear,TRAIN,11846,64.38,0.379,-0.2807,1.0,-36334.4,-197.47,0.86,-0.856,-36577.8,0.124,7.97
G_LEGACY,EARLY_BRK,LONG,mkt_trend,bear,VALID,4722,53.06,0.41,-0.1701,0.98077,-9987.1,-112.21,0.961,-0.841,-12355.6,0.14,7.45
G_LEGACY,EARLY_BRK,LONG,mkt_trend,bear,TEST,5975,64.95,0.359,-0.312,1.0,-18912.0,-205.56,0.871,-0.85,-18983.8,0.131,8.52
G_LEGACY,EARLY_BRK,LONG,mkt_trend,bear,HOLDOUT,382,6.37,0.322,-0.3851,0.94663,-1249.3,-20.82,0.882,-0.902,-2046.3,0.178,1.13
G_LEGACY,MTF_BRK,LONG,mkt_trend,bear,TRAIN,7896,42.91,0.39,-0.2007,0.99994,-18566.6,-100.91,0.878,-0.826,-22335.4,0.198,8.5
G_LEGACY,MTF_BRK,LONG,mkt_trend,bear,VALID,3159,35.49,0.391,-0.1681,0.99703,-7909.2,-88.87,0.926,-0.831,-9756.8,0.213,7.55
G_LEGACY,MTF_BRK,LONG,mkt_trend,bear,TEST,3713,40.36,0.357,-0.2568,1.0,-10249.3,-111.41,0.881,-0.866,-10917.9,0.21,8.49
G_LEGACY,MTF_BRK,LONG,mkt_trend,bear,HOLDOUT,117,1.95,0.444,-0.0608,0.63413,254.4,4.24,1.026,-0.818,-662.2,0.504,0.98
G_LEGACY,CHANGE_POINT,LONG,mkt_trend,bear,TRAIN,5293,28.77,0.442,-0.0849,0.84079,-8597.0,-46.72,0.911,-0.801,-17060.7,0.232,6.66
G_LEGACY,CHANGE_POINT,LONG,mkt_trend,bear,VALID,2362,26.54,0.423,-0.1812,0.93328,-4704.5,-52.86,0.876,-0.808,-6390.5,0.226,5.99
G_LEGACY,CHANGE_POINT,LONG,mkt_trend,bear,TEST,2522,27.41,0.402,-0.1614,0.97804,-5743.5,-62.43,0.872,-0.79,-8181.2,0.255,7.0
G_LEGACY,CHANGE_POINT,LONG,mkt_trend,bear,HOLDOUT,188,3.13,0.628,0.3744,0.10767,1318.8,21.98,1.301,-0.763,-768.2,0.298,0.93
G_LEGACY,PULLBACK_CONT,LONG,mkt_trend,bear,TRAIN,14949,81.24,0.377,-0.2459,1.0,-47454.5,-257.9,0.854,-0.85,-47649.2,0.093,7.56
G_LEGACY,PULLBACK_CONT,LONG,mkt_trend,bear,VALID,6125,68.82,0.392,-0.19,0.99617,-14146.1,-158.94,0.879,-0.802,-18184.3,0.104,7.13
G_LEGACY,PULLBACK_CONT,LONG,mkt_trend,bear,TEST,6990,75.98,0.341,-0.3366,1.0,-23656.5,-257.14,0.827,-0.876,-23700.2,0.103,7.79
G_LEGACY,PULLBACK_CONT,LONG,mkt_trend,bear,HOLDOUT,317,5.28,0.372,-0.2801,0.93697,742.1,12.37,0.884,-0.862,-1462.4,0.211,1.12
G_LEGACY,ACCEL,LONG,mkt_trend,bear,TRAIN,7799,42.39,0.434,-0.1041,0.92778,5693.9,30.95,0.938,-0.826,-20052.7,0.202,8.58
G_LEGACY,ACCEL,LONG,mkt_trend,bear,VALID,3935,44.21,0.38,-0.2434,0.99493,-16641.0,-186.98,0.88,-0.845,-17869.0,0.176,7.79
G_LEGACY,ACCEL,LONG,mkt_trend,bear,TEST,3714,40.37,0.408,-0.1506,0.97698,-5862.5,-63.72,0.897,-0.798,-9433.2,0.225,9.07
G_LEGACY,ACCEL,LONG,mkt_trend,bear,HOLDOUT,243,4.05,0.519,0.082,0.25265,1364.4,22.74,1.066,-0.793,-1185.1,0.276,1.12
G_LEGACY,SWEEP_RECLAIM,SHORT,mkt_trend,bear,TRAIN,6477,35.2,0.464,-0.0584,0.86645,-16789.3,-91.25,0.9,-0.795,-18473.5,0.208,7.32
G_LEGACY,SWEEP_RECLAIM,SHORT,mkt_trend,bear,VALID,2212,24.85,0.471,-0.0525,0.83066,-58.6,-0.66,0.94,-0.8,-3889.8,0.266,6.62
G_LEGACY,SWEEP_RECLAIM,SHORT,mkt_trend,bear,TEST,3020,32.83,0.498,0.0061,0.45753,-1241.0,-13.49,0.977,-0.769,-3778.0,0.225,7.39
G_LEGACY,SWEEP_RECLAIM,SHORT,mkt_trend,bear,HOLDOUT,107,1.78,0.327,-0.3038,0.87791,-591.0,-9.85,0.92,-0.967,-752.8,0.495,0.88
G_LEGACY,PULLBACK_CONT,SHORT,mkt_trend,bear,TRAIN,18992,103.22,0.411,-0.153,0.99964,-49258.8,-267.71,0.953,-0.814,-51290.4,0.078,8.02
G_LEGACY,PULLBACK_CONT,SHORT,mkt_trend,bear,VALID,8071,90.69,0.434,-0.105,0.9246,-2828.0,-31.78,0.94,-0.846,-26667.3,0.079,7.16
G_LEGACY,PULLBACK_CONT,SHORT,mkt_trend,bear,TEST,9927,107.9,0.497,0.0421,0.26216,12216.0,132.78,1.054,-0.768,-14099.8,0.076,8.2
G_LEGACY,PULLBACK_CONT,SHORT,mkt_trend,bear,HOLDOUT,765,12.75,0.424,-0.183,0.81169,-2064.8,-34.41,0.947,-0.83,-3507.5,0.085,1.08
G_LEGACY,CAPITULATION_REV,SHORT,mkt_trend,bear,TRAIN,730,3.97,0.344,-0.3024,0.99248,-5401.0,-29.35,0.737,-0.924,-6195.6,0.662,2.62
G_LEGACY,CAPITULATION_REV,SHORT,mkt_trend,bear,VALID,305,3.43,0.515,0.0744,0.35346,-320.7,-3.6,1.034,-0.816,-1220.0,0.597,2.04
G_LEGACY,CAPITULATION_REV,SHORT,mkt_trend,bear,TEST,321,3.49,0.533,0.0348,0.3864,-448.5,-4.88,0.925,-0.76,-982.0,0.698,2.43
G_LEGACY,CAPITULATION_REV,SHORT,mkt_trend,bear,HOLDOUT,13,0.22,0.308,-0.3533,0.77159,134.6,2.24,1.073,-0.962,-129.7,0.923,0.2
G_LEGACY,CAPITULATION_REV,SHORT,mkt_vol,lo,TRAIN,1640,8.91,0.45,-0.0662,0.85855,-2128.0,-11.57,0.947,-0.878,-4023.9,0.684,6.1
G_LEGACY,CAPITULATION_REV,SHORT,mkt_vol,lo,VALID,862,9.69,0.382,-0.2294,0.99996,-3533.1,-39.7,0.9,-0.952,-3972.3,0.756,7.33
G_LEGACY,CAPITULATION_REV,SHORT,mkt_vol,lo,TEST,994,10.8,0.395,-0.194,0.99903,-3390.0,-36.85,0.914,-0.906,-3593.9,0.773,8.35
G_LEGACY,CAPITULATION_REV,SHORT,mkt_vol,lo,HOLDOUT,763,12.72,0.392,-0.2145,0.99649,-2112.0,-35.2,0.92,-0.974,-2759.8,0.763,9.7
G_LEGACY,FUNDING_SQUEEZE,LONG,mkt_trend,bear,TRAIN,1466,7.97,0.409,-0.1026,0.97722,-2334.5,-12.69,0.909,-0.81,-3478.7,0.554,4.41
G_LEGACY,FUNDING_SQUEEZE,LONG,mkt_trend,bear,VALID,730,8.2,0.404,-0.1159,0.9179,-1726.2,-19.4,0.964,-0.839,-2323.2,0.562,4.61
G_LEGACY,FUNDING_SQUEEZE,LONG,mkt_trend,bear,TEST,362,3.93,0.409,-0.0961,0.88299,387.4,4.21,0.923,-0.89,-1203.2,0.669,2.63
G_LEGACY,FUNDING_SQUEEZE,LONG,mkt_trend,bear,HOLDOUT,1,0.02,1.0,1.456,1.0,33.1,0.55,1.555,-0.16,0.0,1.0,0.02
G_LEGACY,FUNDING_SQUEEZE,LONG,mkt_vol,lo,TRAIN,1744,9.48,0.4,-0.1233,0.99967,-4507.0,-24.49,0.987,-0.861,-5888.0,0.686,6.5
G_LEGACY,FUNDING_SQUEEZE,LONG,mkt_vol,lo,VALID,1527,17.16,0.387,-0.1958,0.99996,-3610.9,-40.57,0.958,-0.881,-4098.2,0.609,10.45
G_LEGACY,FUNDING_SQUEEZE,LONG,mkt_vol,lo,TEST,441,4.79,0.408,-0.1515,0.9849,50.5,0.55,1.02,-0.848,-961.2,0.785,3.76
G_LEGACY,FUNDING_SQUEEZE,LONG,mkt_vol,lo,HOLDOUT,191,3.18,0.382,-0.1543,0.9425,-460.6,-7.68,0.931,-0.883,-774.8,0.78,2.48
G_LEGACY,BASELINE,LONG,mkt_trend,bear,TRAIN,18446,100.25,0.394,-0.2296,0.99998,-44607.9,-242.43,0.844,-0.84,-46266.3,0.032,3.22
G_LEGACY,BASELINE,LONG,mkt_trend,bear,VALID,7738,86.94,0.438,-0.1045,0.85906,-8761.1,-98.44,0.958,-0.8,-22449.0,0.03,2.65
G_LEGACY,BASELINE,LONG,mkt_trend,bear,TEST,9900,107.61,0.365,-0.2791,0.99988,-30347.3,-329.86,0.834,-0.876,-35047.7,0.03,3.26
G_LEGACY,BASELINE,LONG,mkt_trend,bear,HOLDOUT,670,11.17,0.533,0.1567,0.3036,1499.5,24.99,1.122,-0.768,-1398.0,0.03,0.33
G_LEGACY,BASELINE,LONG,mkt_vol,lo,TRAIN,30495,165.73,0.404,-0.2191,1.0,-61554.5,-334.54,0.906,-0.843,-64732.5,0.032,5.33
G_LEGACY,BASELINE,LONG,mkt_vol,lo,VALID,20769,233.36,0.407,-0.211,0.99999,-38681.3,-434.62,0.91,-0.84,-41749.1,0.03,7.1
G_LEGACY,BASELINE,LONG,mkt_vol,lo,TEST,20328,220.96,0.414,-0.2027,0.99999,-29033.6,-315.58,0.949,-0.833,-35665.9,0.03,6.7
G_LEGACY,BASELINE,LONG,mkt_vol,lo,HOLDOUT,12480,208.0,0.42,-0.2166,0.9999,-15669.4,-261.16,0.97,-0.811,-16387.5,0.03,6.27
G_LEGACY,BASELINE,SHORT,mkt_trend,bear,TRAIN,18446,100.25,0.441,-0.084,0.93036,-37424.7,-203.4,0.944,-0.778,-37671.0,0.032,3.22
G_LEGACY,BASELINE,SHORT,mkt_trend,bear,VALID,7738,86.94,0.42,-0.1392,0.92678,-18689.4,-209.99,0.881,-0.857,-33670.9,0.03,2.65
G_LEGACY,BASELINE,SHORT,mkt_trend,bear,TEST,9900,107.61,0.484,0.0011,0.49431,-2871.6,-31.21,1.006,-0.762,-18694.1,0.03,3.26
G_LEGACY,BASELINE,SHORT,mkt_trend,bear,HOLDOUT,670,11.17,0.296,-0.4983,0.94506,-4329.1,-72.15,0.788,-0.972,-4862.5,0.03,0.33
G_LEGACY,BASELINE,SHORT,mkt_vol,lo,TRAIN,30495,165.73,0.435,-0.1477,0.9996,-48586.9,-264.06,0.949,-0.82,-49810.1,0.032,5.33
G_LEGACY,BASELINE,SHORT,mkt_vol,lo,VALID,20769,233.36,0.434,-0.1558,0.99916,-35257.4,-396.15,0.939,-0.828,-40592.7,0.03,7.1
G_LEGACY,BASELINE,SHORT,mkt_vol,lo,TEST,20328,220.96,0.418,-0.2362,1.0,-44075.2,-479.08,0.92,-0.847,-44195.4,0.03,6.7
G_LEGACY,BASELINE,SHORT,mkt_vol,lo,HOLDOUT,12480,208.0,0.408,-0.2878,1.0,-33428.6,-557.14,0.891,-0.853,-36700.5,0.03,6.27
G_LEGACY,OI_COVER,LONG,mkt_trend,bear,TRAIN,36,0.2,0.5,0.0189,0.445,399.7,2.17,0.668,-0.551,-205.6,0.667,0.13
G_LEGACY,OI_COVER,LONG,mkt_trend,bear,VALID,17,0.19,0.353,-0.316,0.87376,-431.6,-4.85,0.703,-0.825,-498.4,1.0,0.19
G_LEGACY,OI_COVER,LONG,mkt_trend,bear,TEST,11,0.12,0.364,-0.3948,0.92268,-90.6,-0.98,0.665,-0.823,-145.6,1.0,0.12
G_LEGACY,OI_COVER,LONG,mkt_trend,bear,HOLDOUT,1,0.02,1.0,1.4227,1.0,18.4,0.31,1.584,-0.646,0.0,1.0,0.02
G_LEGACY,OI_COVER,LONG,mkt_vol,lo,TRAIN,36,0.2,0.417,-0.1123,0.69907,-0.1,-0.0,0.955,-0.872,-315.4,1.0,0.2
G_LEGACY,OI_COVER,LONG,mkt_vol,lo,VALID,21,0.24,0.429,-0.2882,0.86924,-246.0,-2.76,0.796,-0.868,-266.5,1.0,0.24
G_LEGACY,OI_COVER,LONG,mkt_vol,lo,TEST,17,0.18,0.294,-0.5721,0.92862,-39.1,-0.43,0.94,-1.051,-276.5,1.0,0.18
G_LEGACY,OI_COVER,LONG,mkt_vol,lo,HOLDOUT,10,0.17,0.4,-0.0574,0.57272,-183.2,-3.05,0.731,-0.823,-613.1,1.0,0.17
G_LEGACY,BRK_4H,LONG,mkt_vol,hi,TRAIN,37558,204.12,0.395,-0.2029,1.0,-90600.9,-492.4,0.897,-0.828,-91335.7,0.083,16.96
G_LEGACY,BRK_4H,LONG,mkt_vol,hi,VALID,16229,182.35,0.428,-0.0922,0.95703,-23290.9,-261.7,0.979,-0.811,-25986.3,0.083,15.11
G_LEGACY,BRK_4H,LONG,mkt_vol,hi,TEST,17779,193.25,0.372,-0.2449,1.0,-55760.4,-606.09,0.899,-0.847,-55895.6,0.085,16.41
G_LEGACY,BRK_4H,LONG,mkt_vol,hi,HOLDOUT,14796,246.6,0.433,-0.1038,0.98462,-11004.9,-183.41,0.994,-0.841,-27060.1,0.071,17.5
G_LEGACY,ANY,LONG,mkt_vol,hi,TRAIN,85505,464.7,0.404,-0.1828,1.0,-186009.8,-1010.92,0.885,-0.834,-186521.0,0.035,16.48
G_LEGACY,ANY,LONG,mkt_vol,hi,VALID,36417,409.18,0.426,-0.1053,0.99353,-65397.5,-734.8,0.943,-0.8,-69257.5,0.033,13.53
G_LEGACY,ANY,LONG,mkt_vol,hi,TEST,41415,450.16,0.399,-0.1842,1.0,-93172.0,-1012.74,0.905,-0.83,-95020.2,0.034,15.16
G_LEGACY,ANY,LONG,mkt_vol,hi,HOLDOUT,29798,496.63,0.449,-0.0707,0.96817,-12268.5,-204.47,0.978,-0.822,-47280.8,0.031,15.58
G_LEGACY,EARLY_BRK,LONG,mkt_vol,hi,TRAIN,20067,109.06,0.381,-0.277,1.0,-56944.8,-309.48,0.885,-0.852,-56975.1,0.126,13.73
G_LEGACY,EARLY_BRK,LONG,mkt_vol,hi,VALID,7841,88.1,0.425,-0.1327,0.98043,-11829.1,-132.91,0.981,-0.823,-13149.2,0.141,12.44
G_LEGACY,EARLY_BRK,LONG,mkt_vol,hi,TEST,10066,109.41,0.371,-0.286,1.0,-28485.6,-309.63,0.912,-0.847,-28573.7,0.13,14.17
G_LEGACY,EARLY_BRK,LONG,mkt_vol,hi,HOLDOUT,7043,117.38,0.414,-0.2089,0.99991,-10906.0,-181.77,0.975,-0.839,-13877.8,0.128,15.05
G_LEGACY,PULLBACK_CONT,LONG,mkt_vol,hi,TRAIN,27163,147.62,0.38,-0.2417,1.0,-85488.8,-464.61,0.872,-0.848,-86139.0,0.089,13.14
G_LEGACY,PULLBACK_CONT,LONG,mkt_vol,hi,VALID,12616,141.75,0.408,-0.153,0.99853,-25069.1,-281.67,0.919,-0.797,-25741.8,0.081,11.45
G_LEGACY,PULLBACK_CONT,LONG,mkt_vol,hi,TEST,13302,144.59,0.384,-0.2244,1.0,-35222.8,-382.86,0.88,-0.832,-36677.0,0.091,13.21
G_LEGACY,PULLBACK_CONT,LONG,mkt_vol,hi,HOLDOUT,10530,175.5,0.468,-0.0307,0.73298,2173.0,36.22,0.977,-0.782,-14508.5,0.079,13.78
G_LEGACY,MTF_BRK,LONG,mkt_vol,hi,TRAIN,15721,85.44,0.386,-0.2122,1.0,-40467.7,-219.93,0.901,-0.828,-42766.2,0.17,14.55
G_LEGACY,MTF_BRK,LONG,mkt_vol,hi,VALID,8417,94.57,0.421,-0.1023,0.95627,-14132.3,-158.79,0.979,-0.808,-15238.1,0.14,13.21
G_LEGACY,MTF_BRK,LONG,mkt_vol,hi,TEST,7521,81.75,0.373,-0.2319,1.0,-20041.5,-217.84,0.919,-0.855,-20154.4,0.175,14.33
G_LEGACY,MTF_BRK,LONG,mkt_vol,hi,HOLDOUT,8067,134.45,0.443,-0.0678,0.88193,-3099.3,-51.65,1.009,-0.842,-17489.1,0.121,16.33
G_LEGACY,OI_PRICE,LONG,mkt_vol,hi,TRAIN,11113,60.4,0.419,-0.0863,0.98257,-7402.6,-40.23,0.911,-0.799,-25667.0,0.247,14.9
G_LEGACY,OI_PRICE,LONG,mkt_vol,hi,VALID,5063,56.89,0.402,-0.1383,0.99472,-18752.4,-210.7,0.897,-0.82,-19660.0,0.224,12.74
G_LEGACY,OI_PRICE,LONG,mkt_vol,hi,TEST,5580,60.65,0.379,-0.172,0.99999,-20257.2,-220.19,0.862,-0.819,-20303.7,0.233,14.11
G_LEGACY,OI_PRICE,LONG,mkt_vol,hi,HOLDOUT,4435,73.92,0.425,-0.0586,0.92662,-4430.5,-73.84,0.958,-0.86,-10027.9,0.217,16.05
G_LEGACY,TREND_TRANS,LONG,mkt_vol,hi,TRAIN,11899,64.67,0.406,-0.1766,1.0,-27469.6,-149.29,0.879,-0.808,-29193.9,0.181,11.68
G_LEGACY,TREND_TRANS,LONG,mkt_vol,hi,VALID,5021,56.42,0.432,-0.1007,0.93776,-5978.1,-67.17,0.901,-0.782,-8872.9,0.186,10.48
G_LEGACY,TREND_TRANS,LONG,mkt_vol,hi,TEST,6079,66.08,0.374,-0.2391,1.0,-19990.0,-217.28,0.858,-0.837,-20775.9,0.18,11.92
G_LEGACY,TREND_TRANS,LONG,mkt_vol,hi,HOLDOUT,4012,66.87,0.419,-0.1485,0.99754,-6344.4,-105.74,0.958,-0.86,-10701.0,0.203,13.6
G_LEGACY,ACCEL,LONG,mkt_vol,hi,TRAIN,10763,58.49,0.424,-0.1073,0.97158,254.3,1.38,0.952,-0.819,-23699.0,0.249,14.55
G_LEGACY,ACCEL,LONG,mkt_vol,hi,VALID,5529,62.12,0.422,-0.1206,0.93014,-13297.5,-149.41,0.942,-0.81,-16917.1,0.215,13.37
G_LEGACY,ACCEL,LONG,mkt_vol,hi,TEST,5204,56.57,0.4,-0.1784,0.99856,-9912.7,-107.75,0.912,-0.818,-12117.5,0.252,14.27
G_LEGACY,ACCEL,LONG,mkt_vol,hi,HOLDOUT,3948,65.8,0.407,-0.1389,0.99398,-7212.6,-120.21,0.94,-0.864,-9678.0,0.247,16.25
G_LEGACY,VOL_PRICE,LONG,mkt_vol,hi,TRAIN,10209,55.48,0.434,-0.0725,0.92162,-2783.0,-15.12,1.027,-0.839,-13138.4,0.273,15.15
G_LEGACY,VOL_PRICE,LONG,mkt_vol,hi,VALID,5715,64.21,0.439,-0.0501,0.74108,-6131.0,-68.89,0.996,-0.803,-15043.0,0.212,13.6
G_LEGACY,VOL_PRICE,LONG,mkt_vol,hi,TEST,5648,61.39,0.389,-0.1946,0.99999,-12252.8,-133.18,0.921,-0.844,-14237.0,0.251,15.38
G_LEGACY,VOL_PRICE,LONG,mkt_vol,hi,HOLDOUT,3811,63.52,0.419,-0.1083,0.97863,-6156.5,-102.61,1.002,-0.881,-9053.3,0.258,16.37
G_LEGACY,PULLBACK_CONT,SHORT,mkt_vol,hi,TRAIN,29324,159.37,0.442,-0.0867,0.99079,-41018.5,-222.93,0.96,-0.802,-49218.3,0.084,13.39
G_LEGACY,PULLBACK_CONT,SHORT,mkt_vol,hi,VALID,12023,135.09,0.418,-0.1516,0.99367,-19092.2,-214.52,0.92,-0.838,-42977.1,0.085,11.43
G_LEGACY,PULLBACK_CONT,SHORT,mkt_vol,hi,TEST,14391,156.42,0.483,-0.0015,0.51122,8856.1,96.26,1.02,-0.785,-18198.1,0.086,13.38
G_LEGACY,PULLBACK_CONT,SHORT,mkt_vol,hi,HOLDOUT,9335,155.58,0.404,-0.2088,0.99987,-24447.2,-407.45,0.94,-0.84,-24603.0,0.091,14.23
G_LEGACY,ANY,SHORT,mkt_vol,hi,TRAIN,88333,480.07,0.442,-0.0943,0.99969,-144095.7,-783.13,0.949,-0.807,-150918.8,0.031,15.0
G_LEGACY,ANY,SHORT,mkt_vol,hi,VALID,36789,413.36,0.42,-0.1604,0.99998,-68081.4,-764.96,0.899,-0.841,-106072.2,0.031,12.93
G_LEGACY,ANY,SHORT,mkt_vol,hi,TEST,42825,465.49,0.446,-0.0972,0.99724,-47700.9,-518.49,0.965,-0.813,-65922.1,0.031,14.27
G_LEGACY,ANY,SHORT,mkt_vol,hi,HOLDOUT,29561,492.68,0.384,-0.2576,1.0,-112652.4,-1877.54,0.893,-0.853,-113146.3,0.032,15.93
G_LEGACY,BRK_4H,SHORT,mkt_vol,hi,TRAIN,40384,219.48,0.435,-0.1088,0.99782,-65027.5,-353.41,0.978,-0.822,-65151.5,0.062,13.66
G_LEGACY,BRK_4H,SHORT,mkt_vol,hi,VALID,15022,168.79,0.404,-0.1929,0.99995,-36603.9,-411.28,0.902,-0.873,-47222.7,0.073,12.27
G_LEGACY,BRK_4H,SHORT,mkt_vol,hi,TEST,19250,209.24,0.41,-0.1764,0.99989,-41456.0,-450.61,0.954,-0.846,-42014.1,0.067,14.09
G_LEGACY,BRK_4H,SHORT,mkt_vol,hi,HOLDOUT,10865,181.08,0.365,-0.3146,1.0,-48631.8,-810.53,0.889,-0.87,-48631.8,0.081,14.67
G_LEGACY,ACCEL,SHORT,mkt_vol,hi,TRAIN,8433,45.83,0.405,-0.1587,0.99102,-21341.5,-115.99,0.967,-0.838,-22134.2,0.242,11.07
G_LEGACY,ACCEL,SHORT,mkt_vol,hi,VALID,3674,41.28,0.382,-0.2151,0.98929,-11881.3,-133.5,0.819,-0.875,-17417.4,0.24,9.91
G_LEGACY,ACCEL,SHORT,mkt_vol,hi,TEST,4894,53.2,0.408,-0.1517,0.9808,-14461.9,-157.19,0.956,-0.833,-15516.3,0.215,11.42
G_LEGACY,ACCEL,SHORT,mkt_vol,hi,HOLDOUT,3112,51.87,0.375,-0.2753,0.99998,-16994.0,-283.23,0.862,-0.857,-17107.8,0.226,11.73
G_LEGACY,VOL_PRICE,SHORT,mkt_vol,hi,TRAIN,11945,64.92,0.416,-0.1306,0.99587,-29010.0,-157.66,0.972,-0.852,-29547.3,0.205,13.33
G_LEGACY,VOL_PRICE,SHORT,mkt_vol,hi,VALID,4940,55.51,0.38,-0.2359,0.99991,-21148.7,-237.63,0.848,-0.894,-21740.5,0.217,12.03
G_LEGACY,VOL_PRICE,SHORT,mkt_vol,hi,TEST,6711,72.95,0.411,-0.1551,0.99506,-16630.0,-180.76,0.95,-0.841,-18584.7,0.187,13.65
G_LEGACY,VOL_PRICE,SHORT,mkt_vol,hi,HOLDOUT,4616,76.93,0.387,-0.2346,1.0,-20813.7,-346.9,0.925,-0.846,-20859.0,0.181,13.93
G_LEGACY,OI_BUILD_BRK,SHORT,mkt_vol,hi,TRAIN,205,1.11,0.38,-0.2097,0.9942,-1889.7,-10.27,0.844,-0.828,-1914.0,0.951,1.06
G_LEGACY,OI_BUILD_BRK,SHORT,mkt_vol,hi,VALID,89,1.0,0.404,-0.1828,0.94475,5.5,0.06,0.81,-1.295,-815.4,0.944,0.94
G_LEGACY,OI_BUILD_BRK,SHORT,mkt_vol,hi,TEST,65,0.71,0.431,-0.1665,0.87161,-254.4,-2.77,0.86,-0.894,-280.7,0.954,0.67
G_LEGACY,OI_BUILD_BRK,SHORT,mkt_vol,hi,HOLDOUT,32,0.53,0.469,-0.1305,0.74221,-72.1,-1.2,0.734,-1.118,-187.7,0.938,0.5
G_LEGACY,CHANGE_POINT,SHORT,mkt_vol,hi,TRAIN,5681,30.88,0.462,-0.0096,0.55439,3522.2,19.14,1.005,-0.752,-10165.7,0.301,9.28
G_LEGACY,CHANGE_POINT,SHORT,mkt_vol,hi,VALID,2804,31.51,0.384,-0.2296,0.99208,-13439.7,-151.01,0.773,-0.84,-16282.4,0.274,8.63
G_LEGACY,CHANGE_POINT,SHORT,mkt_vol,hi,TEST,3243,35.25,0.434,-0.1038,0.97027,-7288.4,-79.22,0.944,-0.792,-8247.5,0.286,10.07
G_LEGACY,CHANGE_POINT,SHORT,mkt_vol,hi,HOLDOUT,2674,44.57,0.38,-0.2638,0.99942,-14426.5,-240.44,0.833,-0.84,-14454.3,0.237,10.55
G_LEGACY,OI_PRICE,SHORT,mkt_vol,hi,TRAIN,221,1.2,0.443,-0.0793,0.84057,-877.0,-4.77,0.897,-1.145,-1372.1,0.968,1.16
G_LEGACY,OI_PRICE,SHORT,mkt_vol,hi,VALID,72,0.81,0.5,-0.0032,0.50918,549.2,6.17,0.906,-0.783,-233.1,0.986,0.8
G_LEGACY,OI_PRICE,SHORT,mkt_vol,hi,TEST,90,0.98,0.5,-0.0153,0.55219,223.8,2.43,0.934,-0.811,-230.7,0.978,0.96
G_LEGACY,OI_PRICE,SHORT,mkt_vol,hi,HOLDOUT,39,0.65,0.462,0.063,0.38597,77.8,1.3,0.945,-0.781,-154.7,0.949,0.62
G_LEGACY,BRK_24H,SHORT,mkt_vol,hi,TRAIN,13151,71.47,0.413,-0.1347,0.99125,-31445.9,-170.9,0.981,-0.82,-32980.4,0.148,10.54
G_LEGACY,BRK_24H,SHORT,mkt_vol,hi,VALID,4096,46.02,0.372,-0.2173,0.98474,-14080.6,-158.21,0.902,-0.908,-21513.3,0.206,9.46
G_LEGACY,BRK_24H,SHORT,mkt_vol,hi,TEST,5845,63.53,0.392,-0.1876,0.99395,-16841.7,-183.06,0.976,-0.861,-18672.4,0.182,11.54
G_LEGACY,BRK_24H,SHORT,mkt_vol,hi,HOLDOUT,2799,46.65,0.367,-0.2752,0.99999,-11549.4,-192.49,0.936,-0.883,-11764.5,0.203,9.48
G_LEGACY,MTF_BRK,SHORT,mkt_vol,hi,TRAIN,20018,108.79,0.412,-0.1418,0.99822,-46429.8,-252.34,0.988,-0.827,-48472.9,0.114,12.41
G_LEGACY,MTF_BRK,SHORT,mkt_vol,hi,VALID,6434,72.29,0.378,-0.2185,0.99792,-17893.9,-201.06,0.912,-0.905,-28008.6,0.158,11.39
G_LEGACY,MTF_BRK,SHORT,mkt_vol,hi,TEST,9861,107.18,0.411,-0.1561,0.99457,-20426.8,-222.03,0.992,-0.85,-21161.1,0.124,13.34
G_LEGACY,MTF_BRK,SHORT,mkt_vol,hi,HOLDOUT,5050,84.17,0.373,-0.2788,1.0,-18729.0,-312.15,0.953,-0.879,-18806.1,0.151,12.7
G_LEGACY,CHANGE_POINT,LONG,mkt_vol,hi,TRAIN,7162,38.92,0.413,-0.1379,0.97781,-18792.6,-102.13,0.901,-0.81,-23359.3,0.285,11.08
G_LEGACY,CHANGE_POINT,LONG,mkt_vol,hi,VALID,3062,34.4,0.453,-0.0794,0.78115,-1316.2,-14.79,0.934,-0.78,-5354.5,0.302,10.39
G_LEGACY,CHANGE_POINT,LONG,mkt_vol,hi,TEST,3227,35.08,0.407,-0.1632,0.99515,-5899.1,-64.12,0.895,-0.803,-8638.4,0.327,11.46
G_LEGACY,CHANGE_POINT,LONG,mkt_vol,hi,HOLDOUT,2201,36.68,0.407,-0.1663,0.99228,-5674.8,-94.58,0.874,-0.86,-6531.4,0.365,13.4
G_LEGACY,SQUEEZE_EXP,SHORT,mkt_vol,hi,TRAIN,9785,53.18,0.401,-0.1821,0.99872,-22845.4,-124.16,0.933,-0.871,-25663.0,0.219,11.64
G_LEGACY,SQUEEZE_EXP,SHORT,mkt_vol,hi,VALID,4127,46.37,0.458,-0.0565,0.74785,-2708.7,-30.43,0.983,-0.841,-6407.4,0.224,10.37
G_LEGACY,SQUEEZE_EXP,SHORT,mkt_vol,hi,TEST,4696,51.04,0.412,-0.1853,0.99738,-9194.2,-99.94,0.967,-0.85,-10289.0,0.241,12.29
G_LEGACY,SQUEEZE_EXP,SHORT,mkt_vol,hi,HOLDOUT,3343,55.72,0.402,-0.2104,0.99989,-9567.1,-159.45,0.984,-0.858,-9895.9,0.236,13.17
G_LEGACY,OI_BUILD_BRK,LONG,mkt_vol,hi,TRAIN,7602,41.32,0.43,-0.0531,0.90509,-6108.1,-33.2,0.951,-0.793,-11830.4,0.341,14.09
G_LEGACY,OI_BUILD_BRK,LONG,mkt_vol,hi,VALID,3396,38.16,0.431,-0.0401,0.75916,-5558.0,-62.45,0.988,-0.816,-7627.7,0.33,12.6
G_LEGACY,OI_BUILD_BRK,LONG,mkt_vol,hi,TEST,3340,36.3,0.371,-0.1783,1.0,-11418.4,-124.11,0.887,-0.871,-12065.2,0.369,13.41
G_LEGACY,OI_BUILD_BRK,LONG,mkt_vol,hi,HOLDOUT,3387,56.45,0.428,-0.0419,0.81547,-722.2,-12.04,1.003,-0.886,-6184.9,0.277,15.65
G_LEGACY,BRK_24H,LONG,mkt_vol,hi,TRAIN,11535,62.69,0.401,-0.1644,0.9998,-20175.1,-109.65,0.911,-0.803,-26235.4,0.21,13.14
G_LEGACY,BRK_24H,LONG,mkt_vol,hi,VALID,5959,66.96,0.417,-0.1048,0.94606,-12004.9,-134.89,0.975,-0.807,-12541.0,0.184,12.3
G_LEGACY,BRK_24H,LONG,mkt_vol,hi,TEST,5149,55.97,0.36,-0.2492,1.0,-15766.7,-171.38,0.901,-0.864,-15834.1,0.248,13.87
G_LEGACY,BRK_24H,LONG,mkt_vol,hi,HOLDOUT,5880,98.0,0.436,-0.0749,0.8865,-3105.7,-51.76,1.0,-0.856,-13364.0,0.161,15.82
G_LEGACY,SWEEP_RECLAIM,SHORT,mkt_vol,hi,TRAIN,13205,71.77,0.465,-0.0568,0.92273,-19895.1,-108.13,0.907,-0.817,-22290.9,0.176,12.64
G_LEGACY,SWEEP_RECLAIM,SHORT,mkt_vol,hi,VALID,6510,73.15,0.434,-0.1523,0.99684,-10697.0,-120.19,0.877,-0.836,-14210.8,0.162,11.85
G_LEGACY,SWEEP_RECLAIM,SHORT,mkt_vol,hi,TEST,5980,65.0,0.487,-0.0225,0.70698,-2612.5,-28.4,0.961,-0.791,-5986.5,0.199,12.91
G_LEGACY,SWEEP_RECLAIM,SHORT,mkt_vol,hi,HOLDOUT,6426,107.1,0.394,-0.2194,0.99998,-23961.7,-399.36,0.912,-0.867,-25102.7,0.138,14.8
G_LEGACY,BASELINE,LONG,mkt_vol,hi,TRAIN,31183,169.47,0.398,-0.2172,1.0,-83963.3,-456.32,0.85,-0.835,-85748.5,0.032,5.48
G_LEGACY,BASELINE,LONG,mkt_vol,hi,VALID,13914,156.34,0.443,-0.0827,0.88421,-14013.6,-157.46,0.946,-0.772,-22449.0,0.03,4.76
G_LEGACY,BASELINE,LONG,mkt_vol,hi,TEST,15708,170.74,0.404,-0.1872,0.99894,-36891.3,-400.99,0.892,-0.826,-39446.2,0.03,5.17
G_LEGACY,BASELINE,LONG,mkt_vol,hi,HOLDOUT,11246,187.43,0.437,-0.09,0.9137,-11845.8,-197.43,0.945,-0.785,-18652.2,0.031,5.73
G_LEGACY,BASELINE,SHORT,mkt_vol,hi,TRAIN,31183,169.47,0.455,-0.0563,0.89599,-31137.0,-169.22,0.948,-0.777,-41270.2,0.032,5.48
G_LEGACY,BASELINE,SHORT,mkt_vol,hi,VALID,13914,156.34,0.423,-0.1566,0.98865,-32789.8,-368.42,0.854,-0.825,-44299.6,0.03,4.76
G_LEGACY,BASELINE,SHORT,mkt_vol,hi,TEST,15708,170.74,0.459,-0.0701,0.8673,-11115.0,-120.82,0.935,-0.789,-16783.3,0.03,5.17
G_LEGACY,BASELINE,SHORT,mkt_vol,hi,HOLDOUT,11240,187.33,0.415,-0.215,0.99949,-29769.7,-496.16,0.86,-0.828,-31679.9,0.031,5.73
G_LEGACY,EARLY_BRK,SHORT,mkt_vol,hi,TRAIN,19779,107.49,0.447,-0.11,0.99271,-17687.5,-96.13,0.989,-0.822,-18751.4,0.111,11.96
G_LEGACY,EARLY_BRK,SHORT,mkt_vol,hi,VALID,8480,95.28,0.408,-0.2135,0.99985,-19402.1,-218.0,0.91,-0.874,-20338.2,0.112,10.65
G_LEGACY,EARLY_BRK,SHORT,mkt_vol,hi,TEST,10489,114.01,0.416,-0.1989,0.99983,-19797.9,-215.19,0.971,-0.846,-20208.9,0.11,12.59
G_LEGACY,EARLY_BRK,SHORT,mkt_vol,hi,HOLDOUT,5885,98.08,0.364,-0.3643,1.0,-22156.3,-369.27,0.902,-0.875,-22212.8,0.136,13.32
G_LEGACY,SQUEEZE_EXP,LONG,mkt_vol,hi,TRAIN,10215,55.52,0.44,-0.0798,0.92787,-7470.3,-40.6,0.989,-0.817,-11575.0,0.234,12.97
G_LEGACY,SQUEEZE_EXP,LONG,mkt_vol,hi,VALID,4471,50.24,0.409,-0.1452,0.96325,-9816.5,-110.3,0.982,-0.832,-10303.4,0.22,11.07
G_LEGACY,SQUEEZE_EXP,LONG,mkt_vol,hi,TEST,4748,51.61,0.449,-0.072,0.82571,-90.5,-0.98,0.979,-0.805,-5069.3,0.251,12.96
G_LEGACY,SQUEEZE_EXP,LONG,mkt_vol,hi,HOLDOUT,3453,57.55,0.409,-0.1649,0.99862,-6662.5,-111.04,0.945,-0.868,-10141.3,0.257,14.8
G_LEGACY,TREND_TRANS,SHORT,mkt_vol,hi,TRAIN,11871,64.52,0.452,-0.0854,0.97794,-15229.6,-82.77,0.948,-0.8,-16480.8,0.182,11.77
G_LEGACY,TREND_TRANS,SHORT,mkt_vol,hi,VALID,5025,56.46,0.433,-0.1204,0.98259,-10594.1,-119.03,0.911,-0.813,-14424.9,0.174,9.84
G_LEGACY,TREND_TRANS,SHORT,mkt_vol,hi,TEST,5989,65.1,0.412,-0.177,0.99958,-12553.8,-136.45,0.916,-0.833,-13082.1,0.188,12.22
G_LEGACY,TREND_TRANS,SHORT,mkt_vol,hi,HOLDOUT,3704,61.73,0.377,-0.2925,1.0,-13700.0,-228.33,0.837,-0.831,-13730.8,0.197,12.18
G_LEGACY,SWEEP_RECLAIM,LONG,mkt_vol,hi,TRAIN,14589,79.29,0.428,-0.1338,0.99772,-23393.5,-127.14,0.887,-0.868,-25237.6,0.141,11.19
G_LEGACY,SWEEP_RECLAIM,LONG,mkt_vol,hi,VALID,4721,53.04,0.458,-0.0317,0.63734,-8064.2,-90.61,0.974,-0.808,-25205.6,0.191,10.16
G_LEGACY,SWEEP_RECLAIM,LONG,mkt_vol,hi,TEST,6463,70.25,0.461,-0.0451,0.76305,-646.8,-7.03,0.972,-0.843,-9238.1,0.175,12.28
G_LEGACY,SWEEP_RECLAIM,LONG,mkt_vol,hi,HOLDOUT,3387,56.45,0.464,-0.0521,0.80173,-858.7,-14.31,0.974,-0.868,-5860.3,0.187,10.57
G_LEGACY,CAPITULATION_REV,SHORT,mkt_vol,hi,TRAIN,1431,7.78,0.407,-0.1592,0.95692,-6245.9,-33.94,0.851,-0.936,-6711.7,0.596,4.64
G_LEGACY,CAPITULATION_REV,SHORT,mkt_vol,hi,VALID,586,6.58,0.476,-0.023,0.58423,-607.5,-6.83,0.964,-0.86,-1984.1,0.655,4.31
G_LEGACY,CAPITULATION_REV,SHORT,mkt_vol,hi,TEST,532,5.78,0.511,0.0127,0.44184,-1536.9,-16.71,0.952,-0.796,-2480.9,0.773,4.47
G_LEGACY,CAPITULATION_REV,SHORT,mkt_vol,hi,HOLDOUT,566,9.43,0.465,-0.0122,0.54353,205.8,3.43,0.99,-0.841,-1538.2,0.708,6.68
G_LEGACY,OI_COVER,SHORT,mkt_vol,hi,TRAIN,10654,57.9,0.434,-0.0726,0.93152,-25319.3,-137.6,0.938,-0.797,-28447.7,0.184,10.65
G_LEGACY,OI_COVER,SHORT,mkt_vol,hi,VALID,4142,46.54,0.397,-0.1794,0.99472,-9750.7,-109.56,0.81,-0.825,-18032.4,0.203,9.45
G_LEGACY,OI_COVER,SHORT,mkt_vol,hi,TEST,5433,59.05,0.402,-0.1488,0.99585,-18222.6,-198.07,0.908,-0.813,-22072.1,0.189,11.18
G_LEGACY,OI_COVER,SHORT,mkt_vol,hi,HOLDOUT,3667,61.12,0.36,-0.2835,1.0,-28191.5,-469.86,0.752,-0.829,-28191.5,0.176,10.78
G_LEGACY,FUNDING_SQUEEZE,LONG,mkt_vol,hi,TRAIN,2136,11.61,0.409,-0.0987,0.98342,-2017.0,-10.96,0.925,-0.805,-3069.7,0.566,6.57
G_LEGACY,FUNDING_SQUEEZE,LONG,mkt_vol,hi,VALID,1032,11.6,0.405,-0.1042,0.94539,-2090.3,-23.49,0.941,-0.83,-2696.4,0.576,6.67
G_LEGACY,FUNDING_SQUEEZE,LONG,mkt_vol,hi,TEST,506,5.5,0.415,-0.0905,0.91919,-747.2,-8.12,0.957,-0.867,-1279.0,0.69,3.79
G_LEGACY,FUNDING_SQUEEZE,LONG,mkt_vol,hi,HOLDOUT,102,1.7,0.373,-0.1904,0.95348,-194.9,-3.25,0.942,-0.966,-430.7,0.794,1.35
G_LEGACY,OI_COVER,LONG,mkt_vol,hi,TRAIN,64,0.35,0.484,0.0163,0.44571,859.0,4.67,0.741,-0.64,-204.5,0.812,0.28
G_LEGACY,OI_COVER,LONG,mkt_vol,hi,VALID,20,0.22,0.45,0.0292,0.45584,-341.0,-3.83,0.857,-0.713,-434.6,0.95,0.21
G_LEGACY,OI_COVER,LONG,mkt_vol,hi,TEST,21,0.23,0.429,-0.3027,0.92222,-206.4,-2.24,0.654,-0.82,-216.7,1.0,0.23
G_LEGACY,OI_COVER,LONG,mkt_vol,hi,HOLDOUT,10,0.17,0.5,0.1297,0.38931,73.7,1.23,0.981,-0.702,-81.6,1.0,0.17
G_LEGACY,CAPITULATION_REV,LONG,mkt_vol,hi,TRAIN,910,4.95,0.279,-0.4323,0.99983,-6564.8,-35.68,0.664,-1.297,-8054.9,0.367,1.82
G_LEGACY,CAPITULATION_REV,LONG,mkt_vol,hi,VALID,388,4.36,0.552,0.2375,0.29266,3259.0,36.62,1.045,-0.64,-4080.4,0.376,1.64
G_LEGACY,CAPITULATION_REV,LONG,mkt_vol,hi,TEST,600,6.52,0.533,0.0705,0.32345,665.3,7.23,0.994,-0.733,-1530.5,0.35,2.28
G_LEGACY,CAPITULATION_REV,LONG,mkt_vol,hi,HOLDOUT,281,4.68,0.388,-0.2203,0.96131,-1870.7,-31.18,0.683,-0.709,-1876.9,0.367,1.72
G_LEGACY,OI_BUILD_BRK,SHORT,sym_oi,down,TRAIN,23,0.12,0.391,-0.1531,0.73584,-442.1,-2.4,0.882,-0.912,-487.1,0.87,0.11
G_LEGACY,OI_BUILD_BRK,SHORT,sym_oi,down,VALID,9,0.1,0.111,-0.6516,0.96862,-606.6,-6.82,0.573,-1.008,-606.6,1.0,0.1
G_LEGACY,OI_BUILD_BRK,SHORT,sym_oi,down,TEST,3,0.03,0.667,0.6081,1.0,283.9,3.09,1.308,-0.473,-19.2,1.0,0.03
G_LEGACY,OI_BUILD_BRK,SHORT,sym_oi,down,HOLDOUT,1,0.02,0.0,-1.0488,1.0,-55.5,-0.92,0.071,-11.527,-55.5,1.0,0.02
G_LEGACY,OI_BUILD_BRK,SHORT,mkt_trend,bear,TRAIN,124,0.67,0.411,-0.1264,0.88466,-13.6,-0.07,0.865,-0.79,-626.0,0.927,0.62
G_LEGACY,OI_BUILD_BRK,SHORT,mkt_trend,bear,VALID,69,0.78,0.391,-0.5644,0.9841,-93.6,-1.05,0.797,-0.887,-507.0,0.928,0.72
G_LEGACY,OI_BUILD_BRK,SHORT,mkt_trend,bear,TEST,36,0.39,0.528,0.1598,0.18438,-22.5,-0.24,1.092,-0.752,-154.1,0.972,0.38
G_LEGACY,OI_BUILD_BRK,SHORT,mkt_trend,bear,HOLDOUT,1,0.02,0.0,-1.1019,1.0,-27.4,-0.46,0.843,-1.216,-27.4,1.0,0.02
G_LEGACY,FUNDING_SQUEEZE,SHORT,mkt_vol,hi,TRAIN,224,1.22,0.393,-0.1147,0.91677,-911.7,-4.96,0.893,-0.83,-1680.5,0.79,0.96
G_LEGACY,FUNDING_SQUEEZE,SHORT,mkt_vol,hi,VALID,127,1.43,0.417,-0.1249,0.89599,-446.8,-5.02,0.902,-1.142,-1128.4,0.827,1.18
G_LEGACY,FUNDING_SQUEEZE,SHORT,mkt_vol,hi,TEST,90,0.98,0.422,-0.0621,0.69127,412.9,4.49,0.936,-0.889,-575.7,0.744,0.73
G_LEGACY,FUNDING_SQUEEZE,SHORT,mkt_vol,hi,HOLDOUT,20,0.33,0.55,0.1895,0.18895,-71.6,-1.19,1.142,-0.757,-297.8,0.85,0.28
G_LEGACY,CAPITULATION_REV,LONG,mkt_oi,down,TRAIN,175,0.95,0.251,-0.4987,0.99972,-1184.1,-6.44,0.624,-2.64,-3181.6,0.314,0.3
G_LEGACY,CAPITULATION_REV,LONG,mkt_oi,down,VALID,255,2.87,0.514,0.1718,0.39657,3506.1,39.39,1.024,-0.627,-3878.4,0.255,0.73
G_LEGACY,CAPITULATION_REV,LONG,mkt_oi,down,TEST,127,1.38,0.709,0.6186,0.02242,2097.9,22.8,1.304,-0.574,-311.0,0.276,0.38
G_LEGACY,CAPITULATION_REV,LONG,mkt_oi,down,HOLDOUT,8,0.13,0.625,0.2925,0.22664,239.0,3.98,0.834,-0.533,-96.7,1.0,0.13
G_LEGACY,BASELINE,LONG,mkt_funding,neg,TRAIN,5835,31.71,0.477,-0.0183,0.57657,-180.5,-0.98,0.917,-0.778,-8341.0,0.032,1.0
G_LEGACY,BASELINE,LONG,mkt_funding,neg,VALID,5640,63.37,0.428,-0.1361,0.88158,-4220.0,-47.42,0.879,-0.818,-8902.9,0.03,1.93
G_LEGACY,BASELINE,LONG,mkt_funding,neg,TEST,132,1.43,0.826,0.6227,1.0,1706.3,18.55,1.187,-0.49,-200.1,0.03,0.04
G_LEGACY,BASELINE,SHORT,mkt_funding,neg,TRAIN,5835,31.71,0.374,-0.2507,0.99288,-24970.2,-135.71,0.851,-0.818,-25132.7,0.032,1.0
G_LEGACY,BASELINE,SHORT,mkt_funding,neg,VALID,5640,63.37,0.431,-0.1248,0.87519,-14562.0,-163.62,0.917,-0.776,-20604.1,0.03,1.93
G_LEGACY,BASELINE,SHORT,mkt_funding,neg,TEST,132,1.43,0.136,-0.7877,1.0,-2155.5,-23.43,0.5,-0.971,-2361.2,0.03,0.04
G_LEGACY,PULLBACK_CONT,SHORT,mkt_funding,neg,TRAIN,6355,34.54,0.407,-0.1866,0.98744,-14289.2,-77.66,0.944,-0.836,-16692.6,0.078,2.71
G_LEGACY,PULLBACK_CONT,SHORT,mkt_funding,neg,VALID,6507,73.11,0.41,-0.1451,0.95456,-13360.3,-150.12,0.942,-0.817,-24433.3,0.075,5.45
G_LEGACY,PULLBACK_CONT,SHORT,mkt_funding,neg,TEST,58,0.63,0.103,-0.8185,1.0,-963.4,-10.47,0.222,-0.962,-963.4,0.069,0.04
G_LEGACY,ANY,SHORT,mkt_funding,neg,TRAIN,13877,75.42,0.383,-0.2379,0.99948,-49688.3,-270.04,0.897,-0.861,-50144.7,0.037,2.78
G_LEGACY,ANY,SHORT,mkt_funding,neg,VALID,15103,169.7,0.394,-0.2061,0.99909,-46500.9,-522.48,0.905,-0.849,-59684.1,0.035,5.89
G_LEGACY,ANY,SHORT,mkt_funding,neg,TEST,121,1.32,0.132,-0.7733,1.0,-2280.5,-24.79,0.356,-0.996,-2291.1,0.041,0.05
G_LEGACY,ACCEL,SHORT,mkt_funding,neg,TRAIN,1280,6.96,0.335,-0.3458,0.9791,-8508.2,-46.24,0.767,-0.897,-8537.0,0.279,1.94
G_LEGACY,ACCEL,SHORT,mkt_funding,neg,VALID,2380,26.74,0.326,-0.3681,0.9973,-17118.0,-192.34,0.806,-0.912,-18683.5,0.172,4.61
G_LEGACY,ACCEL,SHORT,mkt_funding,neg,TEST,5,0.05,0.0,-1.1268,1.0,-211.7,-2.3,0.284,-1.447,-211.7,1.0,0.05
G_LEGACY,CHANGE_POINT,SHORT,mkt_funding,neg,TRAIN,874,4.75,0.374,-0.2453,0.91334,-5188.7,-28.2,0.798,-0.834,-5332.3,0.354,1.68
G_LEGACY,CHANGE_POINT,SHORT,mkt_funding,neg,VALID,1386,15.57,0.361,-0.2791,0.96435,-12117.4,-136.15,0.83,-0.877,-12669.8,0.273,4.26
G_LEGACY,CHANGE_POINT,SHORT,mkt_funding,neg,TEST,2,0.02,0.0,-0.6172,1.0,-120.7,-1.31,0.319,-0.681,-120.7,1.0,0.02
G_LEGACY,VOL_PRICE,SHORT,mkt_funding,neg,TRAIN,1874,10.18,0.372,-0.2705,0.98084,-10333.0,-56.16,0.856,-0.879,-10350.6,0.241,2.46
G_LEGACY,VOL_PRICE,SHORT,mkt_funding,neg,VALID,2717,30.53,0.357,-0.3047,0.99758,-15791.5,-177.43,0.87,-0.906,-17033.6,0.177,5.4
G_LEGACY,VOL_PRICE,SHORT,mkt_funding,neg,TEST,21,0.23,0.143,-0.7696,1.0,-401.0,-4.36,0.39,-0.955,-401.0,0.286,0.07
G_LEGACY,SWEEP_RECLAIM,LONG,mkt_funding,neg,TRAIN,2831,15.39,0.445,-0.1008,0.79804,-3974.3,-21.6,0.88,-0.864,-9021.1,0.133,2.04
G_LEGACY,SWEEP_RECLAIM,LONG,mkt_funding,neg,VALID,3710,41.69,0.477,-0.0425,0.6606,1320.0,14.83,0.966,-0.825,-8345.4,0.121,5.06
G_LEGACY,SWEEP_RECLAIM,LONG,mkt_funding,neg,TEST,42,0.46,0.762,0.4049,1.0,421.2,4.58,1.076,-0.481,-119.6,0.095,0.04
G_LEGACY,ANY,LONG,mkt_funding,neg,TRAIN,14121,76.74,0.431,-0.1008,0.96612,-21628.4,-117.55,0.933,-0.822,-27955.6,0.039,2.96
G_LEGACY,ANY,LONG,mkt_funding,neg,VALID,15508,174.25,0.471,-0.0291,0.6655,8944.0,100.49,0.963,-0.791,-19463.7,0.034,5.97
G_LEGACY,ANY,LONG,mkt_funding,neg,TEST,150,1.63,0.76,0.4676,1.0,1271.5,13.82,1.052,-0.417,-123.8,0.027,0.04
G_LEGACY,BRK_4H,SHORT,mkt_funding,neg,TRAIN,5696,30.96,0.35,-0.3042,0.99712,-24897.7,-135.31,0.883,-0.883,-25731.0,0.083,2.58
G_LEGACY,BRK_4H,SHORT,mkt_funding,neg,VALID,6473,72.73,0.367,-0.2916,0.99977,-28209.5,-316.96,0.884,-0.894,-31941.5,0.08,5.81
G_LEGACY,BRK_4H,SHORT,mkt_funding,neg,TEST,26,0.28,0.192,-0.6488,1.0,-512.4,-5.57,0.493,-1.053,-521.4,0.192,0.05
G_LEGACY,BRK_24H,SHORT,mkt_funding,neg,TRAIN,2569,13.96,0.384,-0.1838,0.88038,-7659.5,-41.63,0.923,-0.831,-11028.3,0.153,2.14
G_LEGACY,BRK_24H,SHORT,mkt_funding,neg,VALID,3563,40.03,0.348,-0.318,0.99688,-16859.8,-189.44,0.869,-0.904,-20889.3,0.129,5.15
G_LEGACY,BRK_24H,SHORT,mkt_funding,neg,TEST,23,0.25,0.13,-0.8014,1.0,-475.2,-5.17,0.416,-1.13,-484.1,0.261,0.07
G_LEGACY,MTF_BRK,SHORT,mkt_funding,neg,TRAIN,4000,21.74,0.388,-0.1908,0.93226,-11565.1,-62.85,0.951,-0.832,-12559.9,0.11,2.39
G_LEGACY,MTF_BRK,SHORT,mkt_funding,neg,VALID,4483,50.37,0.374,-0.2611,0.99542,-16880.5,-189.67,0.92,-0.892,-22309.1,0.112,5.62
G_LEGACY,MTF_BRK,SHORT,mkt_funding,neg,TEST,23,0.25,0.174,-0.7324,1.0,-464.1,-5.04,0.484,-1.106,-473.0,0.217,0.05
G_LEGACY,PULLBACK_CONT,LONG,mkt_funding,neg,TRAIN,3425,18.61,0.444,-0.0511,0.73564,-4629.1,-25.16,0.983,-0.807,-5677.7,0.126,2.34
G_LEGACY,PULLBACK_CONT,LONG,mkt_funding,neg,VALID,3666,41.19,0.455,-0.0466,0.70623,307.7,3.46,0.94,-0.767,-6042.4,0.123,5.07
G_LEGACY,PULLBACK_CONT,LONG,mkt_funding,neg,TEST,4,0.04,0.75,0.4316,1.0,50.8,0.55,1.204,-0.512,-41.1,0.75,0.03
G_LEGACY,ACCEL,LONG,mkt_funding,neg,TRAIN,1942,10.55,0.388,-0.1664,0.93459,-6610.7,-35.93,0.929,-0.85,-10009.3,0.25,2.64
G_LEGACY,ACCEL,LONG,mkt_funding,neg,VALID,2800,31.46,0.506,0.0313,0.40202,4248.2,47.73,0.981,-0.779,-6697.2,0.177,5.57
G_LEGACY,ACCEL,LONG,mkt_funding,neg,TEST,8,0.09,0.5,0.3808,1.0,93.8,1.02,1.081,-0.52,-54.7,0.625,0.05
G_LEGACY,CHANGE_POINT,LONG,mkt_funding,neg,TRAIN,1510,8.21,0.41,-0.0755,0.7003,-4545.0,-24.7,0.873,-0.758,-7632.9,0.213,1.75
G_LEGACY,CHANGE_POINT,LONG,mkt_funding,neg,VALID,1647,18.51,0.582,0.1468,0.08947,8482.1,95.3,0.984,-0.709,-1469.2,0.242,4.48
G_LEGACY,CHANGE_POINT,LONG,mkt_funding,neg,TEST,6,0.07,0.333,-0.13,1.0,-71.1,-0.77,0.888,-0.626,-80.2,0.667,0.04
G_LEGACY,BRK_4H,LONG,mkt_funding,neg,TRAIN,6545,35.57,0.414,-0.1368,0.97517,-10422.2,-56.64,0.952,-0.828,-12647.2,0.085,3.02
G_LEGACY,BRK_4H,LONG,mkt_funding,neg,VALID,6509,73.13,0.464,-0.0292,0.61635,3855.9,43.32,1.001,-0.802,-10294.3,0.089,6.54
G_LEGACY,BRK_4H,LONG,mkt_funding,neg,TEST,80,0.87,0.787,0.5302,1.0,582.4,6.33,1.067,-0.344,-109.2,0.087,0.08
G_LEGACY,EARLY_BRK,LONG,mkt_funding,neg,TRAIN,3909,21.24,0.409,-0.1806,0.98895,-7957.6,-43.25,0.954,-0.841,-9892.4,0.124,2.64
G_LEGACY,EARLY_BRK,LONG,mkt_funding,neg,VALID,3695,41.52,0.446,-0.1077,0.83425,-1149.2,-12.91,1.002,-0.828,-5880.2,0.13,5.4
G_LEGACY,EARLY_BRK,LONG,mkt_funding,neg,TEST,54,0.59,0.815,0.6172,1.0,550.2,5.98,1.082,-0.278,-61.2,0.093,0.05
G_LEGACY,VOL_PRICE,LONG,mkt_funding,neg,TRAIN,1612,8.76,0.463,0.0138,0.45412,1500.9,8.16,1.058,-0.827,-3251.8,0.303,2.65
G_LEGACY,VOL_PRICE,LONG,mkt_funding,neg,VALID,2502,28.11,0.515,0.0793,0.24594,9569.5,107.52,1.027,-0.77,-3887.7,0.201,5.64
G_LEGACY,VOL_PRICE,LONG,mkt_funding,neg,TEST,28,0.3,0.821,0.5964,1.0,364.7,3.96,1.149,-0.543,-85.8,0.214,0.07
G_LEGACY,OI_PRICE,LONG,mkt_funding,neg,TRAIN,1762,9.58,0.396,-0.1146,0.85774,-4816.3,-26.18,0.89,-0.822,-10181.8,0.281,2.7
G_LEGACY,OI_PRICE,LONG,mkt_funding,neg,VALID,1783,20.03,0.45,-0.0687,0.7851,-1707.2,-19.18,0.884,-0.782,-5733.8,0.268,5.37
G_LEGACY,OI_PRICE,LONG,mkt_funding,neg,TEST,17,0.18,0.529,0.2789,1.0,48.9,0.53,1.005,-0.585,-94.5,0.353,0.07
G_LEGACY,FUNDING_SQUEEZE,LONG,mkt_funding,neg,TRAIN,705,3.83,0.428,-0.0617,0.71806,-622.0,-3.38,0.938,-0.792,-2295.9,0.462,1.77
G_LEGACY,FUNDING_SQUEEZE,LONG,mkt_funding,neg,VALID,709,7.97,0.44,-0.0278,0.60863,632.6,7.11,1.016,-0.828,-1094.4,0.464,3.7
G_LEGACY,FUNDING_SQUEEZE,LONG,mkt_funding,neg,TEST,3,0.03,0.667,0.3323,1.0,0.8,0.01,0.914,-0.496,-8.4,1.0,0.03
G_LEGACY,OI_BUILD_BRK,LONG,mkt_funding,neg,TRAIN,1155,6.28,0.422,-0.0684,0.74467,-546.5,-2.97,0.932,-0.825,-3870.8,0.371,2.33
G_LEGACY,OI_BUILD_BRK,LONG,mkt_funding,neg,VALID,1132,12.72,0.504,0.0952,0.21687,3775.5,42.42,1.031,-0.781,-2441.8,0.37,4.71
G_LEGACY,OI_BUILD_BRK,LONG,mkt_funding,neg,TEST,11,0.12,0.455,-0.2199,1.0,-123.7,-1.34,0.877,-0.827,-143.7,0.636,0.08
G_LEGACY,OI_COVER,SHORT,mkt_funding,neg,TRAIN,1471,7.99,0.391,-0.1866,0.89966,-7935.1,-43.13,0.833,-0.835,-7984.4,0.239,1.91
G_LEGACY,OI_COVER,SHORT,mkt_funding,neg,VALID,1742,19.57,0.343,-0.2887,0.98244,-8887.0,-99.85,0.816,-0.88,-12020.0,0.218,4.27
G_LEGACY,OI_COVER,SHORT,mkt_funding,neg,TEST,19,0.21,0.053,-0.8632,1.0,-503.6,-5.47,0.38,-1.011,-520.5,0.316,0.07
G_LEGACY,SQUEEZE_EXP,SHORT,mkt_funding,neg,TRAIN,1508,8.2,0.397,-0.182,0.88048,-3608.5,-19.61,0.967,-0.918,-5874.9,0.263,2.15
G_LEGACY,SQUEEZE_EXP,SHORT,mkt_funding,neg,VALID,1667,18.73,0.346,-0.3614,0.99986,-8510.3,-95.62,0.88,-0.919,-8517.2,0.249,4.66
G_LEGACY,SQUEEZE_EXP,SHORT,mkt_funding,neg,TEST,4,0.04,0.25,-0.4588,1.0,-48.2,-0.52,0.559,-0.747,-66.7,1.0,0.04
G_LEGACY,SWEEP_RECLAIM,SHORT,mkt_funding,neg,TRAIN,1048,5.7,0.421,-0.206,0.98115,-6234.0,-33.88,0.854,-0.868,-6772.4,0.347,1.98
G_LEGACY,SWEEP_RECLAIM,SHORT,mkt_funding,neg,VALID,1423,15.99,0.405,-0.1961,0.97755,-5688.2,-63.91,0.873,-0.848,-5774.2,0.302,4.83
G_LEGACY,SWEEP_RECLAIM,SHORT,mkt_funding,neg,TEST,7,0.08,0.143,-0.6885,1.0,-186.4,-2.03,0.742,-0.948,-186.4,0.857,0.07
G_LEGACY,SQUEEZE_EXP,LONG,mkt_funding,neg,TRAIN,1582,8.6,0.382,-0.2125,0.98589,-4295.4,-23.34,0.966,-0.864,-6141.4,0.262,2.26
G_LEGACY,SQUEEZE_EXP,LONG,mkt_funding,neg,VALID,1604,18.02,0.458,-0.0466,0.70469,360.1,4.05,1.053,-0.812,-1563.4,0.269,4.85
G_LEGACY,SQUEEZE_EXP,LONG,mkt_funding,neg,TEST,7,0.08,0.571,0.1768,1.0,49.6,0.54,0.856,-0.617,-35.9,0.714,0.05
G_LEGACY,EARLY_BRK,SHORT,mkt_funding,neg,TRAIN,1529,8.31,0.274,-0.5964,1.0,-10255.3,-55.74,0.768,-1.017,-10255.3,0.237,1.97
G_LEGACY,EARLY_BRK,SHORT,mkt_funding,neg,VALID,3126,35.12,0.393,-0.2734,0.99785,-10364.2,-116.45,0.931,-0.869,-10445.0,0.142,5.0
G_LEGACY,EARLY_BRK,SHORT,mkt_funding,neg,TEST,3,0.03,1.0,1.0041,1.0,12.0,0.13,1.323,-0.637,0.0,0.667,0.02
G_LEGACY,BRK_24H,LONG,mkt_funding,neg,TRAIN,959,5.21,0.41,-0.1505,0.80769,-222.6,-1.21,0.954,-0.855,-4362.5,0.374,1.95
G_LEGACY,BRK_24H,LONG,mkt_funding,neg,VALID,1348,15.15,0.434,-0.1048,0.85221,-1442.0,-16.2,0.955,-0.824,-3863.8,0.32,4.84
G_LEGACY,BRK_24H,LONG,mkt_funding,neg,TEST,5,0.05,0.4,-0.4353,1.0,-79.2,-0.86,0.826,-0.962,-87.8,0.8,0.04
G_LEGACY,TREND_TRANS,LONG,mkt_funding,neg,TRAIN,2211,12.02,0.427,-0.1026,0.894,-4364.4,-23.72,0.955,-0.822,-5718.5,0.176,2.12
G_LEGACY,TREND_TRANS,LONG,mkt_funding,neg,VALID,2126,23.89,0.468,-0.0311,0.60948,1634.9,18.37,0.919,-0.762,-3466.9,0.198,4.74
G_LEGACY,TREND_TRANS,LONG,mkt_funding,neg,TEST,3,0.03,0.333,-0.2147,1.0,-96.2,-1.05,0.901,-0.983,-100.2,1.0,0.03
G_LEGACY,CAPITULATION_REV,SHORT,mkt_funding,neg,TRAIN,188,1.02,0.335,-0.3178,0.90902,-1536.1,-8.35,0.815,-0.918,-2029.9,0.707,0.72
G_LEGACY,CAPITULATION_REV,SHORT,mkt_funding,neg,VALID,191,2.15,0.513,0.0667,0.40317,-190.1,-2.14,1.007,-0.829,-830.8,0.738,1.58
G_LEGACY,CAPITULATION_REV,SHORT,mkt_funding,neg,TEST,1,0.01,1.0,0.8016,1.0,44.4,0.48,1.381,-0.224,0.0,1.0,0.01
G_LEGACY,MTF_BRK,LONG,mkt_funding,neg,TRAIN,1525,8.29,0.399,-0.1643,0.88919,-1668.4,-9.07,0.935,-0.844,-6346.8,0.284,2.35
G_LEGACY,MTF_BRK,LONG,mkt_funding,neg,VALID,2094,23.53,0.453,-0.0487,0.68814,-550.1,-6.18,0.983,-0.798,-4571.6,0.216,5.08
G_LEGACY,MTF_BRK,LONG,mkt_funding,neg,TEST,6,0.07,0.5,-0.1073,1.0,-69.5,-0.76,0.92,-0.829,-148.9,0.833,0.05
G_LEGACY,TREND_TRANS,SHORT,mkt_funding,neg,TRAIN,1241,6.74,0.338,-0.3542,0.99876,-5690.8,-30.93,0.783,-0.9,-7393.5,0.297,2.0
G_LEGACY,TREND_TRANS,SHORT,mkt_funding,neg,VALID,1522,17.1,0.362,-0.2668,0.99827,-7324.4,-82.3,0.823,-0.852,-8553.5,0.249,4.26
G_LEGACY,TREND_TRANS,SHORT,mkt_funding,neg,TEST,30,0.33,0.1,-0.8358,1.0,-563.6,-6.13,0.425,-1.026,-582.1,0.167,0.05
G_LEGACY,FUNDING_SQUEEZE,SHORT,sym_oi,down,TRAIN,69,0.38,0.362,-0.1638,0.86364,-660.9,-3.59,0.82,-1.583,-747.9,0.768,0.29
G_LEGACY,FUNDING_SQUEEZE,SHORT,sym_oi,down,VALID,63,0.71,0.397,-0.1147,0.78666,197.4,2.22,0.983,-0.883,-515.0,0.921,0.65
G_LEGACY,FUNDING_SQUEEZE,SHORT,sym_oi,down,TEST,40,0.43,0.4,-0.1629,0.8207,-369.9,-4.02,0.87,-0.973,-676.3,0.8,0.35
G_LEGACY,FUNDING_SQUEEZE,SHORT,sym_oi,down,HOLDOUT,5,0.08,0.4,-0.2884,0.70424,-225.1,-3.75,0.666,-0.81,-236.7,1.0,0.08
G_LEGACY,OI_PRICE,SHORT,sym_funding,hot,TRAIN,16,0.09,0.5,0.0526,0.4202,33.1,0.18,1.047,-0.776,-322.2,1.0,0.09
G_LEGACY,OI_PRICE,SHORT,sym_funding,hot,VALID,5,0.06,0.6,0.4844,0.23501,-12.9,-0.14,1.262,-0.739,-205.5,1.0,0.06
G_LEGACY,OI_PRICE,SHORT,sym_funding,hot,TEST,3,0.03,1.0,0.7838,1.0,168.5,1.83,2.019,-0.34,0.0,0.667,0.02
G_LEGACY,OI_PRICE,SHORT,sym_funding,hot,HOLDOUT,2,0.03,0.0,-1.0759,1.0,-78.6,-1.31,0.053,-1.145,-78.6,1.0,0.03
G_LEGACY,OI_PRICE,SHORT,mkt_funding,neg,TRAIN,37,0.2,0.568,0.148,0.23756,30.4,0.17,1.046,-0.745,-301.5,0.946,0.19
G_LEGACY,OI_PRICE,SHORT,mkt_funding,neg,VALID,43,0.48,0.395,-0.283,0.93226,-213.0,-2.39,0.813,-0.804,-255.9,0.977,0.47
G_LEGACY,OI_COVER,LONG,mkt_funding,neg,TRAIN,5,0.03,0.6,0.2639,0.29843,107.5,0.58,0.808,-0.57,-44.2,1.0,0.03
G_LEGACY,OI_COVER,LONG,mkt_funding,neg,VALID,15,0.17,0.467,-0.0652,0.57782,-389.3,-4.37,0.831,-0.859,-492.6,0.933,0.16
G_LEGACY,CAPITULATION_REV,LONG,mkt_funding,neg,TRAIN,306,1.66,0.454,-0.0666,0.58463,-251.7,-1.37,0.85,-0.801,-2267.4,0.242,0.4
G_LEGACY,CAPITULATION_REV,LONG,mkt_funding,neg,VALID,296,3.33,0.767,0.7276,0.00251,9357.0,105.13,1.233,-0.5,-400.1,0.27,0.9
G_LEGACY,CAPITULATION_REV,LONG,mkt_funding,neg,TEST,16,0.17,0.938,0.6939,1.0,226.4,2.46,1.163,-0.689,-19.5,0.25,0.04
G_LEGACY,FUNDING_SQUEEZE,SHORT,mkt_oi,down,TRAIN,28,0.15,0.286,-0.2553,0.87878,-628.9,-3.42,0.659,-0.868,-1087.4,0.821,0.12
G_LEGACY,FUNDING_SQUEEZE,SHORT,mkt_oi,down,VALID,44,0.49,0.477,0.0821,0.34179,-255.0,-2.86,0.978,-0.766,-451.5,0.955,0.47
G_LEGACY,FUNDING_SQUEEZE,SHORT,mkt_oi,down,TEST,14,0.15,0.5,0.0983,0.37478,-75.4,-0.82,1.021,-0.85,-152.7,0.857,0.13
G_LEGACY,OI_COVER,LONG,mkt_oi,down,TRAIN,21,0.11,0.476,0.0082,0.48042,387.1,2.1,0.627,-0.519,-112.2,0.429,0.05
G_LEGACY,OI_COVER,LONG,mkt_oi,down,VALID,14,0.16,0.286,-0.4644,0.93075,-430.0,-4.83,0.572,-0.958,-430.0,1.0,0.16
G_LEGACY,OI_COVER,LONG,mkt_oi,down,TEST,1,0.01,0.0,-1.0581,1.0,-46.1,-0.5,0.458,-1.097,-46.1,1.0,0.01
G_LEGACY,FUNDING_SQUEEZE,SHORT,mkt_funding,neg,TRAIN,28,0.15,0.357,-0.1409,0.71783,-153.7,-0.84,0.796,-0.796,-883.3,0.821,0.12
G_LEGACY,FUNDING_SQUEEZE,SHORT,mkt_funding,neg,VALID,37,0.42,0.432,-0.115,0.70235,-386.1,-4.34,1.168,-0.922,-417.4,0.838,0.35
G_LEGACY,OI_BUILD_BRK,SHORT,mkt_funding,neg,TRAIN,36,0.2,0.361,-0.0982,0.7102,301.3,1.64,0.924,-0.822,-311.1,0.861,0.17
G_LEGACY,OI_BUILD_BRK,SHORT,mkt_funding,neg,VALID,51,0.57,0.392,-0.3905,0.89095,-737.0,-8.28,0.838,-0.909,-762.9,0.922,0.53
